"SNP","effect_allele.exposure","other_allele.exposure","eaf.exposure","beta.exposure","se.exposure","pval.exposure","samplesize.exposure","chr.exposure","pos.exposure","exposure","mr_keep.exposure","pval_origin.exposure","id.exposure","data_source.exposure","file_source","R2","F"
"rs17157494","A","G",0.074,0.0353,0.0075,2.207e-06,7320,5,104436920,"exposure",TRUE,"reported","aePJVK","textfile","M33941",0.00301719563495141,22.1466584578021
"rs2062541","A","G",0.6144,0.0225,0.004,2.89e-08,7320,16,16034736,"exposure",TRUE,"reported","aePJVK","textfile","M33941",0.00430388624988045,31.6319800204918
"rs17638535","A","G",0.0209,-0.072,0.014,2.48e-07,7320,6,52042051,"exposure",TRUE,"reported","aePJVK","textfile","M33941",0.00360024001600107,26.4417530946805
"rs6537038","A","G",0.4014,-0.0188,0.0041,4.929e-06,7320,4,142386162,"exposure",TRUE,"reported","aePJVK","textfile","M33941",0.00286412024896712,21.0198353179054
"rs2156436","T","C",0.0307,0.1445,0.0302,1.73e-06,1765,18,55608247,"exposure",TRUE,"reported","aePJVK","textfile","M33941",0.0128050134707067,22.8680646244207
"rs12932433","T","G",0.7139,0.0186,0.0041,6.336e-06,7320,16,7054044,"exposure",TRUE,"reported","aePJVK","textfile","M33941",0.00280367560607725,20.5749836650705
"rs7552404","A","G",0.6984,0.0563,0.0041,3.323e-43,7320,1,75908534,"exposure",TRUE,"reported","aePJVK","textfile","M33941",0.0251126435987513,188.508266774591
"rs1220578","A","G",0.0778,-0.0323,0.0072,6.892e-06,7320,13,23628147,"exposure",TRUE,"reported","aePJVK","textfile","M33941",0.00274180512897764,20.1196942146495
"rs10036208","T","C",0.3421,0.0199,0.0041,1.492e-06,7320,5,131599222,"exposure",TRUE,"reported","aePJVK","textfile","M33941",0.00320798190549475,23.5515645774211
"rs8396","T","C",0.6969,0.0533,0.0041,8.692e-38,7320,4,159850267,"exposure",TRUE,"reported","aePJVK","textfile","M33941",0.0225664307651222,168.953825136612
"rs6475272","T","C",0.2277,-0.0235,0.0048,9.066e-07,7320,9,18939249,"exposure",TRUE,"reported","aePJVK","textfile","M33941",0.00326379147667283,23.9626350703931
"rs2140779","T","C",0.1483,-0.0247,0.0056,9.872e-06,7320,2,121019189,"exposure",TRUE,"reported","aePJVK","textfile","M33941",0.00265066031459392,19.4490851002286
"rs9556","T","C",0.3103,-0.0189,0.0042,6.075e-06,7320,9,101772058,"exposure",TRUE,"reported","aePJVK","textfile","M33941",0.00275876162256054,20.2444672131148
"rs7819483","A","G",0.7179,-0.0187,0.0042,7.455e-06,7320,8,144422769,"exposure",TRUE,"reported","aePJVK","textfile","M33941",0.0027008409146852,19.8182798347026
