"SNP","effect_allele.exposure","other_allele.exposure","eaf.exposure","beta.exposure","se.exposure","pval.exposure","samplesize.exposure","chr.exposure","pos.exposure","exposure","mr_keep.exposure","pval_origin.exposure","id.exposure","data_source.exposure","file_source","R2","F"
"rs12503398","A","G",0.7238,-0.0307,0.0069,8.679e-06,5694,4,62460910,"exposure",TRUE,"reported","zjOOnY","textfile","M33675",0.00346460585435275,19.7890979475774
"rs6003815","T","C",0.4411,0.0243,0.0054,6.582e-06,5694,22,22290187,"exposure",TRUE,"reported","zjOOnY","textfile","M33675",0.00354377214857593,20.2428872497366
"rs6764543","A","G",0.4829,-0.0256,0.0054,1.94e-06,5694,3,55256662,"exposure",TRUE,"reported","zjOOnY","textfile","M33675",0.00393155296822171,22.4667286287445
"rs4573623","T","C",0.5476,-0.0535,0.0117,4.692e-06,1554,10,102361371,"exposure",TRUE,"reported","zjOOnY","textfile","M33675",0.0132764003929508,20.8822140446072
"rs11681355","A","G",0.318,0.0275,0.0061,7.564e-06,5694,2,83716991,"exposure",TRUE,"reported","zjOOnY","textfile","M33675",0.00355664786514828,20.3166989925226
"rs10060182","A","G",0.3009,-0.0274,0.0062,9.445e-06,5694,5,179218358,"exposure",TRUE,"reported","zjOOnY","textfile","M33675",0.00341832366456536,19.5238370930644
"rs2957661","T","C",0.3698,0.0308,0.0061,4.342e-07,5694,11,10354094,"exposure",TRUE,"reported","zjOOnY","textfile","M33675",0.00445742595304122,25.4852672162204
"rs1428261","T","C",0.6371,0.0285,0.0061,3.246e-06,5694,5,38381279,"exposure",TRUE,"reported","zjOOnY","textfile","M33675",0.00381901036358812,21.8211421575888
