"SNP","effect_allele.exposure","other_allele.exposure","eaf.exposure","beta.exposure","se.exposure","pval.exposure","samplesize.exposure","chr.exposure","pos.exposure","exposure","mr_keep.exposure","pval_origin.exposure","id.exposure","data_source.exposure","file_source","R2","F"
"rs6089828","T","C",0.6506,-0.0165,0.0036,5.861e-06,4754,20,61139443,"exposure",TRUE,"reported","Pbw1oI","textfile","M38150",0.00439935369494809,20.9981068573833
"rs749902","T","C",0.3362,0.0168,0.0037,4.611e-06,4754,1,117462277,"exposure",TRUE,"reported","Pbw1oI","textfile","M38150",0.00431794016629822,20.6078350690342
"rs4656083","A","G",0.4386,0.0345,0.0068,4.091e-07,1765,1,89276253,"exposure",TRUE,"reported","Pbw1oI","textfile","M38150",0.0143743316282999,25.711532759246
"rs2672893","A","G",0.1652,-0.0218,0.0047,4.353e-06,4754,17,76442458,"exposure",TRUE,"reported","Pbw1oI","textfile","M38150",0.00450502459449186,21.5047563291868
