"SNP","effect_allele.exposure","other_allele.exposure","eaf.exposure","beta.exposure","se.exposure","pval.exposure","samplesize.exposure","chr.exposure","pos.exposure","exposure","mr_keep.exposure","pval_origin.exposure","id.exposure","data_source.exposure","file_source","R2","F"
"rs17057690","T","C",0.0555,0.0831,0.0142,5.001e-09,4274,6,97886116,"exposure",TRUE,"reported","sSkgIj","textfile","M32800",0.00794922412813952,34.231196931999
"rs9897258","T","C",0.8542,-0.0463,0.0102,6.072e-06,4274,17,77003846,"exposure",TRUE,"reported","sSkgIj","textfile","M32800",0.0047977594088234,20.594837268773
"rs6993325","T","C",0.2645,-0.0315,0.0071,8.927e-06,4274,8,25979946,"exposure",TRUE,"reported","sSkgIj","textfile","M32800",0.00458431416557928,19.6743836711172
"rs7305915","A","G",0.3824,-0.0307,0.0063,9.847e-07,4274,12,129792356,"exposure",TRUE,"reported","sSkgIj","textfile","M32800",0.00552528747188596,23.7351717268824
"rs1025573","T","C",0.0859,0.0558,0.0114,9.517e-07,4274,9,109927159,"exposure",TRUE,"reported","sSkgIj","textfile","M32800",0.0055743788682767,23.9472374999514
"rs4437633","T","G",0.468,-0.065,0.0138,2.442e-06,562,8,69667376,"exposure",TRUE,"reported","sSkgIj","textfile","M32800",0.0379767497798697,22.1065134048067
"rs11690780","C","G",0.1054,0.051,0.0109,3.099e-06,4274,2,66275207,"exposure",TRUE,"reported","sSkgIj","textfile","M32800",0.00509605365601783,21.8818523119831
"rs12000429","A","G",0.0143,0.3394,0.0731,3.486e-06,562,9,96625970,"exposure",TRUE,"reported","sSkgIj","textfile","M32800",0.0369407422024578,21.480314389673
"rs9953591","A","T",0.0705,0.0681,0.0129,1.403e-07,4274,18,68273029,"exposure",TRUE,"reported","sSkgIj","textfile","M32800",0.00647824941807144,27.8555366279513
"rs11736674","A","C",0.9635,-0.1881,0.0416,6.114e-06,562,4,14461916,"exposure",TRUE,"reported","sSkgIj","textfile","M32800",0.0351023243239119,20.3724209487987
"rs4674860","T","C",0.4516,-0.0284,0.0063,5.736e-06,4274,2,224630058,"exposure",TRUE,"reported","sSkgIj","textfile","M32800",0.00473217750453205,20.3119822046221
