"SNP","effect_allele.exposure","other_allele.exposure","eaf.exposure","beta.exposure","se.exposure","pval.exposure","samplesize.exposure","chr.exposure","pos.exposure","exposure","mr_keep.exposure","pval_origin.exposure","id.exposure","data_source.exposure","file_source","R2","F"
"rs6969207","A","G",0.1665,-0.0332,0.0075,9.603e-06,1657,7,27669281,"exposure",TRUE,"reported","LDb2XC","textfile","M35114",0.0116876009784485,19.5717261449742
"rs677302","T","C",0.4637,0.0228,0.0051,7.825e-06,1657,9,9587252,"exposure",TRUE,"reported","LDb2XC","textfile","M35114",0.0119179034724099,19.9620358633709
"rs4737772","A","C",0.0139,0.0952,0.0202,2.551e-06,1657,8,67354952,"exposure",TRUE,"reported","LDb2XC","textfile","M35114",0.0132271368569309,22.1843468906246
"rs1415540","C","G",0.2891,-0.0149,0.0034,9.571e-06,5804,1,47755229,"exposure",TRUE,"reported","LDb2XC","textfile","M35114",0.00329801496666852,19.1983994453175
"rs9513567","C","G",0.2905,0.0262,0.0055,2.08e-06,1657,13,98596642,"exposure",TRUE,"reported","LDb2XC","textfile","M35114",0.0135097555258549,22.6648418679581
"rs3949795","A","G",0.383,-0.0235,0.0053,8.078e-06,1657,14,102699289,"exposure",TRUE,"reported","LDb2XC","textfile","M35114",0.0117257053364752,19.6362917022683
"rs12049480","T","G",0.744,0.0273,0.0057,1.806e-06,1657,1,218032845,"exposure",TRUE,"reported","LDb2XC","textfile","M35114",0.0136546966154293,22.9113707146881
"rs12431841","T","C",0.014,0.0975,0.0215,6.118e-06,1657,14,39206067,"exposure",TRUE,"reported","LDb2XC","textfile","M35114",0.0122589397572649,20.5403481893196
"rs6981309","A","G",0.7122,0.015,0.0034,7.471e-06,5804,8,135437045,"exposure",TRUE,"reported","LDb2XC","textfile","M35114",0.00334228372156311,19.4569608359823
"rs6915542","T","C",0.8413,-0.0184,0.0042,9.249e-06,5804,6,19655813,"exposure",TRUE,"reported","LDb2XC","textfile","M35114",0.00329591421900384,19.1861301377891
"rs9992384","T","G",0.2562,0.0157,0.0034,2.814e-06,5804,4,14420358,"exposure",TRUE,"reported","LDb2XC","textfile","M35114",0.0036603404804195,21.3153167842724
