"SNP","effect_allele.exposure","other_allele.exposure","eaf.exposure","beta.exposure","se.exposure","pval.exposure","samplesize.exposure","chr.exposure","pos.exposure","exposure","mr_keep.exposure","pval_origin.exposure","id.exposure","data_source.exposure","file_source","R2","F"
"rs9962038","T","C",0.2175,0.0316,0.007,7.146e-06,5328,18,72889003,"exposure",TRUE,"reported","bvN4o6","textfile","M33652",0.00381027155434781,20.3711258196972
"rs11163350","T","C",0.3153,0.0272,0.0061,8.698e-06,5328,1,81942917,"exposure",TRUE,"reported","bvN4o6","textfile","M33652",0.0037178875901833,19.8753636732675
"rs4915719","A","G",0.5398,-0.027,0.0061,8.194e-06,5328,1,61156533,"exposure",TRUE,"reported","bvN4o6","textfile","M33652",0.00366361335400636,19.5841534896896
"rs16928165","A","G",0.974,-0.0885,0.0197,7.219e-06,5328,11,35950187,"exposure",TRUE,"reported","bvN4o6","textfile","M33652",0.00377353123562432,20.1739544080399
"rs8050423","A","G",0.0297,0.1772,0.0391,5.722e-06,1192,16,77745780,"exposure",TRUE,"reported","bvN4o6","textfile","M33652",0.0169386305325787,20.5042848389911
"rs1374486","A","G",0.2098,-0.0319,0.007,5.523e-06,5328,1,157847027,"exposure",TRUE,"reported","bvN4o6","textfile","M33652",0.00388267966822492,20.7597553931483
"rs11148029","A","G",0.8748,-0.0405,0.0086,2.737e-06,5328,13,46543690,"exposure",TRUE,"reported","bvN4o6","textfile","M33652",0.00414519486054973,22.1692034956806
"rs10783282","A","G",0.2235,0.032,0.0071,5.863e-06,5328,12,47433214,"exposure",TRUE,"reported","bvN4o6","textfile","M33652",0.00379810011910605,20.3058047136603
"rs10142427","A","C",0.6825,-0.0328,0.0062,1.329e-07,5328,14,98743077,"exposure",TRUE,"reported","bvN4o6","textfile","M33652",0.0052254627067959,27.9770071840832
