"SNP","effect_allele.exposure","other_allele.exposure","eaf.exposure","beta.exposure","se.exposure","pval.exposure","samplesize.exposure","chr.exposure","pos.exposure","exposure","mr_keep.exposure","pval_origin.exposure","id.exposure","data_source.exposure","file_source","R2","F"
"rs521504","T","C",0.0327,0.1015,0.0229,9.538e-06,5899,15,64136853,"exposure",TRUE,"reported","GjkT2L","textfile","M18335",0.00331924108795729,19.6387504430709
"rs6955908","T","C",0.4325,0.0386,0.0083,3.496e-06,5899,7,156913919,"exposure",TRUE,"reported","GjkT2L","textfile","M18335",0.00365300816013217,21.6207699694261
"rs7088140","T","G",0.5864,0.0353,0.0079,7.255e-06,5899,10,55338759,"exposure",TRUE,"reported","GjkT2L","textfile","M18335",0.0033732565232066,19.9594219677013
"rs17209311","C","G",0.1068,0.0723,0.0157,4.169e-06,5899,13,38848120,"exposure",TRUE,"reported","GjkT2L","textfile","M18335",0.00358212226125387,21.1997149454524
"rs2726698","C","G",0.6936,-0.0791,0.0152,2.117e-07,1452,8,50212937,"exposure",TRUE,"reported","GjkT2L","textfile","M18335",0.0183093873590106,27.0437664664461
"rs6999144","T","C",0.915,0.0668,0.015,8.462e-06,5899,8,13996545,"exposure",TRUE,"reported","GjkT2L","textfile","M18335",0.00335069101168936,19.8254538660037
