"SNP","effect_allele.exposure","other_allele.exposure","eaf.exposure","beta.exposure","se.exposure","pval.exposure","samplesize.exposure","chr.exposure","pos.exposure","exposure","mr_keep.exposure","pval_origin.exposure","id.exposure","data_source.exposure","file_source","R2","F"
"rs12731852","T","C",0.2589,0.0447,0.0101,9.504e-06,1863,1,60181563,"exposure",TRUE,"reported","GZ3ud8","textfile","M33359",0.0104044037701611,19.5661697465485
"rs2207775","A","G",0.5486,0.0454,0.0091,6.132e-07,1863,10,83764978,"exposure",TRUE,"reported","GZ3ud8","textfile","M33359",0.0131841514111352,24.8635100573307
"rs730947","A","C",0.8606,-0.0658,0.013,4.2e-07,1863,2,219411542,"exposure",TRUE,"reported","GZ3ud8","textfile","M33359",0.013565027816572,25.5916684611891
"rs11594256","A","T",0.0335,-0.1101,0.0242,5.339e-06,1863,10,32539746,"exposure",TRUE,"reported","GZ3ud8","textfile","M33359",0.0109883493588423,20.6765189707812
"rs6938176","A","G",0.4494,0.0842,0.0188,7.447e-06,474,6,148552559,"exposure",TRUE,"reported","GZ3ud8","textfile","M33359",0.0406003429156535,19.9743263557407
"rs10000111","A","G",0.0351,0.2505,0.0558,7.123e-06,474,4,107137517,"exposure",TRUE,"reported","GZ3ud8","textfile","M33359",0.040783578167389,20.0683062308611
"rs2792707","T","C",0.0427,0.0984,0.0216,5.102e-06,1863,10,113787100,"exposure",TRUE,"reported","GZ3ud8","textfile","M33359",0.0110168825040633,20.7308072072788
"rs1681529","A","G",0.0182,0.4453,0.0799,2.489e-08,474,15,58291561,"exposure",TRUE,"reported","GZ3ud8","textfile","M33359",0.061499023343836,30.9296844013039
"rs7799018","T","C",0.427,-0.0433,0.009,1.621e-06,1863,7,144476528,"exposure",TRUE,"reported","GZ3ud8","textfile","M33359",0.0122719982583867,23.1219411807585
