"SNP","effect_allele.exposure","other_allele.exposure","eaf.exposure","beta.exposure","se.exposure","pval.exposure","samplesize.exposure","chr.exposure","pos.exposure","exposure","mr_keep.exposure","pval_origin.exposure","id.exposure","data_source.exposure","file_source","R2","F"
"rs12143106","T","C",0.5922,0.0232,0.0051,4.773e-06,3838,1,240313466,"exposure",TRUE,"reported","rf59PN","textfile","M22175",0.00536284599094781,20.6827958701898
"rs13057057","T","C",0.0156,-0.0943,0.0212,8.368e-06,3838,22,46247144,"exposure",TRUE,"reported","rf59PN","textfile","M22175",0.0051287740141163,19.7754006792727
"rs16973789","A","G",0.036,-0.073,0.016,5.055e-06,2088,18,3435826,"exposure",TRUE,"reported","rf59PN","textfile","M22175",0.00987113254065428,20.7964671635536
"rs2031504","T","G",0.4374,0.0225,0.005,8.138e-06,3838,1,106859874,"exposure",TRUE,"reported","rf59PN","textfile","M22175",0.0052484934879803,20.2394476289734
"rs495828","T","G",0.217,-0.0312,0.0059,1.433e-07,3838,9,135144688,"exposure",TRUE,"reported","rf59PN","textfile","M22175",0.00723348052843999,27.9498056822722
"rs4351","A","G",0.4754,-0.0455,0.005,1.24e-19,3838,17,58923464,"exposure",TRUE,"reported","rf59PN","textfile","M22175",0.021120635786993,82.7668473163106
