"SNP","effect_allele.exposure","other_allele.exposure","eaf.exposure","beta.exposure","se.exposure","pval.exposure","samplesize.exposure","chr.exposure","pos.exposure","exposure","mr_keep.exposure","pval_origin.exposure","id.exposure","data_source.exposure","file_source","R2","F"
"rs6075489","A","G",0.7177,0.0185,0.0041,5.761e-06,7355,20,19156970,"exposure",TRUE,"reported","UrNAfW","textfile","M32418",0.00276053034445934,20.354368474626
"rs4612338","A","G",0.1596,-0.0367,0.0078,2.444e-06,1767,8,84674045,"exposure",TRUE,"reported","UrNAfW","textfile","M32418",0.0123736841781306,22.1131740057233
"rs10098688","A","C",0.3371,0.0267,0.006,7.295e-06,1767,8,68951047,"exposure",TRUE,"reported","UrNAfW","textfile","M32418",0.0110826462353842,19.7800863044709
"rs12539054","T","C",0.2501,-0.0175,0.004,9.436e-06,7355,7,52494199,"exposure",TRUE,"reported","UrNAfW","textfile","M32418",0.00259564144126964,19.1354202073419
"rs9888349","T","C",0.7742,-0.0192,0.004,2.017e-06,7355,12,2024079,"exposure",TRUE,"reported","UrNAfW","textfile","M32418",0.0031227805758711,23.0337348742352
"rs4129516","T","C",0.7269,-0.0182,0.004,5.509e-06,7355,7,49051370,"exposure",TRUE,"reported","UrNAfW","textfile","M32418",0.00280685127958998,20.696870496261
"rs35350","A","G",0.9682,0.0622,0.0132,2.325e-06,7355,12,114093113,"exposure",TRUE,"reported","UrNAfW","textfile","M32418",0.00300982405501075,22.1980484968341
"rs7100861","T","C",0.5232,-0.0268,0.0058,3.528e-06,1767,10,31302075,"exposure",TRUE,"reported","UrNAfW","textfile","M32418",0.0119388059731264,21.326606762774
"rs603424","A","G",0.1851,-0.0368,0.0046,7.16e-16,7355,10,102065469,"exposure",TRUE,"reported","UrNAfW","textfile","M32418",0.00862649952823831,63.9825968728756
"rs1508782","A","C",0.1332,0.0232,0.0049,2.091e-06,7355,5,108029221,"exposure",TRUE,"reported","UrNAfW","textfile","M32418",0.00303864145447861,22.4112303082417
"rs11728793","T","C",0.7845,-0.021,0.0042,7.146e-07,7355,4,83710559,"exposure",TRUE,"reported","UrNAfW","textfile","M32418",0.00338753387533875,24.993201903467
"rs4755163","A","G",0.5331,0.0152,0.0033,3.512e-06,7355,11,42597712,"exposure",TRUE,"reported","UrNAfW","textfile","M32418",0.00287624371335214,21.2100252259946
"rs8088457","A","G",0.0323,0.0496,0.0103,1.594e-06,7355,18,13919778,"exposure",TRUE,"reported","UrNAfW","textfile","M32418",0.00314296182478512,23.1830617757879
"rs1009343","A","C",0.9622,0.1003,0.0214,2.692e-06,1767,12,4871854,"exposure",TRUE,"reported","UrNAfW","textfile","M32418",0.0122792529559748,21.9423167247995
