"SNP","effect_allele.exposure","other_allele.exposure","eaf.exposure","beta.exposure","se.exposure","pval.exposure","samplesize.exposure","chr.exposure","pos.exposure","exposure","mr_keep.exposure","pval_origin.exposure","id.exposure","data_source.exposure","file_source","R2","F"
"rs3212446","T","C",0.6284,0.0516,0.0111,3.408e-06,448,5,52374871,"exposure",TRUE,"reported","CvfaIf","textfile","M35322",0.0460167740972101,21.5134613377857
"rs724467","T","C",0.2576,0.0602,0.0129,2.915e-06,448,11,123185781,"exposure",TRUE,"reported","CvfaIf","textfile","M35322",0.0463576158940397,21.6805555555556
"rs11011929","T","C",0.0435,-0.1477,0.0307,1.518e-06,448,10,18319762,"exposure",TRUE,"reported","CvfaIf","textfile","M35322",0.0491279139880411,23.0431095422763
"rs10514235","A","G",0.04,0.1745,0.0332,1.489e-07,349,18,73039466,"exposure",TRUE,"reported","CvfaIf","textfile","M35322",0.0733507637727093,27.4674753229787
"rs11119746","C","G",0.9047,-0.0949,0.0211,6.687e-06,349,1,209717658,"exposure",TRUE,"reported","CvfaIf","textfile","M35322",0.0547863147514696,20.1127549415044
"rs11924406","T","C",0.8796,-0.0692,0.0156,8.67e-06,448,3,167413916,"exposure",TRUE,"reported","CvfaIf","textfile","M35322",0.0420742910884714,19.5893414811684
"rs12436835","A","G",0.5918,0.0522,0.0114,5.043e-06,448,14,20722677,"exposure",TRUE,"reported","CvfaIf","textfile","M35322",0.0447084118442737,20.8731574000792
"rs17151588","A","C",0.6597,0.0514,0.011,3.113e-06,448,8,10186622,"exposure",TRUE,"reported","CvfaIf","textfile","M35322",0.0464725041143389,21.7369052538371
"rs905176","A","G",0.3698,-0.0576,0.012,1.496e-06,448,5,18830805,"exposure",TRUE,"reported","CvfaIf","textfile","M35322",0.0489130434782609,22.9371428571429
"rs2819083","A","G",0.3744,0.059,0.0124,1.956e-06,448,6,156742508,"exposure",TRUE,"reported","CvfaIf","textfile","M35322",0.0481030458168729,22.5381101809871
"rs1561164","A","G",0.0405,0.1346,0.03,7.452e-06,448,3,87208716,"exposure",TRUE,"reported","CvfaIf","textfile","M35322",0.0430012392564309,20.0403109126984
"rs748276","A","G",0.0832,0.0879,0.0189,3.348e-06,448,10,70914357,"exposure",TRUE,"reported","CvfaIf","textfile","M35322",0.0460572941172053,21.5333196109132
"rs10972586","A","T",0.0992,0.0839,0.0187,7.22e-06,448,9,3578675,"exposure",TRUE,"reported","CvfaIf","textfile","M35322",0.0430005852767676,20.0399924371791
"rs4751073","T","C",0.9844,-0.3234,0.073,9.428e-06,349,10,130972810,"exposure",TRUE,"reported","CvfaIf","textfile","M35322",0.0532412463118161,19.5136431516797
"rs385748","T","C",0.9894,-0.3443,0.0711,1.279e-06,349,13,102551907,"exposure",TRUE,"reported","CvfaIf","textfile","M35322",0.0629603841550132,23.3151863937882
