"SNP","effect_allele.exposure","other_allele.exposure","eaf.exposure","beta.exposure","se.exposure","pval.exposure","samplesize.exposure","chr.exposure","pos.exposure","exposure","mr_keep.exposure","pval_origin.exposure","id.exposure","data_source.exposure","file_source","R2","F"
"rs1922578","A","G",0.9821,-0.0653,0.0142,4.337e-06,7327,12,81595328,"exposure",TRUE,"reported","m7DdQ6","textfile","M33447",0.00287787439608179,21.1412718763326
"rs10098688","A","C",0.3373,0.0278,0.0063,9.681e-06,1766,8,68951047,"exposure",TRUE,"reported","m7DdQ6","textfile","M33447",0.0109057483357882,19.4498552913049
"rs11720202","C","G",0.5513,0.0162,0.0034,2.574e-06,7327,3,117790100,"exposure",TRUE,"reported","m7DdQ6","textfile","M33447",0.00308888997694985,22.6962252237659
"rs4287543","A","G",0.8771,0.0232,0.0052,7.158e-06,7327,15,89914509,"exposure",TRUE,"reported","m7DdQ6","textfile","M33447",0.00270934829864363,19.8998920261689
"rs1558852","A","G",0.7952,0.0197,0.0043,4.479e-06,7327,2,51105641,"exposure",TRUE,"reported","m7DdQ6","textfile","M33447",0.00285645267278414,20.9834540716109
"rs603424","A","G",0.1849,-0.0367,0.0048,1.313e-14,7327,10,102065469,"exposure",TRUE,"reported","m7DdQ6","textfile","M33447",0.0079153874122838,58.4428102798061
"rs11728793","T","C",0.7844,-0.0215,0.0044,1.095e-06,7327,4,83710559,"exposure",TRUE,"reported","m7DdQ6","textfile","M33447",0.00324812278178159,23.8700321718494
"rs868028","C","G",0.3352,-0.0155,0.0035,8.083e-06,7327,4,73282851,"exposure",TRUE,"reported","m7DdQ6","textfile","M33447",0.00266956309169296,19.6068914804901
"rs2916164","T","C",0.334,0.0154,0.0035,9.187e-06,7327,8,75963287,"exposure",TRUE,"reported","m7DdQ6","textfile","M33447",0.00263531871566327,19.3547154360584
"rs9880033","T","C",0.9838,0.117,0.0262,7.742e-06,1766,3,20946713,"exposure",TRUE,"reported","m7DdQ6","textfile","M33447",0.0111661070045367,19.9194353020554
"rs2929381","C","G",0.5744,0.0168,0.0034,9.18e-07,7327,3,19913992,"exposure",TRUE,"reported","m7DdQ6","textfile","M33447",0.00332115982658048,24.4085604601269
