"SNP","effect_allele.exposure","other_allele.exposure","eaf.exposure","beta.exposure","se.exposure","pval.exposure","samplesize.exposure","chr.exposure","pos.exposure","exposure","mr_keep.exposure","pval_origin.exposure","id.exposure","data_source.exposure","file_source","R2","F"
"rs12640478","C","G",0.413,-0.0204,0.0042,1.463e-06,6144,4,145306743,"exposure",TRUE,"reported","g1kwdw","textfile","M34469",0.00382512937937607,23.5841571003401
"rs4630827","T","C",0.201,0.0226,0.005,7.344e-06,6144,20,14384938,"exposure",TRUE,"reported","g1kwdw","textfile","M34469",0.0033142397065591,20.4237494791667
"rs10756216","T","C",0.2358,0.0268,0.005,6.627e-08,6144,9,11252339,"exposure",TRUE,"reported","g1kwdw","textfile","M34469",0.00465427806849015,28.7202479166667
"rs12810144","T","C",0.079,0.0754,0.0162,3.35e-06,1462,12,70178001,"exposure",TRUE,"reported","g1kwdw","textfile","M34469",0.0146008279373856,21.6330695143191
"rs8086010","A","C",0.6663,-0.0192,0.0042,5.483e-06,6144,18,72755985,"exposure",TRUE,"reported","g1kwdw","textfile","M34469",0.00338983050847458,20.891156462585
"rs1235385","T","C",0.167,0.0257,0.0057,5.661e-06,6144,8,91281883,"exposure",TRUE,"reported","g1kwdw","textfile","M34469",0.00329784867663393,20.322406794238
"rs1195892","T","C",0.5662,-0.0188,0.0042,6.155e-06,6144,12,130079495,"exposure",TRUE,"reported","g1kwdw","textfile","M34469",0.00325051318083831,20.029758952192
"rs12580426","A","G",0.9345,0.0431,0.0083,2.201e-07,6144,12,107687270,"exposure",TRUE,"reported","g1kwdw","textfile","M34469",0.00436963620692685,26.9560939068775
"rs9635567","T","C",0.7787,0.0227,0.005,5.733e-06,6144,16,74694759,"exposure",TRUE,"reported","g1kwdw","textfile","M34469",0.00334353586850468,20.6048904947917
"rs10275746","T","C",0.4335,0.0191,0.0042,4.946e-06,6144,7,36083227,"exposure",TRUE,"reported","g1kwdw","textfile","M34469",0.00335472987854059,20.6741069583215
"rs133565","A","G",0.3318,-0.0189,0.0042,8.513e-06,6144,22,47018657,"exposure",TRUE,"reported","g1kwdw","textfile","M34469",0.00328507117654216,20.243408203125
"rs11905798","A","G",0.0405,-0.0997,0.0212,2.498e-06,1462,20,61941642,"exposure",TRUE,"reported","g1kwdw","textfile","M34469",0.0149022062066767,22.0863565006752
