"SNP","effect_allele.exposure","other_allele.exposure","eaf.exposure","beta.exposure","se.exposure","pval.exposure","samplesize.exposure","chr.exposure","pos.exposure","exposure","mr_keep.exposure","pval_origin.exposure","id.exposure","data_source.exposure","file_source","R2","F"
"rs16905117","A","T",0.0413,0.3196,0.0686,3.166e-06,803,8,135283002,"exposure",TRUE,"reported","0e6mzQ","textfile","M33384",0.0263188274626187,21.6512154000269
"rs3784457","A","G",0.0539,0.2165,0.0473,4.658e-06,803,15,99783315,"exposure",TRUE,"reported","0e6mzQ","textfile","M33384",0.0254268417702673,20.8982774520279
"rs308097","A","G",0.0377,0.3482,0.0747,3.156e-06,272,7,5846903,"exposure",TRUE,"reported","0e6mzQ","textfile","M33384",0.0739726598400667,21.5680653158346
"rs10521182","T","C",0.9682,-0.3993,0.0786,3.711e-07,272,17,11190645,"exposure",TRUE,"reported","0e6mzQ","textfile","M33384",0.0866597116265641,25.6181868215208
"rs17011024","A","G",0.7728,-0.1149,0.0247,3.298e-06,803,4,86970408,"exposure",TRUE,"reported","0e6mzQ","textfile","M33384",0.0262411005527522,21.5855501343156
"rs163589","T","G",0.011,0.6297,0.136,3.627e-06,272,5,35014246,"exposure",TRUE,"reported","0e6mzQ","textfile","M33384",0.073058849435056,21.2806275084915
"rs9416100","T","C",0.0146,0.5637,0.1265,8.401e-06,272,10,77344712,"exposure",TRUE,"reported","0e6mzQ","textfile","M33384",0.0680369459146606,19.7110554076495
"rs2722578","T","G",0.1259,0.1411,0.0304,3.38e-06,803,2,5784616,"exposure",TRUE,"reported","0e6mzQ","textfile","M33384",0.0261272399305053,21.4893773010361
"rs281083","A","G",0.1001,-0.1634,0.0351,3.242e-06,803,13,102557751,"exposure",TRUE,"reported","0e6mzQ","textfile","M33384",0.0262790016322679,21.6175684233289
"rs7145855","A","G",0.9691,0.3181,0.0708,7.067e-06,803,14,56901076,"exposure",TRUE,"reported","0e6mzQ","textfile","M33384",0.0245223783232294,20.1362128668241
"rs11242046","A","G",0.0216,0.4771,0.1051,5.602e-06,272,5,130197317,"exposure",TRUE,"reported","0e6mzQ","textfile","M33384",0.0704253130340958,20.4554134119869
"rs2250756","A","G",0.5542,-0.0946,0.0213,9.092e-06,803,4,181957510,"exposure",TRUE,"reported","0e6mzQ","textfile","M33384",0.0239755305539486,19.676146013647
