"SNP","effect_allele.exposure","other_allele.exposure","eaf.exposure","beta.exposure","se.exposure","pval.exposure","samplesize.exposure","chr.exposure","pos.exposure","exposure","mr_keep.exposure","pval_origin.exposure","id.exposure","data_source.exposure","file_source","R2","F"
"rs12552913","A","T",0.2932,-0.0059,0.0012,1.164e-06,7359,9,29976139,"exposure",TRUE,"reported","G5dFYS","textfile","M01649",0.00327414908336053,24.1670413024113
"rs10050054","T","C",0.9828,-0.0336,0.0072,3.177e-06,1763,4,178884300,"exposure",TRUE,"reported","G5dFYS","textfile","M01649",0.0122019548029633,21.7530724144451
"rs1440581","T","C",0.4577,-0.0081,0.0012,2.558e-12,7359,4,89445446,"exposure",TRUE,"reported","G5dFYS","textfile","M01649",0.00615330075207009,45.5501172034244
"rs3762466","T","C",0.6819,0.0058,0.0012,1.063e-06,7359,2,132910627,"exposure",TRUE,"reported","G5dFYS","textfile","M01649",0.00316444979587229,23.3547621204572
"rs10181551","A","G",0.296,-0.0055,0.0012,3.876e-06,7359,2,27130778,"exposure",TRUE,"reported","G5dFYS","textfile","M01649",0.00284646675844366,21.0012352599236
"rs2373642","A","G",0.0138,-0.054,0.011,9.775e-07,1763,7,149311122,"exposure",TRUE,"reported","G5dFYS","textfile","M01649",0.0134850790097993,24.0718347294947
