"SNP","effect_allele.exposure","other_allele.exposure","eaf.exposure","beta.exposure","se.exposure","pval.exposure","samplesize.exposure","chr.exposure","pos.exposure","exposure","mr_keep.exposure","pval_origin.exposure","id.exposure","data_source.exposure","file_source","R2","F"
"rs6831907","T","C",0.0395,0.0206,0.0046,7.053e-06,1760,4,190998709,"exposure",TRUE,"reported","QE9zku","textfile","M00064",0.0112664060600075,20.0320308472246
"rs2905873","A","C",0.6858,0.0055,0.0012,2.966e-06,7354,17,26556482,"exposure",TRUE,"reported","QE9zku","textfile","M00064",0.00284839656459834,21.0012313782371
"rs10050054","T","C",0.9828,-0.0325,0.0069,2.583e-06,1760,4,178884300,"exposure",TRUE,"reported","QE9zku","textfile","M00064",0.0124484604274492,22.1602544824426
"rs1565225","A","G",0.245,0.007,0.0015,2.342e-06,5594,8,85849662,"exposure",TRUE,"reported","QE9zku","textfile","M00064",0.00387796288235527,21.7699916577285
"rs1498694","A","G",0.4035,0.0075,0.0011,7.336e-11,7354,12,101782006,"exposure",TRUE,"reported","QE9zku","textfile","M00064",0.00628169463928555,46.4749604982502
