"SNP","effect_allele.exposure","other_allele.exposure","eaf.exposure","beta.exposure","se.exposure","pval.exposure","samplesize.exposure","chr.exposure","pos.exposure","exposure","mr_keep.exposure","pval_origin.exposure","id.exposure","data_source.exposure","file_source","R2","F"
"rs4768741","C","G",0.9153,-0.015,0.0032,3.524e-06,1762,12,45356372,"exposure",TRUE,"reported","8MvXOb","textfile","M00059",0.0123167001315971,21.9477156640182
"rs2176664","T","C",0.2846,-0.0059,0.0012,2.027e-06,7355,17,12460596,"exposure",TRUE,"reported","8MvXOb","textfile","M00059",0.00327592388864682,24.1670377294358
"rs16868246","C","G",0.2113,0.0097,0.0013,1.778e-14,7355,4,9587403,"exposure",TRUE,"reported","8MvXOb","textfile","M00059",0.00751275147636066,55.6594169727151
"rs1527683","T","C",0.8,0.0061,0.0013,2.168e-06,7355,1,74595525,"exposure",TRUE,"reported","8MvXOb","textfile","M00059",0.00298464124949066,22.0117643272901
"rs7014133","A","G",0.0119,-0.0561,0.0109,2.739e-07,1762,8,131901684,"exposure",TRUE,"reported","8MvXOb","textfile","M00059",0.0148110670207595,26.4593694507995
"rs4288369","C","G",0.0134,-0.0453,0.0102,9.307e-06,1762,8,78829280,"exposure",TRUE,"reported","8MvXOb","textfile","M00059",0.0110702038624578,19.7016601926876
"rs715","T","C",0.7135,0.0059,0.0012,1.651e-06,7355,2,211251300,"exposure",TRUE,"reported","8MvXOb","textfile","M00059",0.00327592388864682,24.1670377294358
