"SNP","effect_allele.exposure","other_allele.exposure","eaf.exposure","beta.exposure","se.exposure","pval.exposure","samplesize.exposure","chr.exposure","pos.exposure","exposure","mr_keep.exposure","pval_origin.exposure","id.exposure","data_source.exposure","file_source","R2","F"
"rs651007","T","C",0.2099,0.0653,0.0071,6.344e-20,3845,9,135143696,"exposure",TRUE,"reported","zzVrhj","textfile","M33801",0.0215259648441566,84.544177897289
"rs9684934","T","G",0.0187,0.0951,0.0209,5.173e-06,3845,4,27043828,"exposure",TRUE,"reported","zzVrhj","textfile","M33801",0.0053559903873226,20.6939074277399
"rs7579137","A","G",0.5493,-0.027,0.0059,4.766e-06,3845,2,112155110,"exposure",TRUE,"reported","zzVrhj","textfile","M33801",0.00541711608047501,20.9313647297292
"rs601338","A","G",0.4316,0.0413,0.0062,2.524e-11,3845,19,53898486,"exposure",TRUE,"reported","zzVrhj","textfile","M33801",0.0114087260778708,44.3497079873182
"rs12066643","T","C",0.0891,-0.0482,0.0106,4.937e-06,3845,1,56012866,"exposure",TRUE,"reported","zzVrhj","textfile","M33801",0.00534880555529463,20.665998154733
"rs6893667","T","C",0.551,0.0319,0.0071,7.188e-06,1761,5,136976130,"exposure",TRUE,"reported","zzVrhj","textfile","M33801",0.0113332699258556,20.1637429410464
