"SNP","effect_allele.exposure","other_allele.exposure","eaf.exposure","beta.exposure","se.exposure","pval.exposure","samplesize.exposure","chr.exposure","pos.exposure","exposure","mr_keep.exposure","pval_origin.exposure","id.exposure","data_source.exposure","file_source","R2","F"
"rs10031835","T","C",0.694,-0.0439,0.0088,6.516e-07,1631,4,136307034,"exposure",TRUE,"reported","1EqqHk","textfile","M33833",0.0150291054835441,24.8559759166409
"rs685747","C","G",0.9581,-0.0431,0.0092,2.962e-06,6327,11,78376988,"exposure",TRUE,"reported","1EqqHk","textfile","M33833",0.00345682322447184,21.9402504621326
"rs11078645","A","G",0.8453,0.0332,0.0075,9.623e-06,6327,17,6565868,"exposure",TRUE,"reported","1EqqHk","textfile","M33833",0.00308754168359146,19.5891835695344
"rs7096907","T","C",0.181,-0.022,0.0046,2.146e-06,6327,10,19066847,"exposure",TRUE,"reported","1EqqHk","textfile","M33833",0.00360217356939379,22.8661155434611
"rs7575509","T","C",0.4488,0.035,0.0076,4.635e-06,1631,2,142455335,"exposure",TRUE,"reported","1EqqHk","textfile","M33833",0.0128364243443154,21.1824420719746
"rs12715789","A","G",0.8197,0.0214,0.0047,5.158e-06,6327,4,68376680,"exposure",TRUE,"reported","1EqqHk","textfile","M33833",0.00326597817922073,20.7249993793083
"rs7937","T","C",0.5585,-0.0165,0.0037,8.788e-06,6327,19,45994546,"exposure",TRUE,"reported","1EqqHk","textfile","M33833",0.00313331234100382,19.8804923488711
"rs7239714","A","G",0.7264,-0.0382,0.0086,9.596e-06,1631,18,70096235,"exposure",TRUE,"reported","1EqqHk","textfile","M33833",0.0119523622305222,19.7059304928609
