"SNP","effect_allele.exposure","other_allele.exposure","eaf.exposure","beta.exposure","se.exposure","pval.exposure","samplesize.exposure","chr.exposure","pos.exposure","exposure","mr_keep.exposure","pval_origin.exposure","id.exposure","data_source.exposure","file_source","R2","F"
"rs4880258","A","G",0.5404,0.0164,0.0037,8.103e-06,6960,10,134143630,"exposure",TRUE,"reported","DaxtZY","textfile","M35854",0.00281482126471041,19.6408117343812
"rs9960323","T","C",0.2721,0.0178,0.0038,2.371e-06,6960,18,72481716,"exposure",TRUE,"reported","DaxtZY","textfile","M35854",0.00314265412038416,21.9355231317859
"rs7586148","T","C",0.5142,-0.0324,0.0071,5.525e-06,1632,2,31195590,"exposure",TRUE,"reported","DaxtZY","textfile","M35854",0.012599305223498,20.7989194487555
"rs10108610","A","G",0.138,-0.0464,0.0104,8.005e-06,1632,8,108426272,"exposure",TRUE,"reported","DaxtZY","textfile","M35854",0.0120499190463227,19.8809316626059
"rs3785236","A","C",0.2425,-0.0173,0.0038,5.247e-06,6960,16,7607200,"exposure",TRUE,"reported","DaxtZY","textfile","M35854",0.00296909704589278,20.7204984159582
"rs12147158","T","C",0.9406,0.0378,0.0085,9.49e-06,6960,14,30349014,"exposure",TRUE,"reported","DaxtZY","textfile","M35854",0.00283337620558884,19.7706493258561
"rs422249","T","C",0.309,-0.017,0.0037,5.438e-06,6960,11,61396064,"exposure",TRUE,"reported","DaxtZY","textfile","M35854",0.00302391719698571,21.1042333106639
"rs4669658","T","C",0.3738,0.0163,0.0037,8.139e-06,6960,2,11030982,"exposure",TRUE,"reported","DaxtZY","textfile","M35854",0.00278069399398774,19.402019890347
"rs7863959","T","C",0.5363,0.0165,0.0037,6.99e-06,6960,9,10918755,"exposure",TRUE,"reported","DaxtZY","textfile","M35854",0.00284915490768895,19.8810640789905
"rs6730977","A","G",0.6251,0.0177,0.0037,1.384e-06,6960,2,51035335,"exposure",TRUE,"reported","DaxtZY","textfile","M35854",0.00327723980024622,22.8780112591622
"rs1961334","A","G",0.4773,-0.0198,0.0037,6.029e-08,6960,10,44932080,"exposure",TRUE,"reported","DaxtZY","textfile","M35854",0.00409764614248069,28.6287322737463
"rs917046","T","G",0.9531,-0.0369,0.0082,6.707e-06,6960,7,96466843,"exposure",TRUE,"reported","DaxtZY","textfile","M35854",0.00290104222628129,20.2441810344828
"rs12451101","T","C",0.0806,-0.059,0.013,5.765e-06,1632,17,133779,"exposure",TRUE,"reported","DaxtZY","textfile","M35854",0.0124637919860789,20.572390938624
