"SNP","effect_allele.exposure","other_allele.exposure","eaf.exposure","beta.exposure","se.exposure","pval.exposure","samplesize.exposure","chr.exposure","pos.exposure","exposure","mr_keep.exposure","pval_origin.exposure","id.exposure","data_source.exposure","file_source","R2","F"
"rs4347230","A","G",0.3906,-0.0169,0.0037,6.036e-06,4460,1,159341253,"exposure",TRUE,"reported","SEdZak","textfile","M19415",0.00465595020524751,20.8533180253335
"rs7295482","A","G",0.9079,0.0304,0.0064,1.774e-06,4460,12,3310342,"exposure",TRUE,"reported","SEdZak","textfile","M19415",0.00503339328787942,22.5523822869955
"rs2964431","A","C",0.3897,0.0167,0.0037,7.849e-06,4460,5,5292533,"exposure",TRUE,"reported","SEdZak","textfile","M19415",0.00454690037496562,20.3626688984464
"rs3130663","A","G",0.9754,-0.1184,0.0247,1.553e-06,855,6,30774573,"exposure",TRUE,"reported","SEdZak","textfile","M19415",0.0261713385780084,22.9241063560846
"rs17422462","T","G",0.8375,-0.0218,0.0048,4.617e-06,4460,5,119740422,"exposure",TRUE,"reported","SEdZak","textfile","M19415",0.00460353814899872,20.6174864536622
"rs12936996","A","G",0.7358,-0.0192,0.0038,5.864e-07,4460,17,34919080,"exposure",TRUE,"reported","SEdZak","textfile","M19415",0.0056914324673496,25.5176378520055
