"SNP","effect_allele.exposure","other_allele.exposure","eaf.exposure","beta.exposure","se.exposure","pval.exposure","samplesize.exposure","chr.exposure","pos.exposure","exposure","mr_keep.exposure","pval_origin.exposure","id.exposure","data_source.exposure","file_source","R2","F"
"rs7733505","A","C",0.0163,0.2162,0.0485,8.313e-06,829,5,79166599,"exposure",TRUE,"reported","CqLqnK","textfile","M34530",0.0234091698928176,19.8234336269934
"rs17287098","A","G",0.1496,0.0375,0.0084,7.148e-06,3813,3,46580451,"exposure",TRUE,"reported","CqLqnK","textfile","M34530",0.00519963780570959,19.9193933080707
"rs10829406","A","G",0.1231,0.0434,0.0092,2.316e-06,3813,10,130139671,"exposure",TRUE,"reported","CqLqnK","textfile","M34530",0.0058024271640685,22.2421081346919
"rs9277380","C","G",0.7148,0.0631,0.014,6.777e-06,829,6,33158347,"exposure",TRUE,"reported","CqLqnK","textfile","M34530",0.0239185138600099,20.2653274783979
"rs11962139","A","G",0.037,0.0753,0.0155,1.12e-06,3813,6,66173452,"exposure",TRUE,"reported","CqLqnK","textfile","M34530",0.00615148464213476,23.5884117236258
"rs10074057","A","G",0.8297,-0.0373,0.0082,5.24e-06,3813,5,123987412,"exposure",TRUE,"reported","CqLqnK","textfile","M34530",0.00539725339004686,20.6805508426119
"rs16991685","A","T",0.0738,0.0494,0.0111,9.34e-06,3813,4,35603830,"exposure",TRUE,"reported","CqLqnK","textfile","M34530",0.00516762564567528,19.7961202744838
"rs11946836","T","C",0.0115,0.2917,0.0653,8.069e-06,829,4,173994440,"exposure",TRUE,"reported","CqLqnK","textfile","M34530",0.0235050916162192,19.9066176379626
"rs11577980","T","C",0.0809,0.0503,0.0114,9.864e-06,3813,1,36609063,"exposure",TRUE,"reported","CqLqnK","textfile","M34530",0.00507981276516357,19.4580094930458
"rs10887481","T","C",0.0266,0.2627,0.0581,6.057e-06,829,10,87210022,"exposure",TRUE,"reported","CqLqnK","textfile","M34530",0.0240676163152273,20.3947722459448
