"SNP","effect_allele.exposure","other_allele.exposure","eaf.exposure","beta.exposure","se.exposure","pval.exposure","samplesize.exposure","chr.exposure","pos.exposure","exposure","mr_keep.exposure","pval_origin.exposure","id.exposure","data_source.exposure","file_source","R2","F"
"rs10074013","A","G",0.2515,0.0424,0.0085,5.48e-07,1860,5,124316092,"exposure",TRUE,"reported","YgaqKr","textfile","M33658",0.0132010836026528,24.8557359824385
"rs6502323","A","T",0.2996,0.0434,0.0083,1.559e-07,1860,17,13840815,"exposure",TRUE,"reported","YgaqKr","textfile","M33658",0.0144868102313693,27.3121594812987
"rs11046265","T","C",0.2995,-0.0431,0.0092,2.533e-06,1860,12,22080897,"exposure",TRUE,"reported","YgaqKr","textfile","M33658",0.0116619574819222,21.923588963758
"rs1892513","A","G",0.5107,-0.0346,0.0074,3.181e-06,1860,6,6923803,"exposure",TRUE,"reported","YgaqKr","textfile","M33658",0.0116171874909025,21.8384355584879
"rs13146757","T","C",0.0199,0.1467,0.03,1.02e-06,1860,4,91340774,"exposure",TRUE,"reported","YgaqKr","textfile","M33658",0.0126927896476699,23.8863880645161
"rs7956425","A","G",0.8522,-0.093,0.0191,1.207e-06,860,12,41040443,"exposure",TRUE,"reported","YgaqKr","textfile","M33658",0.0268281213552963,23.6530962597287
"rs17358216","T","C",0.0313,0.1099,0.0233,2.356e-06,1860,5,71050606,"exposure",TRUE,"reported","YgaqKr","textfile","M33658",0.0118197090520058,22.2236970518394
"rs10779577","A","G",0.209,0.0427,0.0093,4.074e-06,1860,1,210491016,"exposure",TRUE,"reported","YgaqKr","textfile","M33658",0.0112068193497895,21.0582665408519
