"SNP","effect_allele.exposure","other_allele.exposure","eaf.exposure","beta.exposure","se.exposure","pval.exposure","samplesize.exposure","chr.exposure","pos.exposure","exposure","mr_keep.exposure","pval_origin.exposure","id.exposure","data_source.exposure","file_source","R2","F"
"rs7036822","A","G",0.807,-0.0663,0.0142,3.122e-06,1612,9,1440428,"exposure",TRUE,"reported","d8QhF4","textfile","M34327",0.0133429407663085,21.7726457564103
"rs2826581","T","G",0.789,-0.0695,0.0139,5.576e-07,1612,21,21171382,"exposure",TRUE,"reported","d8QhF4","textfile","M34327",0.015271838729383,24.968982630273
"rs10916770","A","T",0.8056,0.0837,0.0183,5.047e-06,1009,1,20540962,"exposure",TRUE,"reported","d8QhF4","textfile","M34327",0.020311664183408,20.8779109487336
"rs2925759","T","C",0.1897,-0.067,0.0148,6.276e-06,1612,2,160788143,"exposure",TRUE,"reported","d8QhF4","textfile","M34327",0.0125537821477779,20.4685469370517
"rs1373562","T","C",0.1574,0.0713,0.0155,3.886e-06,1612,15,23612597,"exposure",TRUE,"reported","d8QhF4","textfile","M34327",0.0129564770138872,21.133746898263
"rs12200779","A","G",0.0859,0.0871,0.0191,5.102e-06,1612,6,96820916,"exposure",TRUE,"reported","d8QhF4","textfile","M34327",0.0127361386433569,20.7697091106197
"rs12466783","C","G",0.9759,-0.1784,0.0401,8.562e-06,1612,2,10434928,"exposure",TRUE,"reported","d8QhF4","textfile","M34327",0.0121293078388554,19.7679572595031
"rs12748135","T","C",0.8469,-0.0701,0.0157,7.543e-06,1612,1,111175616,"exposure",TRUE,"reported","d8QhF4","textfile","M34327",0.0122161293896778,19.9112061884843
"rs898219","T","G",0.6202,-0.0664,0.0138,1.436e-06,1612,5,71275894,"exposure",TRUE,"reported","d8QhF4","textfile","M34327",0.014158589977901,23.1227149039211
