"SNP","effect_allele.exposure","other_allele.exposure","eaf.exposure","beta.exposure","se.exposure","pval.exposure","samplesize.exposure","chr.exposure","pos.exposure","exposure","mr_keep.exposure","pval_origin.exposure","id.exposure","data_source.exposure","file_source","R2","F"
"rs7279572","T","C",0.9644,-0.2727,0.0585,3.09e-06,257,21,20132465,"exposure",TRUE,"reported","86Ysjq","textfile","M18474",0.077960554807351,21.560836230516
"rs1599081","T","G",0.788,-0.0691,0.0145,1.895e-06,917,15,29528215,"exposure",TRUE,"reported","86Ysjq","textfile","M18474",0.0241671907739305,22.6606231611378
"rs12526152","A","C",0.0139,0.4507,0.0939,1.607e-06,257,6,38307466,"exposure",TRUE,"reported","86Ysjq","textfile","M18474",0.0822672601321426,22.8586716179669
"rs10515456","A","G",0.1032,0.0868,0.0194,7.975e-06,917,5,131727568,"exposure",TRUE,"reported","86Ysjq","textfile","M18474",0.0213642538589124,19.9750441959501
"rs4877694","T","C",0.301,0.0579,0.013,8.737e-06,917,9,80319011,"exposure",TRUE,"reported","86Ysjq","textfile","M18474",0.0211741753897874,19.7934811225181
"rs2912546","T","C",0.0501,0.2679,0.0469,1.154e-08,257,17,51177436,"exposure",TRUE,"reported","86Ysjq","textfile","M18474",0.112656991730487,32.3747779872615
"rs12905081","A","G",0.4166,-0.0574,0.0122,2.583e-06,917,15,57037292,"exposure",TRUE,"reported","86Ysjq","textfile","M18474",0.0235708648325982,22.0879739707171
"rs12483707","C","G",0.3543,0.0849,0.0192,9.185e-06,257,21,21267891,"exposure",TRUE,"reported","86Ysjq","textfile","M18474",0.0707024694529561,19.4008152586941
"rs7546527","A","G",0.012,0.4654,0.0991,2.641e-06,257,1,65619152,"exposure",TRUE,"reported","86Ysjq","textfile","M18474",0.0790343285436552,21.8832844733099
"rs16904525","T","C",0.0297,0.1461,0.033,9.4e-06,917,8,91502701,"exposure",TRUE,"reported","86Ysjq","textfile","M18474",0.0209275338839618,19.5579940877998
"rs11736691","A","C",0.9602,-0.24,0.0491,1.035e-06,257,4,154806043,"exposure",TRUE,"reported","86Ysjq","textfile","M18474",0.0850588553378795,23.7064517621723
"rs1026775","T","C",0.4495,-0.0591,0.0119,6.399e-07,917,3,141567128,"exposure",TRUE,"reported","86Ysjq","textfile","M18474",0.0261929619664703,24.6112004362974
