"SNP","effect_allele.exposure","other_allele.exposure","eaf.exposure","beta.exposure","se.exposure","pval.exposure","samplesize.exposure","chr.exposure","pos.exposure","exposure","mr_keep.exposure","pval_origin.exposure","id.exposure","data_source.exposure","file_source","R2","F"
"rs1624064","T","C",0.5678,-0.0164,0.0036,6.355e-06,7369,6,26486660,"exposure",TRUE,"reported","XZNaDk","textfile","M32587",0.00280835992448669,20.74745388171
"rs1811763","A","G",0.144,-0.025,0.0054,3.533e-06,5605,3,174300300,"exposure",TRUE,"reported","XZNaDk","textfile","M32587",0.00380942396633566,21.4258225252047
"rs17450934","A","G",0.0875,-0.0365,0.0077,2.214e-06,7369,8,128378019,"exposure",TRUE,"reported","XZNaDk","textfile","M32587",0.00303999910916446,22.4639638673596
"rs2241480","T","C",0.2872,0.0198,0.0037,7.715e-08,7369,4,9698861,"exposure",TRUE,"reported","XZNaDk","textfile","M32587",0.0038710957884899,28.6291890067972
"rs11050696","A","G",0.1024,0.0245,0.0055,9.345e-06,7369,12,30209308,"exposure",TRUE,"reported","XZNaDk","textfile","M32587",0.00268553212907556,19.8375896793469
"rs1934955","A","G",0.713,-0.0301,0.0037,3.329e-16,7369,10,96778551,"exposure",TRUE,"reported","XZNaDk","textfile","M32587",0.00890098422578305,66.1624618203456
"rs568167","A","G",0.2282,-0.0196,0.0044,9.381e-06,7369,13,57522155,"exposure",TRUE,"reported","XZNaDk","textfile","M32587",0.00268553212907555,19.8375896793469
"rs1284443","T","C",0.2702,-0.0171,0.0037,4.973e-06,7369,18,13585438,"exposure",TRUE,"reported","XZNaDk","textfile","M32587",0.00289016883978713,21.3535893211855
"rs6490461","A","C",0.0491,0.0401,0.0084,1.598e-06,7369,13,29874845,"exposure",TRUE,"reported","XZNaDk","textfile","M32587",0.00308305020288472,22.7830722000204
"rs17685","A","G",0.2774,-0.0196,0.0038,1.851e-07,7369,7,75454041,"exposure",TRUE,"reported","XZNaDk","textfile","M32587",0.00359725568794519,26.5966576310358
"rs4447076","A","G",0.6152,-0.0162,0.0036,8.583e-06,7369,10,88686361,"exposure",TRUE,"reported","XZNaDk","textfile","M32587",0.00274046757113374,20.2445040032569
