"SNP","effect_allele.exposure","other_allele.exposure","eaf.exposure","beta.exposure","se.exposure","pval.exposure","samplesize.exposure","chr.exposure","pos.exposure","exposure","mr_keep.exposure","pval_origin.exposure","id.exposure","data_source.exposure","file_source","R2","F"
"rs959046","C","G",0.4,0.0178,0.0037,1.118e-06,7365,11,133663668,"exposure",TRUE,"reported","yHcNuc","textfile","M33441",0.00313257307499855,23.1376158235629
"rs2404602","A","G",0.4398,0.0259,0.0036,3.558e-13,7365,15,74817847,"exposure",TRUE,"reported","yHcNuc","textfile","M33441",0.00697879271390778,51.7459751871129
"rs7820633","A","G",0.6205,-0.017,0.0036,2.944e-06,7365,8,26739709,"exposure",TRUE,"reported","yHcNuc","textfile","M33441",0.00301861093760772,22.2933272149724
"rs13262318","A","G",0.9831,0.0668,0.0143,3.027e-06,7365,8,61961371,"exposure",TRUE,"reported","yHcNuc","textfile","M33441",0.00295408683048026,21.8153858769471
"rs7746102","T","C",0.7629,-0.0296,0.0043,6.5e-12,7365,6,160401527,"exposure",TRUE,"reported","yHcNuc","textfile","M33441",0.00639276156340436,47.3727460615213
"rs3134034","T","C",0.5354,0.031,0.0068,4.512e-06,1767,8,119889027,"exposure",TRUE,"reported","yHcNuc","textfile","M33441",0.0116249418752906,20.7593486310933
"rs1171614","T","C",0.219,-0.0252,0.0048,1.696e-07,7365,10,61139544,"exposure",TRUE,"reported","yHcNuc","textfile","M33441",0.00372840946559464,27.5550152749491
"rs1146579","T","C",0.6674,-0.0196,0.0036,5.777e-08,7365,1,75982380,"exposure",TRUE,"reported","yHcNuc","textfile","M33441",0.00400857477719937,29.6339258924007
"rs662138","C","G",0.832,0.0767,0.0052,4.976e-49,7365,6,160484466,"exposure",TRUE,"reported","yHcNuc","textfile","M33441",0.0286924769825504,217.503419891378
"rs12629505","A","G",0.3981,0.017,0.0036,2.208e-06,7365,3,101387473,"exposure",TRUE,"reported","yHcNuc","textfile","M33441",0.00301861093760771,22.2933272149724
