"SNP","effect_allele.exposure","other_allele.exposure","eaf.exposure","beta.exposure","se.exposure","pval.exposure","samplesize.exposure","chr.exposure","pos.exposure","exposure","mr_keep.exposure","pval_origin.exposure","id.exposure","data_source.exposure","file_source","R2","F"
"rs2874702","T","C",0.4189,-0.0496,0.0096,2.471e-07,1529,4,166671338,"exposure",TRUE,"reported","9aTyRZ","textfile","M36376",0.0171591822158736,26.6595269239154
"rs2174099","C","G",0.1469,0.0471,0.01,2.601e-06,2520,8,933572,"exposure",TRUE,"reported","9aTyRZ","textfile","M36376",0.00872639396965782,22.1664935714286
"rs1893285","A","G",0.5927,-0.0331,0.0072,4.81e-06,2520,18,6658781,"exposure",TRUE,"reported","9aTyRZ","textfile","M36376",0.00831693582467671,21.1176787857633
"rs1192458","A","G",0.6223,0.034,0.0071,1.891e-06,2520,6,62730160,"exposure",TRUE,"reported","9aTyRZ","textfile","M36376",0.00901792038642881,22.9137579782293
"rs7021014","T","G",0.7224,0.0334,0.0074,6.594e-06,2520,9,81707243,"exposure",TRUE,"reported","9aTyRZ","textfile","M36376",0.00801922151816294,20.3556361380686
