"SNP","effect_allele.exposure","other_allele.exposure","eaf.exposure","beta.exposure","se.exposure","pval.exposure","samplesize.exposure","chr.exposure","pos.exposure","exposure","mr_keep.exposure","pval_origin.exposure","id.exposure","data_source.exposure","file_source","R2","F"
"rs2199680","A","T",0.8322,0.0526,0.0088,2.18e-09,7256,12,21306763,"exposure",TRUE,"reported","al4kc8","textfile","M32549",0.00489977002554052,35.7179414642314
"rs1165196","A","G",0.549,-0.0409,0.0066,4.795e-10,7256,6,25921129,"exposure",TRUE,"reported","al4kc8","textfile","M32549",0.00526464419473062,38.3918484104349
"rs3736083","T","C",0.5544,0.0304,0.0066,3.977e-06,7256,4,867709,"exposure",TRUE,"reported","al4kc8","textfile","M32549",0.00291537243176181,21.2099465133443
"rs2071426","T","C",0.7107,0.0547,0.0073,6.866e-14,7256,10,96818313,"exposure",TRUE,"reported","al4kc8","textfile","M32549",0.00767863458274459,56.1318310825727
"rs2272861","A","G",0.7054,-0.0342,0.0074,3.447e-06,7256,22,34267514,"exposure",TRUE,"reported","al4kc8","textfile","M32549",0.00293504625500805,21.3534990412207
"rs4726900","T","G",0.6601,0.031,0.0067,3.892e-06,7256,7,147303305,"exposure",TRUE,"reported","al4kc8","textfile","M32549",0.00294169109096762,21.40198520308
"rs2187662","A","G",0.0332,0.0939,0.019,7.611e-07,7256,16,14177622,"exposure",TRUE,"reported","al4kc8","textfile","M32549",0.00335480503269343,24.417672236865
"rs10844144","A","C",0.8691,-0.0464,0.0097,1.839e-06,7256,12,32211085,"exposure",TRUE,"reported","al4kc8","textfile","M32549",0.00314360389562983,22.8756145298497
