"SNP","effect_allele.exposure","other_allele.exposure","eaf.exposure","beta.exposure","se.exposure","pval.exposure","samplesize.exposure","chr.exposure","pos.exposure","exposure","mr_keep.exposure","pval_origin.exposure","id.exposure","data_source.exposure","file_source","R2","F"
"rs5993792","T","C",0.7247,-0.0687,0.0154,8.105e-06,979,22,15509738,"exposure",TRUE,"reported","wSK6YZ","textfile","M34314",0.0199227663497402,19.8602131091253
"rs16856300","A","C",0.6138,-0.0372,0.0083,7.461e-06,1766,2,169526548,"exposure",TRUE,"reported","wSK6YZ","textfile","M34314",0.0112467468843153,20.0649266552764
"rs9479827","T","C",0.8084,-0.0468,0.0105,7.687e-06,1766,6,154748948,"exposure",TRUE,"reported","wSK6YZ","textfile","M34314",0.0111240827065676,19.84362400906
"rs9345410","C","G",0.9419,0.0835,0.0186,7.559e-06,1766,6,65479755,"exposure",TRUE,"reported","wSK6YZ","textfile","M34314",0.0112830970103924,20.1305177105294
"rs9935968","A","G",0.3282,0.0425,0.0096,8.905e-06,1766,16,78939121,"exposure",TRUE,"reported","wSK6YZ","textfile","M34314",0.0109761856422559,19.5768708415912
"rs6575039","T","C",0.7656,0.0456,0.0102,7.539e-06,1766,14,88717577,"exposure",TRUE,"reported","wSK6YZ","textfile","M34314",0.0111905453840938,19.9635247877047
"rs10826860","T","C",0.6363,-0.039,0.0082,1.743e-06,1766,10,31063584,"exposure",TRUE,"reported","wSK6YZ","textfile","M34314",0.0126468775599326,22.594846269983
"rs10030952","T","C",0.3662,-0.0704,0.014,4.7e-07,979,4,95157140,"exposure",TRUE,"reported","wSK6YZ","textfile","M34314",0.0251786017650057,25.2348727356111
"rs1470777","T","C",0.5972,-0.0515,0.0087,3.726e-09,1766,8,1060182,"exposure",TRUE,"reported","wSK6YZ","textfile","M34314",0.0194559465214367,35.0012725507438
"rs4454960","C","G",0.8989,-0.0745,0.0165,6.467e-06,979,16,81800106,"exposure",TRUE,"reported","wSK6YZ","textfile","M34314",0.0203991061551071,20.3449454147755
"rs4953342","A","G",0.7182,-0.0432,0.0096,7.203e-06,1766,2,46405551,"exposure",TRUE,"reported","wSK6YZ","textfile","M34314",0.0113365990202939,20.227066817667
"rs6597533","A","G",0.9771,0.1306,0.0283,4.039e-06,1766,9,133738825,"exposure",TRUE,"reported","wSK6YZ","textfile","M34314",0.0119156246827906,21.272638719436
