"SNP","effect_allele.exposure","other_allele.exposure","eaf.exposure","beta.exposure","se.exposure","pval.exposure","samplesize.exposure","chr.exposure","pos.exposure","exposure","mr_keep.exposure","pval_origin.exposure","id.exposure","data_source.exposure","file_source","R2","F"
"rs1151428","A","G",0.1545,-0.0178,0.0039,4.769e-06,5694,13,110899926,"exposure",TRUE,"reported","2NkT1b","textfile","M35240",0.00364508278516353,20.8237153796042
"rs1981524","T","C",0.2032,0.015,0.0033,4.71e-06,5694,5,131784405,"exposure",TRUE,"reported","2NkT1b","textfile","M35240",0.0036154649343287,20.6538998568887
"rs11726946","A","G",0.8837,-0.0187,0.0042,9.318e-06,5694,4,69771625,"exposure",TRUE,"reported","2NkT1b","textfile","M35240",0.00346942733961129,19.8167331327801
"rs1188774","T","C",0.0826,-0.0222,0.005,9.955e-06,5694,10,86297467,"exposure",TRUE,"reported","2NkT1b","textfile","M35240",0.00345022543657071,19.706675658588
"rs6981610","A","G",0.708,0.0141,0.0032,7.911e-06,5694,8,8967273,"exposure",TRUE,"reported","2NkT1b","textfile","M35240",0.00339814960575414,19.4082195896997
"rs10206899","T","C",0.7805,0.025,0.0033,1.725e-14,5694,2,73754408,"exposure",TRUE,"reported","2NkT1b","textfile","M35240",0.00997881935718522,57.3719440469129
"rs17022603","A","G",0.9828,-0.0771,0.0164,2.46e-06,1673,4,148240870,"exposure",TRUE,"reported","2NkT1b","textfile","M35240",0.0130384318340047,22.0750435451175
"rs10274162","T","G",0.4586,-0.0136,0.003,5.246e-06,5694,7,143842483,"exposure",TRUE,"reported","2NkT1b","textfile","M35240",0.00359627741733773,20.5438925964953
