"SNP","effect_allele.exposure","other_allele.exposure","eaf.exposure","beta.exposure","se.exposure","pval.exposure","samplesize.exposure","chr.exposure","pos.exposure","exposure","mr_keep.exposure","pval_origin.exposure","id.exposure","data_source.exposure","file_source","R2","F"
"rs13287132","A","G",0.8214,0.0656,0.0143,4.8e-06,1720,9,112517601,"exposure",TRUE,"reported","1nOAO8","textfile","M27716",0.0120872016820337,21.0198840677943
"rs887829","T","C",0.3265,0.1677,0.0064,2.15e-152,6393,2,234333309,"exposure",TRUE,"reported","1nOAO8","textfile","M27716",0.0969833599540824,686.388961154717
"rs10215516","A","G",0.5372,0.0499,0.0108,3.853e-06,1720,7,65895515,"exposure",TRUE,"reported","1nOAO8","textfile","M27716",0.0122593671897621,21.3229993101413
"rs4918207","T","C",0.4099,0.0361,0.0079,4.356e-06,6393,10,107918294,"exposure",TRUE,"reported","1nOAO8","textfile","M27716",0.00325566187782598,20.8748966664664
"rs3848289","A","G",0.0421,-0.0694,0.0157,9.413e-06,6393,16,65564339,"exposure",TRUE,"reported","1nOAO8","textfile","M27716",0.00304712004369051,19.5336656232735
"rs4738080","A","G",0.0687,0.0555,0.012,3.437e-06,6393,8,71292367,"exposure",TRUE,"reported","1nOAO8","textfile","M27716",0.00333478677095691,21.3839331104333
"rs199576","A","T",0.5692,0.0289,0.0059,8.975e-07,6393,20,19905191,"exposure",TRUE,"reported","1nOAO8","textfile","M27716",0.00373903964597019,23.9858865581803
"rs249619","T","C",0.5601,-0.0533,0.0112,1.791e-06,1720,12,96694804,"exposure",TRUE,"reported","1nOAO8","textfile","M27716",0.0129959744771319,22.6210669605778
"rs550866","T","G",0.4015,0.0263,0.0059,8.553e-06,6393,16,9306395,"exposure",TRUE,"reported","1nOAO8","textfile","M27716",0.0030985250234263,19.8642232174276
"rs7659567","A","G",0.2037,0.0337,0.0074,5.012e-06,6393,4,101499081,"exposure",TRUE,"reported","1nOAO8","textfile","M27716",0.00323359073496489,20.7329201657172
