"SNP","effect_allele.exposure","other_allele.exposure","eaf.exposure","beta.exposure","se.exposure","pval.exposure","samplesize.exposure","chr.exposure","pos.exposure","exposure","mr_keep.exposure","pval_origin.exposure","id.exposure","data_source.exposure","file_source","R2","F"
"rs13336771","A","C",0.1736,0.0624,0.0139,7.386e-06,977,16,46876229,"exposure",TRUE,"reported","FMTb9e","textfile","M33420",0.020210533658971,20.111739301592
"rs7038957","T","C",0.8312,-0.0287,0.0062,3.863e-06,5822,9,105579260,"exposure",TRUE,"reported","FMTb9e","textfile","M33420",0.00366701529778756,21.4205786226202
"rs1013104","T","C",0.4354,-0.0207,0.0045,3.834e-06,5822,17,12127961,"exposure",TRUE,"reported","FMTb9e","textfile","M33420",0.00362132818543391,21.152731020268
"rs7350776","C","G",0.697,0.0239,0.0052,3.864e-06,5822,15,31476367,"exposure",TRUE,"reported","FMTb9e","textfile","M33420",0.00361529686846214,21.1173733481855
"rs10520845","A","C",0.0165,0.191,0.0419,5.272e-06,977,5,16932933,"exposure",TRUE,"reported","FMTb9e","textfile","M33420",0.0208259123787343,20.7371343114216
"rs261301","T","C",0.1314,0.0323,0.0068,2.064e-06,5822,15,56474231,"exposure",TRUE,"reported","FMTb9e","textfile","M33420",0.00386042582314758,22.5547492270697
"rs2794327","T","C",0.6691,-0.0355,0.008,8.778e-06,5822,1,3502201,"exposure",TRUE,"reported","FMTb9e","textfile","M33420",0.00337083986136828,19.6846417682927
"rs10492212","T","C",0.1606,-0.0274,0.0062,8.656e-06,5822,12,105821075,"exposure",TRUE,"reported","FMTb9e","textfile","M33420",0.00334342113443318,19.5239879162286
"rs6821770","A","G",0.143,0.038,0.0086,8.916e-06,5822,4,7783705,"exposure",TRUE,"reported","FMTb9e","textfile","M33420",0.00334228992967118,19.517360066691
"rs1060467","A","G",0.5903,0.0233,0.0045,2.606e-07,5822,19,15885538,"exposure",TRUE,"reported","FMTb9e","textfile","M33420",0.00458373336550759,26.8001730345942
"rs10466757","A","T",0.1578,0.0634,0.0143,9.559e-06,977,12,24876257,"exposure",TRUE,"reported","FMTb9e","textfile","M33420",0.0197224531195774,19.6162728125136
"rs5994305","A","G",0.8318,0.0307,0.0062,7.154e-07,5822,22,29150707,"exposure",TRUE,"reported","FMTb9e","textfile","M33420",0.00419368731455529,24.5100476466065
"rs10077932","T","C",0.1376,-0.0402,0.0087,4.083e-06,5822,5,2503679,"exposure",TRUE,"reported","FMTb9e","textfile","M33420",0.00365385781536094,21.343438374512
