"SNP","effect_allele.exposure","other_allele.exposure","eaf.exposure","beta.exposure","se.exposure","pval.exposure","samplesize.exposure","chr.exposure","pos.exposure","exposure","mr_keep.exposure","pval_origin.exposure","id.exposure","data_source.exposure","file_source","R2","F"
"rs835136","A","G",0.1289,-0.0544,0.0123,9.865e-06,4817,5,14979057,"exposure",TRUE,"reported","nnbk5A","textfile","M33144",0.00404437037940941,19.5527218258456
"rs6498426","T","C",0.601,0.0409,0.0088,3.387e-06,4817,16,9090078,"exposure",TRUE,"reported","nnbk5A","textfile","M33144",0.00446438281544214,21.5923999958395
"rs3916092","A","G",0.2029,0.0511,0.01,3.223e-07,4817,3,19921061,"exposure",TRUE,"reported","nnbk5A","textfile","M33144",0.00539159521003034,26.1012583558231
"rs2269606","T","C",0.778,-0.0437,0.0098,8.612e-06,4817,22,42587161,"exposure",TRUE,"reported","nnbk5A","textfile","M33144",0.00411097676152574,19.8760631404274
"rs10148857","T","G",0.7171,-0.0421,0.0093,6.133e-06,4817,14,32246429,"exposure",TRUE,"reported","nnbk5A","textfile","M33144",0.00423621482430683,20.4841496373946
"rs3099557","A","G",0.8504,-0.1484,0.0113,1.825e-39,4817,4,22433119,"exposure",TRUE,"reported","nnbk5A","textfile","M33144",0.0345665941653066,172.397339785495
"rs294095","A","G",0.1424,-0.086,0.0185,3.182e-06,1570,5,102875701,"exposure",TRUE,"reported","nnbk5A","textfile","M33144",0.0135774059921594,21.5824056799096
