"SNP","effect_allele.exposure","other_allele.exposure","eaf.exposure","beta.exposure","se.exposure","pval.exposure","samplesize.exposure","chr.exposure","pos.exposure","exposure","mr_keep.exposure","pval_origin.exposure","id.exposure","data_source.exposure","file_source","R2","F"
"rs1466522","T","C",0.7645,-0.0067,0.0013,3.149e-07,7341,8,85683521,"exposure",TRUE,"reported","yPP47J","textfile","M11438",0.00360528078463246,26.5548935257841
"rs10404980","A","G",0.9877,-0.0744,0.0158,2.337e-06,1764,19,51450781,"exposure",TRUE,"reported","yPP47J","textfile","M11438",0.0124138955540557,22.1482297774101
"rs2921879","T","C",0.5999,-0.0055,0.0012,8.665e-06,7341,2,114048245,"exposure",TRUE,"reported","yPP47J","textfile","M11438",0.00285342632830533,21.0012212611058
"rs4641759","T","C",0.7521,-0.0135,0.003,6.66e-06,1764,16,61084485,"exposure",TRUE,"reported","yPP47J","textfile","M11438",0.0113493064312736,20.2270408163265
"rs6126354","T","C",0.7906,-0.0134,0.0029,5.463e-06,1764,20,49903992,"exposure",TRUE,"reported","yPP47J","textfile","M11438",0.011958867250979,21.3265656639192
