"SNP","effect_allele.exposure","other_allele.exposure","eaf.exposure","beta.exposure","se.exposure","pval.exposure","samplesize.exposure","chr.exposure","pos.exposure","exposure","mr_keep.exposure","pval_origin.exposure","id.exposure","data_source.exposure","file_source","R2","F"
"rs10955887","C","G",0.4977,-0.0282,0.0058,1.223e-06,2474,8,119531636,"exposure",TRUE,"reported","xJeplE","textfile","M34878",0.00946482172229192,23.6206041043259
"rs11752994","T","C",0.0666,0.0927,0.0191,1.257e-06,1763,6,25376499,"exposure",TRUE,"reported","xJeplE","textfile","M34878",0.0131848810528499,23.5287999628957
"rs7942717","A","G",0.9543,-0.1094,0.0235,3.176e-06,1763,11,61403864,"exposure",TRUE,"reported","xJeplE","textfile","M34878",0.0121434058596928,21.6474110167065
"rs16960359","A","G",0.1019,-0.0433,0.0098,9.298e-06,2474,16,57261997,"exposure",TRUE,"reported","xJeplE","textfile","M34878",0.00782907479752303,19.506188306745
"rs1384609","T","C",0.474,-0.046,0.01,4.225e-06,711,10,127369179,"exposure",TRUE,"reported","xJeplE","textfile","M34878",0.0289007867132867,21.1004781997187
"rs9924628","A","C",0.3336,-0.0313,0.0068,3.557e-06,2474,16,80864052,"exposure",TRUE,"reported","xJeplE","textfile","M34878",0.00849117396857011,21.1699396911268
"rs9344588","T","C",0.1831,0.0389,0.0082,2.305e-06,2474,6,87012967,"exposure",TRUE,"reported","xJeplE","textfile","M34878",0.00901444774332608,22.4864174565992
"rs11102783","A","G",0.1984,0.0379,0.0081,3.163e-06,2474,1,114683610,"exposure",TRUE,"reported","xJeplE","textfile","M34878",0.00877167216622582,21.8754579404499
"rs32281","T","C",0.9844,-0.1422,0.0293,1.222e-06,1763,5,11236411,"exposure",TRUE,"reported","xJeplE","textfile","M34878",0.0131840188085231,23.527240705787
"rs16964257","T","C",0.9549,-0.0669,0.0145,4.015e-06,2474,13,103625357,"exposure",TRUE,"reported","xJeplE","textfile","M34878",0.00853091690892916,21.2698781621371
"rs1859570","T","C",0.0272,0.1451,0.0309,2.651e-06,1763,7,141002653,"exposure",TRUE,"reported","xJeplE","textfile","M34878",0.0123528556392725,22.0254560598554
