"SNP","effect_allele.exposure","other_allele.exposure","eaf.exposure","beta.exposure","se.exposure","pval.exposure","samplesize.exposure","chr.exposure","pos.exposure","exposure","mr_keep.exposure","pval_origin.exposure","id.exposure","data_source.exposure","file_source","R2","F"
"rs11079672","T","C",0.9555,-0.0819,0.018,5.27e-06,2709,17,62356437,"exposure",TRUE,"reported","tES3d6","textfile","M36115",0.00758415981228724,20.6872157622739
"rs651007","T","C",0.2089,-0.0461,0.0075,9.578e-10,2709,9,135143696,"exposure",TRUE,"reported","tES3d6","textfile","M36115",0.0137548294097218,37.7536177843403
"rs12494751","A","C",0.1264,0.0429,0.0094,4.942e-06,2709,3,23744901,"exposure",TRUE,"reported","tES3d6","textfile","M36115",0.0076299818849029,20.8131650346138
"rs463106","T","C",0.6825,0.0367,0.0081,6.29e-06,1731,5,122530466,"exposure",TRUE,"reported","tES3d6","textfile","M36115",0.0117204645407413,20.5050114505554
"rs7992673","T","C",0.922,0.161,0.035,4.225e-06,978,13,40674362,"exposure",TRUE,"reported","tES3d6","textfile","M36115",0.0211777893430482,21.1167280163599
"rs7229244","A","C",0.7276,-0.0328,0.0072,5.672e-06,2709,18,50989985,"exposure",TRUE,"reported","tES3d6","textfile","M36115",0.00760255076658677,20.7377648350947
"rs4351","A","G",0.475,-0.0581,0.006,3.642e-22,2709,17,58923464,"exposure",TRUE,"reported","tES3d6","textfile","M36115",0.033455134266624,93.6977182026988
"rs2357258","A","C",0.6387,-0.037,0.0079,2.535e-06,1731,2,9723978,"exposure",TRUE,"reported","tES3d6","textfile","M36115",0.0125136299389647,21.9102428351824
"rs9479657","T","C",0.0711,-0.053,0.0118,7.752e-06,2709,6,153970089,"exposure",TRUE,"reported","tES3d6","textfile","M36115",0.00739190762689082,20.1589067223441
"rs12617093","T","C",0.4512,-0.0348,0.0076,4.812e-06,2709,2,64553975,"exposure",TRUE,"reported","tES3d6","textfile","M36115",0.00768022501872112,20.9512796679581
"rs13105073","A","T",0.9779,0.1236,0.0261,2.158e-06,1731,4,111408174,"exposure",TRUE,"reported","tES3d6","textfile","M36115",0.0127899377946263,22.4003009020268
"rs16992910","A","G",0.0528,0.0646,0.0141,4.792e-06,2709,22,32457504,"exposure",TRUE,"reported","tES3d6","textfile","M36115",0.00768892534114959,20.9751976270623
