"SNP","effect_allele.exposure","other_allele.exposure","eaf.exposure","beta.exposure","se.exposure","pval.exposure","samplesize.exposure","chr.exposure","pos.exposure","exposure","mr_keep.exposure","pval_origin.exposure","id.exposure","data_source.exposure","file_source","R2","F"
"rs12469856","A","T",0.707,-0.0204,0.0043,2.121e-06,2212,2,149694676,"exposure",TRUE,"reported","f5UVFW","textfile","M33363",0.0100726013432071,22.4869510619591
"rs10732795","T","C",0.1261,-0.025,0.0056,7.341e-06,2212,10,83816102,"exposure",TRUE,"reported","f5UVFW","textfile","M33363",0.00892942355070455,19.9118271856663
"rs2416328","T","C",0.7592,0.02,0.0044,6.345e-06,2212,5,113050859,"exposure",TRUE,"reported","f5UVFW","textfile","M33363",0.00925404957209275,20.6424760509916
"rs17165467","T","C",0.1252,0.0358,0.0072,7.829e-07,1378,7,12000712,"exposure",TRUE,"reported","f5UVFW","textfile","M33363",0.0176250007563552,24.6871113978032
"rs6903432","C","G",0.0183,-0.069,0.0147,2.77e-06,2212,6,136057495,"exposure",TRUE,"reported","f5UVFW","textfile","M33363",0.00986220504736096,22.0125655901361
"rs2642911","T","G",0.6151,0.0178,0.0039,4.53e-06,2212,3,27652182,"exposure",TRUE,"reported","f5UVFW","textfile","M33363",0.00932942614783389,20.8121976476407
"rs8011328","A","G",0.0129,0.1081,0.024,6.587e-06,1378,14,90387566,"exposure",TRUE,"reported","f5UVFW","textfile","M33363",0.0145088310588643,20.2580724883083
"rs4416818","A","G",0.2365,0.0213,0.0046,2.785e-06,2212,8,84750017,"exposure",TRUE,"reported","f5UVFW","textfile","M33363",0.00959995226367717,21.4215402667013
"rs7083972","A","T",0.2206,-0.0292,0.0057,3.629e-07,1378,10,68278290,"exposure",TRUE,"reported","f5UVFW","textfile","M33363",0.0186884669556675,26.2050629846584
