"SNP","effect_allele.exposure","other_allele.exposure","eaf.exposure","beta.exposure","se.exposure","pval.exposure","samplesize.exposure","chr.exposure","pos.exposure","exposure","mr_keep.exposure","pval_origin.exposure","id.exposure","data_source.exposure","file_source","R2","F"
"rs11687942","T","G",0.5576,-0.0484,0.0097,6.025e-07,5716,2,30885747,"exposure",TRUE,"reported","iUaUPm","textfile","M33192",0.00433678107082888,24.8883021563932
"rs1153452","T","C",0.8392,-0.0616,0.0133,3.619e-06,5716,3,3286720,"exposure",TRUE,"reported","iUaUPm","textfile","M33192",0.0037388592230666,21.4440177641998
"rs6878813","T","C",0.1376,0.0672,0.0143,2.623e-06,5716,5,61499706,"exposure",TRUE,"reported","iUaUPm","textfile","M33192",0.00384857197410136,22.0757001810406
"rs17068261","T","C",0.9803,-0.1633,0.0359,5.334e-06,5716,13,32312639,"exposure",TRUE,"reported","iUaUPm","textfile","M33192",0.00360679955461177,20.6838551746834
"rs4894432","A","G",0.7331,-0.0475,0.0105,6.847e-06,5716,3,172591840,"exposure",TRUE,"reported","iUaUPm","textfile","M33192",0.00356750248341655,20.4576920574621
"rs6718711","A","G",0.3941,-0.0432,0.0097,9.031e-06,5716,2,190701607,"exposure",TRUE,"reported","iUaUPm","textfile","M33192",0.00345801922707904,19.827686384275
"rs13374698","T","C",0.0326,0.1171,0.0265,9.889e-06,5716,1,95793008,"exposure",TRUE,"reported","iUaUPm","textfile","M33192",0.00340446410564094,19.5195615462745
"rs9892714","T","C",0.031,0.1324,0.0289,4.668e-06,5716,17,1634310,"exposure",TRUE,"reported","iUaUPm","textfile","M33192",0.00365844313912226,20.981102266583
"rs12529004","A","G",0.9751,0.146,0.0318,4.391e-06,5716,6,19088731,"exposure",TRUE,"reported","iUaUPm","textfile","M33192",0.00367418175303575,21.0716957769755
"rs17054219","A","C",0.3934,0.0829,0.0172,1.542e-06,5716,13,20069438,"exposure",TRUE,"reported","iUaUPm","textfile","M33192",0.00404760874774356,23.2220300766855
"rs6507387","T","C",0.3592,-0.0469,0.0104,7.062e-06,5716,18,36847160,"exposure",TRUE,"reported","iUaUPm","textfile","M33192",0.00354522968675711,20.3295152310446
"rs12339963","C","G",0.0852,0.0789,0.0171,3.707e-06,5716,9,79935320,"exposure",TRUE,"reported","iUaUPm","textfile","M33192",0.00371069308240524,21.2818707634862
