"SNP","effect_allele.exposure","other_allele.exposure","eaf.exposure","beta.exposure","se.exposure","pval.exposure","samplesize.exposure","chr.exposure","pos.exposure","exposure","mr_keep.exposure","pval_origin.exposure","id.exposure","data_source.exposure","file_source","R2","F"
"rs2291502","T","C",0.0926,-0.0258,0.0058,8.698e-06,3890,9,19050046,"exposure",TRUE,"reported","lnEiqV","textfile","M33364",0.00506092975006166,19.7769847989754
"rs3791608","A","G",0.1287,-0.0221,0.0049,6.996e-06,3890,2,239803384,"exposure",TRUE,"reported","lnEiqV","textfile","M33364",0.00520208748125812,20.3314822765579
"rs11881687","A","G",0.779,-0.0273,0.0056,1.064e-06,1338,19,7516952,"exposure",TRUE,"reported","lnEiqV","textfile","M33364",0.0174520670544904,23.730100896861
"rs12117697","T","C",0.7484,0.0192,0.0042,5.244e-06,3890,1,227600253,"exposure",TRUE,"reported","lnEiqV","textfile","M33364",0.00534351941722241,20.887214731651
"rs17133359","A","G",0.9531,-0.0403,0.0083,1.07e-06,3890,5,110883825,"exposure",TRUE,"reported","lnEiqV","textfile","M33364",0.00602393439112062,23.5629988719396
"rs7432894","T","C",0.6903,-0.0179,0.0037,1.815e-06,3890,3,197326041,"exposure",TRUE,"reported","lnEiqV","textfile","M33364",0.00598064266010086,23.3926416933156
"rs6902872","T","C",0.6467,0.0163,0.0036,4.892e-06,3890,6,135128716,"exposure",TRUE,"reported","lnEiqV","textfile","M33364",0.00524249266329243,20.4902313624679
"rs12216313","A","T",0.0351,-0.0429,0.0094,5.488e-06,3890,6,93301344,"exposure",TRUE,"reported","lnEiqV","textfile","M33364",0.00532586435365747,20.817833564723
"rs2062528","C","G",0.6616,0.0175,0.0036,9.192e-07,3890,12,115964607,"exposure",TRUE,"reported","lnEiqV","textfile","M33364",0.00603797467106593,23.6182519280206
"rs310104","T","C",0.0428,-0.0558,0.0116,1.516e-06,1338,1,151310555,"exposure",TRUE,"reported","lnEiqV","textfile","M33364",0.0170000347247019,23.1048292924823
