"SNP","effect_allele.exposure","other_allele.exposure","eaf.exposure","beta.exposure","se.exposure","pval.exposure","samplesize.exposure","chr.exposure","pos.exposure","exposure","mr_keep.exposure","pval_origin.exposure","id.exposure","data_source.exposure","file_source","R2","F"
"rs2035647","A","G",0.2052,-0.0292,0.0034,2.182e-17,7322,7,137450109,"exposure",TRUE,"reported","xQUEYb","textfile","M34527",0.00997298554207172,73.7376385713435
"rs322906","T","G",0.4573,-0.0235,0.0052,5.84e-06,1741,1,197350345,"exposure",TRUE,"reported","xQUEYb","textfile","M34527",0.0115948534597384,20.3999850031778
"rs11666603","T","C",0.2406,0.0234,0.004,6.962e-09,7322,19,12357934,"exposure",TRUE,"reported","xQUEYb","textfile","M34527",0.00465218391640547,34.2131521442229
"rs12456616","T","G",0.9367,-0.032,0.0072,9.955e-06,7322,18,41967062,"exposure",TRUE,"reported","xQUEYb","textfile","M34527",0.00269051358541204,19.747690875798
"rs11040799","A","T",0.7347,0.0159,0.0034,2.726e-06,7322,11,6177790,"exposure",TRUE,"reported","xQUEYb","textfile","M34527",0.0029779093335507,21.863403555101
"rs4953640","T","C",0.1512,0.0189,0.0041,4.156e-06,7322,2,48980306,"exposure",TRUE,"reported","xQUEYb","textfile","M34527",0.00289379385277207,21.2440468946032
"rs6062634","A","C",0.4048,-0.0154,0.0034,7.159e-06,7322,20,62222256,"exposure",TRUE,"reported","xQUEYb","textfile","M34527",0.00279407932282337,20.5099671181036
"rs13264997","A","G",0.2032,-0.0293,0.0063,3.462e-06,1741,8,139760798,"exposure",TRUE,"reported","xQUEYb","textfile","M34527",0.012271368940396,21.6050339296695
"rs10790819","C","G",0.0904,-0.0255,0.0058,9.773e-06,7322,11,126033425,"exposure",TRUE,"reported","xQUEYb","textfile","M34527",0.00263299265114643,19.3243871758137
"rs10797373","A","G",0.6912,-0.0148,0.0033,8.156e-06,7322,1,2893916,"exposure",TRUE,"reported","xQUEYb","textfile","M34527",0.00273951974858053,20.1083718413807
"rs1939769","A","G",0.0643,0.0333,0.0064,2.098e-07,7322,11,62670778,"exposure",TRUE,"reported","xQUEYb","textfile","M34527",0.0036837995175106,27.0651149254814
"rs659599","A","G",0.5251,0.0117,0.0026,9.437e-06,7322,2,12758026,"exposure",TRUE,"reported","xQUEYb","textfile","M34527",0.00275801014675338,20.2444687243922
"rs2076196","A","G",0.1888,-0.0162,0.0036,6.459e-06,7322,22,40225355,"exposure",TRUE,"reported","xQUEYb","textfile","M34527",0.00275801014675338,20.2444687243922
"rs17614939","A","G",0.782,0.0204,0.0035,5.672e-09,7322,4,70394818,"exposure",TRUE,"reported","xQUEYb","textfile","M34527",0.00461832151712128,33.9629653992162
