"SNP","effect_allele.exposure","other_allele.exposure","eaf.exposure","beta.exposure","se.exposure","pval.exposure","samplesize.exposure","chr.exposure","pos.exposure","exposure","mr_keep.exposure","pval_origin.exposure","id.exposure","data_source.exposure","file_source","R2","F"
"rs798007","T","C",0.9676,-0.0407,0.009,6.321e-06,7319,1,117146078,"exposure",TRUE,"reported","Br0GTn","textfile","M33140",0.00278637942232329,20.444905497108
"rs3844297","T","C",0.5092,-0.0149,0.0033,7.099e-06,7319,4,71441533,"exposure",TRUE,"reported","Br0GTn","textfile","M33140",0.00277769714755864,20.3810223362944
"rs1039444","T","C",0.8895,0.0231,0.005,4.756e-06,7319,15,61270255,"exposure",TRUE,"reported","Br0GTn","textfile","M33140",0.00290781996550462,21.338567399918
"rs429020","A","G",0.0511,-0.0365,0.0077,2.01e-06,7319,8,26489186,"exposure",TRUE,"reported","Br0GTn","textfile","M33140",0.00306070340328623,22.4639222049893
"rs11563191","C","G",0.0722,0.0299,0.0066,5.344e-06,7319,2,234648932,"exposure",TRUE,"reported","Br0GTn","textfile","M33140",0.00279631847208866,20.518037226781
"rs12893360","A","G",0.7444,-0.0164,0.0035,2.282e-06,7319,14,40859300,"exposure",TRUE,"reported","Br0GTn","textfile","M33140",0.00299088001773889,21.9499186629154
"rs7589832","A","C",0.8207,-0.0213,0.0041,2.083e-07,7319,2,136220571,"exposure",TRUE,"reported","Br0GTn","textfile","M33140",0.00367401734673252,26.9819169569899
"rs17127410","A","G",0.8728,0.0246,0.005,7.539e-07,7319,8,18793400,"exposure",TRUE,"reported","Br0GTn","textfile","M33140",0.00329643464740416,24.1997853258642
"rs8058442","T","C",0.9738,-0.0474,0.0106,8.095e-06,7319,16,79958643,"exposure",TRUE,"reported","Br0GTn","textfile","M33140",0.00272463478475148,19.9906198582611
"rs6948511","T","C",0.9206,-0.028,0.006,3.3e-06,7319,7,27945240,"exposure",TRUE,"reported","Br0GTn","textfile","M33140",0.00296668533458459,21.7718267522886
"rs10033353","T","G",0.3189,-0.0154,0.0035,8.891e-06,7319,4,23377403,"exposure",TRUE,"reported","Br0GTn","textfile","M33140",0.00263819163954889,19.3547096597896
"rs8089236","T","C",0.7336,-0.0162,0.0034,2.74e-06,7319,18,38971947,"exposure",TRUE,"reported","Br0GTn","textfile","M33140",0.00309225583385806,22.6962184502487
