"SNP","effect_allele.exposure","other_allele.exposure","eaf.exposure","beta.exposure","se.exposure","pval.exposure","samplesize.exposure","chr.exposure","pos.exposure","exposure","mr_keep.exposure","pval_origin.exposure","id.exposure","data_source.exposure","file_source","R2","F"
"rs10798656","A","C",0.4816,0.0184,0.0034,7.632e-08,6857,1,177530914,"exposure",TRUE,"reported","2WUa7q","textfile","M32787",0.00425297353900762,29.2786549546772
"rs2236525","T","C",0.5285,0.016,0.0035,4.024e-06,6857,20,60282230,"exposure",TRUE,"reported","2WUa7q","textfile","M32787",0.00303842239412255,20.8918638185915
"rs2174474","T","C",0.7012,0.0327,0.0064,3.665e-07,1593,10,76628664,"exposure",TRUE,"reported","2WUa7q","textfile","M32787",0.0161235382487891,26.0729373565501
"rs3740393","C","G",0.1428,-0.0261,0.005,1.588e-07,6857,10,104626645,"exposure",TRUE,"reported","2WUa7q","textfile","M32787",0.0039580791419438,27.2404523844247
"rs2734331","A","G",0.9651,0.0726,0.0101,6.559e-13,6857,6,32038330,"exposure",TRUE,"reported","2WUa7q","textfile","M32787",0.0074788720757091,51.6539815995701
"rs6762129","T","C",0.3537,0.0163,0.0035,3.06e-06,6857,3,9049865,"exposure",TRUE,"reported","2WUa7q","textfile","M32787",0.00315306879787487,21.6826535076624
"rs559555","A","T",0.56,0.0308,0.0035,6.535e-19,6857,2,31664478,"exposure",TRUE,"reported","2WUa7q","textfile","M32787",0.0111674482726796,77.417412862768
"rs207420","T","C",0.9523,0.0403,0.009,7.506e-06,6857,2,31398228,"exposure",TRUE,"reported","2WUa7q","textfile","M32787",0.00291556588760804,20.0446456446238
"rs1939769","A","G",0.0647,0.0352,0.0074,1.771e-06,6857,11,62670778,"exposure",TRUE,"reported","2WUa7q","textfile","M32787",0.00328894803672333,22.6201352411302
"rs6437043","T","C",0.9712,0.0483,0.0109,8.625e-06,6857,2,157848112,"exposure",TRUE,"reported","2WUa7q","textfile","M32787",0.00285538887224153,19.6297412639858
"rs10916248","A","T",0.8305,-0.0218,0.0048,5.103e-06,6857,1,222322971,"exposure",TRUE,"reported","2WUa7q","textfile","M32787",0.00299910665445248,20.6207198544067
