"SNP","effect_allele.exposure","other_allele.exposure","eaf.exposure","beta.exposure","se.exposure","pval.exposure","samplesize.exposure","chr.exposure","pos.exposure","exposure","mr_keep.exposure","pval_origin.exposure","id.exposure","data_source.exposure","file_source","R2","F"
"rs10136315","A","G",0.5986,-0.0378,0.0079,1.862e-06,1428,14,68133317,"exposure",TRUE,"reported","ltESFv","textfile","M33864",0.0157795135345739,22.8623429503191
"rs4781436","A","G",0.0141,0.2121,0.0478,9.233e-06,1069,16,13212820,"exposure",TRUE,"reported","ltESFv","textfile","M33864",0.0180851316627677,19.652248994712
"rs6925144","T","C",0.5429,0.0527,0.0116,5.762e-06,1069,6,122745209,"exposure",TRUE,"reported","ltESFv","textfile","M33864",0.0189418458753066,20.6011738080751
"rs924931","T","C",0.5401,-0.0353,0.0078,6.139e-06,1428,3,16210046,"exposure",TRUE,"reported","ltESFv","textfile","M33864",0.014139930492396,20.4527412214064
"rs2789615","A","G",0.1728,-0.047,0.0106,8.919e-06,1428,10,8235013,"exposure",TRUE,"reported","ltESFv","textfile","M33864",0.0135805514207999,19.6324863159931
"rs4947639","T","G",0.1513,0.0561,0.0125,6.694e-06,1428,7,51810286,"exposure",TRUE,"reported","ltESFv","textfile","M33864",0.0139089550590415,20.1139337142857
"rs12986863","T","C",0.2858,0.0404,0.0088,5.011e-06,1428,2,42986051,"exposure",TRUE,"reported","ltESFv","textfile","M33864",0.014544744230081,21.0469274486654
"rs240841","A","T",0.4835,0.035,0.0078,6.449e-06,1428,6,159887143,"exposure",TRUE,"reported","ltESFv","textfile","M33864",0.0139039404561764,20.1065797785255
"rs1360605","C","G",0.9704,0.1092,0.0234,2.959e-06,1428,6,137842587,"exposure",TRUE,"reported","ltESFv","textfile","M33864",0.0150214592274678,21.7472766884532
"rs10088108","A","G",0.809,-0.0465,0.0102,5.18e-06,1428,8,20107092,"exposure",TRUE,"reported","ltESFv","textfile","M33864",0.014345056374131,20.7537643084916
