"SNP","effect_allele.exposure","other_allele.exposure","eaf.exposure","beta.exposure","se.exposure","pval.exposure","samplesize.exposure","chr.exposure","pos.exposure","exposure","mr_keep.exposure","pval_origin.exposure","id.exposure","data_source.exposure","file_source","R2","F"
"rs7535263","A","G",0.435,-0.0443,0.0079,2.202e-08,1711,1,194948969,"exposure",TRUE,"reported","E1s7G5","textfile","M32836",0.018046548838578,31.4083645499197
"rs17150816","A","C",0.0377,-0.0714,0.0143,6.107e-07,7255,8,9828147,"exposure",TRUE,"reported","E1s7G5","textfile","M32836",0.00342449974454093,24.9232462977351
"rs3133745","T","C",0.1259,-0.0396,0.0085,2.708e-06,7255,8,96603982,"exposure",TRUE,"reported","E1s7G5","textfile","M32836",0.00298275631098156,21.6986533186753
"rs2007084","A","G",0.091,-0.0683,0.0097,1.771e-12,7255,15,88146339,"exposure",TRUE,"reported","E1s7G5","textfile","M32836",0.00678738910905218,49.5653525419853
"rs1192325","A","G",0.9158,-0.0419,0.009,3.301e-06,7255,2,84812591,"exposure",TRUE,"reported","E1s7G5","textfile","M32836",0.00297858567561246,21.668222562558
"rs4253236","T","C",0.362,-0.037,0.0072,2.609e-07,5544,4,187385065,"exposure",TRUE,"reported","E1s7G5","textfile","M32836",0.00474079783091011,26.3986522522402
