"SNP","effect_allele.exposure","other_allele.exposure","eaf.exposure","beta.exposure","se.exposure","pval.exposure","samplesize.exposure","chr.exposure","pos.exposure","exposure","mr_keep.exposure","pval_origin.exposure","id.exposure","data_source.exposure","file_source","R2","F"
"rs4796899","T","G",0.098,0.093,0.0201,3.546e-06,824,18,1076189,"exposure",TRUE,"reported","ygNmWT","textfile","M35635",0.0253225529349392,21.3559250552051
"rs2459791","T","C",0.4055,0.0552,0.0121,5.243e-06,1098,5,17487249,"exposure",TRUE,"reported","ygNmWT","textfile","M35635",0.0186016050037966,20.7737848238889
"rs6500859","A","T",0.699,-0.0511,0.0111,4.558e-06,1098,16,6854359,"exposure",TRUE,"reported","ygNmWT","textfile","M35635",0.0189361111024492,21.154562922101
"rs17384314","C","G",0.4147,0.0503,0.0109,4.105e-06,1098,2,202239381,"exposure",TRUE,"reported","ygNmWT","textfile","M35635",0.0190255976927057,21.2564721588663
"rs12537257","A","G",0.1088,0.0912,0.0194,2.478e-06,1098,7,2634571,"exposure",TRUE,"reported","ygNmWT","textfile","M35635",0.0197301114771794,22.0594373367669
"rs12480837","A","G",0.0804,-0.081,0.0173,2.894e-06,1098,20,29971992,"exposure",TRUE,"reported","ygNmWT","textfile","M35635",0.0195744740266331,21.8819512189778
"rs7110135","C","G",0.6932,0.0523,0.0113,3.998e-06,1098,11,99239146,"exposure",TRUE,"reported","ygNmWT","textfile","M35635",0.0191360770835597,21.3823140943151
"rs3846659","C","G",0.1357,0.0691,0.0155,8.638e-06,1098,5,71049929,"exposure",TRUE,"reported","ygNmWT","textfile","M35635",0.0177786881159281,19.8381382477648
"rs883595","A","G",0.8953,-0.1659,0.0341,1.135e-06,274,1,77157357,"exposure",TRUE,"reported","ygNmWT","textfile","M35635",0.0795151860088362,23.4964556347489
"rs12461874","A","C",0.2704,0.0569,0.0121,2.704e-06,1098,19,17041358,"exposure",TRUE,"reported","ygNmWT","textfile","M35635",0.0197420311826297,22.0730326755379
"rs17059417","A","G",0.3922,0.1061,0.0227,2.864e-06,274,18,72306207,"exposure",TRUE,"reported","ygNmWT","textfile","M35635",0.0738435939597762,21.6868958915205
