"SNP","effect_allele.exposure","other_allele.exposure","eaf.exposure","beta.exposure","se.exposure","pval.exposure","samplesize.exposure","chr.exposure","pos.exposure","exposure","mr_keep.exposure","pval_origin.exposure","id.exposure","data_source.exposure","file_source","R2","F"
"rs169291","C","G",0.7729,0.0052,0.001,3.095e-07,7330,6,140502701,"exposure",TRUE,"reported","jgm4UM","textfile","M36515",0.00367539118993508,27.032622100955
"rs1849217","T","C",0.8178,0.007,0.0014,8.977e-07,1763,4,77461387,"exposure",TRUE,"reported","jgm4UM","textfile","M36515",0.0139821029082774,24.9716392512762
"rs17087080","T","C",0.975,0.0143,0.0032,8.472e-06,1763,5,96224953,"exposure",TRUE,"reported","jgm4UM","textfile","M36515",0.0112002611513774,19.9470723066151
"rs6860185","T","C",0.8821,-0.0079,0.0018,6.509e-06,1763,5,83233226,"exposure",TRUE,"reported","jgm4UM","textfile","M36515",0.0108078060032591,19.240493897187
"rs2839579","A","G",0.312,0.0043,9e-04,4.451e-06,7330,21,43028514,"exposure",TRUE,"reported","jgm4UM","textfile","M36515",0.00310454196672482,22.8209320735014
"rs12630256","T","C",0.0162,-0.0262,0.0056,3.086e-06,1763,3,3484168,"exposure",TRUE,"reported","jgm4UM","textfile","M36515",0.0122635246431744,21.8641990403649
"rs6541210","A","G",0.4489,-0.004,9e-04,8.424e-06,7330,1,217022059,"exposure",TRUE,"reported","jgm4UM","textfile","M36515",0.00268758503687031,19.7476967645226
"rs2850161","T","G",0.3664,0.0047,0.001,4.835e-06,7330,21,44522990,"exposure",TRUE,"reported","jgm4UM","textfile","M36515",0.00300458781108501,22.0839727148704
"rs12626113","T","C",0.2385,-0.0058,0.0012,9.779e-07,7330,20,53752332,"exposure",TRUE,"reported","jgm4UM","textfile","M36515",0.00317692967312756,23.3547370016674
