"SNP","effect_allele.exposure","other_allele.exposure","eaf.exposure","beta.exposure","se.exposure","pval.exposure","samplesize.exposure","chr.exposure","pos.exposure","exposure","mr_keep.exposure","pval_origin.exposure","id.exposure","data_source.exposure","file_source","R2","F"
"rs1986163","T","C",0.0335,0.264,0.0578,4.88e-06,581,4,82563411,"exposure",TRUE,"reported","kcSsBw","textfile","M33782",0.0346621409072127,20.7900056920352
"rs11066410","A","C",0.0516,0.0893,0.0188,2.108e-06,3962,12,111698211,"exposure",TRUE,"reported","kcSsBw","textfile","M33782",0.0056624786284567,22.5511105502272
"rs7828959","A","G",0.3477,0.0402,0.009,8.945e-06,3962,8,69368026,"exposure",TRUE,"reported","kcSsBw","textfile","M33782",0.00501038575170854,19.9410398788491
"rs777828","A","G",0.9747,0.1299,0.0291,8.087e-06,3962,8,116287044,"exposure",TRUE,"reported","kcSsBw","textfile","M33782",0.00500425092684832,19.916500838098
"rs17220921","T","C",0.0707,0.0757,0.0167,5.716e-06,3962,10,109386531,"exposure",TRUE,"reported","kcSsBw","textfile","M33782",0.00515938400853946,20.5371195600559
"rs12670780","A","G",0.8761,-0.1499,0.0294,3.304e-07,581,7,25986478,"exposure",TRUE,"reported","kcSsBw","textfile","M33782",0.0428274963535176,25.906636780955
"rs2623476","A","C",0.2405,0.0446,0.0099,6.557e-06,3962,15,37274868,"exposure",TRUE,"reported","kcSsBw","textfile","M33782",0.0050964274636862,20.2852349848816
"rs1160835","T","C",0.0342,0.2555,0.0548,3.072e-06,581,12,42987408,"exposure",TRUE,"reported","kcSsBw","textfile","M33782",0.0360655101184722,21.6632256421926
"rs4107301","A","G",0.1196,0.0605,0.0128,2.386e-06,3962,13,107322224,"exposure",TRUE,"reported","kcSsBw","textfile","M33782",0.00560704931367893,22.3291157352268
"rs756316","T","C",0.6015,-0.0373,0.0083,6.952e-06,3962,17,6008841,"exposure",TRUE,"reported","kcSsBw","textfile","M33782",0.00507152845768327,20.1856246623369
"rs7132897","A","T",0.0742,0.1811,0.0389,3.204e-06,581,12,10386385,"exposure",TRUE,"reported","kcSsBw","textfile","M33782",0.0359629485205153,21.5993225171403
"rs7544128","C","G",0.7224,0.0432,0.0092,2.795e-06,3962,1,97644348,"exposure",TRUE,"reported","kcSsBw","textfile","M33782",0.00553435675913686,22.038019025735
"rs12405135","A","G",0.0929,0.0697,0.0147,2.06e-06,3962,1,240784956,"exposure",TRUE,"reported","kcSsBw","textfile","M33782",0.00564233724228873,22.4704412871887
"rs4695275","A","T",0.1015,0.1561,0.0333,2.728e-06,581,4,47469802,"exposure",TRUE,"reported","kcSsBw","textfile","M33782",0.0364433635646977,21.8987724292185
