"SNP","effect_allele.exposure","other_allele.exposure","eaf.exposure","beta.exposure","se.exposure","pval.exposure","samplesize.exposure","chr.exposure","pos.exposure","exposure","mr_keep.exposure","pval_origin.exposure","id.exposure","data_source.exposure","file_source","R2","F"
"rs4452305","A","G",0.9776,-0.0807,0.0181,8.479e-06,2545,3,77510261,"exposure",TRUE,"reported","yVJ8RD","textfile","M34674",0.00775038137885333,19.8631669658008
"rs9806159","T","G",0.1395,-0.05,0.0097,2.562e-07,1560,15,28996946,"exposure",TRUE,"reported","yVJ8RD","textfile","M34674",0.0167470076446741,26.5362405334772
"rs6947774","T","C",0.3078,0.025,0.0055,6.649e-06,2545,7,76752309,"exposure",TRUE,"reported","yVJ8RD","textfile","M34674",0.00805295624023579,20.6449203591551
"rs8178281","A","G",0.9728,-0.0849,0.0185,4.299e-06,2545,17,53672192,"exposure",TRUE,"reported","yVJ8RD","textfile","M34674",0.00820738876663728,21.0441067993071
"rs2727271","A","T",0.8882,0.0551,0.0083,2.735e-11,2545,11,61359934,"exposure",TRUE,"reported","yVJ8RD","textfile","M34674",0.0170217086621934,44.0357691613378
"rs16879493","A","C",0.9479,0.052,0.0106,9.814e-07,1560,4,27185879,"exposure",TRUE,"reported","yVJ8RD","textfile","M34674",0.0151922402711231,24.0346505280645
"rs2099919","T","C",0.9196,0.0432,0.0098,9.722e-06,2545,4,15705787,"exposure",TRUE,"reported","yVJ8RD","textfile","M34674",0.0075774690480301,19.4166327226131
"rs6436677","T","C",0.0189,0.1131,0.0241,2.657e-06,1560,2,227885116,"exposure",TRUE,"reported","yVJ8RD","textfile","M34674",0.0139212466347119,21.9955071365851
"rs7008266","A","G",0.4515,-0.0231,0.0052,9.329e-06,2545,8,78034399,"exposure",TRUE,"reported","yVJ8RD","textfile","M34674",0.00769440296027089,19.7185895014008
"rs17423134","A","G",0.0656,0.0498,0.0108,3.753e-06,2545,3,162851896,"exposure",TRUE,"reported","yVJ8RD","textfile","M34674",0.00828533595359538,21.2456365664945
"rs2172784","T","C",0.8464,0.0323,0.0072,7.496e-06,2545,6,166210083,"exposure",TRUE,"reported","yVJ8RD","textfile","M34674",0.00784569616989039,20.1093774254772
"rs12150661","A","G",0.0778,0.0593,0.0134,9.212e-06,1560,17,70705265,"exposure",TRUE,"reported","yVJ8RD","textfile","M34674",0.0123981556399746,19.5588197788326
