"SNP","effect_allele.exposure","other_allele.exposure","eaf.exposure","beta.exposure","se.exposure","pval.exposure","samplesize.exposure","chr.exposure","pos.exposure","exposure","mr_keep.exposure","pval_origin.exposure","id.exposure","data_source.exposure","file_source","R2","F"
"rs226818","A","G",0.9006,0.0564,0.0127,8.285e-06,5270,20,46329356,"exposure",TRUE,"reported","fvRrHl","textfile","M34344",0.0037283606729962,19.7145068172489
"rs1791914","A","G",0.2847,-0.0566,0.0126,6.633e-06,5270,11,115469041,"exposure",TRUE,"reported","fvRrHl","textfile","M34344",0.00381435785276738,20.1709764909548
"rs9971507","A","G",0.0347,0.322,0.0712,6.166e-06,955,11,10126471,"exposure",TRUE,"reported","fvRrHl","textfile","M34344",0.0209674452525695,20.4099191889014
"rs3748400","T","C",0.7691,-0.0396,0.009,9.882e-06,5270,16,86003340,"exposure",TRUE,"reported","fvRrHl","textfile","M34344",0.00366017816900343,19.3526527514232
"rs12194922","T","C",0.0118,0.5355,0.1186,6.351e-06,955,6,96603534,"exposure",TRUE,"reported","fvRrHl","textfile","M34344",0.0209012705881955,20.3441290159948
"rs11778877","T","C",0.9184,-0.063,0.0141,8.412e-06,5270,8,41542258,"exposure",TRUE,"reported","fvRrHl","textfile","M34344",0.0037738981458265,19.9562081290701
"rs9561023","A","G",0.0941,0.064,0.0139,4.189e-06,5270,13,91820402,"exposure",TRUE,"reported","fvRrHl","textfile","M34344",0.0040066018939215,21.1916854241342
"rs10509709","C","G",0.9525,-0.1004,0.0189,1.094e-07,5270,10,98154347,"exposure",TRUE,"reported","fvRrHl","textfile","M34344",0.00532615621222379,28.2084334490467
"rs595526","A","G",0.5806,0.0799,0.018,9.387e-06,955,6,10575087,"exposure",TRUE,"reported","fvRrHl","textfile","M34344",0.0202151011318697,19.662470202314
"rs2513248","T","C",0.083,0.0662,0.0142,3.013e-06,5270,11,104924860,"exposure",TRUE,"reported","fvRrHl","textfile","M34344",0.00410715682789284,21.7257331626394
"rs7524781","A","G",0.1738,0.1192,0.0225,1.2e-07,955,1,106685091,"exposure",TRUE,"reported","fvRrHl","textfile","M34344",0.0285499005691217,28.0076714782496
"rs9870766","A","G",0.1247,0.1228,0.0277,9.137e-06,955,3,192823012,"exposure",TRUE,"reported","fvRrHl","textfile","M34344",0.020164478906695,19.6122185656611
