"SNP","effect_allele.exposure","other_allele.exposure","eaf.exposure","beta.exposure","se.exposure","pval.exposure","samplesize.exposure","chr.exposure","pos.exposure","exposure","mr_keep.exposure","pval_origin.exposure","id.exposure","data_source.exposure","file_source","R2","F"
"rs11709500","A","G",0.2757,-0.0351,0.0079,9.028e-06,6687,3,42756320,"exposure",TRUE,"reported","FDEfaS","textfile","M32346",0.00294339496064292,19.7346822762598
"rs9551641","T","C",0.0894,-0.1241,0.0262,2.235e-06,1565,13,28774339,"exposure",TRUE,"reported","FDEfaS","textfile","M32346",0.0141333403739362,22.4070981494
"rs1602290","A","G",0.1276,0.0488,0.0105,3.252e-06,6687,4,43987258,"exposure",TRUE,"reported","FDEfaS","textfile","M32346",0.00321980169388686,21.5939024071819
"rs10757367","T","C",0.8313,0.0874,0.0197,8.891e-06,1565,9,22879400,"exposure",TRUE,"reported","FDEfaS","textfile","M32346",0.0124207558440566,19.6578061954438
"rs7793797","A","T",0.7018,0.038,0.0078,1.262e-06,6687,7,25201451,"exposure",TRUE,"reported","FDEfaS","textfile","M32346",0.00353677912285331,23.7272866081922
"rs803294","C","G",0.234,-0.0411,0.0093,9.21e-06,6687,7,91181993,"exposure",TRUE,"reported","FDEfaS","textfile","M32346",0.00291219082894956,19.5248557975179
"rs1105842","A","C",0.1435,-0.048,0.0105,4.436e-06,6687,7,150995197,"exposure",TRUE,"reported","FDEfaS","textfile","M32346",0.00311542592192572,20.8917088594074
"rs7645550","T","C",0.4017,-0.0322,0.0071,5.844e-06,6687,3,180451328,"exposure",TRUE,"reported","FDEfaS","textfile","M32346",0.00306640809436625,20.5619895620678
"rs12456097","A","G",0.7235,-0.0395,0.0086,4.754e-06,6687,18,41134240,"exposure",TRUE,"reported","FDEfaS","textfile","M32346",0.00314483618905556,21.0895531136793
"rs9297619","A","G",0.0979,0.1272,0.0244,1.934e-07,1565,8,121555394,"exposure",TRUE,"reported","FDEfaS","textfile","M32346",0.0170688138673226,27.1418350043317
"rs2078391","T","G",0.4558,-0.0331,0.007,2.56e-06,6687,9,71916417,"exposure",TRUE,"reported","FDEfaS","textfile","M32346",0.00333256671209311,22.3527003354056
"rs2044048","A","G",0.2224,-0.0417,0.0089,2.625e-06,6687,8,98245219,"exposure",TRUE,"reported","FDEfaS","textfile","M32346",0.00327218125997523,21.9463441389509
"rs7991229","T","G",0.584,-0.0316,0.0071,7.377e-06,6687,13,109889996,"exposure",TRUE,"reported","FDEfaS","textfile","M32346",0.00295353107364268,19.8028435410463
"rs4870490","A","G",0.066,0.0857,0.0145,3.143e-09,6687,6,157169517,"exposure",TRUE,"reported","FDEfaS","textfile","M32346",0.00519674627271543,34.9217281939312
