"SNP","effect_allele.exposure","other_allele.exposure","eaf.exposure","beta.exposure","se.exposure","pval.exposure","samplesize.exposure","chr.exposure","pos.exposure","exposure","mr_keep.exposure","pval_origin.exposure","id.exposure","data_source.exposure","file_source","R2","F"
"rs307944","A","G",0.205,-0.041,0.0091,5.95e-06,2711,19,59086113,"exposure",TRUE,"reported","wEbnI9","textfile","M32802",0.00743216951571656,20.2845050985107
"rs1952618","C","G",0.0297,0.1144,0.0258,9.554e-06,1600,14,33867658,"exposure",TRUE,"reported","wEbnI9","textfile","M32802",0.0121391541593625,19.6367417823448
"rs853725","T","C",0.5592,0.044,0.0089,8.623e-07,1600,4,150050454,"exposure",TRUE,"reported","wEbnI9","textfile","M32802",0.0150460084556081,24.4108067163237
"rs10511016","T","C",0.2764,0.0261,0.0058,6.314e-06,4311,3,71429273,"exposure",TRUE,"reported","wEbnI9","textfile","M32802",0.00467532467532468,20.2406054279749
"rs2231142","T","G",0.1112,0.0368,0.0081,6.335e-06,4311,4,89271347,"exposure",TRUE,"reported","wEbnI9","textfile","M32802",0.00476511260861449,20.631180127074
"rs1017275","T","C",0.0898,0.0433,0.009,1.498e-06,4311,11,10584287,"exposure",TRUE,"reported","wEbnI9","textfile","M32802",0.0053405644165544,23.1360516450882
"rs10929301","C","G",0.5589,-0.0272,0.005,6.499e-08,4311,2,234328388,"exposure",TRUE,"reported","wEbnI9","textfile","M32802",0.00681786933473799,29.5798706564602
