"SNP","effect_allele.exposure","other_allele.exposure","eaf.exposure","beta.exposure","se.exposure","pval.exposure","samplesize.exposure","chr.exposure","pos.exposure","exposure","mr_keep.exposure","pval_origin.exposure","id.exposure","data_source.exposure","file_source","R2","F"
"rs315988","T","C",0.2367,0.0072,0.0013,1.08e-08,7365,6,160580684,"exposure",TRUE,"reported","9ab8ov","textfile","M15650",0.00414763467211364,30.66622639463
"rs6094988","C","G",0.234,0.0059,0.0013,3.139e-06,7365,20,46209719,"exposure",TRUE,"reported","9ab8ov","textfile","M15650",0.00278889186214013,20.5920397530299
"rs369402","A","G",0.3892,-0.0055,0.0012,5.864e-06,7365,5,31732698,"exposure",TRUE,"reported","9ab8ov","textfile","M15650",0.00284415443993663,21.0012399109904
"rs12662536","A","T",0.2919,-0.0056,0.0012,6.662e-06,7365,6,33743385,"exposure",TRUE,"reported","9ab8ov","textfile","M15650",0.00294821076698606,21.7718639209474
"rs6108469","A","G",0.7569,0.0056,0.0012,6.363e-06,7365,20,10252374,"exposure",TRUE,"reported","9ab8ov","textfile","M15650",0.00294821076698606,21.7718639209474
"rs10513863","A","G",0.2661,0.0055,0.0012,7.325e-06,7365,3,192300594,"exposure",TRUE,"reported","9ab8ov","textfile","M15650",0.00284415443993663,21.0012399109904
"rs414540","A","G",0.782,-0.0057,0.0013,6.97e-06,7365,5,127681455,"exposure",TRUE,"reported","9ab8ov","textfile","M15650",0.00260350306987389,19.2196314730233
"rs1490672","T","C",0.2361,-0.0108,0.0022,1.134e-06,1763,4,155623810,"exposure",TRUE,"reported","9ab8ov","textfile","M15650",0.0134850790097993,24.0718347294947
