"SNP","effect_allele.exposure","other_allele.exposure","eaf.exposure","beta.exposure","se.exposure","pval.exposure","samplesize.exposure","chr.exposure","pos.exposure","exposure","mr_keep.exposure","pval_origin.exposure","id.exposure","data_source.exposure","file_source","R2","F"
"rs16851075","A","G",0.9762,-0.2919,0.0659,9.331e-06,477,3,142331830,"exposure",TRUE,"reported","osJaMS","textfile","M33683",0.0395069242871549,19.5376619685376
"rs13291283","T","C",0.0306,0.1277,0.0284,6.77e-06,1027,9,82824649,"exposure",TRUE,"reported","osJaMS","textfile","M33683",0.0193066926234674,20.1789486990514
"rs2074116","A","G",0.7665,-0.0503,0.0108,3.607e-06,1027,7,111166942,"exposure",TRUE,"reported","osJaMS","textfile","M33683",0.0206842955453417,21.6492014143503
"rs17115294","T","C",0.9457,-0.0966,0.0208,3.309e-06,1027,15,22939707,"exposure",TRUE,"reported","osJaMS","textfile","M33683",0.0205698260370199,21.5268757778156
"rs11218454","A","G",0.5504,-0.0442,0.0094,2.49e-06,1027,11,121296249,"exposure",TRUE,"reported","osJaMS","textfile","M33683",0.0210750106581103,22.0669470692392
"rs10005516","A","G",0.0302,0.1169,0.0263,8.679e-06,1027,4,123304324,"exposure",TRUE,"reported","osJaMS","textfile","M33683",0.0188743375216793,19.7183670752764
"rs6823047","A","C",0.7299,-0.0982,0.0194,3.909e-07,477,4,13935291,"exposure",TRUE,"reported","osJaMS","textfile","M33683",0.0509774011275542,25.5149514504267
"rs6450591","A","G",0.0819,-0.0871,0.0192,5.765e-06,1027,5,28060584,"exposure",TRUE,"reported","osJaMS","textfile","M33683",0.0196447669218441,20.5393773761647
"rs723124","T","C",0.0634,0.1622,0.0357,5.401e-06,477,10,58188682,"exposure",TRUE,"reported","osJaMS","textfile","M33683",0.0414808532352322,20.5560894148427
"rs12470581","A","G",0.0118,0.405,0.0878,3.985e-06,477,2,122990289,"exposure",TRUE,"reported","osJaMS","textfile","M33683",0.0427021478676621,21.1883064314402
"rs8085059","A","G",0.4278,-0.1427,0.0273,1.694e-07,477,18,13482909,"exposure",TRUE,"reported","osJaMS","textfile","M33683",0.0541769045625813,27.2080791760797
"rs6930522","A","G",0.6305,-0.0509,0.0105,1.175e-06,1027,6,102055631,"exposure",TRUE,"reported","osJaMS","textfile","M33683",0.0223697511845354,23.4536472167575
