"SNP","effect_allele.exposure","other_allele.exposure","eaf.exposure","beta.exposure","se.exposure","pval.exposure","samplesize.exposure","chr.exposure","pos.exposure","exposure","mr_keep.exposure","pval_origin.exposure","id.exposure","data_source.exposure","file_source","R2","F"
"rs12727188","T","G",0.9165,-0.0277,0.0062,8.797e-06,7350,1,157752952,"exposure",TRUE,"reported","3S0max","textfile","M33822",0.00270838865576645,19.9552865141894
"rs12631637","C","G",0.6794,0.0169,0.0037,3.725e-06,7350,3,2977116,"exposure",TRUE,"reported","3S0max","textfile","M33822",0.00283042493239574,20.8569965663402
"rs6727350","A","T",0.1525,-0.041,0.009,5.002e-06,1765,2,22468735,"exposure",TRUE,"reported","3S0max","textfile","M33822",0.0116214758790426,20.7295701745182
"rs13121822","A","G",0.2121,0.0207,0.0044,2.225e-06,7350,4,24699460,"exposure",TRUE,"reported","3S0max","textfile","M33822",0.00300221776935409,22.1267254174397
"rs11773405","T","C",0.7497,-0.0169,0.0037,5.304e-06,7350,7,16116357,"exposure",TRUE,"reported","3S0max","textfile","M33822",0.00283042493239574,20.8569965663402
"rs7737048","T","C",0.08,0.0306,0.0066,3.923e-06,7350,5,78903005,"exposure",TRUE,"reported","3S0max","textfile","M33822",0.00291607947073326,21.4900185528757
"rs7151939","T","G",0.1357,-0.0224,0.0046,1.222e-06,7350,14,75684702,"exposure",TRUE,"reported","3S0max","textfile","M33822",0.00321583800216064,23.7062129804663
"rs2269543","T","C",0.2719,-0.0162,0.0036,8.655e-06,7350,22,43623594,"exposure",TRUE,"reported","3S0max","textfile","M33822",0.00274753230894474,20.2444897959184
