"SNP","effect_allele.exposure","other_allele.exposure","eaf.exposure","beta.exposure","se.exposure","pval.exposure","samplesize.exposure","chr.exposure","pos.exposure","exposure","mr_keep.exposure","pval_origin.exposure","id.exposure","data_source.exposure","file_source","R2","F"
"rs7457422","T","G",0.25,0.0441,0.0099,8.484e-06,1204,7,116690766,"exposure",TRUE,"reported","waEfE9","textfile","M18357",0.0162136610730324,19.8100134537767
"rs4905425","A","C",0.5066,0.0377,0.0075,5.715e-07,2079,14,95607033,"exposure",TRUE,"reported","waEfE9","textfile","M18357",0.0120076840256211,25.2430705360483
"rs17092360","A","G",0.9096,-0.0671,0.0143,2.61e-06,2079,14,56408345,"exposure",TRUE,"reported","waEfE9","textfile","M18357",0.0104795647080029,21.9965703811858
"rs7697449","T","C",0.5636,0.0383,0.0085,6.18e-06,1204,4,19507981,"exposure",TRUE,"reported","waEfE9","textfile","M18357",0.0165832936619596,20.2692499051604
"rs17498524","T","C",0.7903,0.0422,0.0095,9.646e-06,2079,7,7917747,"exposure",TRUE,"reported","waEfE9","textfile","M18357",0.00940200862053173,19.713316678192
"rs3846242","T","C",0.5792,0.0383,0.0086,8.042e-06,2079,4,161508519,"exposure",TRUE,"reported","waEfE9","textfile","M18357",0.00944980062775346,19.8144787778373
"rs7349940","A","T",0.1269,-0.0611,0.0132,3.594e-06,2079,6,151410609,"exposure",TRUE,"reported","waEfE9","textfile","M18357",0.010200635737372,21.4050657047099
"rs1772858","A","G",0.6211,-0.0341,0.0076,7.984e-06,2079,1,199548473,"exposure",TRUE,"reported","waEfE9","textfile","M18357",0.00959051381964826,20.1123853126969
