"SNP","effect_allele.exposure","other_allele.exposure","eaf.exposure","beta.exposure","se.exposure","pval.exposure","samplesize.exposure","chr.exposure","pos.exposure","exposure","mr_keep.exposure","pval_origin.exposure","id.exposure","data_source.exposure","file_source","R2","F"
"rs9656510","A","G",0.0464,0.252,0.0527,1.708e-06,996,7,138674909,"exposure",TRUE,"reported","ss2vxt","textfile","M33197",0.0224420752100435,22.8195406053062
"rs2163086","A","G",0.2974,0.0498,0.0108,3.929e-06,2860,7,90772282,"exposure",TRUE,"reported","ss2vxt","textfile","M33197",0.0073795243639994,21.2474769058102
"rs17826680","A","G",0.8905,-0.0813,0.0179,5.291e-06,2860,3,183169291,"exposure",TRUE,"reported","ss2vxt","textfile","M33197",0.00716123166350245,20.6144247656466
"rs7595056","T","C",0.7661,0.0533,0.0117,5.379e-06,2860,2,58679742,"exposure",TRUE,"reported","ss2vxt","textfile","M33197",0.00720404900981825,20.7385737719071
"rs12927299","A","T",0.7061,-0.05,0.0108,3.992e-06,2860,16,57191976,"exposure",TRUE,"reported","ss2vxt","textfile","M33197",0.00743847488651863,21.4184820666302
"rs7732078","A","G",0.6742,0.0524,0.0108,1.23e-06,2860,5,174550659,"exposure",TRUE,"reported","ss2vxt","textfile","M33197",0.00816373713727361,23.5240045277082
"rs10118949","T","C",0.0815,0.1001,0.0207,1.305e-06,2860,9,85958962,"exposure",TRUE,"reported","ss2vxt","textfile","M33197",0.00811007573030613,23.3681136082522
"rs1457182","A","G",0.982,-0.194,0.042,3.855e-06,1864,8,4636550,"exposure",TRUE,"reported","ss2vxt","textfile","M33197",0.01131660638921,21.3127086313782
"rs7808781","A","G",0.1358,0.1777,0.0356,5.976e-07,996,7,52200991,"exposure",TRUE,"reported","ss2vxt","textfile","M33197",0.0244053440233483,24.8657696212194
"rs7916966","A","T",0.9755,-0.3985,0.088,5.921e-06,996,10,78222633,"exposure",TRUE,"reported","ss2vxt","textfile","M33197",0.0201734953181925,20.4653112060847
