"SNP","effect_allele.exposure","other_allele.exposure","eaf.exposure","beta.exposure","se.exposure","pval.exposure","samplesize.exposure","chr.exposure","pos.exposure","exposure","mr_keep.exposure","pval_origin.exposure","id.exposure","data_source.exposure","file_source","R2","F"
"rs1771525","C","G",0.486,0.0186,0.0042,8.578e-06,6119,1,243834597,"exposure",TRUE,"reported","7IhaPw","textfile","M32379",0.00319489880050001,19.6058346201694
"rs9284892","T","C",0.0588,-0.0382,0.0085,7.033e-06,6119,3,5662674,"exposure",TRUE,"reported","7IhaPw","textfile","M32379",0.00328985910018011,20.1904919896109
"rs4787294","A","T",0.9278,0.075,0.008,9.644e-21,6119,16,24909851,"exposure",TRUE,"reported","7IhaPw","textfile","M32379",0.0141601697709954,87.8618978795555
"rs2761735","T","C",0.8145,-0.024,0.0051,2.674e-06,6119,9,9786116,"exposure",TRUE,"reported","7IhaPw","textfile","M32379",0.00360605840349652,22.1380905014785
"rs4694161","A","G",0.0297,0.0513,0.0114,7.194e-06,6119,4,74413190,"exposure",TRUE,"reported","7IhaPw","textfile","M32379",0.00329844850755385,20.2433812714496
"rs6829935","T","C",0.2937,-0.0203,0.0043,2.566e-06,6119,4,16470610,"exposure",TRUE,"reported","7IhaPw","textfile","M32379",0.00362907344979058,22.2798976774944
"rs17058047","A","G",0.0554,-0.044,0.0098,7.325e-06,6119,8,27788931,"exposure",TRUE,"reported","7IhaPw","textfile","M32379",0.00328355558052143,20.1516786429144
"rs780241","A","G",0.2584,0.0209,0.0043,1.238e-06,6119,1,231750132,"exposure",TRUE,"reported","7IhaPw","textfile","M32379",0.00384593305412217,23.6163995838442
"rs2575043","A","T",0.2748,-0.02,0.0043,3.632e-06,6119,8,31404042,"exposure",TRUE,"reported","7IhaPw","textfile","M32379",0.00352297787455398,21.6262444393161
"rs6950034","A","G",0.0206,0.1663,0.0352,2.251e-06,1502,7,6725699,"exposure",TRUE,"reported","7IhaPw","textfile","M32379",0.0146427602183492,22.2905352909275
"rs4931472","A","G",0.3954,-0.0186,0.0041,7.297e-06,6119,12,31276942,"exposure",TRUE,"reported","7IhaPw","textfile","M32379",0.00335211932211535,20.5738799940385
"rs12079356","A","G",0.7102,-0.0291,0.0065,8.421e-06,6119,1,102040399,"exposure",TRUE,"reported","7IhaPw","textfile","M32379",0.00326481517693948,20.0362892184688
"rs2574985","A","G",0.2764,-0.021,0.0043,1.267e-06,6119,10,51799492,"exposure",TRUE,"reported","7IhaPw","textfile","M32379",0.00388268105025378,23.842934494346
