"SNP","effect_allele.exposure","other_allele.exposure","eaf.exposure","beta.exposure","se.exposure","pval.exposure","samplesize.exposure","chr.exposure","pos.exposure","exposure","mr_keep.exposure","pval_origin.exposure","id.exposure","data_source.exposure","file_source","R2","F"
"rs6854832","T","C",0.1513,0.0472,0.0103,4.977e-06,1721,4,145661209,"exposure",TRUE,"reported","PS27Xj","textfile","M15996",0.0120548417815544,20.9751248337107
"rs7150776","T","C",0.1105,0.0279,0.0057,9.215e-07,7281,14,92183574,"exposure",TRUE,"reported","PS27Xj","textfile","M15996",0.00327975154431589,23.9518676660423
"rs12954899","A","G",0.8905,-0.0254,0.0057,8.839e-06,7281,18,37836085,"exposure",TRUE,"reported","PS27Xj","textfile","M15996",0.00271984320725314,19.8517323048572
"rs4690523","T","C",0.5243,0.0182,0.0037,1.039e-06,7281,4,178598156,"exposure",TRUE,"reported","PS27Xj","textfile","M15996",0.00331213072377216,24.18911705612
