"SNP","effect_allele.exposure","other_allele.exposure","eaf.exposure","beta.exposure","se.exposure","pval.exposure","samplesize.exposure","chr.exposure","pos.exposure","exposure","mr_keep.exposure","pval_origin.exposure","id.exposure","data_source.exposure","file_source","R2","F"
"rs2581383","C","G",0.6655,0.0364,0.0079,3.717e-06,7054,15,98283417,"exposure",TRUE,"reported","8onDq8","textfile","M36098",0.00300059945860757,21.2239118404787
"rs9616173","T","C",0.0924,-0.0518,0.0113,4.33e-06,7054,22,45724151,"exposure",TRUE,"reported","8onDq8","textfile","M36098",0.00297012923832353,21.0077471125879
"rs12189736","T","C",0.8964,-0.0505,0.0105,1.521e-06,7054,6,72350445,"exposure",TRUE,"reported","8onDq8","textfile","M36098",0.00326848797586682,23.1249608623338
"rs6552978","A","G",0.808,-0.0735,0.0162,5.698e-06,1725,4,169797240,"exposure",TRUE,"reported","8onDq8","textfile","M36098",0.0117924412465313,20.5608387507207
"rs4322806","C","G",0.037,0.0813,0.0174,2.942e-06,7054,2,184560041,"exposure",TRUE,"reported","8onDq8","textfile","M36098",0.00308535481748446,21.8252608465963
"rs12021584","A","G",0.3846,0.0311,0.0069,6.003e-06,7054,1,187513665,"exposure",TRUE,"reported","8onDq8","textfile","M36098",0.00287169416773317,20.309509972191
"rs1165165","T","C",0.2392,0.0439,0.0079,2.366e-08,7054,6,25970445,"exposure",TRUE,"reported","8onDq8","textfile","M36098",0.00435855338482138,30.8710716837406
"rs791232","T","C",0.491,0.031,0.0069,7.632e-06,7054,12,91313060,"exposure",TRUE,"reported","8onDq8","textfile","M36098",0.00285330898034613,20.1791121713749
"rs2399250","A","G",0.8481,0.0416,0.0093,8.231e-06,7054,3,110102356,"exposure",TRUE,"reported","8onDq8","textfile","M36098",0.0028284933967552,20.0031141100926
"rs4141381","T","G",0.985,-0.144,0.032,6.795e-06,5329,16,13835480,"exposure",TRUE,"reported","8onDq8","textfile","M36098",0.00378557741739496,20.242400075061
"rs2674357","C","G",0.8039,-0.0775,0.0166,2.957e-06,1725,6,93526606,"exposure",TRUE,"reported","8onDq8","textfile","M36098",0.0124779979526215,21.771252111642
