"SNP","effect_allele.exposure","other_allele.exposure","eaf.exposure","beta.exposure","se.exposure","pval.exposure","samplesize.exposure","chr.exposure","pos.exposure","exposure","mr_keep.exposure","pval_origin.exposure","id.exposure","data_source.exposure","file_source","R2","F"
"rs2139212","T","C",0.5848,0.0372,0.0084,9.625e-06,2777,4,166673355,"exposure",TRUE,"reported","gMu6oX","textfile","M33150",0.00701285812280164,19.5981201266967
"rs11207154","C","G",0.0118,0.3171,0.0703,6.504e-06,1766,1,58258035,"exposure",TRUE,"reported","gMu6oX","textfile","M33150",0.0113898032056255,20.3230888371084
"rs17093348","A","G",0.0344,-0.1043,0.0225,3.47e-06,2777,14,59744243,"exposure",TRUE,"reported","gMu6oX","textfile","M33150",0.00767856514904124,21.47289934515
"rs13025486","A","G",0.977,0.205,0.045,5.225e-06,1011,2,143728969,"exposure",TRUE,"reported","gMu6oX","textfile","M33150",0.020114392380223,20.7120318472115
"rs12640474","T","C",0.3034,-0.04,0.0088,5.876e-06,2777,4,19564168,"exposure",TRUE,"reported","gMu6oX","textfile","M33150",0.00738515347825958,20.6462768252797
"rs7325308","T","C",0.3593,0.0422,0.0091,3.462e-06,2777,13,45412663,"exposure",TRUE,"reported","gMu6oX","textfile","M33150",0.00768450698293606,21.4896441985521
"rs2667615","C","G",0.0264,-0.1185,0.0262,5.886e-06,2777,16,77117599,"exposure",TRUE,"reported","gMu6oX","textfile","M33150",0.00731258210983381,20.4418984154325
"rs17022724","T","G",0.0822,-0.0716,0.0141,3.873e-07,2777,12,93476847,"exposure",TRUE,"reported","gMu6oX","textfile","M33150",0.00920021220270351,25.7676567727782
"rs2964195","C","G",0.0511,-0.0833,0.0188,9.029e-06,2777,5,57576400,"exposure",TRUE,"reported","gMu6oX","textfile","M33150",0.00702002911107247,19.618301833205
"rs12787375","T","G",0.0163,-0.1486,0.0333,7.902e-06,2777,11,120560401,"exposure",TRUE,"reported","gMu6oX","textfile","M33150",0.00711983789335938,19.8992294419014
