"SNP","effect_allele.exposure","other_allele.exposure","eaf.exposure","beta.exposure","se.exposure","pval.exposure","samplesize.exposure","chr.exposure","pos.exposure","exposure","mr_keep.exposure","pval_origin.exposure","id.exposure","data_source.exposure","file_source","R2","F"
"rs10247235","T","G",0.319,-0.0272,0.0062,9.408e-06,2859,7,125086551,"exposure",TRUE,"reported","DahHzU","textfile","M33531",0.00668692459675451,19.2331542249879
"rs12368489","T","C",0.135,0.0376,0.0081,3.21e-06,2859,12,105138529,"exposure",TRUE,"reported","DahHzU","textfile","M33531",0.0074804985905544,21.5328610096472
"rs10966901","A","G",0.6275,0.0273,0.0061,8.068e-06,2859,9,2541594,"exposure",TRUE,"reported","DahHzU","textfile","M33531",0.00695696054501932,20.0152818029205
"rs6849330","T","G",0.0204,-0.0937,0.0208,6.964e-06,2859,4,24401273,"exposure",TRUE,"reported","DahHzU","textfile","M33531",0.007048011537633,20.2790962674835
"rs11623436","T","C",0.4589,-0.0296,0.0062,1.483e-06,2859,14,36115243,"exposure",TRUE,"reported","DahHzU","textfile","M33531",0.00790928586413751,22.7769793546786
"rs17081093","A","G",0.8144,0.0357,0.0078,4.93e-06,2859,13,24220453,"exposure",TRUE,"reported","DahHzU","textfile","M33531",0.00727381994971351,20.9335706199254
"rs12641265","C","G",0.9569,-0.0635,0.0143,8.812e-06,2859,4,164324790,"exposure",TRUE,"reported","DahHzU","textfile","M33531",0.00684977279937682,19.7047741135605
"rs7338260","T","C",0.0857,0.0515,0.0114,5.944e-06,2859,13,45050170,"exposure",TRUE,"reported","DahHzU","textfile","M33531",0.00708763783681846,20.3939260617871
"rs6129197","A","G",0.8768,0.0418,0.009,3.787e-06,2859,20,37204459,"exposure",TRUE,"reported","DahHzU","textfile","M33531",0.00748839907590334,21.5557744009604
"rs7855332","T","G",0.5306,0.0563,0.0127,8.706e-06,516,9,2692703,"exposure",TRUE,"reported","DahHzU","textfile","M33531",0.0366882098835666,19.5759463069314
