"SNP","effect_allele.exposure","other_allele.exposure","eaf.exposure","beta.exposure","se.exposure","pval.exposure","samplesize.exposure","chr.exposure","pos.exposure","exposure","mr_keep.exposure","pval_origin.exposure","id.exposure","data_source.exposure","file_source","R2","F"
"rs6834891","T","C",0.6263,0.0252,0.0053,2.2e-06,5080,4,77806281,"exposure",TRUE,"reported","rmAdXl","textfile","M32445",0.00443054542369532,22.5984330456379
"rs11177273","A","T",0.8925,0.0355,0.0079,7.292e-06,5080,12,67211427,"exposure",TRUE,"reported","rmAdXl","textfile","M32445",0.00395927717312165,20.1851280016452
"rs2026089","A","G",0.8438,-0.0314,0.0071,9.665e-06,5080,13,102416304,"exposure",TRUE,"reported","rmAdXl","textfile","M32445",0.0038353940790005,19.5511173729747
"rs2182325","A","G",0.2818,-0.0378,0.0069,4.341e-08,5080,1,71144008,"exposure",TRUE,"reported","rmAdXl","textfile","M32445",0.00587304805126968,29.999526665972
"rs10754948","T","C",0.7336,-0.034,0.0062,3.392e-08,5080,2,15223189,"exposure",TRUE,"reported","rmAdXl","textfile","M32445",0.00588501215692823,30.0610010897441
"rs12603748","T","C",0.88,-0.0389,0.0083,2.945e-06,5080,17,74773715,"exposure",TRUE,"reported","rmAdXl","textfile","M32445",0.00430532054951028,21.9569494561111
"rs12443663","C","G",0.1372,-0.0356,0.0077,4.398e-06,5080,16,9540809,"exposure",TRUE,"reported","rmAdXl","textfile","M32445",0.00419016614926587,21.3671958065454
"rs4668464","A","G",0.3316,0.0272,0.0053,2.927e-07,5080,2,15818239,"exposure",TRUE,"reported","rmAdXl","textfile","M32445",0.00515794246730133,26.3278292776593
"rs4753364","A","C",0.2753,-0.0244,0.0054,7.341e-06,5080,11,91398400,"exposure",TRUE,"reported","rmAdXl","textfile","M32445",0.00400300790381593,20.408971409438
"rs214785","T","C",0.8379,0.0629,0.0142,9.298e-06,1120,20,2231457,"exposure",TRUE,"reported","rmAdXl","textfile","M32445",0.0172172624247688,19.5861187370703
"rs6517442","T","C",0.6652,0.0252,0.0056,5.94e-06,5080,21,38211816,"exposure",TRUE,"reported","rmAdXl","textfile","M32445",0.00397039360815646,20.2420275590551
"rs35251711","A","C",0.1112,-0.0865,0.0161,8.299e-08,1120,4,132255894,"exposure",TRUE,"reported","rmAdXl","textfile","M32445",0.0251252990917148,28.814045905967
"rs17071208","A","G",0.7844,-0.0312,0.0061,3.917e-07,5080,4,182523048,"exposure",TRUE,"reported","rmAdXl","textfile","M32445",0.00512336194943754,26.1504099947732
