"SNP","effect_allele.exposure","other_allele.exposure","eaf.exposure","beta.exposure","se.exposure","pval.exposure","samplesize.exposure","chr.exposure","pos.exposure","exposure","mr_keep.exposure","pval_origin.exposure","id.exposure","data_source.exposure","file_source","R2","F"
"rs16839086","A","C",0.2302,0.0329,0.0074,8.805e-06,1767,2,207624094,"exposure",TRUE,"reported","DRYoo1","textfile","M17805",0.0110626856220041,19.7440624789429
"rs9560579","A","G",0.5193,-0.0153,0.0034,6.405e-06,7353,13,89659689,"exposure",TRUE,"reported","DRYoo1","textfile","M17805",0.00274641440341776,20.2444920440636
"rs1709851","A","C",0.6588,-0.0155,0.0035,7.62e-06,7353,2,239988598,"exposure",TRUE,"reported","DRYoo1","textfile","M17805",0.00266014870258928,19.6069104100228
"rs1348656","T","C",0.798,-0.0202,0.0042,1.516e-06,7353,3,146416210,"exposure",TRUE,"reported","DRYoo1","textfile","M17805",0.00313599604534329,23.1252275514676
"rs6738713","T","C",0.9295,-0.0308,0.0066,3.378e-06,7353,2,49580838,"exposure",TRUE,"reported","DRYoo1","textfile","M17805",0.00295300800024106,21.7718542696103
"rs3793900","A","C",0.6359,-0.0154,0.0034,7.412e-06,7353,10,88708813,"exposure",TRUE,"reported","DRYoo1","textfile","M17805",0.00278233235379967,20.5099907436035
"rs6557244","T","C",0.9101,0.0302,0.0067,7.324e-06,7353,6,153285651,"exposure",TRUE,"reported","DRYoo1","textfile","M17805",0.00275550600427731,20.3116936312003
"rs4680042","A","T",0.526,-0.0151,0.0034,7.331e-06,7353,3,154450190,"exposure",TRUE,"reported","DRYoo1","textfile","M17805",0.00267527284532943,19.7186835446493
"rs1027175","A","G",0.8735,0.0221,0.005,9.558e-06,7353,3,177932812,"exposure",TRUE,"reported","DRYoo1","textfile","M17805",0.00264988857837311,19.5310861417109
"rs1477025","T","C",0.6547,0.0164,0.0034,2.01e-06,7353,16,48368934,"exposure",TRUE,"reported","DRYoo1","textfile","M17805",0.00315422933649069,23.2601075661983
