"SNP","effect_allele.exposure","other_allele.exposure","eaf.exposure","beta.exposure","se.exposure","pval.exposure","samplesize.exposure","chr.exposure","pos.exposure","exposure","mr_keep.exposure","pval_origin.exposure","id.exposure","data_source.exposure","file_source","R2","F"
"rs472847","T","C",0.3494,0.0243,0.0054,7.138e-06,6715,18,53934895,"exposure",TRUE,"reported","xEAqrL","textfile","M27710",0.00300656991202999,20.2439687267312
"rs805936","A","G",0.9841,-0.0897,0.0184,1.159e-06,6715,20,37692181,"exposure",TRUE,"reported","xEAqrL","textfile","M27710",0.00352670300801566,23.7585466306776
"rs780245","T","C",0.1757,0.0289,0.0059,1.154e-06,6715,1,231764153,"exposure",TRUE,"reported","xEAqrL","textfile","M27710",0.00356038228635532,23.9862464954418
"rs840381","T","C",0.6429,0.0194,0.0044,9.755e-06,6715,5,34058118,"exposure",TRUE,"reported","xEAqrL","textfile","M27710",0.0028866665091768,19.4342925976751
"rs17709912","A","G",0.7757,0.0472,0.0105,6.414e-06,1510,5,17522690,"exposure",TRUE,"reported","xEAqrL","textfile","M27710",0.0132055096774056,20.1804010752204
"rs11030392","A","G",0.3845,-0.0434,0.0092,2.61e-06,1510,11,28605247,"exposure",TRUE,"reported","xEAqrL","textfile","M27710",0.0145235606518808,22.224305512087
"rs8057910","T","C",0.0712,-0.0391,0.0088,8.521e-06,6715,16,19387211,"exposure",TRUE,"reported","xEAqrL","textfile","M27710",0.00293134689734549,19.7359847395125
"rs2997201","A","G",0.614,-0.0195,0.0044,7.415e-06,6715,10,28477373,"exposure",TRUE,"reported","xEAqrL","textfile","M27710",0.00291641564272547,19.6351625046922
"rs12470532","T","C",0.6097,0.0228,0.005,5.453e-06,6715,2,46592350,"exposure",TRUE,"reported","xEAqrL","textfile","M27710",0.00308703045770286,20.787406820551
"rs1701843","A","G",0.6074,-0.0194,0.0044,8.903e-06,6715,7,112796059,"exposure",TRUE,"reported","xEAqrL","textfile","M27710",0.0028866665091768,19.4342925976751
"rs4774192","T","C",0.1306,0.0709,0.0137,2.061e-07,1510,15,52889679,"exposure",TRUE,"reported","xEAqrL","textfile","M27710",0.0174276538679569,26.7470401913258
"rs7948073","T","G",0.5702,-0.0256,0.0044,4.604e-09,6715,11,67131760,"exposure",TRUE,"reported","xEAqrL","textfile","M27710",0.00501585210093912,33.8411573940173
"rs12661239","A","G",0.61,0.0244,0.005,1.262e-06,6715,6,69156230,"exposure",TRUE,"reported","xEAqrL","textfile","M27710",0.0035339154020921,23.8073071034996
"rs715","T","C",0.7096,-0.091,0.0057,6.658e-58,6715,2,211251300,"exposure",TRUE,"reported","xEAqrL","textfile","M27710",0.0365685609734718,254.80251097365
