"SNP","effect_allele.exposure","other_allele.exposure","eaf.exposure","beta.exposure","se.exposure","pval.exposure","samplesize.exposure","chr.exposure","pos.exposure","exposure","mr_keep.exposure","pval_origin.exposure","id.exposure","data_source.exposure","file_source","R2","F"
"rs7961079","A","G",0.6241,0.0527,0.0109,1.456e-06,1543,12,107647193,"exposure",TRUE,"reported","6OXSUt","textfile","M12261",0.0149235533886094,23.3455950052975
"rs4632709","T","C",0.95,-0.1504,0.0297,3.995e-07,963,4,159465591,"exposure",TRUE,"reported","6OXSUt","textfile","M12261",0.0259383840682205,25.5905649928677
"rs7184864","A","G",0.8047,-0.0583,0.0131,9.144e-06,1543,16,48746284,"exposure",TRUE,"reported","6OXSUt","textfile","M12261",0.0126732930360033,19.7802251582295
"rs8137495","A","G",0.7393,0.0602,0.0135,7.8e-06,1543,22,22302409,"exposure",TRUE,"reported","6OXSUt","textfile","M12261",0.0127232606548496,19.8592186848522
"rs17022499","A","T",0.2267,0.054,0.0122,9.71e-06,1543,12,93425720,"exposure",TRUE,"reported","6OXSUt","textfile","M12261",0.0125378306250874,19.5661136117146
"rs11949031","A","G",0.1629,0.0662,0.0138,1.522e-06,1543,5,2423336,"exposure",TRUE,"reported","6OXSUt","textfile","M12261",0.0146947658354909,22.9823544697731
"rs1153699","T","G",0.2385,0.0602,0.013,3.891e-06,1543,2,175631032,"exposure",TRUE,"reported","6OXSUt","textfile","M12261",0.013707121088521,21.4162284338126
"rs1898906","A","G",0.0296,0.1378,0.0299,4.087e-06,1543,2,188600631,"exposure",TRUE,"reported","6OXSUt","textfile","M12261",0.0135785266887658,21.2125447321705
"rs17403795","A","G",0.1166,0.073,0.0161,5.607e-06,1543,11,10537793,"exposure",TRUE,"reported","6OXSUt","textfile","M12261",0.0131486086642694,20.5319728274527
"rs4896370","A","G",0.3542,0.0555,0.0121,4.191e-06,1543,6,138860530,"exposure",TRUE,"reported","6OXSUt","textfile","M12261",0.0134514090692171,21.0112523257538
"rs11241933","A","T",0.2705,-0.061,0.0125,1.053e-06,1543,5,126972240,"exposure",TRUE,"reported","6OXSUt","textfile","M12261",0.0151992475943545,23.7835323395982
"rs10975331","T","C",0.0361,0.1208,0.0273,9.601e-06,1543,9,5867594,"exposure",TRUE,"reported","6OXSUt","textfile","M12261",0.0125304412525183,19.5544356776152
"rs2032297","C","G",0.7857,0.057,0.0123,3.852e-06,1543,21,21377191,"exposure",TRUE,"reported","6OXSUt","textfile","M12261",0.0137268464034332,21.4474765236722
