"SNP","effect_allele.exposure","other_allele.exposure","eaf.exposure","beta.exposure","se.exposure","pval.exposure","samplesize.exposure","chr.exposure","pos.exposure","exposure","mr_keep.exposure","pval_origin.exposure","id.exposure","data_source.exposure","file_source","R2","F"
"rs12598784","C","G",0.599,0.0278,0.0061,4.888e-06,6150,16,50722331,"exposure",TRUE,"reported","GEBztR","textfile","M32769",0.00336581765755571,20.7629311991051
"rs824764","T","C",0.9563,0.0709,0.0151,2.725e-06,6150,13,63338626,"exposure",TRUE,"reported","GEBztR","textfile","M32769",0.00357198305725996,22.0392757556276
"rs1562716","T","G",0.4098,0.0457,0.0103,8.856e-06,1701,8,84090094,"exposure",TRUE,"reported","GEBztR","textfile","M32769",0.0114407980648114,19.6628748931406
"rs4633","T","C",0.5168,0.0307,0.0059,1.844e-07,6150,22,18330235,"exposure",TRUE,"reported","GEBztR","textfile","M32769",0.00438318533666871,27.0664607637745
"rs9348689","T","G",0.5165,0.0339,0.0062,4.413e-08,6150,6,25792632,"exposure",TRUE,"reported","GEBztR","textfile","M32769",0.00483765437095655,29.8864795309764
"rs300250","A","G",0.635,0.0276,0.0058,2.253e-06,6150,5,73915264,"exposure",TRUE,"reported","GEBztR","textfile","M32769",0.00366852019015279,22.6371068124474
"rs4663971","C","G",0.5611,-0.0284,0.0059,1.54e-06,6150,2,234338991,"exposure",TRUE,"reported","GEBztR","textfile","M32769",0.00375339607049363,23.1628182724803
