"SNP","effect_allele.exposure","other_allele.exposure","eaf.exposure","beta.exposure","se.exposure","pval.exposure","samplesize.exposure","chr.exposure","pos.exposure","exposure","mr_keep.exposure","pval_origin.exposure","id.exposure","data_source.exposure","file_source","R2","F"
"rs3024298","A","C",0.9784,0.0729,0.0159,4.319e-06,6109,17,40393443,"exposure",TRUE,"reported","f0fhrx","textfile","M33638",0.00342924741698671,21.014477819319
"rs1165189","A","C",0.7496,-0.0254,0.0053,1.456e-06,6109,6,25957758,"exposure",TRUE,"reported","f0fhrx","textfile","M33638",0.00374555209882647,22.9600848615758
"rs2776982","A","C",0.053,0.0447,0.0097,4.522e-06,6109,13,28979384,"exposure",TRUE,"reported","f0fhrx","textfile","M33638",0.00346413164216889,21.2289919615106
"rs902092","A","G",0.1236,-0.0642,0.0145,9.421e-06,1660,4,63799906,"exposure",TRUE,"reported","f0fhrx","textfile","M33638",0.0116715161587311,19.5799009211638
"rs10977422","A","G",0.8653,-0.0271,0.0061,9.63e-06,6109,9,8972712,"exposure",TRUE,"reported","f0fhrx","textfile","M33638",0.0032203860288717,19.7304371023073
"rs10166510","A","G",0.6837,-0.0211,0.0044,2.055e-06,6109,2,81888727,"exposure",TRUE,"reported","f0fhrx","textfile","M33638",0.00375022796106151,22.9888556072939
"rs1383950","T","C",0.9813,0.1548,0.0332,3.126e-06,1660,8,3575030,"exposure",TRUE,"reported","f0fhrx","textfile","M33638",0.0129272697470607,21.7141174948014
"rs9375094","T","C",0.0286,-0.0678,0.014,1.277e-06,6109,6,122399684,"exposure",TRUE,"reported","f0fhrx","textfile","M33638",0.00382445072004176,23.4455870395302
"rs4655028","C","G",0.4964,0.0252,0.0052,9.598e-07,6109,1,22366412,"exposure",TRUE,"reported","f0fhrx","textfile","M33638",0.00382963942145331,23.4775183767087
"rs10861380","A","G",0.7004,-0.0214,0.0045,1.592e-06,6109,12,104207193,"exposure",TRUE,"reported","f0fhrx","textfile","M33638",0.00368831172596575,22.6079047105162
