"SNP","effect_allele.exposure","other_allele.exposure","eaf.exposure","beta.exposure","se.exposure","pval.exposure","samplesize.exposure","chr.exposure","pos.exposure","exposure","mr_keep.exposure","pval_origin.exposure","id.exposure","data_source.exposure","file_source","R2","F"
"rs11118120","A","C",0.8498,-0.0209,0.0047,9.829e-06,7349,1,216772384,"exposure",TRUE,"reported","2EMf2h","textfile","M33971",0.00268350008373459,19.7687244890196
"rs10098688","A","C",0.3373,0.0242,0.0054,7.404e-06,1766,8,68951047,"exposure",TRUE,"reported","2EMf2h","textfile","M33971",0.0112445326810311,20.0609314486249
"rs1348656","T","C",0.7978,-0.0195,0.0041,1.674e-06,7349,3,146416210,"exposure",TRUE,"reported","2EMf2h","textfile","M33971",0.00306858771690134,22.6143079436563
"rs4129516","T","C",0.7271,-0.0156,0.0035,7.134e-06,7349,7,49051370,"exposure",TRUE,"reported","2EMf2h","textfile","M33971",0.00269595377617978,19.8607159657985
"rs4288115","A","T",0.3119,-0.0172,0.0038,7.204e-06,7349,5,17302656,"exposure",TRUE,"reported","2EMf2h","textfile","M33971",0.00278004875234224,20.4819590281
"rs220992","A","G",0.4501,0.0155,0.0033,2.688e-06,7349,17,6990512,"exposure",TRUE,"reported","2EMf2h","textfile","M33971",0.00299299147909964,22.055520381514
