"SNP","effect_allele.exposure","other_allele.exposure","eaf.exposure","beta.exposure","se.exposure","pval.exposure","samplesize.exposure","chr.exposure","pos.exposure","exposure","mr_keep.exposure","pval_origin.exposure","id.exposure","data_source.exposure","file_source","R2","F"
"rs17679866","T","C",0.0844,-0.0525,0.0112,2.845e-06,6987,17,14080805,"exposure",TRUE,"reported","tioNAv","textfile","M34221",0.0031349325111729,21.9663666675612
"rs9809853","T","C",0.7459,0.0196,0.0044,9.828e-06,6987,3,148093327,"exposure",TRUE,"reported","tioNAv","textfile","M34221",0.002831942327925,19.8372952366082
"rs4955937","A","G",0.5451,-0.0207,0.0044,2.172e-06,6987,3,55169294,"exposure",TRUE,"reported","tioNAv","textfile","M34221",0.00315770134905898,22.1264125258597
"rs7148806","A","G",0.8294,-0.0474,0.0107,9.78e-06,1559,14,32398538,"exposure",TRUE,"reported","tioNAv","textfile","M34221",0.0124311242428003,19.5988967667696
"rs2267575","A","T",0.8736,-0.0423,0.0086,8.73e-07,6987,19,40517045,"exposure",TRUE,"reported","tioNAv","textfile","M34221",0.00345057864577617,24.1857466617096
"rs335170","A","C",0.4021,0.0191,0.0043,7.513e-06,6987,5,122510142,"exposure",TRUE,"reported","tioNAv","textfile","M34221",0.00281588187946318,19.7244767246411
"rs2275353","A","G",0.1625,0.0244,0.0053,4.511e-06,6987,1,201416831,"exposure",TRUE,"reported","tioNAv","textfile","M34221",0.00302427829618573,21.1886643164748
"rs17170000","C","G",0.8052,0.0245,0.0052,2.003e-06,6987,7,145566029,"exposure",TRUE,"reported","tioNAv","textfile","M34221",0.00316706601685138,22.1922404181731
"rs11966563","C","G",0.8182,0.0305,0.0063,1.305e-06,6987,6,72508338,"exposure",TRUE,"reported","tioNAv","textfile","M34221",0.00334328525998809,23.431184675366
"rs10927006","T","C",0.8659,0.0278,0.006,3.238e-06,6987,1,241624282,"exposure",TRUE,"reported","tioNAv","textfile","M34221",0.00306311999405164,21.4616327147242
"rs9569679","T","G",0.149,0.0278,0.006,3.615e-06,6987,13,56862878,"exposure",TRUE,"reported","tioNAv","textfile","M34221",0.00306311999405164,21.4616327147242
"rs4713169","C","G",0.4244,-0.0322,0.0042,2.865e-14,6987,6,11192540,"exposure",TRUE,"reported","tioNAv","textfile","M34221",0.00834226960196808,58.7609528807468
