"SNP","effect_allele.exposure","other_allele.exposure","eaf.exposure","beta.exposure","se.exposure","pval.exposure","samplesize.exposure","chr.exposure","pos.exposure","exposure","mr_keep.exposure","pval_origin.exposure","id.exposure","data_source.exposure","file_source","R2","F"
"rs4901004","T","C",0.8716,-0.0385,0.0086,7.992e-06,3239,14,49793381,"exposure",TRUE,"reported","azpWRo","textfile","M34513",0.0061494277122067,20.0288635529899
"rs8058752","T","G",0.9762,-0.1604,0.0361,8.877e-06,1071,16,8379875,"exposure",TRUE,"reported","azpWRo","textfile","M34513",0.0180997355779305,19.7052776477211
"rs12882240","A","G",0.05,0.0597,0.0134,8.543e-06,3239,14,78211503,"exposure",TRUE,"reported","azpWRo","textfile","M34513",0.00609080681721802,19.8367635620701
"rs12419430","T","C",0.3944,-0.0277,0.006,4.054e-06,3239,11,75647168,"exposure",TRUE,"reported","azpWRo","textfile","M34513",0.0065372886333617,21.3004504991252
"rs2816252","T","C",0.066,0.082,0.017,1.41e-06,2168,6,1399971,"exposure",TRUE,"reported","azpWRo","textfile","M34513",0.0106178032958773,23.2449724843269
"rs10024907","A","C",0.1598,0.0377,0.0078,1.295e-06,3239,4,23967755,"exposure",TRUE,"reported","azpWRo","textfile","M34513",0.00716079867171868,23.3466862200268
"rs11044220","C","G",0.6326,-0.0274,0.006,5.493e-06,3239,12,18668718,"exposure",TRUE,"reported","azpWRo","textfile","M34513",0.00639735448310746,20.8415673561799
"rs2018451","A","G",0.284,-0.0561,0.0127,9.279e-06,1071,3,194587200,"exposure",TRUE,"reported","azpWRo","textfile","M34513",0.017893180236604,19.476302666891
"rs317894","A","G",0.3357,-0.0281,0.0061,3.447e-06,3239,4,15741273,"exposure",TRUE,"reported","azpWRo","textfile","M34513",0.00650887622740552,21.2072678295355
"rs2974445","T","C",0.5529,0.0279,0.006,3.107e-06,3239,5,82517136,"exposure",TRUE,"reported","azpWRo","textfile","M34513",0.00663140243925815,21.6091486569929
"rs1234318","A","G",0.645,0.037,0.008,3.746e-06,2168,1,171364058,"exposure",TRUE,"reported","azpWRo","textfile","M34513",0.00977012724716495,21.370891951107
"rs12521113","T","G",0.1521,0.0374,0.0078,1.463e-06,3239,5,66972174,"exposure",TRUE,"reported","azpWRo","textfile","M34513",0.0070480871867472,22.9765992986123
"rs10836652","A","G",0.2061,0.0319,0.0069,4.414e-06,3239,11,4770822,"exposure",TRUE,"reported","azpWRo","textfile","M34513",0.00655565032752161,21.3606732145424
