"SNP","effect_allele.exposure","other_allele.exposure","eaf.exposure","beta.exposure","se.exposure","pval.exposure","samplesize.exposure","chr.exposure","pos.exposure","exposure","mr_keep.exposure","pval_origin.exposure","id.exposure","data_source.exposure","file_source","R2","F"
"rs4297577","T","C",0.0384,0.0977,0.0209,2.938e-06,7371,13,79129388,"exposure",TRUE,"reported","CcObFH","textfile","M00542",0.0029558645388722,21.8463406104638
"rs8000457","T","C",0.9661,-0.2093,0.0433,1.351e-06,1766,13,21769975,"exposure",TRUE,"reported","CcObFH","textfile","M00542",0.0130576122048386,23.3383713316768
"rs2711506","A","G",0.5343,-0.0326,0.0072,6.349e-06,7371,7,67894621,"exposure",TRUE,"reported","CcObFH","textfile","M00542",0.00277356009806475,20.4952090566802
"rs13288937","A","C",0.0205,0.2488,0.0526,2.287e-06,1766,9,18107253,"exposure",TRUE,"reported","CcObFH","textfile","M00542",0.0125103971309941,22.3479219173116
"rs6493912","T","C",0.7431,-0.0368,0.0081,5.359e-06,7371,15,55387780,"exposure",TRUE,"reported","CcObFH","textfile","M00542",0.00279244577269458,20.635155451596
"rs4838537","T","C",0.0133,0.3226,0.0699,3.964e-06,1766,10,50497727,"exposure",TRUE,"reported","CcObFH","textfile","M00542",0.011917275560721,21.275621533654
"rs11719883","C","G",0.8445,-0.0524,0.0103,3.864e-07,7371,3,146405167,"exposure",TRUE,"reported","CcObFH","textfile","M00542",0.0034989639498116,25.8743989352592
"rs7314742","T","G",0.2662,-0.0358,0.008,8.508e-06,7371,12,120697135,"exposure",TRUE,"reported","CcObFH","textfile","M00542",0.00270945143692422,20.020191374983
"rs2295758","T","C",0.9754,-0.1137,0.0255,8.568e-06,7371,11,35192701,"exposure",TRUE,"reported","CcObFH","textfile","M00542",0.00268995089731448,19.8757128539366
"rs11224003","A","G",0.177,0.0419,0.0093,7.072e-06,7371,11,134143050,"exposure",TRUE,"reported","CcObFH","textfile","M00542",0.00274625848658805,20.2929083594671
