"SNP","effect_allele.exposure","other_allele.exposure","eaf.exposure","beta.exposure","se.exposure","pval.exposure","samplesize.exposure","chr.exposure","pos.exposure","exposure","mr_keep.exposure","pval_origin.exposure","id.exposure","data_source.exposure","file_source","R2","F"
"rs13390807","A","G",0.0557,0.0395,0.0078,4.123e-07,7219,2,125105872,"exposure",TRUE,"reported","7oR6vS","textfile","M38178",0.00353987452837879,25.6380298802406
"rs193538","T","G",0.7047,0.019,0.0037,2.268e-07,7219,16,16035417,"exposure",TRUE,"reported","7oR6vS","textfile","M38178",0.00363951244244454,26.3623072423423
"rs17638535","A","G",0.0205,-0.068,0.0128,1.156e-07,7219,6,52042051,"exposure",TRUE,"reported","7oR6vS","textfile","M38178",0.00389427199751629,28.2148372567184
"rs10910157","T","C",0.4179,-0.0164,0.0036,6.236e-06,7219,1,231606904,"exposure",TRUE,"reported","7oR6vS","textfile","M38178",0.00286654616145425,20.7473368460116
"rs6971411","A","G",0.1381,0.0247,0.0053,2.918e-06,7219,7,154274849,"exposure",TRUE,"reported","7oR6vS","textfile","M38178",0.0029995801207325,21.7130999141885
"rs11749983","T","C",0.3334,0.0162,0.0037,8.961e-06,7219,5,66029776,"exposure",TRUE,"reported","7oR6vS","textfile","M38178",0.00264848666194708,19.16488618471
"rs11161521","T","C",0.6983,0.0608,0.0036,1.217e-63,7219,1,75988918,"exposure",TRUE,"reported","7oR6vS","textfile","M38178",0.0380098150344744,285.155544610501
"rs8396","T","C",0.6961,0.0262,0.0037,8.96e-13,7219,4,159850267,"exposure",TRUE,"reported","7oR6vS","textfile","M38178",0.00689788578655081,50.1278176826411
"rs6779957","A","G",0.6456,0.0163,0.0036,7.862e-06,7219,3,65408474,"exposure",TRUE,"reported","7oR6vS","textfile","M38178",0.00283179355202878,20.4950919341792
