"SNP","effect_allele.exposure","other_allele.exposure","eaf.exposure","beta.exposure","se.exposure","pval.exposure","samplesize.exposure","chr.exposure","pos.exposure","exposure","mr_keep.exposure","pval_origin.exposure","id.exposure","data_source.exposure","file_source","R2","F"
"rs9443691","A","G",0.1464,-0.0809,0.0182,8.678e-06,2779,6,80498194,"exposure",TRUE,"reported","HWIlDS","textfile","M34384",0.00705974215692462,19.744293591607
"rs2688892","T","C",0.2396,0.0688,0.015,4.467e-06,2779,2,50235248,"exposure",TRUE,"reported","HWIlDS","textfile","M34384",0.00751329617107987,21.0223707648635
"rs9319364","T","C",0.3038,0.0919,0.0207,8.749e-06,2779,13,26849065,"exposure",TRUE,"reported","HWIlDS","textfile","M34384",0.0070425900076393,19.6959831855878
"rs3741793","C","G",0.2267,-0.0684,0.0154,9.22e-06,2779,12,12143071,"exposure",TRUE,"reported","HWIlDS","textfile","M34384",0.00704871832034594,19.7132438788832
"rs7975440","T","C",0.1425,-0.0885,0.0187,2.313e-06,2779,12,14154156,"exposure",TRUE,"reported","HWIlDS","textfile","M34384",0.00799518581047629,22.3815758533716
"rs4708385","A","G",0.3704,-0.0608,0.0133,5.201e-06,2779,6,169016525,"exposure",TRUE,"reported","HWIlDS","textfile","M34384",0.00746382885673676,20.882919270623
"rs17630756","A","G",0.0279,0.1768,0.0391,5.986e-06,2779,18,35714636,"exposure",TRUE,"reported","HWIlDS","textfile","M34384",0.00730363216596316,20.4314100283588
