"SNP","effect_allele.exposure","other_allele.exposure","eaf.exposure","beta.exposure","se.exposure","pval.exposure","samplesize.exposure","chr.exposure","pos.exposure","exposure","mr_keep.exposure","pval_origin.exposure","id.exposure","data_source.exposure","file_source","R2","F"
"rs7142028","A","C",0.5693,-0.0161,0.0035,4.062e-06,7330,14,88458826,"exposure",TRUE,"reported","N0sgHJ","textfile","M33969",0.0028784572774909,21.1542264665757
"rs11236516","T","C",0.897,0.0283,0.0058,1.242e-06,7330,11,75129316,"exposure",TRUE,"reported","N0sgHJ","textfile","M33969",0.00323746153167353,23.8011734876787
"rs4811800","A","G",0.484,-0.0212,0.0045,2.519e-06,7330,20,55097277,"exposure",TRUE,"reported","N0sgHJ","textfile","M33969",0.00301876775651902,22.1885120846176
"rs4529031","T","C",0.9555,-0.0841,0.0186,6.412e-06,1760,4,152440423,"exposure",TRUE,"reported","N0sgHJ","textfile","M33969",0.0114825351111929,20.4207790377763
"rs6473533","T","G",0.807,-0.0217,0.0049,9.075e-06,7330,8,85301813,"exposure",TRUE,"reported","N0sgHJ","textfile","M33969",0.00266847341661784,19.6068936715204
"rs174601","T","C",0.3398,-0.0336,0.0042,7.93e-16,7330,11,61379716,"exposure",TRUE,"reported","N0sgHJ","textfile","M33969",0.00865566675682986,63.9825375170532
"rs6986249","T","C",0.4413,-0.0177,0.0036,6.3e-07,7330,8,36907851,"exposure",TRUE,"reported","N0sgHJ","textfile","M33969",0.00328706016330485,24.1670153099894
"rs3750045","T","C",0.9018,0.0266,0.006,9.075e-06,7330,7,76797720,"exposure",TRUE,"reported","N0sgHJ","textfile","M33969",0.00267419979986965,19.6490817038048
"rs12583004","T","C",0.0726,-0.0314,0.0071,9.901e-06,7330,13,102878193,"exposure",TRUE,"reported","N0sgHJ","textfile","M33969",0.00266122337136914,19.5534810461447
"rs2265047","A","G",0.2807,0.0335,0.0075,8.713e-06,1760,10,7555663,"exposure",TRUE,"reported","N0sgHJ","textfile","M33969",0.0112087972453675,19.9284393939394
