"SNP","effect_allele.exposure","other_allele.exposure","eaf.exposure","beta.exposure","se.exposure","pval.exposure","samplesize.exposure","chr.exposure","pos.exposure","exposure","mr_keep.exposure","pval_origin.exposure","id.exposure","data_source.exposure","file_source","R2","F"
"rs3799344","T","C",0.4519,0.0197,0.0034,8.939e-09,7119,6,25894972,"exposure",TRUE,"reported","BAJvvh","textfile","M34481",0.0046936682706501,33.5623677025903
"rs1641387","T","C",0.7786,0.0355,0.0077,4.233e-06,1651,2,150312896,"exposure",TRUE,"reported","BAJvvh","textfile","M34481",0.0127107908537577,21.229943489377
"rs316020","A","G",0.0937,-0.1799,0.0053,1e-200,7119,6,160589071,"exposure",TRUE,"reported","BAJvvh","textfile","M34481",0.139297869058322,1151.83046311669
"rs2453573","T","C",0.8177,-0.0202,0.0044,3.684e-06,7119,17,19393248,"exposure",TRUE,"reported","BAJvvh","textfile","M34481",0.00295185162785893,21.0705250992862
"rs11123838","A","G",0.24,-0.0168,0.0037,4.239e-06,7119,2,100579470,"exposure",TRUE,"reported","BAJvvh","textfile","M34481",0.00288762125753327,20.6107164327686
"rs12238759","T","C",0.0429,0.036,0.0079,5.123e-06,7119,9,102466976,"exposure",TRUE,"reported","BAJvvh","textfile","M34481",0.00290848512158377,20.7600689620107
"rs1173242","T","C",0.7205,-0.0163,0.0036,5.11e-06,7119,5,4847725,"exposure",TRUE,"reported","BAJvvh","textfile","M34481",0.0028714572994338,20.4950121523171
"rs743263","A","G",0.3225,0.0294,0.0066,8.005e-06,1651,14,64426851,"exposure",TRUE,"reported","BAJvvh","textfile","M34481",0.0118760263537978,19.8189376836478
"rs1171615","T","C",0.7791,-0.0476,0.0039,3.186e-34,7119,10,61139096,"exposure",TRUE,"reported","BAJvvh","textfile","M34481",0.0204961294305751,148.92330448128
