"SNP","effect_allele.exposure","other_allele.exposure","eaf.exposure","beta.exposure","se.exposure","pval.exposure","samplesize.exposure","chr.exposure","pos.exposure","exposure","mr_keep.exposure","pval_origin.exposure","id.exposure","data_source.exposure","file_source","R2","F"
"rs8094714","C","G",0.4201,0.0201,0.0044,3.933e-06,1748,18,6126528,"exposure",TRUE,"reported","Kh12SL","textfile","M32739",0.0117975347850756,20.8444083675322
"rs12617815","T","G",0.0449,0.0477,0.0096,7.544e-07,1748,2,6898382,"exposure",TRUE,"reported","Kh12SL","textfile","M32739",0.0139271377283247,24.6602288776459
"rs12357763","T","C",0.0454,0.0343,0.007,8.352e-07,6042,10,67166967,"exposure",TRUE,"reported","Kh12SL","textfile","M32739",0.00395812074164071,24.0020523005627
"rs9440550","A","G",0.1936,-0.0148,0.0033,6.701e-06,6042,1,109194424,"exposure",TRUE,"reported","Kh12SL","textfile","M32739",0.00331796240995801,20.1072079161815
"rs7946041","A","G",0.0211,0.0454,0.0097,2.747e-06,6042,11,114321052,"exposure",TRUE,"reported","Kh12SL","textfile","M32739",0.00361256573316404,21.8990086365013
"rs243594","A","T",0.5092,-0.0175,0.0039,7.219e-06,1748,21,18078473,"exposure",TRUE,"reported","Kh12SL","textfile","M32739",0.0113875819766463,20.1117422447294
"rs11055626","C","G",0.9286,-0.0232,0.0052,8.617e-06,6042,12,13844594,"exposure",TRUE,"reported","Kh12SL","textfile","M32739",0.00328367474830692,19.8987364582048
"rs1196661","A","G",0.8665,-0.0191,0.0042,5.886e-06,6042,2,150034086,"exposure",TRUE,"reported","Kh12SL","textfile","M32739",0.00341117066054742,20.6739933091189
"rs1022039","A","T",0.2991,0.0198,0.0043,5.465e-06,1748,5,174828981,"exposure",TRUE,"reported","Kh12SL","textfile","M32739",0.0119843876480471,21.1785528203135
