"SNP","effect_allele.exposure","other_allele.exposure","eaf.exposure","beta.exposure","se.exposure","pval.exposure","samplesize.exposure","chr.exposure","pos.exposure","exposure","mr_keep.exposure","pval_origin.exposure","id.exposure","data_source.exposure","file_source","R2","F"
"rs4843466","A","C",0.9159,-0.0857,0.0192,7.58e-06,1763,16,85402522,"exposure",TRUE,"reported","sYKYCG","textfile","M32753",0.0111744601018284,19.9006027305345
"rs7642243","C","G",0.3882,0.0481,0.006,7.499e-16,7356,3,197425613,"exposure",TRUE,"reported","sYKYCG","textfile","M32753",0.00866100167630238,64.249471104465
"rs556339","T","C",0.2533,0.0382,0.0061,4.827e-10,7356,6,25978724,"exposure",TRUE,"reported","sYKYCG","textfile","M32753",0.00530293339535424,39.2056772847961
"rs2715026","C","G",0.4137,-0.0452,0.0101,7.352e-06,1763,4,120836253,"exposure",TRUE,"reported","sYKYCG","textfile","M32753",0.0112324888899225,20.0051202258317
"rs2433292","T","C",0.774,-0.0299,0.0067,7.776e-06,7356,11,115455396,"exposure",TRUE,"reported","sYKYCG","textfile","M32753",0.00270008125824795,19.9101566138774
"rs16908213","T","C",0.924,0.0466,0.0104,7.207e-06,7356,8,139157732,"exposure",TRUE,"reported","sYKYCG","textfile","M32753",0.00272194719525726,20.0718341465808
"rs649622","T","G",0.097,0.0444,0.0098,5.887e-06,7356,12,119667270,"exposure",TRUE,"reported","sYKYCG","textfile","M32753",0.00278267114748767,20.5208664415928
"rs7691901","T","G",0.8326,0.0314,0.0071,9.072e-06,7356,4,96549440,"exposure",TRUE,"reported","sYKYCG","textfile","M32753",0.00265184214218151,19.5534999086879
"rs1329561","A","G",0.1636,-0.0314,0.007,6.855e-06,7356,9,81989047,"exposure",TRUE,"reported","sYKYCG","textfile","M32753",0.0027279420886968,20.1161618448358
"rs3746024","T","C",0.8273,-0.0324,0.007,3.459e-06,7356,19,38009530,"exposure",TRUE,"reported","sYKYCG","textfile","M32753",0.00290395054122096,21.4178486533276
"rs2488751","A","G",0.4539,-0.0306,0.0066,3.216e-06,7356,10,37152226,"exposure",TRUE,"reported","sYKYCG","textfile","M32753",0.00291370786969979,21.490023323851
"rs10761316","T","C",0.2803,-0.0336,0.0068,7.224e-07,7356,9,95935141,"exposure",TRUE,"reported","sYKYCG","textfile","M32753",0.00330810993276885,24.4085867338011
"rs939885","A","G",0.4911,0.0316,0.0059,6.879e-08,7356,3,197440159,"exposure",TRUE,"reported","sYKYCG","textfile","M32753",0.00388452667173213,28.6782104171812
