"SNP","effect_allele.exposure","other_allele.exposure","eaf.exposure","beta.exposure","se.exposure","pval.exposure","samplesize.exposure","chr.exposure","pos.exposure","exposure","mr_keep.exposure","pval_origin.exposure","id.exposure","data_source.exposure","file_source","R2","F"
"rs12711494","A","T",0.2932,-0.0265,0.006,9.883e-06,5561,16,84708388,"exposure",TRUE,"reported","zgXCjP","textfile","M34390",0.00349555060833034,19.4999288197566
"rs4331333","T","C",0.6194,-0.0257,0.0053,1.159e-06,5561,16,49666220,"exposure",TRUE,"reported","zgXCjP","textfile","M34390",0.00421045639488444,23.5048934280077
"rs1892651","A","G",0.4236,0.0496,0.0105,2.4e-06,1312,21,32462912,"exposure",TRUE,"reported","zgXCjP","textfile","M34390",0.0167234774739892,22.2803605995244
"rs4805131","A","G",0.7825,-0.028,0.0062,5.641e-06,5561,19,40789137,"exposure",TRUE,"reported","zgXCjP","textfile","M34390",0.00365417962641979,20.3880862727472
"rs12777985","T","C",0.2212,-0.0291,0.0061,2.14e-06,5561,10,129284577,"exposure",TRUE,"reported","zgXCjP","textfile","M34390",0.00407567693797642,22.7494073330308
"rs9305620","A","G",0.3537,-0.0487,0.0107,5.52e-06,1312,21,37848170,"exposure",TRUE,"reported","zgXCjP","textfile","M34390",0.015543649579372,20.6836808359022
"rs2163783","T","C",0.2984,-0.03,0.0054,2.976e-08,5561,5,168372054,"exposure",TRUE,"reported","zgXCjP","textfile","M34390",0.00551948266992831,30.8530972979813
"rs1820124","A","G",0.2432,0.0275,0.0061,5.589e-06,5561,5,56853280,"exposure",TRUE,"reported","zgXCjP","textfile","M34390",0.00364140090579276,20.3165282597094
"rs999445","T","C",0.1044,0.0354,0.008,9.096e-06,5561,12,112894524,"exposure",TRUE,"reported","zgXCjP","textfile","M34390",0.00350870748328271,19.5735828762812
"rs8069788","T","C",0.4918,-0.0486,0.0106,4.253e-06,1312,17,2705407,"exposure",TRUE,"reported","zgXCjP","textfile","M34390",0.0157697097336142,20.989315158593
"rs4861412","C","G",0.6176,-0.0259,0.0059,9.603e-06,5561,4,180906558,"exposure",TRUE,"reported","zgXCjP","textfile","M34390",0.00345334720005568,19.2636812648683
