"SNP","effect_allele.exposure","other_allele.exposure","eaf.exposure","beta.exposure","se.exposure","pval.exposure","samplesize.exposure","chr.exposure","pos.exposure","exposure","mr_keep.exposure","pval_origin.exposure","id.exposure","data_source.exposure","file_source","R2","F"
"rs9635387","A","G",0.5273,0.0324,0.0069,2.717e-06,1462,15,34716159,"exposure",TRUE,"reported","xYiNBH","textfile","M33009",0.0148574252734179,22.0189863433834
"rs7838814","T","G",0.9497,-0.0764,0.0167,4.853e-06,1618,8,55567227,"exposure",TRUE,"reported","xYiNBH","textfile","M33009",0.0127700785099393,20.9033847362675
"rs11999484","A","G",0.8305,0.0384,0.0085,6.469e-06,1618,9,25657662,"exposure",TRUE,"reported","xYiNBH","textfile","M33009",0.0124566779522646,20.3839073400028
"rs7100229","A","T",0.4565,0.031,0.0066,3.109e-06,1618,10,68248571,"exposure",TRUE,"reported","xYiNBH","textfile","M33009",0.0134516443480418,22.0342542176456
"rs10192021","T","G",0.0878,-0.0513,0.0114,7.461e-06,1618,2,209224674,"exposure",TRUE,"reported","xYiNBH","textfile","M33009",0.0123607508011598,20.2249690976514
"rs12630300","T","C",0.0603,0.0711,0.0148,1.654e-06,1462,3,6899680,"exposure",TRUE,"reported","xYiNBH","textfile","M33009",0.0155405445494166,23.0473636232824
"rs8008553","A","G",0.7132,0.0333,0.0072,3.978e-06,1618,14,29367842,"exposure",TRUE,"reported","xYiNBH","textfile","M33009",0.013047912238732,21.3641841779975
