"SNP","effect_allele.exposure","other_allele.exposure","eaf.exposure","beta.exposure","se.exposure","pval.exposure","samplesize.exposure","chr.exposure","pos.exposure","exposure","mr_keep.exposure","pval_origin.exposure","id.exposure","data_source.exposure","file_source","R2","F"
"rs2037458","A","G",0.6676,0.0188,0.0035,8.776e-08,7357,4,59016294,"exposure",TRUE,"reported","rpY1Zd","textfile","M32322",0.00390642053770977,28.8444014169484
"rs4149121","C","G",0.308,0.0158,0.0035,7.694e-06,7357,12,20906313,"exposure",TRUE,"reported","rpY1Zd","textfile","M32322",0.00276233281905669,20.3732355413281
"rs992534","A","T",0.4654,0.0157,0.0035,7.747e-06,7357,7,9048696,"exposure",TRUE,"reported","rpY1Zd","textfile","M32322",0.00272757230462321,20.1161625884553
"rs10879778","T","C",0.3441,-0.0181,0.0035,2.589e-07,7357,12,73118457,"exposure",TRUE,"reported","rpY1Zd","textfile","M32322",0.00362196666786806,26.7364032033909
