"SNP","effect_allele.exposure","other_allele.exposure","eaf.exposure","beta.exposure","se.exposure","pval.exposure","samplesize.exposure","chr.exposure","pos.exposure","exposure","mr_keep.exposure","pval_origin.exposure","id.exposure","data_source.exposure","file_source","R2","F"
"rs602609","A","G",0.0476,-0.0391,0.0088,9.276e-06,6066,11,85077332,"exposure",TRUE,"reported","Fkl1ua","textfile","M32388",0.00324395367211223,19.7353556471104
"rs16846919","T","C",0.7553,-0.0398,0.0084,2.445e-06,936,1,225321666,"exposure",TRUE,"reported","Fkl1ua","textfile","M32388",0.0234227733401155,22.4015773688393
"rs1539549","T","C",0.305,-0.0369,0.0079,2.718e-06,936,13,35349881,"exposure",TRUE,"reported","Fkl1ua","textfile","M32388",0.0227780178351774,21.7705588354923
"rs2903593","C","G",0.6229,-0.0374,0.0081,4.521e-06,936,19,36009136,"exposure",TRUE,"reported","Fkl1ua","textfile","M32388",0.022269801553008,21.2737569971223
"rs7499321","T","C",0.3347,0.0192,0.0037,2.141e-07,6066,16,10177815,"exposure",TRUE,"reported","Fkl1ua","textfile","M32388",0.00441949844734906,26.9188062069608
"rs11126153","A","G",0.7711,-0.0205,0.0044,3.22e-06,6066,2,67856049,"exposure",TRUE,"reported","Fkl1ua","textfile","M32388",0.00356573134061911,21.6999711166153
"rs1572603","A","G",0.13,-0.036,0.0064,1.464e-08,5130,1,47044990,"exposure",TRUE,"reported","Fkl1ua","textfile","M32388",0.00612995504699632,31.6282894736842
