"SNP","effect_allele.exposure","other_allele.exposure","eaf.exposure","beta.exposure","se.exposure","pval.exposure","samplesize.exposure","chr.exposure","pos.exposure","exposure","mr_keep.exposure","pval_origin.exposure","id.exposure","data_source.exposure","file_source","R2","F"
"rs535902","A","G",0.9346,0.0252,0.0056,7.886e-06,6678,6,74248266,"exposure",TRUE,"reported","OjBRyl","textfile","M19368",0.00302317769566678,20.243935309973
"rs764428","T","C",0.6245,-0.0133,0.0026,2.46e-07,6678,17,14119195,"exposure",TRUE,"reported","OjBRyl","textfile","M19368",0.00390311863349145,26.1593229379877
"rs2467042","T","G",0.8651,-0.0186,0.0042,7.84e-06,6678,2,198941710,"exposure",TRUE,"reported","OjBRyl","textfile","M19368",0.00292824430272135,19.6063712097597
"rs2277324","A","G",0.4138,0.0115,0.0026,8.957e-06,6678,12,56299442,"exposure",TRUE,"reported","OjBRyl","textfile","M19368",0.00292100390652522,19.5577503451233
"rs4778640","A","G",0.9704,0.04,0.0083,1.388e-06,6678,15,79391186,"exposure",TRUE,"reported","OjBRyl","textfile","M19368",0.00346584846071489,23.218476043187
"rs4344410","A","C",0.503,0.0119,0.0026,3.515e-06,6678,10,134144901,"exposure",TRUE,"reported","OjBRyl","textfile","M19368",0.00312709161930171,20.9419510500788
"rs606114","T","C",0.1601,-0.0164,0.0034,1.481e-06,6678,1,199930724,"exposure",TRUE,"reported","OjBRyl","textfile","M19368",0.00347194611770951,23.2594679011079
"rs9494155","A","C",0.5988,0.0123,0.0026,1.994e-06,6678,6,135510584,"exposure",TRUE,"reported","OjBRyl","textfile","M19368",0.00334013547319248,22.3734748560583
"rs2823491","T","C",0.9047,0.038,0.0083,5.272e-06,1678,21,16076627,"exposure",TRUE,"reported","OjBRyl","textfile","M19368",0.0123375126515041,20.935968986159
"rs3112726","T","C",0.455,0.0122,0.0026,2.933e-06,6678,16,2688700,"exposure",TRUE,"reported","OjBRyl","textfile","M19368",0.0032862228573094,22.0111573638424
"rs226783","C","G",0.5292,0.0191,0.0041,3.845e-06,6678,16,14206773,"exposure",TRUE,"reported","OjBRyl","textfile","M19368",0.00323924306434294,21.6954635774745
"rs2826649","T","G",0.3649,-0.0115,0.0026,8.562e-06,6678,21,21284387,"exposure",TRUE,"reported","OjBRyl","textfile","M19368",0.00292100390652522,19.5577503451233
"rs2263487","T","C",0.5184,-0.0119,0.0025,3.047e-06,6678,12,45537094,"exposure",TRUE,"reported","OjBRyl","textfile","M19368",0.00338139946144987,22.6508142557652
