"SNP","effect_allele.exposure","other_allele.exposure","eaf.exposure","beta.exposure","se.exposure","pval.exposure","samplesize.exposure","chr.exposure","pos.exposure","exposure","mr_keep.exposure","pval_origin.exposure","id.exposure","data_source.exposure","file_source","R2","F"
"rs8037595","T","C",0.9141,-0.0329,0.0074,9.146e-06,7334,15,27452407,"exposure",TRUE,"reported","fNuAfK","textfile","M33884",0.00268793352740213,19.7610449982998
"rs2915420","T","C",0.1613,-0.0261,0.0056,3.187e-06,7334,9,102995371,"exposure",TRUE,"reported","fNuAfK","textfile","M33884",0.00295311009472399,21.7163339394934
"rs11717259","A","G",0.6186,-0.0201,0.0044,4.327e-06,7334,3,22081226,"exposure",TRUE,"reported","fNuAfK","textfile","M33884",0.00283734314673933,20.8625942908271
"rs9654430","A","G",0.5156,-0.0189,0.0042,5.924e-06,7334,5,75683506,"exposure",TRUE,"reported","fNuAfK","textfile","M33884",0.00275350987524221,20.2444777747478
"rs393228","T","G",0.0697,0.034,0.0075,5.618e-06,7334,6,25070407,"exposure",TRUE,"reported","fNuAfK","textfile","M33884",0.00279433928741931,20.5455067721116
"rs6073326","A","T",0.4627,-0.018,0.0041,9.296e-06,7334,20,42165414,"exposure",TRUE,"reported","fNuAfK","textfile","M33884",0.00262117811601043,19.2689853894089
"rs12068349","A","G",0.0257,0.0556,0.0125,9.225e-06,7334,1,14542632,"exposure",TRUE,"reported","fNuAfK","textfile","M33884",0.00269041110072727,19.7793086621216
"rs3770914","T","C",0.8905,0.0537,0.0116,3.94e-06,1766,2,36490334,"exposure",TRUE,"reported","fNuAfK","textfile","M33884",0.0119895649635898,21.4062441506431
"rs6685187","A","G",0.4088,-0.0432,0.0041,2.879e-26,7334,1,150125512,"exposure",TRUE,"reported","fNuAfK","textfile","M33884",0.0149119326303839,110.989355842995
"rs7826057","A","G",0.6661,-0.0345,0.0078,9.429e-06,1766,8,95864442,"exposure",TRUE,"reported","fNuAfK","textfile","M33884",0.0109565458008469,19.5414536243441
"rs2123517","T","C",0.023,0.1158,0.024,1.458e-06,1766,2,129914047,"exposure",TRUE,"reported","fNuAfK","textfile","M33884",0.0130111647523149,23.2542596262741
"rs7621575","A","C",0.1276,-0.0257,0.0058,7.757e-06,7334,3,177938967,"exposure",TRUE,"reported","fNuAfK","textfile","M33884",0.00266998145537415,19.6287123287138
"rs9552232","A","G",0.0599,0.076,0.0172,9.682e-06,1766,13,20019357,"exposure",TRUE,"reported","fNuAfK","textfile","M33884",0.0109346423402679,19.5019560020506
"rs11883258","C","G",0.3339,0.0208,0.0043,1.049e-06,7334,19,36482209,"exposure",TRUE,"reported","fNuAfK","textfile","M33884",0.00318028084737901,23.3922129799007
