"SNP","effect_allele.exposure","other_allele.exposure","eaf.exposure","beta.exposure","se.exposure","pval.exposure","samplesize.exposure","chr.exposure","pos.exposure","exposure","mr_keep.exposure","pval_origin.exposure","id.exposure","data_source.exposure","file_source","R2","F"
"rs10469966","A","G",0.2526,0.1024,0.0068,1.117e-51,2759,2,73605876,"exposure",TRUE,"reported","laaQSt","textfile","M33508",0.0759496898203357,226.603781772394
"rs6781351","A","C",0.8686,-0.0792,0.0163,1.137e-06,972,3,6534180,"exposure",TRUE,"reported","laaQSt","textfile","M33508",0.0237129943779626,23.5602895605154
"rs1280976","T","C",0.9163,-0.0523,0.0115,5.703e-06,2759,1,10898169,"exposure",TRUE,"reported","laaQSt","textfile","M33508",0.0074406772947989,20.6677292051927
"rs4488133","A","T",0.7014,0.0985,0.0067,1.26e-48,2759,10,100149126,"exposure",TRUE,"reported","laaQSt","textfile","M33508",0.0726467753509897,215.977207302519
"rs42789","A","G",0.426,-0.0278,0.0062,7.328e-06,2759,2,40699175,"exposure",TRUE,"reported","laaQSt","textfile","M33508",0.00723437874430865,20.0905246626404
"rs1450233","A","T",0.3174,-0.0584,0.0116,4.318e-07,972,4,144915313,"exposure",TRUE,"reported","laaQSt","textfile","M33508",0.0254134635560727,25.2938643492217
"rs10492598","A","C",0.0227,0.1605,0.0352,5.082e-06,972,13,66535549,"exposure",TRUE,"reported","laaQSt","textfile","M33508",0.020941468732077,20.747712237192
"rs4899659","C","G",0.3679,-0.0311,0.0066,2.419e-06,2759,14,77108395,"exposure",TRUE,"reported","laaQSt","textfile","M33508",0.00798362350571712,22.1879905683079
"rs6023015","C","G",0.4176,-0.0267,0.006,8.668e-06,2759,20,52244791,"exposure",TRUE,"reported","laaQSt","textfile","M33508",0.00712627111858436,19.7881451612903
"rs12295872","A","G",0.018,0.2913,0.0539,6.667e-08,972,11,82574742,"exposure",TRUE,"reported","laaQSt","textfile","M33508",0.0291728648831253,29.1480098907875
"rs11676273","A","G",0.2042,-0.0348,0.0075,3.857e-06,2759,2,105255781,"exposure",TRUE,"reported","laaQSt","textfile","M33508",0.00774298536509016,21.5139931859369
"rs1802376","A","G",0.0427,0.0875,0.0193,5.949e-06,972,15,62215612,"exposure",TRUE,"reported","laaQSt","textfile","M33508",0.0207084330257021,20.5119503857203
