"SNP","effect_allele.exposure","other_allele.exposure","eaf.exposure","beta.exposure","se.exposure","pval.exposure","samplesize.exposure","chr.exposure","pos.exposure","exposure","mr_keep.exposure","pval_origin.exposure","id.exposure","data_source.exposure","file_source","R2","F"
"rs10929160","A","T",0.5597,0.0235,0.0047,5.113e-07,6169,2,236601492,"exposure",TRUE,"reported","fO9x2l","textfile","M32795",0.00403616402970617,24.9918949586643
"rs17660864","A","G",0.93,0.175,0.0346,4.369e-07,798,9,4282848,"exposure",TRUE,"reported","fO9x2l","textfile","M32795",0.0310611393978498,25.5172621989
"rs3791660","T","G",0.463,-0.0214,0.0047,4.488e-06,6169,2,55983384,"exposure",TRUE,"reported","fO9x2l","textfile","M32795",0.00334934601963839,20.7248315351198
"rs7520193","A","C",0.1862,0.0283,0.0056,4.553e-07,6169,1,68166110,"exposure",TRUE,"reported","fO9x2l","textfile","M32795",0.00412275810968074,25.5303045324549
"rs12187097","A","G",0.1521,0.0295,0.0066,7.105e-06,6169,5,2255172,"exposure",TRUE,"reported","fO9x2l","textfile","M32795",0.00322802737129815,19.9717140383633
"rs3729621","A","G",0.9564,0.0503,0.011,4.921e-06,6169,7,29487958,"exposure",TRUE,"reported","fO9x2l","textfile","M32795",0.00337805158218769,20.9030557077577
"rs11073264","T","C",0.5956,0.0248,0.0054,5.263e-06,6169,15,35738636,"exposure",TRUE,"reported","fO9x2l","textfile","M32795",0.00340736568040833,21.0850686905033
"rs6497490","T","G",0.8816,-0.0824,0.0077,4.954e-27,6169,16,20384975,"exposure",TRUE,"reported","fO9x2l","textfile","M32795",0.0182251085539524,114.48066703629
"rs930609","A","G",0.7886,-0.028,0.0056,4.983e-07,6169,12,116765677,"exposure",TRUE,"reported","fO9x2l","textfile","M32795",0.00403616402970617,24.9918949586643
"rs17429004","A","G",0.91,-0.0367,0.0081,6.647e-06,6169,1,48595634,"exposure",TRUE,"reported","fO9x2l","textfile","M32795",0.00331668714545548,20.5220749281362
"rs9277015","A","G",0.358,0.024,0.005,1.587e-06,5371,6,33101244,"exposure",TRUE,"reported","fO9x2l","textfile","M32795",0.00427138100570259,23.0314205920685
"rs17260438","A","G",0.1739,-0.0269,0.0057,2.153e-06,6169,1,208729498,"exposure",TRUE,"reported","fO9x2l","textfile","M32795",0.00359728610487406,22.2645553844741
