"SNP","effect_allele.exposure","other_allele.exposure","eaf.exposure","beta.exposure","se.exposure","pval.exposure","samplesize.exposure","chr.exposure","pos.exposure","exposure","mr_keep.exposure","pval_origin.exposure","id.exposure","data_source.exposure","file_source","R2","F"
"rs7297956","C","G",0.7301,0.0597,0.0134,7.69e-06,1731,12,103145672,"exposure",TRUE,"reported","ZTTNhM","textfile","M01123",0.0113367969490663,19.826086238921
"rs4384764","A","G",0.2371,-0.0568,0.0127,7.902e-06,2639,2,37443788,"exposure",TRUE,"reported","ZTTNhM","textfile","M01123",0.00752264290471799,19.9875686814655
"rs7795118","T","C",0.2305,0.0905,0.0186,1.211e-06,2639,7,106047462,"exposure",TRUE,"reported","ZTTNhM","textfile","M01123",0.00889105456835959,23.6560380216862
"rs17224277","A","G",0.0778,0.0951,0.0199,1.825e-06,2639,2,182048689,"exposure",TRUE,"reported","ZTTNhM","textfile","M01123",0.00857972341521945,22.8205244337656
"rs10489","A","C",0.0243,0.1743,0.038,4.601e-06,1731,3,69233842,"exposure",TRUE,"reported","ZTTNhM","textfile","M01123",0.0120083622862413,21.0148118671896
"rs11616655","A","G",0.9444,-0.1069,0.0237,6.369e-06,2639,13,22581941,"exposure",TRUE,"reported","ZTTNhM","textfile","M01123",0.00765039797887636,20.3296292246284
"rs17741813","T","C",0.015,0.538,0.1192,6.389e-06,908,21,34591640,"exposure",TRUE,"reported","ZTTNhM","textfile","M01123",0.0219427210225841,20.3261155289866
"rs494562","A","G",0.8988,-0.1182,0.0167,1.339e-12,2639,6,86173848,"exposure",TRUE,"reported","ZTTNhM","textfile","M01123",0.0186292651247173,50.0579142907931
"rs17077586","A","G",0.9187,0.1032,0.021,9.198e-07,2639,18,63443901,"exposure",TRUE,"reported","ZTTNhM","textfile","M01123",0.00906828463697588,24.1319015396989
"rs2846723","T","G",0.5442,-0.0476,0.0105,5.755e-06,2639,11,102076101,"exposure",TRUE,"reported","ZTTNhM","textfile","M01123",0.00772728564051745,20.53553618795
