"SNP","effect_allele.exposure","other_allele.exposure","eaf.exposure","beta.exposure","se.exposure","pval.exposure","samplesize.exposure","chr.exposure","pos.exposure","exposure","mr_keep.exposure","pval_origin.exposure","id.exposure","data_source.exposure","file_source","R2","F"
"rs2017823","A","G",0.8406,0.022,0.0049,6.371e-06,7352,18,2373523,"exposure",TRUE,"reported","duQPIx","textfile","M33587",0.00273437800131883,20.1527836379383
"rs1348656","T","C",0.7979,-0.0246,0.0047,1.992e-07,7352,3,146416210,"exposure",TRUE,"reported","duQPIx","textfile","M33587",0.00371239115141054,27.3877489999118
"rs6465164","A","G",0.1492,-0.0394,0.0086,5.063e-06,1768,7,88305321,"exposure",TRUE,"reported","duQPIx","textfile","M33587",0.011732426074893,20.9654399222767
"rs12336893","T","G",0.9592,0.0425,0.0095,7.111e-06,7352,9,2622365,"exposure",TRUE,"reported","duQPIx","textfile","M33587",0.00271484167306392,20.008405951308
"rs35350","A","G",0.9697,0.0664,0.0137,1.228e-06,7352,12,114093113,"exposure",TRUE,"reported","duQPIx","textfile","M33587",0.00318496091875189,23.4842592005861
"rs11133892","A","G",0.4421,0.0184,0.0039,2.127e-06,7352,5,17308026,"exposure",TRUE,"reported","duQPIx","textfile","M33587",0.00301847819342083,22.2529848712154
"rs7260113","T","C",0.4442,-0.0173,0.0039,9.494e-06,7352,19,56493436,"exposure",TRUE,"reported","duQPIx","textfile","M33587",0.00266929567927996,19.671833182024
"rs1115214","A","G",0.961,0.0451,0.0102,9.611e-06,7352,2,19890929,"exposure",TRUE,"reported","duQPIx","textfile","M33587",0.0026521245075323,19.5449507733068
"rs2838532","T","G",0.2993,0.018,0.004,7.834e-06,7352,21,44464294,"exposure",TRUE,"reported","duQPIx","textfile","M33587",0.00274678693750212,20.2444912948857
"rs9906465","A","G",0.9319,-0.0364,0.0074,8.973e-07,7352,17,56698662,"exposure",TRUE,"reported","duQPIx","textfile","M33587",0.00328024961744945,24.1891812407649
"rs4680042","A","T",0.5247,-0.0189,0.0039,1.195e-06,7352,3,154450190,"exposure",TRUE,"reported","duQPIx","textfile","M33587",0.00318422536838415,23.4788183064947
"rs13417885","A","G",0.9333,0.034,0.0073,3.411e-06,7352,2,167030177,"exposure",TRUE,"reported","duQPIx","textfile","M33587",0.00294189442935494,21.6867241086048
"rs2929381","C","G",0.5775,0.02,0.0039,3.19e-07,7352,3,19913992,"exposure",TRUE,"reported","duQPIx","textfile","M33587",0.00356430251233427,26.2913337325324
"rs2527641","A","G",0.5656,-0.018,0.0039,4.942e-06,7352,7,67898600,"exposure",TRUE,"reported","duQPIx","textfile","M33587",0.00288904154441741,21.2959803233512
