"SNP","effect_allele.exposure","other_allele.exposure","eaf.exposure","beta.exposure","se.exposure","pval.exposure","samplesize.exposure","chr.exposure","pos.exposure","exposure","mr_keep.exposure","pval_origin.exposure","id.exposure","data_source.exposure","file_source","R2","F"
"rs3935974","A","G",0.8298,-0.0208,0.0047,9.41e-06,5292,6,153966259,"exposure",TRUE,"reported","aPZXdd","textfile","M36673",0.00368728571657468,19.5779308655206
"rs12680421","T","C",0.2899,0.0176,0.0039,7.774e-06,5292,8,131580692,"exposure",TRUE,"reported","aPZXdd","textfile","M36673",0.00383361212498645,20.3578522504041
"rs1554057","A","G",0.9059,0.0295,0.0062,1.781e-06,5292,8,66452141,"exposure",TRUE,"reported","aPZXdd","textfile","M36673",0.00425977703879097,22.6306219389132
"rs4846407","T","C",0.3452,-0.0175,0.0039,5.603e-06,5292,1,215519936,"exposure",TRUE,"reported","aPZXdd","textfile","M36673",0.00379033676384079,20.1271702340078
"rs4749075","A","T",0.5653,-0.0167,0.0038,8.969e-06,5292,10,26141798,"exposure",TRUE,"reported","aPZXdd","textfile","M36673",0.00363633424025466,19.3064127005065
"rs17573425","A","G",0.1497,0.0237,0.005,1.697e-06,5292,4,135987674,"exposure",TRUE,"reported","aPZXdd","textfile","M36673",0.00422762949951939,22.4591088435374
"rs4931556","A","G",0.8633,-0.0236,0.0053,9.39e-06,5292,12,31827818,"exposure",TRUE,"reported","aPZXdd","textfile","M36673",0.00373274470133351,19.8202032286353
"rs10045813","A","G",0.2081,0.0235,0.0045,2.271e-07,5292,5,164695005,"exposure",TRUE,"reported","aPZXdd","textfile","M36673",0.00512694349221675,27.26129820927
"rs11588956","C","G",0.6174,-0.0177,0.0038,3.573e-06,5292,1,44869347,"exposure",TRUE,"reported","aPZXdd","textfile","M36673",0.00408303061510545,21.6877838392975
"rs13155413","A","C",0.2859,0.0177,0.004,9.975e-06,5292,5,169922457,"exposure",TRUE,"reported","aPZXdd","textfile","M36673",0.00368640267039155,19.573224914966
"rs11698602","A","G",0.828,-0.0235,0.0047,6.701e-07,5292,20,17299160,"exposure",TRUE,"reported","aPZXdd","textfile","M36673",0.00470189956742524,24.9905517762661
"rs659974","A","G",0.1642,0.0235,0.0051,4.607e-06,5292,16,88190573,"exposure",TRUE,"reported","aPZXdd","textfile","M36673",0.0039961020909473,21.2241941075631
"rs1878640","T","C",0.911,0.0303,0.0067,5.412e-06,5292,2,131488467,"exposure",TRUE,"reported","aPZXdd","textfile","M36673",0.00384982184997507,20.4442643620157
"rs1390370","A","G",0.8174,0.0235,0.005,2.623e-06,5292,13,43143602,"exposure",TRUE,"reported","aPZXdd","textfile","M36673",0.0041568735192667,22.0816515495087
