"SNP","effect_allele.exposure","other_allele.exposure","eaf.exposure","beta.exposure","se.exposure","pval.exposure","samplesize.exposure","chr.exposure","pos.exposure","exposure","mr_keep.exposure","pval_origin.exposure","id.exposure","data_source.exposure","file_source","R2","F"
"rs4074801","T","C",0.5824,-0.0296,0.0067,8.475e-06,3346,2,218644086,"exposure",TRUE,"reported","wvFdjb","textfile","M36585",0.00579938455672927,19.5062662972263
"rs7220100","A","G",0.8574,-0.044,0.0098,7.495e-06,3346,17,6289547,"exposure",TRUE,"reported","wvFdjb","textfile","M36585",0.00598850849761932,20.1462182150145
"rs6761802","A","G",0.3637,-0.0334,0.0067,6.528e-07,3346,2,31077018,"exposure",TRUE,"reported","wvFdjb","textfile","M36585",0.00737231318254663,24.8361148997143
"rs1681886","A","G",0.7189,0.0311,0.0069,6.37e-06,3346,8,107761056,"exposure",TRUE,"reported","wvFdjb","textfile","M36585",0.00603486847560686,20.3031268828107
"rs17366517","A","G",0.9343,-0.0584,0.0128,4.746e-06,3346,2,11238119,"exposure",TRUE,"reported","wvFdjb","textfile","M36585",0.0061828159715978,20.8039636879857
"rs13142346","T","G",0.2825,0.0339,0.0069,8.462e-07,3346,4,121282805,"exposure",TRUE,"reported","wvFdjb","textfile","M36585",0.00716231686843695,24.1235682478416
"rs4559573","C","G",0.4781,0.0304,0.0066,4.52e-06,3346,10,66162422,"exposure",TRUE,"reported","wvFdjb","textfile","M36585",0.00630069339261687,21.2031130190126
"rs10916130","T","C",0.8277,-0.0401,0.0087,3.858e-06,3346,1,225624765,"exposure",TRUE,"reported","wvFdjb","textfile","M36585",0.00630921844454014,21.2319837017273
"rs2499690","A","G",0.9593,-0.0766,0.0167,4.371e-06,3346,6,34149396,"exposure",TRUE,"reported","wvFdjb","textfile","M36585",0.00624850977095066,21.0264003420442
"rs9399651","C","G",0.8405,0.0389,0.0086,5.637e-06,3346,6,148826333,"exposure",TRUE,"reported","wvFdjb","textfile","M36585",0.00607755449691278,20.4476137244183
"rs2130048","T","G",0.9023,-0.051,0.011,3.446e-06,3346,11,103697515,"exposure",TRUE,"reported","wvFdjb","textfile","M36585",0.00638333901886533,21.4830190729772
"rs6138327","C","G",0.98,-0.1123,0.0242,3.523e-06,3346,20,24497637,"exposure",TRUE,"reported","wvFdjb","textfile","M36585",0.00639464979646989,21.5213302897524
