"SNP","effect_allele.exposure","other_allele.exposure","eaf.exposure","beta.exposure","se.exposure","pval.exposure","samplesize.exposure","chr.exposure","pos.exposure","exposure","mr_keep.exposure","pval_origin.exposure","id.exposure","data_source.exposure","file_source","R2","F"
"rs7048966","C","G",0.1755,0.0278,0.006,3.709e-06,3248,9,79865466,"exposure",TRUE,"reported","WcybEt","textfile","M36756",0.00656613835551216,21.4545587027915
"rs10794603","A","G",0.4222,-0.0195,0.0044,8.141e-06,3248,10,124980370,"exposure",TRUE,"reported","WcybEt","textfile","M36756",0.00601076199073908,19.6289181772381
"rs1433673","A","G",0.3426,0.0428,0.0094,5.329e-06,1054,4,94420418,"exposure",TRUE,"reported","WcybEt","textfile","M36756",0.0192899824016188,20.6922139290448
"rs518385","A","G",0.5033,-0.0203,0.0044,3.294e-06,3248,11,56301321,"exposure",TRUE,"reported","WcybEt","textfile","M36756",0.00651079252060682,21.2725335743802
"rs10425651","A","G",0.9597,-0.0522,0.0114,4.962e-06,3248,19,13450472,"exposure",TRUE,"reported","WcybEt","textfile","M36756",0.00641387953702111,20.9538484368817
"rs11674647","C","G",0.1049,-0.0381,0.0075,3.46e-07,3248,2,117411601,"exposure",TRUE,"reported","WcybEt","textfile","M36756",0.00788268970333738,25.7905093596059
"rs2081670","T","C",0.1437,0.0284,0.0063,6.769e-06,3248,9,91927051,"exposure",TRUE,"reported","WcybEt","textfile","M36756",0.00621771499898859,20.3089783258678
"rs13060187","T","C",0.5699,-0.0217,0.0044,8.165e-07,3248,3,113404853,"exposure",TRUE,"reported","WcybEt","textfile","M36756",0.00743289456383262,24.3078534660872
"rs1054812","A","G",0.6283,-0.0203,0.0044,4.275e-06,3248,13,42435189,"exposure",TRUE,"reported","WcybEt","textfile","M36756",0.00651079252060682,21.2725335743802
"rs1942651","T","C",0.6705,-0.0242,0.0051,2.139e-06,3248,7,15737154,"exposure",TRUE,"reported","WcybEt","textfile","M36756",0.00688452700087884,22.5020908972108
"rs2076562","T","C",0.3736,-0.0219,0.0044,6.358e-07,3248,17,18796336,"exposure",TRUE,"reported","WcybEt","textfile","M36756",0.00756949594615859,24.7579893411839
