"SNP","effect_allele.exposure","other_allele.exposure","eaf.exposure","beta.exposure","se.exposure","pval.exposure","samplesize.exposure","chr.exposure","pos.exposure","exposure","mr_keep.exposure","pval_origin.exposure","id.exposure","data_source.exposure","file_source","R2","F"
"rs2657879","A","G",0.8179,0.015,0.0017,6.147e-18,7372,12,55151605,"exposure",TRUE,"reported","VQWrb4","textfile","M00053",0.0104504953070309,77.8335495571948
"rs2748991","T","C",0.446,-0.007,0.0015,2.342e-06,5604,6,52704475,"exposure",TRUE,"reported","VQWrb4","textfile","M00053",0.00387106967925423,21.7700055515901
"rs7078003","T","C",0.1654,0.0087,0.0018,1.838e-06,7372,10,99349402,"exposure",TRUE,"reported","VQWrb4","textfile","M00053",0.00315888714021177,23.3547733164526
"rs16977047","T","C",0.7034,-0.0056,0.0011,1.078e-06,7372,16,27832113,"exposure",TRUE,"reported","VQWrb4","textfile","M00053",0.00350333129270244,25.9103240763577
"rs780093","T","C",0.3995,-0.0058,0.0011,1.931e-07,7372,2,27596107,"exposure",TRUE,"reported","VQWrb4","textfile","M00053",0.00375708082414539,27.7941103931337
"rs2199619","T","C",0.2787,0.0054,0.0012,5.227e-06,7372,2,28708462,"exposure",TRUE,"reported","VQWrb4","textfile","M00053",0.00273935540599953,20.2445062398264
"rs7394051","T","C",0.7014,0.0055,0.0012,2.175e-06,7372,10,121998016,"exposure",TRUE,"reported","VQWrb4","textfile","M00053",0.00284146147870595,21.0012453276662
"rs11596604","A","G",0.0236,0.0323,0.0069,2.515e-06,1768,10,87131924,"exposure",TRUE,"reported","VQWrb4","textfile","M00053",0.0122426343707422,21.8884647698447
