"SNP","effect_allele.exposure","other_allele.exposure","eaf.exposure","beta.exposure","se.exposure","pval.exposure","samplesize.exposure","chr.exposure","pos.exposure","exposure","mr_keep.exposure","pval_origin.exposure","id.exposure","data_source.exposure","file_source","R2","F"
"rs1391988","C","G",0.5245,0.0307,0.0068,5.721e-06,6250,3,8405919,"exposure",TRUE,"reported","boeetU","textfile","M32846",0.0032506101468605,20.3760467820069
"rs10520327","A","G",0.6558,-0.032,0.0069,3.266e-06,6250,2,81693735,"exposure",TRUE,"reported","boeetU","textfile","M32846",0.00342949195626728,21.5012039487503
"rs16902795","C","G",0.0266,0.0922,0.0204,6.415e-06,6250,5,87109728,"exposure",TRUE,"reported","boeetU","textfile","M32846",0.00325764984233536,20.42031846213
"rs4762836","T","C",0.0748,0.0584,0.012,1.013e-06,6250,12,21556146,"exposure",TRUE,"reported","boeetU","textfile","M32846",0.00377520493008184,23.6768654222222
"rs12533589","T","C",0.2893,0.0309,0.0069,7.815e-06,6250,7,51585846,"exposure",TRUE,"reported","boeetU","textfile","M32846",0.0031985079860193,20.0484028733459
"rs12565684","T","C",0.5838,-0.0311,0.007,8.521e-06,6250,1,27533624,"exposure",TRUE,"reported","boeetU","textfile","M32846",0.00314829367794858,19.7326631183673
"rs10107576","C","G",0.1392,0.046,0.0104,8.746e-06,6250,8,3463827,"exposure",TRUE,"reported","boeetU","textfile","M32846",0.0031204100773319,19.557349112426
"rs4149056","T","C",0.8182,-0.2952,0.0078,1e-200,6250,12,21222816,"exposure",TRUE,"reported","boeetU","textfile","M32846",0.186444881592589,1431.87301491124
"rs11029704","T","C",0.1475,-0.0424,0.0093,5.335e-06,6250,11,26747622,"exposure",TRUE,"reported","boeetU","textfile","M32846",0.00331469713507402,20.7791041368944
"rs12762549","C","G",0.5131,0.0364,0.0067,6.355e-08,6250,10,101610761,"exposure",TRUE,"reported","boeetU","textfile","M32846",0.00470031550889138,29.5062600311873
"rs4721104","A","T",0.2583,-0.0341,0.0076,6.934e-06,6250,7,12496278,"exposure",TRUE,"reported","boeetU","textfile","M32846",0.00321073828646293,20.1253099168975
"rs7150683","A","G",0.2063,-0.0379,0.0078,1.126e-06,6250,14,60781541,"exposure",TRUE,"reported","boeetU","textfile","M32846",0.00376332497664771,23.6020767389875
"rs4149022","A","G",0.2396,-0.0732,0.0078,5.998e-21,6250,12,21186879,"exposure",TRUE,"reported","boeetU","textfile","M32846",0.0138955536842263,88.0428231952663
"rs11581375","T","C",0.9792,-0.2174,0.0485,7.483e-06,1146,1,169075319,"exposure",TRUE,"reported","boeetU","textfile","M32846",0.0172306861576759,20.0575096177085
