"SNP","effect_allele.exposure","other_allele.exposure","eaf.exposure","beta.exposure","se.exposure","pval.exposure","samplesize.exposure","chr.exposure","pos.exposure","exposure","mr_keep.exposure","pval_origin.exposure","id.exposure","data_source.exposure","file_source","R2","F"
"rs16839086","A","C",0.2301,0.0348,0.0076,5.416e-06,1768,2,207624094,"exposure",TRUE,"reported","VrI3Dm","textfile","M32504",0.0117200383390341,20.9430409495995
"rs2114655","A","G",0.0708,0.0299,0.0068,9.82e-06,7373,2,49588755,"exposure",TRUE,"reported","VrI3Dm","textfile","M32504",0.00261542916854886,19.3288817224259
"rs16972160","T","C",0.9515,0.0369,0.0083,8.724e-06,7373,15,78536428,"exposure",TRUE,"reported","VrI3Dm","textfile","M32504",0.00267355822814293,19.7596262108827
"rs174538","A","G",0.3025,-0.0264,0.0035,8.902e-14,7373,11,61316657,"exposure",TRUE,"reported","VrI3Dm","textfile","M32504",0.00765753704752153,56.8792606227355
"rs3793900","A","C",0.6356,-0.0169,0.0035,1.122e-06,7373,10,88708813,"exposure",TRUE,"reported","VrI3Dm","textfile","M32504",0.0031522591613739,23.3087775861735
"rs6957801","A","G",0.0217,0.0612,0.0138,9.035e-06,7373,7,111074078,"exposure",TRUE,"reported","VrI3Dm","textfile","M32504",0.0026603789940525,19.6619618354098
"rs10788823","T","G",0.1886,0.0419,0.0086,1.125e-06,1768,1,150428272,"exposure",TRUE,"reported","VrI3Dm","textfile","M32504",0.013248198022154,23.7104382887656
"rs6868629","C","G",0.0728,0.0392,0.0088,8.71e-06,1768,5,120949273,"exposure",TRUE,"reported","VrI3Dm","textfile","M32504",0.0110988355698959,19.8205284020792
"rs12999714","A","T",0.6299,-0.0153,0.0034,8.382e-06,7373,2,51010053,"exposure",TRUE,"reported","VrI3Dm","textfile","M32504",0.00273898488486119,20.2445069849451
"rs757841","C","G",0.5718,0.0155,0.0034,6.912e-06,7373,7,70324021,"exposure",TRUE,"reported","VrI3Dm","textfile","M32504",0.00281085776147149,20.7772344104108
"rs1201686","C","G",0.0467,-0.0422,0.0088,1.598e-06,7373,20,45044330,"exposure",TRUE,"reported","VrI3Dm","textfile","M32504",0.00310930172252983,22.9901462982537
