"SNP","effect_allele.exposure","other_allele.exposure","eaf.exposure","beta.exposure","se.exposure","pval.exposure","samplesize.exposure","chr.exposure","pos.exposure","exposure","mr_keep.exposure","pval_origin.exposure","id.exposure","data_source.exposure","file_source","R2","F"
"rs7042159","A","C",0.2478,0.0683,0.0143,1.707e-06,777,9,18535209,"exposure",TRUE,"reported","bhM2qq","textfile","M34404",0.0285220834610692,22.7535946067415
"rs1944577","T","C",0.2625,-0.0733,0.0135,5.416e-08,777,18,43984101,"exposure",TRUE,"reported","bhM2qq","textfile","M34404",0.0365549620856118,29.4049940593151
"rs3913646","T","C",0.9822,-0.2774,0.0593,2.941e-06,314,4,29692490,"exposure",TRUE,"reported","bhM2qq","textfile","M34404",0.0651501950735899,21.7434509328053
"rs10916110","T","C",0.8253,-0.1021,0.0222,4.243e-06,314,1,225513230,"exposure",TRUE,"reported","bhM2qq","textfile","M34404",0.0631108591511717,21.016988239746
"rs6911611","A","T",0.9734,0.1861,0.0405,4.252e-06,777,6,136384898,"exposure",TRUE,"reported","bhM2qq","textfile","M34404",0.0264555898260636,21.0602432728633
"rs11885739","A","T",0.6877,0.0824,0.018,4.69e-06,777,2,17088073,"exposure",TRUE,"reported","bhM2qq","textfile","M34404",0.0262621599258847,20.902108457664
"rs9415646","T","G",0.691,-0.088,0.0191,3.997e-06,463,10,63552022,"exposure",TRUE,"reported","bhM2qq","textfile","M34404",0.0438378423267614,21.1357928678279
"rs11997201","C","G",0.3709,-0.0807,0.0166,1.129e-06,314,8,128484916,"exposure",TRUE,"reported","bhM2qq","textfile","M34404",0.0699979245113277,23.4831222672903
"rs10955109","A","C",0.4839,-0.0717,0.0157,5.141e-06,314,8,98299721,"exposure",TRUE,"reported","bhM2qq","textfile","M34404",0.062284563311172,20.723540418301
"rs9945857","A","G",0.0947,0.1688,0.0321,1.51e-07,314,18,62563273,"exposure",TRUE,"reported","bhM2qq","textfile","M34404",0.0809375740145684,27.4763959210597
