"SNP","effect_allele.exposure","other_allele.exposure","eaf.exposure","beta.exposure","se.exposure","pval.exposure","samplesize.exposure","chr.exposure","pos.exposure","exposure","mr_keep.exposure","pval_origin.exposure","id.exposure","data_source.exposure","file_source","R2","F"
"rs7500975","A","G",0.0376,-0.0833,0.0178,2.867e-06,6511,16,7581722,"exposure",TRUE,"reported","fNApwR","textfile","M36850",0.00335230842124482,21.8935695113264
"rs2053585","A","G",0.6736,0.0556,0.0123,6.575e-06,1583,17,64315768,"exposure",TRUE,"reported","fNApwR","textfile","M36850",0.0127434920019063,20.4075239735495
"rs12611993","T","C",0.245,-0.0627,0.0134,2.873e-06,1583,2,236443311,"exposure",TRUE,"reported","fNApwR","textfile","M36850",0.0136420339643196,21.8663572863659
"rs12365253","T","C",0.1707,-0.0359,0.008,7.776e-06,6511,11,1106034,"exposure",TRUE,"reported","fNApwR","textfile","M36850",0.00308333054819771,20.1314705162417
"rs1231385","T","C",0.513,-0.0288,0.0062,3.378e-06,6511,9,25755893,"exposure",TRUE,"reported","fNApwR","textfile","M36850",0.00330306427069198,21.5708953917895
"rs2609982","T","C",0.2865,-0.0294,0.0063,3.098e-06,6511,8,57659031,"exposure",TRUE,"reported","fNApwR","textfile","M36850",0.00333361680415001,21.7710882438267
"rs4149056","T","C",0.8396,-0.0412,0.0078,1.516e-07,6511,12,21222816,"exposure",TRUE,"reported","fNApwR","textfile","M36850",0.00426678271050097,27.8914956139062
"rs16888843","T","C",0.0145,0.2982,0.065,4.431e-06,1583,8,40099152,"exposure",TRUE,"reported","fNApwR","textfile","M36850",0.0131211378160574,21.0203295278607
"rs4579381","T","C",0.6475,-0.0278,0.0062,7e-06,6511,6,58465653,"exposure",TRUE,"reported","fNApwR","textfile","M36850",0.00307836094367592,20.0989231223363
"rs9904760","A","G",0.19,-0.0322,0.0072,8.118e-06,6511,17,43930030,"exposure",TRUE,"reported","fNApwR","textfile","M36850",0.00306243595803821,19.9946279183756
