"SNP","effect_allele.exposure","other_allele.exposure","eaf.exposure","beta.exposure","se.exposure","pval.exposure","samplesize.exposure","chr.exposure","pos.exposure","exposure","mr_keep.exposure","pval_origin.exposure","id.exposure","data_source.exposure","file_source","R2","F"
"rs11931868","A","T",0.7962,0.0441,0.0099,7.788e-06,5696,4,190323622,"exposure",TRUE,"reported","3tFHwR","textfile","M36099",0.00347157458535577,19.8360078698115
"rs17294478","T","C",0.148,0.069,0.013,1.11e-07,4291,4,184964412,"exposure",TRUE,"reported","3tFHwR","textfile","M36099",0.00652245390032058,28.1584670819205
"rs16864115","T","C",0.0154,0.1474,0.0325,5.875e-06,5696,3,190428016,"exposure",TRUE,"reported","3tFHwR","textfile","M36099",0.00359826165689837,20.5624910976664
"rs951918","A","G",0.8704,0.0546,0.0119,4.668e-06,5696,5,123270035,"exposure",TRUE,"reported","3tFHwR","textfile","M36099",0.00368230050574134,21.0445112942732
"rs1248821","T","C",0.2512,-0.038,0.0085,7.102e-06,5696,3,85013437,"exposure",TRUE,"reported","3tFHwR","textfile","M36099",0.00349653736258414,19.9791415574822
"rs12412942","A","G",0.5839,-0.0363,0.0082,8.676e-06,5696,10,2347702,"exposure",TRUE,"reported","3tFHwR","textfile","M36099",0.0034286563585197,19.5899364656371
"rs3935503","T","G",0.7581,-0.0398,0.0085,2.656e-06,5696,18,25838535,"exposure",TRUE,"reported","3tFHwR","textfile","M36099",0.00383433347847275,21.916730881381
