"SNP","effect_allele.exposure","other_allele.exposure","eaf.exposure","beta.exposure","se.exposure","pval.exposure","samplesize.exposure","chr.exposure","pos.exposure","exposure","mr_keep.exposure","pval_origin.exposure","id.exposure","data_source.exposure","file_source","R2","F"
"rs7151608","A","G",0.8127,0.0497,0.0106,2.86e-06,5502,14,38743612,"exposure",TRUE,"reported","E1Ny01","textfile","M15677",0.00397968462744605,21.9757218935501
"rs3783141","T","C",0.8708,0.0559,0.0125,7.746e-06,5502,13,25446030,"exposure",TRUE,"reported","E1Ny01","textfile","M15677",0.00362165671929275,19.9915143584151
"rs13112235","C","G",0.3279,0.0404,0.0089,5.895e-06,5502,4,96947587,"exposure",TRUE,"reported","E1Ny01","textfile","M15677",0.00373111553670287,20.5979889283813
"rs8048366","A","G",0.4796,-0.0363,0.0082,9.744e-06,5502,16,83532761,"exposure",TRUE,"reported","E1Ny01","textfile","M15677",0.00354912138984185,19.589693845578
"rs11174282","T","C",0.0957,-0.0615,0.0137,6.885e-06,5502,12,60694975,"exposure",TRUE,"reported","E1Ny01","textfile","M15677",0.00364922611079679,20.1442545490653
"rs17241253","T","C",0.8117,0.0481,0.0107,7.074e-06,5502,8,129959370,"exposure",TRUE,"reported","E1Ny01","textfile","M15677",0.0036593996253845,20.2006200811723
"rs2969612","T","C",0.1583,-0.0496,0.0108,4.745e-06,5502,4,127866215,"exposure",TRUE,"reported","E1Ny01","textfile","M15677",0.0038188585447705,21.0842397252726
"rs2257187","A","T",0.5991,-0.036,0.0081,8.084e-06,5502,4,175695456,"exposure",TRUE,"reported","E1Ny01","textfile","M15677",0.00357732156990757,19.7459060902657
"rs9915627","A","C",0.1829,0.1117,0.0243,4.288e-06,658,17,13616343,"exposure",TRUE,"reported","E1Ny01","textfile","M15677",0.0311129406711113,21.0654986912369
"rs2126638","A","G",0.9266,0.0816,0.0163,5.779e-07,5502,9,22952118,"exposure",TRUE,"reported","E1Ny01","textfile","M15677",0.00453430594936847,25.0522774120412
