"SNP","effect_allele.exposure","other_allele.exposure","eaf.exposure","beta.exposure","se.exposure","pval.exposure","samplesize.exposure","chr.exposure","pos.exposure","exposure","mr_keep.exposure","pval_origin.exposure","id.exposure","data_source.exposure","file_source","R2","F"
"rs1868259","A","G",0.5541,0.0818,0.0183,7.671e-06,1207,11,121283290,"exposure",TRUE,"reported","e3Ojar","textfile","M22842",0.016284213905519,19.9473039200224
"rs16823145","A","G",0.9736,-0.2614,0.0587,8.575e-06,1207,1,182664538,"exposure",TRUE,"reported","e3Ojar","textfile","M22842",0.0161640572005087,19.7977000831963
"rs6595543","A","G",0.3766,0.074,0.0165,7.19e-06,5599,5,124126919,"exposure",TRUE,"reported","e3Ojar","textfile","M22842",0.00357954410819035,20.1066811254994
"rs10999482","T","G",0.7102,-0.0496,0.011,7.277e-06,5599,10,72148951,"exposure",TRUE,"reported","e3Ojar","textfile","M22842",0.00361820607596715,20.324638136385
"rs2363820","C","G",0.5548,-0.0678,0.0145,3.077e-06,5599,7,139853610,"exposure",TRUE,"reported","e3Ojar","textfile","M22842",0.00388973782483012,21.8558762340566
"rs9510021","A","C",0.5753,-0.0468,0.0103,5.773e-06,5599,13,21655355,"exposure",TRUE,"reported","e3Ojar","textfile","M22842",0.0036737395736564,20.637738068809
"rs310271","A","G",0.2583,-0.0533,0.0117,5.529e-06,5599,8,23700611,"exposure",TRUE,"reported","e3Ojar","textfile","M22842",0.00369288224956063,20.7456732793995
"rs1523437","A","G",0.8196,-0.0619,0.0132,2.749e-06,5599,3,63271383,"exposure",TRUE,"reported","e3Ojar","textfile","M22842",0.00391219587532331,21.982560396296
"rs2689327","A","G",0.7541,0.0492,0.011,7.74e-06,5599,3,155578512,"exposure",TRUE,"reported","e3Ojar","textfile","M22842",0.00356029016282462,19.99814323396
"rs17723514","A","G",0.6672,-0.0481,0.0102,2.304e-06,5599,18,61705225,"exposure",TRUE,"reported","e3Ojar","textfile","M22842",0.00395601435806771,22.2297535864694
