"SNP","effect_allele.exposure","other_allele.exposure","eaf.exposure","beta.exposure","se.exposure","pval.exposure","samplesize.exposure","chr.exposure","pos.exposure","exposure","mr_keep.exposure","pval_origin.exposure","id.exposure","data_source.exposure","file_source","R2","F"
"rs17777742","A","C",0.5951,0.0161,0.0036,9.968e-06,7263,15,62061412,"exposure",TRUE,"reported","pBLerP","textfile","M35160",0.00274622675901911,19.9952640263606
"rs1028374","A","G",0.1409,0.0264,0.0053,5.877e-07,7263,1,165832013,"exposure",TRUE,"reported","pBLerP","textfile","M35160",0.0034045441696082,24.8048444039185
"rs1348656","T","C",0.7981,-0.0209,0.0043,1.335e-06,7263,3,146416210,"exposure",TRUE,"reported","pBLerP","textfile","M35160",0.00324212155777405,23.6176158123659
"rs273914","A","T",0.3678,0.0232,0.0035,3.04e-11,7263,5,131688330,"exposure",TRUE,"reported","pBLerP","textfile","M35160",0.00601318355638292,43.9258600623232
"rs2458177","C","G",0.3897,0.0158,0.0035,8.471e-06,7263,15,68392575,"exposure",TRUE,"reported","pBLerP","textfile","M35160",0.00279798375703405,20.3731638413317
"rs7672265","T","G",0.1877,0.0196,0.0044,7.947e-06,7263,4,83773846,"exposure",TRUE,"reported","pBLerP","textfile","M35160",0.00272461939302606,19.8375110801606
"rs9600082","A","C",0.194,0.0206,0.0046,7.869e-06,7263,13,72641900,"exposure",TRUE,"reported","pBLerP","textfile","M35160",0.00275362755195269,20.0492979539719
"rs7115681","T","C",0.4669,-0.0184,0.0041,8.184e-06,7263,11,42415849,"exposure",TRUE,"reported","pBLerP","textfile","M35160",0.00276534455436794,20.1348465976575
"rs4703415","T","C",0.1469,-0.0226,0.005,6.549e-06,7263,5,35624846,"exposure",TRUE,"reported","pBLerP","textfile","M35160",0.0028050518612768,20.4247741153793
"rs3748771","T","G",0.9877,-0.1245,0.0281,9.093e-06,1763,1,229040330,"exposure",TRUE,"reported","pBLerP","textfile","M35160",0.0110119641426676,19.6079913529258
"rs2485904","A","C",0.1563,0.0251,0.0052,1.398e-06,7263,6,76850823,"exposure",TRUE,"reported","pBLerP","textfile","M35160",0.0031976708332333,23.2927705330658
"rs360020","A","G",0.6799,0.0196,0.0042,2.475e-06,7263,5,173142470,"exposure",TRUE,"reported","pBLerP","textfile","M35160",0.00298949102390068,21.7717808680221
