"SNP","effect_allele.exposure","other_allele.exposure","eaf.exposure","beta.exposure","se.exposure","pval.exposure","samplesize.exposure","chr.exposure","pos.exposure","exposure","mr_keep.exposure","pval_origin.exposure","id.exposure","data_source.exposure","file_source","R2","F"
"rs12091176","A","G",0.0264,0.127,0.0271,2.814e-06,1002,1,214389059,"exposure",TRUE,"reported","LfMd2v","textfile","M00575",0.0214479152623705,21.9180109029364
"rs7790791","T","C",0.0873,0.0594,0.013,4.672e-06,1002,7,139640742,"exposure",TRUE,"reported","LfMd2v","textfile","M00575",0.0204109116429593,20.83619742763
"rs12426131","A","G",0.1446,0.0246,0.0051,1.681e-06,5502,12,44854176,"exposure",TRUE,"reported","LfMd2v","textfile","M00575",0.00421091656949327,23.2579785394176
"rs526744","T","C",0.243,-0.021,0.0042,7.141e-07,4500,19,53992417,"exposure",TRUE,"reported","LfMd2v","textfile","M00575",0.00552486187845304,24.9888888888889
"rs33976862","C","G",0.0674,0.0602,0.0135,7.764e-06,1002,14,63478605,"exposure",TRUE,"reported","LfMd2v","textfile","M00575",0.0194591302101058,19.845302536217
