"SNP","effect_allele.exposure","other_allele.exposure","eaf.exposure","beta.exposure","se.exposure","pval.exposure","samplesize.exposure","chr.exposure","pos.exposure","exposure","mr_keep.exposure","pval_origin.exposure","id.exposure","data_source.exposure","file_source","R2","F"
"rs11844504","C","G",0.9853,-0.1381,0.0277,6.284e-07,1738,14,29883622,"exposure",TRUE,"reported","vpusdk","textfile","M19324",0.0140997375592759,24.82720142736
"rs8107558","T","C",0.9545,0.0652,0.0146,8.379e-06,1738,19,17745120,"exposure",TRUE,"reported","vpusdk","textfile","M19324",0.0113444828277476,19.9200043360892
"rs10501089","T","C",0.0309,0.0836,0.0176,2.097e-06,1738,11,27745435,"exposure",TRUE,"reported","vpusdk","textfile","M19324",0.0128155064077532,22.5365362485616
"rs10491073","T","C",0.0175,0.122,0.0233,1.663e-07,1738,10,65487863,"exposure",TRUE,"reported","vpusdk","textfile","M19324",0.0155296155005345,27.384686155526
"rs11872932","A","T",0.1999,0.0202,0.0045,6.605e-06,7251,18,39660222,"exposure",TRUE,"reported","vpusdk","textfile","M19324",0.00277124294157889,20.1445655686487
"rs1925409","T","C",0.3294,0.0294,0.0066,8.321e-06,1738,1,67137677,"exposure",TRUE,"reported","vpusdk","textfile","M19324",0.0112882524130344,19.8201409428525
"rs2241216","C","G",0.199,0.0252,0.0053,2.318e-06,7251,16,48445811,"exposure",TRUE,"reported","vpusdk","textfile","M19324",0.00310813225596103,22.6010979249422
