"SNP","effect_allele.exposure","other_allele.exposure","eaf.exposure","beta.exposure","se.exposure","pval.exposure","samplesize.exposure","chr.exposure","pos.exposure","exposure","mr_keep.exposure","pval_origin.exposure","id.exposure","data_source.exposure","file_source","R2","F"
"rs7015612","A","G",0.4132,0.015,0.0034,8.169e-06,6768,8,3651379,"exposure",TRUE,"reported","xnq83Z","textfile","M34409",0.00286759071909999,19.4579161451815
"rs1790796","T","C",0.8393,0.0192,0.0043,8.522e-06,6768,18,45718421,"exposure",TRUE,"reported","xnq83Z","textfile","M34409",0.00293716082102824,19.9313717593179
"rs212051","T","C",0.2796,-0.0176,0.0034,3.08e-07,6768,3,60009495,"exposure",TRUE,"reported","xnq83Z","textfile","M34409",0.00394358393559899,26.7879293561396
"rs1188542","T","C",0.603,-0.0154,0.0033,3.204e-06,6768,14,19719006,"exposure",TRUE,"reported","xnq83Z","textfile","M34409",0.0032074360149244,21.7713422642501
"rs254488","A","G",0.1157,-0.0229,0.005,4.408e-06,6768,5,52484087,"exposure",TRUE,"reported","xnq83Z","textfile","M34409",0.00308977359237837,20.9702013002364
"rs272881","A","G",0.617,-0.0214,0.0033,1.112e-10,6768,5,131697163,"exposure",TRUE,"reported","xnq83Z","textfile","M34409",0.0061751734188692,42.0408327851913
