"SNP","effect_allele.exposure","other_allele.exposure","eaf.exposure","beta.exposure","se.exposure","pval.exposure","samplesize.exposure","chr.exposure","pos.exposure","exposure","mr_keep.exposure","pval_origin.exposure","id.exposure","data_source.exposure","file_source","R2","F"
"rs10098688","A","C",0.337,0.0263,0.0059,8.248e-06,1766,8,68951047,"exposure",TRUE,"reported","ECBoBE","textfile","M33972",0.01112647316908,19.8479361998462
"rs1348656","T","C",0.798,-0.0232,0.0042,3.459e-08,7345,3,146416210,"exposure",TRUE,"reported","ECBoBE","textfile","M33972",0.00413699682192805,30.504163290004
"rs35350","A","G",0.9681,0.0621,0.0131,2.156e-06,7345,12,114093113,"exposure",TRUE,"reported","ECBoBE","textfile","M33972",0.00305015646762235,22.465823217739
"rs1870912","C","G",0.511,0.016,0.0034,2.084e-06,7345,11,42525283,"exposure",TRUE,"reported","ECBoBE","textfile","M33972",0.00300595790249894,22.1392986778662
"rs10004910","A","G",0.5629,0.017,0.0034,5.583e-07,7345,4,57663201,"exposure",TRUE,"reported","ECBoBE","textfile","M33972",0.0033921302578019,24.9931926480599
"rs530942","A","G",0.86,-0.0373,0.0081,4.687e-06,1766,19,5955105,"exposure",TRUE,"reported","ECBoBE","textfile","M33972",0.0118651475734605,21.1814412457842
"rs7677730","T","C",0.4936,0.0151,0.0034,7.582e-06,7345,4,171381604,"exposure",TRUE,"reported","ECBoBE","textfile","M33972",0.0026781788853415,19.7186777013292
"rs703138","T","G",0.3743,0.0152,0.0034,8.619e-06,7345,1,156946695,"exposure",TRUE,"reported","ECBoBE","textfile","M33972",0.00271367233252258,19.9807170567743
"rs2929381","C","G",0.576,0.0155,0.0034,5.402e-06,7345,3,19913992,"exposure",TRUE,"reported","ECBoBE","textfile","M33972",0.00282154284664019,20.7772129193647
