"SNP","effect_allele.exposure","other_allele.exposure","eaf.exposure","beta.exposure","se.exposure","pval.exposure","samplesize.exposure","chr.exposure","pos.exposure","exposure","mr_keep.exposure","pval_origin.exposure","id.exposure","data_source.exposure","file_source","R2","F"
"rs12521058","A","C",0.402,-0.0197,0.0041,1.501e-06,2757,5,76462743,"exposure",TRUE,"reported","KbR8h5","textfile","M33627",0.00830436395834572,23.0701052558443
"rs3923017","T","C",0.0439,-0.0469,0.0103,5.305e-06,2757,17,86633,"exposure",TRUE,"reported","KbR8h5","textfile","M33627",0.00746415535199834,20.7183933009979
"rs12278387","T","C",0.7351,-0.0183,0.0041,6.538e-06,2757,11,5525124,"exposure",TRUE,"reported","KbR8h5","textfile","M33627",0.00717415530314228,19.9076182048744
"rs9521789","T","C",0.6021,0.0175,0.0037,2.292e-06,2757,13,109917621,"exposure",TRUE,"reported","KbR8h5","textfile","M33627",0.00804870907904897,22.3541152834156
"rs1460191","A","C",0.1654,0.0207,0.0046,5.377e-06,2757,18,48435190,"exposure",TRUE,"reported","KbR8h5","textfile","M33627",0.00729138536321901,20.2353101196953
"rs6432256","T","C",0.7655,-0.0228,0.0051,7.484e-06,1745,2,12116535,"exposure",TRUE,"reported","KbR8h5","textfile","M33627",0.0113236917273923,19.963252396863
"rs12763437","A","G",0.0834,0.0273,0.0061,8.679e-06,2757,10,79883323,"exposure",TRUE,"reported","KbR8h5","textfile","M33627",0.00721248898950831,20.0147634269398
"rs4696727","T","C",0.649,0.0167,0.0036,2.878e-06,2757,4,8043686,"exposure",TRUE,"reported","KbR8h5","textfile","M33627",0.00774487699255838,21.5036794668565
"rs562210","A","C",0.6864,0.0169,0.0037,4.716e-06,2757,8,81570351,"exposure",TRUE,"reported","KbR8h5","textfile","M33627",0.00751033292013924,20.8475391546003
"rs1852749","A","T",0.942,-0.0352,0.0077,4.797e-06,2757,4,17056797,"exposure",TRUE,"reported","KbR8h5","textfile","M33627",0.00752293982382803,20.8827992568083
"rs1029659","A","C",0.1991,0.0198,0.0044,7.943e-06,2757,17,13828746,"exposure",TRUE,"reported","KbR8h5","textfile","M33627",0.00729138536321901,20.2353101196953
