"SNP","effect_allele.exposure","other_allele.exposure","eaf.exposure","beta.exposure","se.exposure","pval.exposure","samplesize.exposure","chr.exposure","pos.exposure","exposure","mr_keep.exposure","pval_origin.exposure","id.exposure","data_source.exposure","file_source","R2","F"
"rs1360637","A","G",0.0171,0.2353,0.0529,8.787e-06,879,13,38729681,"exposure",TRUE,"reported","nykqTB","textfile","M34329",0.0220128752567701,19.7398218358508
"rs11077095","A","G",0.3208,0.0694,0.0155,7.508e-06,879,16,6856452,"exposure",TRUE,"reported","nykqTB","textfile","M34329",0.022298364539991,20.0016702359009
"rs9965173","A","G",0.8936,0.0643,0.0146,9.911e-06,1492,18,7201755,"exposure",TRUE,"reported","nykqTB","textfile","M34329",0.0128332872033302,19.3701810292914
"rs1000702","T","G",0.4182,-0.0418,0.0092,5.386e-06,1492,12,93780427,"exposure",TRUE,"reported","nykqTB","textfile","M34329",0.0136471011665068,20.6155228642236
"rs2876587","T","C",0.1046,0.0684,0.015,5.011e-06,1492,6,21366233,"exposure",TRUE,"reported","nykqTB","textfile","M34329",0.0137451665580817,20.765726541555
"rs10481772","T","C",0.8431,0.0552,0.0124,9.132e-06,1492,9,74555746,"exposure",TRUE,"reported","nykqTB","textfile","M34329",0.0131079749128613,19.7902932881019
"rs11097262","T","C",0.1593,0.0557,0.0122,5.109e-06,1492,4,77333960,"exposure",TRUE,"reported","nykqTB","textfile","M34329",0.0137783257643709,20.816522213248
"rs12046325","A","C",0.7637,-0.0493,0.0107,4.14e-06,1492,1,79278998,"exposure",TRUE,"reported","nykqTB","textfile","M34329",0.0140288371278497,21.200384055458
"rs16855886","T","G",0.0407,0.1068,0.0235,5.315e-06,1492,2,169355681,"exposure",TRUE,"reported","nykqTB","textfile","M34329",0.013654227830279,20.6264375446777
"rs472038","C","G",0.077,0.111,0.0242,4.485e-06,613,11,74204791,"exposure",TRUE,"reported","nykqTB","textfile","M34329",0.0331817724479632,20.9698807779401
"rs10971203","T","C",0.4075,-0.0436,0.0092,2.09e-06,1492,9,32889739,"exposure",TRUE,"reported","nykqTB","textfile","M34329",0.0148299504836179,22.4292509008347
"rs7655049","T","C",0.1616,-0.0553,0.0118,2.91e-06,1492,4,106271913,"exposure",TRUE,"reported","nykqTB","textfile","M34329",0.014506781341185,21.9332855763151
