"SNP","effect_allele.exposure","other_allele.exposure","eaf.exposure","beta.exposure","se.exposure","pval.exposure","samplesize.exposure","chr.exposure","pos.exposure","exposure","mr_keep.exposure","pval_origin.exposure","id.exposure","data_source.exposure","file_source","R2","F"
"rs7927424","A","G",0.0147,-0.115,0.0251,4.793e-06,6970,11,133095759,"exposure",TRUE,"reported","o7ivlD","textfile","M18394",0.00300268275229738,20.9857068379753
"rs1397829","A","G",0.535,0.0268,0.0053,4.526e-07,6970,4,23197094,"exposure",TRUE,"reported","o7ivlD","textfile","M18394",0.00365506234582496,25.5619047813622
"rs2472297","T","C",0.238,-0.0346,0.0071,9.637e-07,6970,15,72814933,"exposure",TRUE,"reported","o7ivlD","textfile","M18394",0.0033956701093271,23.7416481266811
"rs12895893","A","G",0.8282,-0.0375,0.0078,1.485e-06,6970,14,25778469,"exposure",TRUE,"reported","o7ivlD","textfile","M18394",0.0033052379295355,23.1072729279329
"rs27667","T","G",0.6338,-0.0564,0.012,2.647e-06,1640,3,10352312,"exposure",TRUE,"reported","o7ivlD","textfile","M18394",0.0132904957011955,22.0630609756098
"rs755677","T","G",0.87,0.0754,0.0164,4.511e-06,1640,17,68280368,"exposure",TRUE,"reported","o7ivlD","textfile","M18394",0.0127247540151568,21.1117894038101
"rs915529","A","G",0.0187,-0.1861,0.0405,4.23e-06,1640,21,32648197,"exposure",TRUE,"reported","o7ivlD","textfile","M18394",0.0127110991534191,21.0888427849711
"rs8096497","A","G",0.097,0.053,0.0101,1.464e-07,5330,18,4760395,"exposure",TRUE,"reported","o7ivlD","textfile","M18394",0.00513977197270816,27.5261833764228
"rs11660053","T","C",0.8153,-0.0326,0.007,3.676e-06,6970,18,47405250,"exposure",TRUE,"reported","o7ivlD","textfile","M18394",0.00310210875442902,21.682756068281
"rs17678706","A","G",0.1871,0.0511,0.0114,7.882e-06,6970,10,125526681,"exposure",TRUE,"reported","o7ivlD","textfile","M18394",0.00287441307823881,20.0866476518765
"rs2059238","A","C",0.1965,-0.0328,0.0071,4.307e-06,6970,16,76816311,"exposure",TRUE,"reported","o7ivlD","textfile","M18394",0.00305260390370338,21.3356733607944
"rs10899433","T","C",0.4203,-0.0236,0.0053,9.168e-06,6970,11,77426876,"exposure",TRUE,"reported","o7ivlD","textfile","M18394",0.00283665027946322,19.8220072497041
"rs6779362","T","C",0.7633,-0.0288,0.0063,5.739e-06,6970,3,198227527,"exposure",TRUE,"reported","o7ivlD","textfile","M18394",0.00298930971467272,20.891962638714
