"SNP","effect_allele.exposure","other_allele.exposure","eaf.exposure","beta.exposure","se.exposure","pval.exposure","samplesize.exposure","chr.exposure","pos.exposure","exposure","mr_keep.exposure","pval_origin.exposure","id.exposure","data_source.exposure","file_source","R2","F"
"rs2718107","A","C",0.5408,0.0257,0.0057,5.85e-06,5624,7,128625895,"exposure",TRUE,"reported","1pZ8ZI","textfile","M18476",0.00360167244460743,20.321794932416
"rs9914239","A","G",0.9123,-0.1056,0.0228,3.637e-06,1157,17,23734040,"exposure",TRUE,"reported","1pZ8ZI","textfile","M18476",0.0182031446496529,21.414442260407
"rs17807835","A","G",0.8027,0.0343,0.0072,1.71e-06,5624,12,82485020,"exposure",TRUE,"reported","1pZ8ZI","textfile","M18476",0.0040191012270405,22.6865667065091
"rs3807360","A","G",0.2011,0.0735,0.0164,7.436e-06,1157,7,55459465,"exposure",TRUE,"reported","1pZ8ZI","textfile","M18476",0.0170639236104783,20.050980163935
"rs795543","T","C",0.4091,-0.025,0.0055,5.185e-06,5624,5,13851819,"exposure",TRUE,"reported","1pZ8ZI","textfile","M18476",0.00366030067173838,20.6538095294076
"rs17107026","T","C",0.9608,-0.0781,0.016,1.084e-06,5624,14,69031586,"exposure",TRUE,"reported","1pZ8ZI","textfile","M18476",0.00421872044653571,23.8181283756001
"rs12590118","T","G",0.9201,-0.0463,0.01,3.838e-06,5624,14,29927663,"exposure",TRUE,"reported","1pZ8ZI","textfile","M18476",0.00379720832589591,21.4292766358464
"rs7837471","A","G",0.015,0.3403,0.0731,3.273e-06,1157,8,127237465,"exposure",TRUE,"reported","1pZ8ZI","textfile","M18476",0.0183863853745592,21.6340470335867
"rs10738265","T","C",0.1746,0.0354,0.0073,1.133e-06,5624,9,1213322,"exposure",TRUE,"reported","1pZ8ZI","textfile","M18476",0.00416392927979002,23.5074939533463
