"SNP","effect_allele.exposure","other_allele.exposure","eaf.exposure","beta.exposure","se.exposure","pval.exposure","samplesize.exposure","chr.exposure","pos.exposure","exposure","mr_keep.exposure","pval_origin.exposure","id.exposure","data_source.exposure","file_source","R2","F"
"rs8083552","A","G",0.3479,-0.0161,0.0036,5.688e-06,5979,18,69504957,"exposure",TRUE,"reported","wkNbnb","textfile","M35305",0.00333401717492818,19.9940812648797
"rs3993153","T","G",0.8085,0.0197,0.0045,9.918e-06,5979,11,11347161,"exposure",TRUE,"reported","wkNbnb","textfile","M35305",0.00319513358982879,19.1585275212214
"rs7800039","A","G",0.3424,-0.0169,0.0036,2.13e-06,5979,7,87815741,"exposure",TRUE,"reported","wkNbnb","textfile","M35305",0.00367233291052409,22.0304369046808
"rs1554690","A","C",0.5949,0.0158,0.0035,8.168e-06,5979,7,145377266,"exposure",TRUE,"reported","wkNbnb","textfile","M35305",0.00339681428240393,20.3719587262903
"rs2702042","T","C",0.35,-0.0157,0.0035,8.897e-06,5979,2,24400046,"exposure",TRUE,"reported","wkNbnb","textfile","M35305",0.00335409646364556,20.1149018844869
"rs1507362","T","C",0.3901,0.0333,0.0071,3.019e-06,1505,4,134809530,"exposure",TRUE,"reported","wkNbnb","textfile","M35305",0.0144056701353696,21.9681886932469
"rs12210574","T","C",0.4836,-0.0167,0.0036,3.057e-06,5979,6,103323524,"exposure",TRUE,"reported","wkNbnb","textfile","M35305",0.00358623797091635,21.5120918327314
"rs1386540","T","C",0.3484,-0.0361,0.0074,1.137e-06,1505,2,187669241,"exposure",TRUE,"reported","wkNbnb","textfile","M35305",0.015566848362119,23.7669495885398
"rs10491073","T","C",0.0171,0.1279,0.0267,1.641e-06,1505,10,65487863,"exposure",TRUE,"reported","wkNbnb","textfile","M35305",0.0150179407472901,22.9161178431026
"rs10415849","T","C",0.1248,-0.024,0.0053,5.785e-06,5979,19,19366087,"exposure",TRUE,"reported","wkNbnb","textfile","M35305",0.00341786800870203,20.4986587981395
