"SNP","effect_allele.exposure","other_allele.exposure","eaf.exposure","beta.exposure","se.exposure","pval.exposure","samplesize.exposure","chr.exposure","pos.exposure","exposure","mr_keep.exposure","pval_origin.exposure","id.exposure","data_source.exposure","file_source","R2","F"
"rs6599251","T","G",0.553,-0.028,0.0062,5.412e-06,4323,3,38760813,"exposure",TRUE,"reported","HqdtIe","textfile","M33633",0.00469573213052315,20.3859856638848
"rs7231703","A","T",0.3913,0.035,0.0069,3.668e-07,4323,18,3319846,"exposure",TRUE,"reported","HqdtIe","textfile","M33633",0.00591664447723741,25.7179849598211
"rs2283530","A","G",0.0497,0.1788,0.0401,8.264e-06,1189,16,22787418,"exposure",TRUE,"reported","HqdtIe","textfile","M33633",0.0164460876050231,19.8479267289243
"rs12071172","A","G",0.0265,0.0934,0.0206,5.583e-06,4323,1,117993596,"exposure",TRUE,"reported","HqdtIe","textfile","M33633",0.00473275244637701,20.5474694068974
"rs11934821","A","G",0.8122,0.0354,0.0079,7.798e-06,4323,4,172560909,"exposure",TRUE,"reported","HqdtIe","textfile","M33633",0.00462332650400612,20.0701848413277
"rs13376835","A","G",0.8266,-0.0401,0.0082,1.133e-06,4323,10,95342163,"exposure",TRUE,"reported","HqdtIe","textfile","M33633",0.00550148513515145,23.9034215875325
"rs2933259","T","C",0.5499,-0.0278,0.0062,6.527e-06,4323,3,150001565,"exposure",TRUE,"reported","HqdtIe","textfile","M33633",0.00462919924748258,20.0957973985673
"rs17090140","A","G",0.0502,0.0636,0.0142,7.072e-06,4323,18,52137550,"exposure",TRUE,"reported","HqdtIe","textfile","M33633",0.00461893321388163,20.0510247614254
"rs6917152","A","C",0.0265,0.0893,0.0195,4.916e-06,4323,6,6357178,"exposure",TRUE,"reported","HqdtIe","textfile","M33633",0.00482777150998449,20.9620004431748
"rs1246172","A","G",0.2836,0.0328,0.007,2.516e-06,4323,6,156995910,"exposure",TRUE,"reported","HqdtIe","textfile","M33633",0.00505319703579342,21.9457606442994
"rs1434384","A","G",0.5567,-0.0305,0.0062,7.151e-07,4323,4,158698957,"exposure",TRUE,"reported","HqdtIe","textfile","M33633",0.00556681352123202,24.1888560763123
