"SNP","effect_allele.exposure","other_allele.exposure","eaf.exposure","beta.exposure","se.exposure","pval.exposure","samplesize.exposure","chr.exposure","pos.exposure","exposure","mr_keep.exposure","pval_origin.exposure","id.exposure","data_source.exposure","file_source","R2","F"
"rs12893753","T","C",0.9005,0.1566,0.0296,1.263e-07,1162,14,19303680,"exposure",TRUE,"reported","ytPzjF","textfile","M32863",0.0235210577092657,27.9416439628911
"rs2714775","T","C",0.9695,-0.1526,0.0317,1.517e-06,1988,15,22987598,"exposure",TRUE,"reported","ytPzjF","textfile","M32863",0.0115223487874428,23.1501285474593
"rs982503","T","C",0.8001,0.0667,0.0141,2.211e-06,1988,8,98237990,"exposure",TRUE,"reported","ytPzjF","textfile","M32863",0.011131041619791,22.3550840276304
"rs7856961","A","G",0.1517,-0.0778,0.0164,2.152e-06,1988,9,1917121,"exposure",TRUE,"reported","ytPzjF","textfile","M32863",0.0111935134269863,22.4819698979122
"rs17483163","A","G",0.6475,-0.0544,0.0109,6.578e-07,1988,8,15917026,"exposure",TRUE,"reported","ytPzjF","textfile","M32863",0.012374304652022,24.8832823555253
"rs4447447","A","G",0.0449,0.2288,0.0485,2.36e-06,1162,16,11390494,"exposure",TRUE,"reported","ytPzjF","textfile","M32863",0.0187924462991756,22.2167446885457
"rs12479945","T","G",0.9236,-0.0918,0.0197,3.385e-06,1988,20,44807235,"exposure",TRUE,"reported","ytPzjF","textfile","M32863",0.0108048442479966,21.692808089227
"rs465818","T","C",0.963,-0.2195,0.045,1.07e-06,1162,5,127615147,"exposure",TRUE,"reported","ytPzjF","textfile","M32863",0.0200648188569172,23.7517647308812
"rs17700286","C","G",0.5903,0.0617,0.0129,1.768e-06,1988,15,34415174,"exposure",TRUE,"reported","ytPzjF","textfile","M32863",0.0113764167626707,22.8535552598084
"rs2022010","T","G",0.9217,-0.1119,0.0252,9.012e-06,1162,9,260613,"exposure",TRUE,"reported","ytPzjF","textfile","M32863",0.0166857335293308,19.6838910549877
"rs11177672","T","C",0.1109,0.0743,0.0165,7.014e-06,1988,12,68118334,"exposure",TRUE,"reported","ytPzjF","textfile","M32863",0.0100968537027537,20.2568822300192
"rs7961980","C","G",0.6612,-0.0493,0.011,6.829e-06,1988,12,16014138,"exposure",TRUE,"reported","ytPzjF","textfile","M32863",0.0100029019029627,20.06648627301
"rs7539884","T","C",0.749,0.0623,0.0133,2.667e-06,1988,1,15928518,"exposure",TRUE,"reported","ytPzjF","textfile","M32863",0.0109166484056401,21.9197539809494
"rs213190","T","G",0.5931,0.0529,0.0112,2.362e-06,1988,7,52621363,"exposure",TRUE,"reported","ytPzjF","textfile","M32863",0.0110971775620979,22.2863097751047
"rs10859956","T","C",0.7233,-0.0522,0.0117,7.996e-06,1988,12,94729110,"exposure",TRUE,"reported","ytPzjF","textfile","M32863",0.00991347808661622,19.8852999654733
