"SNP","effect_allele.exposure","other_allele.exposure","eaf.exposure","beta.exposure","se.exposure","pval.exposure","samplesize.exposure","chr.exposure","pos.exposure","exposure","mr_keep.exposure","pval_origin.exposure","id.exposure","data_source.exposure","file_source","R2","F"
"rs17305086","T","G",0.178,-0.0181,0.0041,8.209e-06,3007,4,183273908,"exposure",TRUE,"reported","1X7kCS","textfile","M35331",0.00643947315867352,19.4760322285874
"rs10108139","T","C",0.6059,0.0142,0.0031,6.447e-06,3007,8,134936808,"exposure",TRUE,"reported","1X7kCS","textfile","M35331",0.00692946917942975,20.9683544500917
"rs9885127","T","C",0.9868,-0.1433,0.0281,3.324e-07,1375,5,68357590,"exposure",TRUE,"reported","1X7kCS","textfile","M35331",0.0185626352498838,25.9685427857941
"rs6695423","A","G",0.7148,-0.0146,0.0033,7.476e-06,3007,1,75375689,"exposure",TRUE,"reported","1X7kCS","textfile","M35331",0.00646735270282612,19.5609021252217
"rs17301396","T","C",0.147,-0.0202,0.0045,7.165e-06,3007,3,59884713,"exposure",TRUE,"reported","1X7kCS","textfile","M35331",0.00665646652296851,20.1367213128215
"rs17815776","A","C",0.9885,-0.1079,0.0238,5.942e-06,1375,8,118799201,"exposure",TRUE,"reported","1X7kCS","textfile","M35331",0.0147279546431404,20.5237546526632
"rs764419","T","G",0.1973,-0.0187,0.0041,4.987e-06,3007,6,155224025,"exposure",TRUE,"reported","1X7kCS","textfile","M35331",0.00687049387237373,20.7886624645607
"rs10987651","A","G",0.1032,0.0346,0.0077,7.519e-06,1375,9,129240190,"exposure",TRUE,"reported","1X7kCS","textfile","M35331",0.0144722779282771,20.1622310063018
