"SNP","effect_allele.exposure","other_allele.exposure","eaf.exposure","beta.exposure","se.exposure","pval.exposure","samplesize.exposure","chr.exposure","pos.exposure","exposure","mr_keep.exposure","pval_origin.exposure","id.exposure","data_source.exposure","file_source","R2","F"
"rs2788445","C","G",0.5318,0.0129,0.0026,5.177e-07,7258,10,29531732,"exposure",TRUE,"reported","GT65Ze","textfile","M12626",0.00338022229719834,24.6100805314193
"rs8105499","A","C",0.2909,0.0123,0.0026,1.567e-06,7258,19,36715797,"exposure",TRUE,"reported","GT65Ze","textfile","M12626",0.00307403967500397,22.3740104777263
"rs17150563","T","C",0.7256,0.0117,0.0026,4.614e-06,7258,7,27694374,"exposure",TRUE,"reported","GT65Ze","textfile","M12626",0.00278226221962697,20.2444199503996
"rs729761","T","G",0.2479,-0.0139,0.0031,8.515e-06,7258,6,43912549,"exposure",TRUE,"reported","GT65Ze","textfile","M12626",0.00276240842668251,20.0995587344289
"rs16940342","A","G",0.88,0.0158,0.0035,5.363e-06,7258,16,23552087,"exposure",TRUE,"reported","GT65Ze","textfile","M12626",0.00279990587722271,20.373159975481
"rs6904862","T","C",0.7427,0.0115,0.0026,9.425e-06,7258,6,23483510,"exposure",TRUE,"reported","GT65Ze","textfile","M12626",0.00268820865296253,19.558218558261
"rs7844733","T","C",0.1881,-0.0126,0.0027,2.675e-06,7258,8,3528363,"exposure",TRUE,"reported","GT65Ze","textfile","M12626",0.00299154430843432,21.7717767367809
"rs684748","C","G",0.9142,0.018,0.0041,8.62e-06,7258,11,35461226,"exposure",TRUE,"reported","GT65Ze","textfile","M12626",0.00264855231275021,19.2689303513619
"rs4978089","A","G",0.2125,0.0117,0.0026,8.776e-06,7258,9,26641364,"exposure",TRUE,"reported","GT65Ze","textfile","M12626",0.00278226221962697,20.2444199503996
