"SNP","effect_allele.exposure","other_allele.exposure","eaf.exposure","beta.exposure","se.exposure","pval.exposure","samplesize.exposure","chr.exposure","pos.exposure","exposure","mr_keep.exposure","pval_origin.exposure","id.exposure","data_source.exposure","file_source","R2","F"
"rs10935899","C","G",0.8197,-0.0506,0.011,4.539e-06,7274,3,153967818,"exposure",TRUE,"reported","RcR7SX","textfile","M00569",0.00290055324352036,21.1541820181468
"rs1397829","A","G",0.5328,0.042,0.0085,7.076e-07,7274,4,23197094,"exposure",TRUE,"reported","RcR7SX","textfile","M00569",0.00334527759261384,24.4085119014207
"rs6603123","T","G",0.3939,0.0865,0.0193,7.84e-06,1713,19,7760674,"exposure",TRUE,"reported","RcR7SX","textfile","M00569",0.0115903674098061,20.0636638740655
"rs2446427","T","C",0.8371,-0.0554,0.0122,5.211e-06,7274,15,49459805,"exposure",TRUE,"reported","RcR7SX","textfile","M00569",0.00282681354352014,20.6148624608807
"rs2472297","T","C",0.2362,-0.0668,0.0104,1.502e-10,7274,15,72814933,"exposure",TRUE,"reported","RcR7SX","textfile","M00569",0.00563970934536784,41.244573767638
"rs6968554","A","G",0.3756,0.0644,0.0086,8.677e-14,7274,7,17253631,"exposure",TRUE,"reported","RcR7SX","textfile","M00569",0.00765008695292884,56.0602984796752
"rs2493277","C","G",0.6552,0.0605,0.0127,1.914e-06,7274,1,3336208,"exposure",TRUE,"reported","RcR7SX","textfile","M00569",0.00311012037034653,22.6873557403975
"rs8096497","A","G",0.097,0.089,0.0163,4.836e-08,5561,18,4760395,"exposure",TRUE,"reported","RcR7SX","textfile","M00569",0.00533248745985226,29.8022177417021
"rs16902976","T","G",0.0232,-0.1325,0.0294,6.361e-06,7274,5,36405215,"exposure",TRUE,"reported","RcR7SX","textfile","M00569",0.00278453578588166,20.3056861446581
"rs946712","A","C",0.9559,0.1039,0.0212,9.586e-07,7274,9,133378891,"exposure",TRUE,"reported","RcR7SX","textfile","M00569",0.00329120071663427,24.0126420360417
"rs384814","A","G",0.0255,0.1452,0.0326,8.35e-06,7274,8,9157328,"exposure",TRUE,"reported","RcR7SX","textfile","M00569",0.00271983099724938,19.8325522022317
"rs1039293","A","G",0.4948,0.0709,0.0153,3.393e-06,1713,3,25130298,"exposure",TRUE,"reported","RcR7SX","textfile","M00569",0.0123806046642976,21.448763238811
