"SNP","effect_allele.exposure","other_allele.exposure","eaf.exposure","beta.exposure","se.exposure","pval.exposure","samplesize.exposure","chr.exposure","pos.exposure","exposure","mr_keep.exposure","pval_origin.exposure","id.exposure","data_source.exposure","file_source","R2","F"
"rs1348656","T","C",0.798,-0.019,0.0043,9.688e-06,7338,3,146416210,"exposure",TRUE,"reported","mYL7cV","textfile","M34035",0.0026536191910916,19.5187457040343
"rs1034879","A","C",0.0455,0.0765,0.0172,8.886e-06,1768,7,147018442,"exposure",TRUE,"reported","mYL7cV","textfile","M34035",0.0110650011362318,19.7594301233515
"rs2242415","A","C",0.6232,0.0162,0.0035,4.356e-06,7338,5,17278333,"exposure",TRUE,"reported","mYL7cV","textfile","M34035",0.00291105315034651,21.4178343651443
"rs13132193","A","T",0.2154,0.0317,0.0068,3.543e-06,1768,4,103572614,"exposure",TRUE,"reported","mYL7cV","textfile","M34035",0.0121426278145433,21.7074664058463
"rs6125916","T","G",0.1936,-0.0204,0.0043,1.804e-06,7338,20,35761796,"exposure",TRUE,"reported","mYL7cV","textfile","M34035",0.00305784646665753,22.5011667927726
