"SNP","effect_allele.exposure","other_allele.exposure","eaf.exposure","beta.exposure","se.exposure","pval.exposure","samplesize.exposure","chr.exposure","pos.exposure","exposure","mr_keep.exposure","pval_origin.exposure","id.exposure","data_source.exposure","file_source","R2","F"
"rs400120","A","G",0.6474,0.0195,0.004,1.3e-06,7263,12,51117607,"exposure",TRUE,"reported","xU5NsJ","textfile","M31555",0.00326147789335546,23.7590807001239
"rs7531679","T","G",0.897,0.0492,0.0111,8.961e-06,1713,1,158900965,"exposure",TRUE,"reported","xU5NsJ","textfile","M31555",0.011338987931246,19.6235191977134
"rs4674858","T","C",0.0101,0.1484,0.0329,6.606e-06,1713,2,224624664,"exposure",TRUE,"reported","xU5NsJ","textfile","M31555",0.0117379101014609,20.3221032040818
"rs6752425","T","C",0.0314,0.0972,0.021,3.787e-06,1713,2,159031808,"exposure",TRUE,"reported","xU5NsJ","textfile","M31555",0.0123520416591949,21.3986604238893
"rs2197296","A","G",0.2529,0.0207,0.0045,4.747e-06,7263,6,160488987,"exposure",TRUE,"reported","xU5NsJ","textfile","M31555",0.00290493344462505,21.1541732066639
"rs12445174","A","C",0.8312,-0.0226,0.0049,3.608e-06,7263,16,8191748,"exposure",TRUE,"reported","xU5NsJ","textfile","M31555",0.00292037428773852,21.2669451430439
"rs11125947","T","C",0.3238,0.0177,0.004,9.817e-06,7263,2,63187605,"exposure",TRUE,"reported","xU5NsJ","textfile","M31555",0.00268869319932864,19.5752331164808
"rs11758777","T","C",0.7686,0.0184,0.0041,7.668e-06,7263,6,153840381,"exposure",TRUE,"reported","xU5NsJ","textfile","M31555",0.00276534455436794,20.1348465976575
"rs13142707","T","G",0.0571,0.0406,0.0091,7.315e-06,7263,4,158706012,"exposure",TRUE,"reported","xU5NsJ","textfile","M31555",0.00273315724347605,19.8998441480569
"rs1431844","T","C",0.0256,0.0563,0.0119,2.304e-06,7263,18,38325146,"exposure",TRUE,"reported","xU5NsJ","textfile","M31555",0.00307234841644012,22.3770720135371
"rs1927938","T","C",0.154,-0.0237,0.0049,1.392e-06,7263,9,73111699,"exposure",TRUE,"reported","xU5NsJ","textfile","M31555",0.00321064198435269,23.3875605321409
