"SNP","effect_allele.exposure","other_allele.exposure","eaf.exposure","beta.exposure","se.exposure","pval.exposure","samplesize.exposure","chr.exposure","pos.exposure","exposure","mr_keep.exposure","pval_origin.exposure","id.exposure","data_source.exposure","file_source","R2","F"
"rs4654649","T","C",0.5518,0.0144,0.0032,8.49e-06,7184,1,226962328,"exposure",TRUE,"reported","dk4O7d","textfile","M36300",0.00281084082312524,20.2443624721604
"rs1449969","A","G",0.7512,-0.0156,0.0034,5.275e-06,7184,2,23225345,"exposure",TRUE,"reported","dk4O7d","textfile","M36300",0.00292182532440713,21.0460423393778
"rs10894263","A","C",0.5535,0.0161,0.0035,4.841e-06,7184,11,130204320,"exposure",TRUE,"reported","dk4O7d","textfile","M36300",0.00293678419355018,21.1541091314031
"rs1557339","A","C",0.7675,0.0275,0.006,4.415e-06,1732,18,33383074,"exposure",TRUE,"reported","dk4O7d","textfile","M36300",0.011983377767566,20.9826870028227
"rs1374273","A","G",0.6234,0.0254,0.0052,1.047e-06,1732,2,46905055,"exposure",TRUE,"reported","dk4O7d","textfile","M36300",0.0135884835306299,23.8319161075201
"rs11670375","A","G",0.864,-0.0208,0.0044,2.711e-06,7184,19,50840077,"exposure",TRUE,"reported","dk4O7d","textfile","M36300",0.00310103123050387,22.3408860829391
"rs10899916","T","C",0.3837,0.0244,0.0051,2.066e-06,1732,10,43619326,"exposure",TRUE,"reported","dk4O7d","textfile","M36300",0.0130433601462427,22.8632263483666
"rs6913176","T","C",0.9804,0.082,0.0177,3.799e-06,1732,6,25065490,"exposure",TRUE,"reported","dk4O7d","textfile","M36300",0.0122400919150079,21.4377591554785
"rs11585904","C","G",0.1296,0.0219,0.0049,9.227e-06,7184,1,220310148,"exposure",TRUE,"reported","dk4O7d","textfile","M36300",0.00277283384821826,19.9698658177875
