"SNP","effect_allele.exposure","other_allele.exposure","eaf.exposure","beta.exposure","se.exposure","pval.exposure","samplesize.exposure","chr.exposure","pos.exposure","exposure","mr_keep.exposure","pval_origin.exposure","id.exposure","data_source.exposure","file_source","R2","F"
"rs10886877","T","C",0.9072,-0.1704,0.0356,1.747e-06,2433,10,85415671,"exposure",TRUE,"reported","6vQtLB","textfile","M18281",0.00932881769125796,22.8919102649141
"rs3800052","T","C",0.0846,0.1715,0.0377,5.46e-06,2433,6,1718296,"exposure",TRUE,"reported","6vQtLB","textfile","M18281",0.00843383573604902,20.6770414453931
"rs1951656","T","C",0.986,-0.42,0.0887,2.201e-06,2078,14,53600379,"exposure",TRUE,"reported","6vQtLB","textfile","M18281",0.0106744382257074,22.3992329853742
"rs7016707","T","G",0.099,0.1439,0.0317,5.81e-06,2433,8,41705979,"exposure",TRUE,"reported","6vQtLB","textfile","M18281",0.00839843102497806,20.5895053623457
"rs735507","A","G",0.8134,-0.1128,0.0246,4.6e-06,2433,19,63412172,"exposure",TRUE,"reported","6vQtLB","textfile","M18281",0.00856779170647265,21.0082963456322
"rs7663798","A","G",0.0486,0.1966,0.0438,7.231e-06,2433,4,141934880,"exposure",TRUE,"reported","6vQtLB","textfile","M18281",0.00821287406760975,20.1308288203373
"rs11824477","T","C",0.5787,0.0951,0.0215,9.593e-06,2433,11,110608528,"exposure",TRUE,"reported","6vQtLB","textfile","M18281",0.00797744013473215,19.5491088127751
"rs17682068","A","G",0.9239,-0.1836,0.0349,1.453e-07,2433,8,119467436,"exposure",TRUE,"reported","6vQtLB","textfile","M18281",0.0112470898758524,27.6526877526603
"rs919028","A","T",0.9514,-0.5485,0.1233,8.689e-06,355,4,99427354,"exposure",TRUE,"reported","6vQtLB","textfile","M18281",0.0528007513393319,19.677660480769
"rs37058","A","T",0.0686,0.1894,0.0416,5.251e-06,2433,16,57120700,"exposure",TRUE,"reported","6vQtLB","textfile","M18281",0.00844786052684561,20.7117186511983
"rs17021783","A","G",0.9857,-0.3999,0.0838,1.844e-06,2433,3,28732743,"exposure",TRUE,"reported","6vQtLB","textfile","M18281",0.00927313541011114,22.7539930405661
"rs1484976","T","C",0.9823,-0.3427,0.0774,9.532e-06,2433,15,23390456,"exposure",TRUE,"reported","6vQtLB","textfile","M18281",0.00799316618681301,19.5879567940574
"rs219633","A","G",0.121,0.1483,0.0297,5.96e-07,2433,21,26789930,"exposure",TRUE,"reported","6vQtLB","textfile","M18281",0.0101437705051699,24.9122098374355
