"SNP","effect_allele.exposure","other_allele.exposure","eaf.exposure","beta.exposure","se.exposure","pval.exposure","samplesize.exposure","chr.exposure","pos.exposure","exposure","mr_keep.exposure","pval_origin.exposure","id.exposure","data_source.exposure","file_source","R2","F"
"rs8081778","T","C",0.1587,0.0259,0.0052,7.059e-07,6998,17,70823867,"exposure",TRUE,"reported","Vn5stT","textfile","M33957",0.00353249895351015,24.8009720866993
"rs6833678","T","C",0.3165,-0.018,0.0039,3.501e-06,6998,4,88526301,"exposure",TRUE,"reported","Vn5stT","textfile","M33957",0.00303474274654334,21.2956871870408
"rs10849438","T","G",0.8893,0.0287,0.0065,9.679e-06,6998,12,6282297,"exposure",TRUE,"reported","Vn5stT","textfile","M33957",0.00277814513237397,19.4900495323262
"rs7727774","A","G",0.4534,0.0267,0.0059,6.379e-06,1730,5,53199992,"exposure",TRUE,"reported","Vn5stT","textfile","M33957",0.0116993431766304,20.4557842490946
"rs12100883","T","C",0.1216,-0.0266,0.006,9.11e-06,6998,14,75698567,"exposure",TRUE,"reported","Vn5stT","textfile","M33957",0.00280071419874542,19.6488272839859
"rs10019315","T","C",0.4852,0.0173,0.0039,7.26e-06,6998,4,146813512,"exposure",TRUE,"reported","Vn5stT","textfile","M33957",0.00280394574160285,19.671562401881
"rs6573597","A","G",0.0874,-0.0327,0.0072,6.327e-06,6998,14,64790636,"exposure",TRUE,"reported","Vn5stT","textfile","M33957",0.00293885640120819,20.6208410736401
"rs12201199","A","T",0.9375,-0.0391,0.0079,7.651e-07,6998,6,18247781,"exposure",TRUE,"reported","Vn5stT","textfile","M33957",0.00348825172125775,24.4892336533628
"rs3824359","T","C",0.8602,0.0241,0.0054,8.735e-06,6998,9,138245050,"exposure",TRUE,"reported","Vn5stT","textfile","M33957",0.00283816914072928,19.9123459142353
"rs6530980","T","C",0.0364,0.0491,0.0107,4.019e-06,6998,8,12677606,"exposure",TRUE,"reported","Vn5stT","textfile","M33957",0.00299996828070587,21.0509302147419
