"SNP","effect_allele.exposure","other_allele.exposure","eaf.exposure","beta.exposure","se.exposure","pval.exposure","samplesize.exposure","chr.exposure","pos.exposure","exposure","mr_keep.exposure","pval_origin.exposure","id.exposure","data_source.exposure","file_source","R2","F"
"rs12211633","T","C",0.747,0.016,0.0036,6.738e-06,7313,6,34158895,"exposure",TRUE,"reported","tkuNGB","textfile","M32761",0.00269381584064732,19.7476842355825
"rs3769545","A","G",0.6672,-0.0172,0.0035,8.128e-07,7313,2,33389655,"exposure",TRUE,"reported","tkuNGB","textfile","M32761",0.00329149648159008,24.143599349216
"rs2279399","T","C",0.4592,0.016,0.0034,3.289e-06,7313,12,52867750,"exposure",TRUE,"reported","tkuNGB","textfile","M32761",0.0030190715694502,22.1392722917949
"rs2132551","A","C",0.964,0.054,0.0116,3.559e-06,5579,20,24230913,"exposure",TRUE,"reported","tkuNGB","textfile","M32761",0.00386929202465137,21.6628615589418
"rs458582","T","G",0.4996,0.0163,0.0033,1.036e-06,7313,21,41726376,"exposure",TRUE,"reported","tkuNGB","textfile","M32761",0.00332510431859328,24.3909400934748
"rs559555","A","T",0.5581,0.0327,0.0034,4.397e-22,7313,2,31664478,"exposure",TRUE,"reported","tkuNGB","textfile","M32761",0.0124906010064297,92.4738377691148
"rs798727","T","C",0.8227,-0.0211,0.0047,7.995e-06,7313,4,1654935,"exposure",TRUE,"reported","tkuNGB","textfile","M32761",0.00274839004877974,20.1488565635021
"rs7841945","A","T",0.8698,0.0394,0.0084,2.493e-06,1734,8,69895811,"exposure",TRUE,"reported","tkuNGB","textfile","M32761",0.012528792591648,21.975191383743
"rs207420","T","C",0.9512,0.0656,0.0081,8.28e-16,7313,2,31398228,"exposure",TRUE,"reported","tkuNGB","textfile","M32761",0.00888923242931364,65.5720636049663
"rs1711161","T","G",0.7246,-0.0156,0.0035,9.419e-06,7313,3,137563227,"exposure",TRUE,"reported","tkuNGB","textfile","M32761",0.00270918930159669,19.8606893510857
"rs2954021","A","G",0.5064,0.0172,0.0034,3.45e-07,7313,8,126551259,"exposure",TRUE,"reported","tkuNGB","textfile","M32761",0.00348727611013116,25.5846965422055
"rs3742879","A","G",0.6777,-0.0161,0.0035,4.599e-06,7313,14,67184754,"exposure",TRUE,"reported","tkuNGB","textfile","M32761",0.00288512931269566,21.1542130452619
"rs7974646","A","G",0.0866,-0.0297,0.0067,8.693e-06,7313,12,118214350,"exposure",TRUE,"reported","tkuNGB","textfile","M32761",0.00267979970753669,19.644659414354
