"SNP","effect_allele.exposure","other_allele.exposure","eaf.exposure","beta.exposure","se.exposure","pval.exposure","samplesize.exposure","chr.exposure","pos.exposure","exposure","mr_keep.exposure","pval_origin.exposure","id.exposure","data_source.exposure","file_source","R2","F"
"rs12098538","T","C",0.0626,0.0642,0.0124,2.209e-07,922,10,78092163,"exposure",TRUE,"reported","LLi9p0","textfile","M36738",0.0282520140743237,26.74752438372
"rs4930211","T","G",0.9025,0.0477,0.0103,3.295e-06,922,11,67180468,"exposure",TRUE,"reported","LLi9p0","textfile","M36738",0.0227323794810425,21.4002681388883
"rs690111","T","G",0.2596,-0.037,0.0075,8.296e-07,922,9,92417110,"exposure",TRUE,"reported","LLi9p0","textfile","M36738",0.0257178550294468,24.2849843335744
"rs1889603","A","G",0.747,-0.086,0.019,6.002e-06,274,1,70927362,"exposure",TRUE,"reported","LLi9p0","textfile","M36738",0.0695701251058226,20.3379905776735
"rs11044362","C","G",0.9662,0.0982,0.0204,1.411e-06,922,12,18977413,"exposure",TRUE,"reported","LLi9p0","textfile","M36738",0.0245161243084784,23.1216885546273
"rs1959363","T","C",0.1197,-0.0447,0.0094,2.06e-06,922,14,44104766,"exposure",TRUE,"reported","LLi9p0","textfile","M36738",0.0239389662929856,22.5640080168979
"rs17249529","T","G",0.3177,0.0322,0.0066,1.222e-06,922,8,34916945,"exposure",TRUE,"reported","LLi9p0","textfile","M36738",0.0251665325215369,23.7509386907928
"rs1491633","A","G",0.0765,0.059,0.0118,5.475e-07,922,15,66744196,"exposure",TRUE,"reported","LLi9p0","textfile","M36738",0.0263991552270327,24.9457700650759
"rs10145517","A","G",0.7599,-0.0373,0.0079,2.457e-06,648,14,38878062,"exposure",TRUE,"reported","LLi9p0","textfile","M36738",0.0332582171430812,22.2239367899652
"rs12143405","T","G",0.2971,-0.0328,0.0073,6.05e-06,922,1,69050862,"exposure",TRUE,"reported","LLi9p0","textfile","M36738",0.0214271402742365,20.1446104460959
