"SNP","effect_allele.exposure","other_allele.exposure","eaf.exposure","beta.exposure","se.exposure","pval.exposure","samplesize.exposure","chr.exposure","pos.exposure","exposure","mr_keep.exposure","pval_origin.exposure","id.exposure","data_source.exposure","file_source","R2","F"
"rs1402168","T","G",0.8834,0.1077,0.0239,6.494e-06,471,2,50389572,"exposure",TRUE,"reported","qhjUBZ","textfile","M33835",0.0413316813901978,20.2202974644171
"rs542320","A","T",0.3812,0.0853,0.0162,1.517e-07,471,15,27324237,"exposure",TRUE,"reported","qhjUBZ","textfile","M33835",0.0555913332685947,27.6070479035386
"rs1041323","T","C",0.3811,-0.0729,0.0156,3.004e-06,471,9,89254859,"exposure",TRUE,"reported","qhjUBZ","textfile","M33835",0.044310023840022,21.7449190630536
"rs9349529","A","C",0.5228,-0.0348,0.0078,8.837e-06,2660,6,50369837,"exposure",TRUE,"reported","qhjUBZ","textfile","M33835",0.00742762263084451,19.8903590336789
"rs2028829","T","C",0.9566,-0.0848,0.019,7.735e-06,2660,5,142853223,"exposure",TRUE,"reported","qhjUBZ","textfile","M33835",0.00743297562634281,19.9048011163643
"rs10261620","T","G",0.6829,-0.041,0.0087,2.268e-06,2660,7,149144961,"exposure",TRUE,"reported","qhjUBZ","textfile","M33835",0.00828011924159822,22.1923119332219
"rs9317917","A","C",0.1628,-0.0479,0.0105,5.295e-06,2660,13,69770456,"exposure",TRUE,"reported","qhjUBZ","textfile","M33835",0.00776294011413813,20.7953277070227
"rs4530331","A","G",0.3391,-0.0367,0.0079,3.388e-06,2660,2,186858303,"exposure",TRUE,"reported","qhjUBZ","textfile","M33835",0.00804798159915042,21.5650905424112
"rs13103561","T","C",0.7102,-0.0418,0.0085,9.868e-07,2660,4,73747546,"exposure",TRUE,"reported","qhjUBZ","textfile","M33835",0.00900953858935471,24.1650696984676
