"SNP","effect_allele.exposure","other_allele.exposure","eaf.exposure","beta.exposure","se.exposure","pval.exposure","samplesize.exposure","chr.exposure","pos.exposure","exposure","mr_keep.exposure","pval_origin.exposure","id.exposure","data_source.exposure","file_source","R2","F"
"rs8096862","T","C",0.2292,-0.0528,0.0119,9.846e-06,1155,18,68320470,"exposure",TRUE,"reported","bE7O3j","textfile","M33637",0.0167591448233723,19.6526556841224
"rs10228942","A","T",0.8711,0.0711,0.0159,7.75e-06,1155,7,120573724,"exposure",TRUE,"reported","bE7O3j","textfile","M33637",0.0170180005599043,19.9614587619572
"rs10186642","A","G",0.0229,-0.1988,0.0436,5.118e-06,1155,2,168426249,"exposure",TRUE,"reported","bE7O3j","textfile","M33637",0.0176819405387312,20.7542529069842
"rs1993342","A","C",0.2758,-0.0533,0.0113,2.448e-06,1155,8,15746254,"exposure",TRUE,"reported","bE7O3j","textfile","M33637",0.0188985918573651,22.2098105564783
"rs10794793","T","C",0.3454,-0.0202,0.0045,6.818e-06,5080,10,1892639,"exposure",TRUE,"reported","bE7O3j","textfile","M33637",0.00395088830113352,20.1421903373189
"rs2171596","A","C",0.6593,-0.0204,0.0045,5.382e-06,5080,3,1991318,"exposure",TRUE,"reported","bE7O3j","textfile","M33637",0.00402919423086307,20.5430201224847
"rs830133","A","G",0.0673,0.0885,0.0198,7.508e-06,1155,19,52666390,"exposure",TRUE,"reported","bE7O3j","textfile","M33637",0.0170030313361813,19.9435967307868
"rs12723593","C","G",0.7407,0.0234,0.0053,8.455e-06,5080,1,180805205,"exposure",TRUE,"reported","bE7O3j","textfile","M33637",0.00382254820350846,19.4853835954735
"rs262749","A","C",0.6982,0.0208,0.0046,5.33e-06,5080,5,164980879,"exposure",TRUE,"reported","bE7O3j","textfile","M33637",0.00400869340907945,20.4380751082863
"rs12461383","C","G",0.5028,-0.0329,0.0061,6.793e-08,5080,19,46062178,"exposure",TRUE,"reported","bE7O3j","textfile","M33637",0.00569362210279029,29.0777708769339
"rs719203","T","C",0.3283,-0.0201,0.0045,9.274e-06,5080,20,51997906,"exposure",TRUE,"reported","bE7O3j","textfile","M33637",0.0039120200716521,19.9432563429571
