"SNP","effect_allele.exposure","other_allele.exposure","eaf.exposure","beta.exposure","se.exposure","pval.exposure","samplesize.exposure","chr.exposure","pos.exposure","exposure","mr_keep.exposure","pval_origin.exposure","id.exposure","data_source.exposure","file_source","R2","F"
"rs6430553","T","C",0.4007,-0.0204,0.0035,4.809e-09,7044,2,135347870,"exposure",TRUE,"reported","yuM0Cq","textfile","M33509",0.0047997143422606,33.9625991725481
"rs17421232","C","G",0.2887,-0.0191,0.0042,6.179e-06,7044,7,124959568,"exposure",TRUE,"reported","yuM0Cq","textfile","M33509",0.0029273564473138,20.6749671002226
"rs16939910","A","T",0.2762,-0.0333,0.007,1.924e-06,1733,18,12827993,"exposure",TRUE,"reported","yuM0Cq","textfile","M33509",0.0128901892209427,22.60429113134
"rs7600589","C","G",0.7048,0.0164,0.0036,5.588e-06,7044,2,118328990,"exposure",TRUE,"reported","yuM0Cq","textfile","M33509",0.00293755297119241,20.7471940045289
"rs281796","A","C",0.8247,-0.0356,0.0078,5.619e-06,1733,3,194747401,"exposure",TRUE,"reported","yuM0Cq","textfile","M33509",0.011877445337098,20.8069917860854
"rs12953402","T","C",0.1905,0.022,0.0044,7.331e-07,7044,18,44106015,"exposure",TRUE,"reported","yuM0Cq","textfile","M33509",0.00353656811430188,24.9929017603634
"rs537721","T","C",0.9625,-0.0417,0.009,3.89e-06,7044,6,163406627,"exposure",TRUE,"reported","yuM0Cq","textfile","M33509",0.00303840856019441,21.4616824405325
"rs9648853","T","C",0.6009,-0.0161,0.0035,3.672e-06,7044,7,147669980,"exposure",TRUE,"reported","yuM0Cq","textfile","M33509",0.00299497817459194,21.1539920499716
