"SNP","effect_allele.exposure","other_allele.exposure","eaf.exposure","beta.exposure","se.exposure","pval.exposure","samplesize.exposure","chr.exposure","pos.exposure","exposure","mr_keep.exposure","pval_origin.exposure","id.exposure","data_source.exposure","file_source","R2","F"
"rs2424200","T","C",0.1163,0.0152,0.0034,6.428e-06,7348,20,18383035,"exposure",TRUE,"reported","jJGCuk","textfile","M01670",0.00271256741500215,19.9807192786494
"rs980922","C","G",0.8056,-0.012,0.0026,3.569e-06,7348,1,95626573,"exposure",TRUE,"reported","jJGCuk","textfile","M01670",0.0028906096938202,21.2959771688468
"rs1569823","T","C",0.8757,-0.0152,0.0034,8.248e-06,7348,20,56639242,"exposure",TRUE,"reported","jJGCuk","textfile","M01670",0.00271256741500215,19.9807192786494
"rs12654812","A","G",0.2913,0.0118,0.0025,3.362e-06,7348,5,176726797,"exposure",TRUE,"reported","jJGCuk","textfile","M01670",0.00302273520631188,22.2723362003266
"rs1792544","A","G",0.8963,-0.0155,0.0034,5.829e-06,7348,11,15137109,"exposure",TRUE,"reported","jJGCuk","textfile","M01670",0.0028203941320306,20.7772152298109
"rs2049664","C","G",0.1916,0.0123,0.0026,3.006e-06,7348,6,108162673,"exposure",TRUE,"reported","jJGCuk","textfile","M01670",0.00303650245655839,22.3740860130197
"rs686346","T","C",0.7658,0.0128,0.0027,1.443e-06,7348,9,134968199,"exposure",TRUE,"reported","jJGCuk","textfile","M01670",0.00304927754604625,22.4685055627615
"rs7990832","A","G",0.1792,0.0122,0.0026,3.874e-06,7348,13,42641933,"exposure",TRUE,"reported","jJGCuk","textfile","M01670",0.00298747604439224,22.0117586236886
"rs7739842","T","G",0.8202,0.0134,0.0027,8.001e-07,7348,6,131996490,"exposure",TRUE,"reported","jJGCuk","textfile","M01670",0.00334086995092516,24.6242972341886
"rs2170700","A","G",0.8663,0.0326,0.0069,2.431e-06,1761,15,91656212,"exposure",TRUE,"reported","jJGCuk","textfile","M01670",0.0125172003146614,22.2968494848774
"rs10075187","T","G",0.9687,0.0316,0.0068,3.438e-06,7348,5,4198329,"exposure",TRUE,"reported","jJGCuk","textfile","M01670",0.00293030420980621,21.5892778770863
"rs6753621","A","G",0.2183,-0.0117,0.0026,7.017e-06,7348,2,218519153,"exposure",TRUE,"reported","jJGCuk","textfile","M01670",0.00274827808502697,20.244488296135
"rs9646626","T","C",0.948,-0.0226,0.0051,7.979e-06,7348,18,56678285,"exposure",TRUE,"reported","jJGCuk","textfile","M01670",0.00266531351927003,19.6317177954043
"rs6074893","A","C",0.7512,-0.0115,0.0026,8.524e-06,7348,20,15367872,"exposure",TRUE,"reported","jJGCuk","textfile","M01670",0.00265537028310363,19.5582845873611
