"SNP","effect_allele.exposure","other_allele.exposure","eaf.exposure","beta.exposure","se.exposure","pval.exposure","samplesize.exposure","chr.exposure","pos.exposure","exposure","mr_keep.exposure","pval_origin.exposure","id.exposure","data_source.exposure","file_source","R2","F"
"rs7160223","A","T",0.419,-0.0119,0.0026,5.521e-06,7337,14,71969282,"exposure",TRUE,"reported","rSbadc","textfile","M15365",0.00284701987726914,20.9425145549872
"rs333383","A","G",0.8384,-0.0127,0.0027,3.384e-06,7337,4,173484602,"exposure",TRUE,"reported","rSbadc","textfile","M15365",0.00300644832744992,22.1187975036051
"rs1813982","T","C",0.2209,-0.0122,0.0027,6.59e-06,7337,15,35581521,"exposure",TRUE,"reported","rSbadc","textfile","M15365",0.00277502411179745,20.411444109595
"rs4816048","C","G",0.1794,0.0123,0.0027,7.131e-06,7337,20,8098561,"exposure",TRUE,"reported","rSbadc","textfile","M15365",0.00282057391380219,20.7474293156452
"rs7867387","A","G",0.9051,0.0167,0.0036,4.16e-06,7337,9,81306761,"exposure",TRUE,"reported","rSbadc","textfile","M15365",0.00292440493460958,21.5134241591326
"rs6130362","C","G",0.2071,0.0124,0.0027,5.617e-06,7337,20,41449679,"exposure",TRUE,"reported","rSbadc","textfile","M15365",0.00286649133891208,21.0861572580713
"rs11020587","A","G",0.9798,-0.0362,0.008,7.02e-06,7337,11,93282737,"exposure",TRUE,"reported","rSbadc","textfile","M15365",0.00278296878489489,20.4700435293717
"rs2517897","A","C",0.1141,0.0171,0.0035,1.232e-06,7337,6,29908080,"exposure",TRUE,"reported","rSbadc","textfile","M15365",0.00324285083418487,23.8636972793752
"rs874758","A","G",0.1855,-0.0134,0.0028,1.433e-06,7337,10,88090069,"exposure",TRUE,"reported","rSbadc","textfile","M15365",0.00311186995724905,22.8968180566489
"rs13120638","T","G",0.9213,0.0443,0.0096,3.958e-06,1760,4,186774466,"exposure",TRUE,"reported","rSbadc","textfile","M15365",0.011954441437223,21.2701811819366
"rs7813124","A","T",0.9866,-0.0433,0.0098,9.412e-06,7337,8,134958381,"exposure",TRUE,"reported","rSbadc","textfile","M15365",0.00265369560399228,19.5166484996115
"rs4075155","T","C",0.7961,-0.012,0.0027,8.879e-06,7337,8,57357171,"exposure",TRUE,"reported","rSbadc","textfile","M15365",0.00268502778164683,19.7477019066224
"rs11062138","A","G",0.1724,0.0131,0.0027,1.46e-06,7337,12,2151203,"exposure",TRUE,"reported","rSbadc","textfile","M15365",0.00319819808067115,23.5340494735797
"rs1159317","C","G",0.2439,-0.0149,0.0034,9.272e-06,7337,18,53138592,"exposure",TRUE,"reported","rSbadc","textfile","M15365",0.00261072349885163,19.1997821866041
