"SNP","effect_allele.exposure","other_allele.exposure","eaf.exposure","beta.exposure","se.exposure","pval.exposure","samplesize.exposure","chr.exposure","pos.exposure","exposure","mr_keep.exposure","pval_origin.exposure","id.exposure","data_source.exposure","file_source","R2","F"
"rs9861865","C","G",0.3202,-0.0195,0.0042,2.788e-06,7166,3,117766217,"exposure",TRUE,"reported","PPgQak","textfile","M33138",0.00299908927064279,21.5501062272523
"rs17751533","T","C",0.125,-0.0259,0.0058,7.499e-06,7166,3,128168377,"exposure",TRUE,"reported","PPgQak","textfile","M33138",0.00277498029350729,19.9352788285811
"rs7916009","A","G",0.6156,0.0193,0.0042,3.918e-06,7166,10,54911546,"exposure",TRUE,"reported","PPgQak","textfile","M33138",0.00293806479896432,21.1103197070065
"rs3923630","A","G",0.333,-0.028,0.005,2.144e-08,5568,12,69575442,"exposure",TRUE,"reported","PPgQak","textfile","M33138",0.00560064007315122,31.3487356321839
"rs17685204","T","C",0.9177,0.0333,0.0074,6.832e-06,7166,19,33606816,"exposure",TRUE,"reported","PPgQak","textfile","M33138",0.00281788137067316,20.2443483114708
"rs887829","T","C",0.3275,0.0932,0.0041,3e-114,7166,2,234333309,"exposure",TRUE,"reported","PPgQak","textfile","M33138",0.0672587065716739,516.586300268154
"rs1398968","A","G",0.6243,0.0182,0.0041,9.588e-06,7166,2,177428827,"exposure",TRUE,"reported","PPgQak","textfile","M33138",0.00274224139572504,19.6994379732569
"rs10849603","A","T",0.171,-0.0227,0.005,6.511e-06,7166,12,933680,"exposure",TRUE,"reported","PPgQak","textfile","M33138",0.00286805537118494,20.6058473904549
"rs894137","A","G",0.2902,-0.0192,0.0042,4.99e-06,7166,11,13086772,"exposure",TRUE,"reported","PPgQak","textfile","M33138",0.00290778570982343,20.892126652503
"rs3779259","T","G",0.0881,0.0308,0.0066,2.977e-06,7166,7,123135592,"exposure",TRUE,"reported","PPgQak","textfile","M33138",0.00302983459576442,21.7716996929947
"rs4363657","T","C",0.8302,-0.0239,0.005,1.475e-06,7166,12,21259989,"exposure",TRUE,"reported","PPgQak","textfile","M33138",0.00317831156378259,22.8420231091264
"rs13212376","T","G",0.0741,-0.0333,0.0073,4.614e-06,7166,6,87837389,"exposure",TRUE,"reported","PPgQak","textfile","M33138",0.00289538732101357,20.8027868931534
"rs1188542","T","C",0.605,-0.0182,0.0041,7.965e-06,7166,14,19719006,"exposure",TRUE,"reported","PPgQak","textfile","M33138",0.00274224139572504,19.6994379732569
"rs12500784","A","T",0.9481,-0.0395,0.0086,4.759e-06,7166,4,153203617,"exposure",TRUE,"reported","PPgQak","textfile","M33138",0.00293524158181086,21.089974863271
