"SNP","effect_allele.exposure","other_allele.exposure","eaf.exposure","beta.exposure","se.exposure","pval.exposure","samplesize.exposure","chr.exposure","pos.exposure","exposure","mr_keep.exposure","pval_origin.exposure","id.exposure","data_source.exposure","file_source","R2","F"
"rs7463380","C","G",0.8421,0.0763,0.0169,6.402e-06,955,8,29820775,"exposure",TRUE,"reported","W13D3l","textfile","M01605",0.020897788363555,20.3406672702552
"rs312306","C","G",0.2278,-0.0654,0.0145,6.231e-06,955,5,161996442,"exposure",TRUE,"reported","W13D3l","textfile","M01605",0.0208574891848187,20.3006068816106
"rs2720445","T","C",0.536,0.033,0.0073,5.56e-06,4207,16,78105021,"exposure",TRUE,"reported","W13D3l","textfile","M01605",0.00483398373126992,20.4256387956289
"rs12587564","A","G",0.1148,0.0456,0.0097,2.63e-06,5162,14,53643881,"exposure",TRUE,"reported","W13D3l","textfile","M01605",0.00426297584891825,22.0911293312325
"rs9573265","T","C",0.0158,0.2216,0.0488,5.552e-06,955,13,73095347,"exposure",TRUE,"reported","W13D3l","textfile","M01605",0.0211358119640226,20.5773477545725
"rs17118371","T","C",0.2298,0.0343,0.0071,1.442e-06,5162,14,46883203,"exposure",TRUE,"reported","W13D3l","textfile","M01605",0.00450084893274266,23.329382519366
"rs2421668","A","G",0.644,0.034,0.0073,2.867e-06,4207,2,73738604,"exposure",TRUE,"reported","W13D3l","textfile","M01605",0.00512986570091472,21.6823126241938
"rs10174534","A","G",0.5571,-0.028,0.0063,7.572e-06,5162,2,2428778,"exposure",TRUE,"reported","W13D3l","textfile","M01605",0.00381204702160001,19.7454331510899
"rs11736497","T","C",0.0214,0.1146,0.0252,5.557e-06,5162,4,137041133,"exposure",TRUE,"reported","W13D3l","textfile","M01605",0.00399037479727362,20.6728262789037
"rs3760877","T","C",0.4762,0.0577,0.013,9.553e-06,955,19,493672,"exposure",TRUE,"reported","W13D3l","textfile","M01605",0.0202112876006325,19.6586844078193
"rs6763802","T","G",0.0798,-0.0576,0.0116,6.503e-07,5162,3,23138812,"exposure",TRUE,"reported","W13D3l","textfile","M01605",0.00475380664460022,24.646808447905
