"SNP","effect_allele.exposure","other_allele.exposure","eaf.exposure","beta.exposure","se.exposure","pval.exposure","samplesize.exposure","chr.exposure","pos.exposure","exposure","mr_keep.exposure","pval_origin.exposure","id.exposure","data_source.exposure","file_source","R2","F"
"rs11220964","A","G",0.0181,0.3839,0.0862,8.419e-06,405,11,126915000,"exposure",TRUE,"reported","QrhdXg","textfile","M21151",0.046687637103497,19.7365716474527
"rs7133595","A","G",0.3868,0.0519,0.0108,1.662e-06,2339,12,128320468,"exposure",TRUE,"reported","QrhdXg","textfile","M21151",0.00977665173932544,23.0736178407993
"rs2717871","A","G",0.8155,-0.0618,0.0137,6.641e-06,2339,7,25282850,"exposure",TRUE,"reported","QrhdXg","textfile","M21151",0.00862469391204652,20.33126057173
"rs7628676","A","G",0.8283,-0.0653,0.0139,2.499e-06,2339,3,176184579,"exposure",TRUE,"reported","QrhdXg","textfile","M21151",0.00934733808599492,22.0508458179123
"rs8078549","A","G",0.0266,0.1884,0.0407,3.597e-06,2339,17,59560099,"exposure",TRUE,"reported","QrhdXg","textfile","M21151",0.00907783530685498,21.4092507646043
"rs6016809","T","C",0.9615,-0.1345,0.0282,1.82e-06,2339,20,40556248,"exposure",TRUE,"reported","QrhdXg","textfile","M21151",0.00963191775578289,22.7287128885015
"rs3112989","A","G",0.5555,-0.0514,0.0109,2.229e-06,2339,2,95108847,"exposure",TRUE,"reported","QrhdXg","textfile","M21151",0.0094174579572041,22.2178347708405
"rs12903092","A","T",0.0282,0.1524,0.0344,9.587e-06,2339,15,23389299,"exposure",TRUE,"reported","QrhdXg","textfile","M21151",0.00832135002598254,19.6101781673234
"rs11773215","A","G",0.2525,0.0974,0.0219,8.623e-06,405,7,46807339,"exposure",TRUE,"reported","QrhdXg","textfile","M21151",0.0465656281013962,19.6824749326935
"rs822406","A","G",0.063,0.1625,0.0332,1.026e-06,2339,5,154742780,"exposure",TRUE,"reported","QrhdXg","textfile","M21151",0.0101385247002835,23.9364121301806
