"SNP","effect_allele.exposure","other_allele.exposure","eaf.exposure","beta.exposure","se.exposure","pval.exposure","samplesize.exposure","chr.exposure","pos.exposure","exposure","mr_keep.exposure","pval_origin.exposure","id.exposure","data_source.exposure","file_source","R2","F"
"rs11822948","T","C",0.8079,0.0477,0.0105,5.692e-06,4296,11,69551581,"exposure",TRUE,"reported","QZbCBM","textfile","M34499",0.00478093209737511,20.6279432219815
"rs1936458","A","G",0.3221,-0.0393,0.0089,9.967e-06,4296,10,56568310,"exposure",TRUE,"reported","QZbCBM","textfile","M34499",0.00451828997780041,19.4895968146339
"rs17198824","A","G",0.9879,-0.3408,0.0698,1.056e-06,1235,20,49223747,"exposure",TRUE,"reported","QZbCBM","textfile","M34499",0.0189373031778812,23.8004104059429
"rs2984639","A","G",0.7403,-0.0397,0.0089,8.6e-06,4296,5,157430334,"exposure",TRUE,"reported","QZbCBM","textfile","M34499",0.00461030722169529,19.8883506164341
"rs12743548","C","G",0.4664,-0.0356,0.008,8.591e-06,4296,1,180523880,"exposure",TRUE,"reported","QZbCBM","textfile","M34499",0.00458837029729697,19.7932809590317
"rs34170","T","C",0.9477,0.1342,0.0284,2.322e-06,1235,7,31698986,"exposure",TRUE,"reported","QZbCBM","textfile","M34499",0.0177590379532723,22.2927923416647
"rs12443081","A","G",0.0904,-0.0726,0.0147,7.915e-07,4296,15,81394567,"exposure",TRUE,"reported","QZbCBM","textfile","M34499",0.00564566973159836,24.3801480916161
"rs7152969","A","G",0.2096,0.0431,0.0097,8.009e-06,4296,14,98365719,"exposure",TRUE,"reported","QZbCBM","textfile","M34499",0.0045746250784197,19.7337144316637
