"SNP","effect_allele.exposure","other_allele.exposure","eaf.exposure","beta.exposure","se.exposure","pval.exposure","samplesize.exposure","chr.exposure","pos.exposure","exposure","mr_keep.exposure","pval_origin.exposure","id.exposure","data_source.exposure","file_source","R2","F"
"rs817338","T","C",0.8271,0.0121,0.0027,7.056e-06,6502,20,62074645,"exposure",TRUE,"reported","0DSsGJ","textfile","M33939",0.00307933434554628,20.0774985769916
"rs4666270","T","G",0.8392,-0.0138,0.0028,1.018e-06,6502,2,29842707,"exposure",TRUE,"reported","0DSsGJ","textfile","M33939",0.00372199416332526,24.2833445282142
"rs4831776","T","C",0.9508,0.0237,0.0052,6.275e-06,6502,8,15797737,"exposure",TRUE,"reported","0DSsGJ","textfile","M33939",0.00318462110753648,20.7661695809573
"rs3891367","T","C",0.8915,0.0358,0.0075,1.732e-06,1404,4,59173201,"exposure",TRUE,"reported","0DSsGJ","textfile","M33939",0.0159692705799794,22.7522542576765
"rs508482","T","G",0.8237,0.0131,0.0027,1.12e-06,6502,15,53197799,"exposure",TRUE,"reported","0DSsGJ","textfile","M33939",0.00360743550876066,23.5332253998875
"rs9397729","A","T",0.264,0.0167,0.0038,9.985e-06,6502,6,150557543,"exposure",TRUE,"reported","0DSsGJ","textfile","M33939",0.00296162901595737,19.3077710587239
"rs12857329","T","C",0.8752,0.0168,0.0034,9.75e-07,6502,13,19736486,"exposure",TRUE,"reported","0DSsGJ","textfile","M33939",0.00374098552912996,24.4077148473879
"rs11655421","A","T",0.1996,0.0145,0.0032,5.821e-06,6502,17,73763113,"exposure",TRUE,"reported","0DSsGJ","textfile","M33939",0.00314789193051191,20.5259108976084
"rs6453164","A","G",0.288,0.0231,0.0052,8.649e-06,1404,5,75153383,"exposure",TRUE,"reported","0DSsGJ","textfile","M33939",0.0138608028465025,19.7059863829464
"rs11692169","T","C",0.2324,0.0122,0.0027,4.697e-06,6502,2,211382162,"exposure",TRUE,"reported","0DSsGJ","textfile","M33939",0.00313028277280297,20.4107293777709
"rs1869289","A","C",0.2164,-0.0121,0.0026,4.313e-06,6502,8,113574743,"exposure",TRUE,"reported","0DSsGJ","textfile","M33939",0.00331995991830373,21.6516219861344
"rs2103694","A","G",0.1336,0.0151,0.0034,9.302e-06,6502,1,14780660,"exposure",TRUE,"reported","0DSsGJ","textfile","M33939",0.00302436108863204,19.7179813717153
