"SNP","effect_allele.exposure","other_allele.exposure","eaf.exposure","beta.exposure","se.exposure","pval.exposure","samplesize.exposure","chr.exposure","pos.exposure","exposure","mr_keep.exposure","pval_origin.exposure","id.exposure","data_source.exposure","file_source","R2","F"
"rs9362985","T","C",0.3161,-0.0175,0.0039,6.475e-06,7359,6,93331305,"exposure",TRUE,"reported","spGFfe","textfile","M35320",0.00272860983721537,20.1293075991248
"rs841225","T","C",0.5927,-0.0173,0.0038,5.373e-06,7359,16,4676317,"exposure",TRUE,"reported","spGFfe","textfile","M35320",0.00280856674322527,20.720821339615
"rs7249061","T","C",0.5464,0.0201,0.0039,2.624e-07,7359,19,55928646,"exposure",TRUE,"reported","spGFfe","textfile","M35320",0.00359649403922574,26.5549112265221
"rs6897900","A","C",0.6537,0.0174,0.0039,6.396e-06,7359,5,38184551,"exposure",TRUE,"reported","spGFfe","textfile","M35320",0.00269759870412619,19.8999156529339
"rs4741433","T","G",0.438,0.018,0.0038,2.644e-06,7359,9,1487818,"exposure",TRUE,"reported","spGFfe","textfile","M35320",0.00303974295032947,22.4315751078729
"rs11210343","A","G",0.5311,-0.0169,0.0038,8.965e-06,7359,1,73993384,"exposure",TRUE,"reported","spGFfe","textfile","M35320",0.00268053639259173,19.773710390616
"rs623248","A","G",0.8882,0.0258,0.0057,7.081e-06,7359,18,58303255,"exposure",TRUE,"reported","spGFfe","textfile","M35320",0.0027762814870148,20.4819666046701
"rs16982373","A","G",0.0111,-0.2028,0.0451,7.016e-06,1765,21,15652065,"exposure",TRUE,"reported","spGFfe","textfile","M35320",0.0113263780945938,20.1971653115262
"rs11889985","T","C",0.7004,0.0493,0.0104,2.118e-06,1765,2,170660865,"exposure",TRUE,"reported","spGFfe","textfile","M35320",0.0125715288278161,22.4457831331612
"rs12660977","T","G",0.1558,0.0323,0.0072,7.113e-06,7359,6,165508616,"exposure",TRUE,"reported","spGFfe","textfile","M35320",0.0027273141971619,20.119723355671
"rs769805","T","C",0.1812,0.0248,0.0056,8.786e-06,7359,3,3744461,"exposure",TRUE,"reported","spGFfe","textfile","M35320",0.00265798557330619,19.6069147593811
"rs645013","T","C",0.3471,0.0173,0.0039,7.687e-06,7359,4,23670276,"exposure",TRUE,"reported","spGFfe","textfile","M35320",0.00266676337311128,19.67183827377
