"SNP","effect_allele.exposure","other_allele.exposure","eaf.exposure","beta.exposure","se.exposure","pval.exposure","samplesize.exposure","chr.exposure","pos.exposure","exposure","mr_keep.exposure","pval_origin.exposure","id.exposure","data_source.exposure","file_source","R2","F"
"rs195113","T","C",0.6742,0.0221,0.0049,8.039e-06,1782,4,5464426,"exposure",TRUE,"reported","LpYIcK","textfile","M37004",0.0112863937729221,20.3191103968558
"rs982583","T","G",0.0485,0.0473,0.0106,7.606e-06,1782,13,63059363,"exposure",TRUE,"reported","LpYIcK","textfile","M37004",0.0110503751281532,19.8894536520619
"rs10045874","T","G",0.0213,-0.0935,0.0204,4.784e-06,1782,5,27343484,"exposure",TRUE,"reported","LpYIcK","textfile","M37004",0.0116510613057662,20.9833676268861
"rs9561537","A","G",0.5764,0.0221,0.0048,4.041e-06,1782,13,93773868,"exposure",TRUE,"reported","LpYIcK","textfile","M37004",0.0117559727615548,21.1745590550567
"rs10748128","T","G",0.3647,0.0232,0.0052,8.65e-06,1782,12,68113925,"exposure",TRUE,"reported","LpYIcK","textfile","M37004",0.0110468209193424,19.8829850111901
"rs10095556","A","G",0.8043,0.0264,0.0059,8.21e-06,1782,8,32686855,"exposure",TRUE,"reported","LpYIcK","textfile","M37004",0.0111107603926644,19.9993616138402
"rs17085679","A","T",0.1407,-0.0295,0.0066,7.945e-06,1782,9,84470178,"exposure",TRUE,"reported","LpYIcK","textfile","M37004",0.0110868106510331,19.955768788796
"rs17583672","T","C",0.9631,0.0633,0.0141,7.569e-06,1467,1,190894909,"exposure",TRUE,"reported","LpYIcK","textfile","M37004",0.0135523042661403,20.1268915075373
"rs17103130","A","G",0.0712,0.044,0.0097,5.981e-06,1782,14,74844099,"exposure",TRUE,"reported","LpYIcK","textfile","M37004",0.01141479954704,20.552951009606
