"SNP","effect_allele.exposure","other_allele.exposure","eaf.exposure","beta.exposure","se.exposure","pval.exposure","samplesize.exposure","chr.exposure","pos.exposure","exposure","mr_keep.exposure","pval_origin.exposure","id.exposure","data_source.exposure","file_source","R2","F"
"rs8061140","A","G",0.9587,-0.0498,0.0112,8.361e-06,7064,16,70603962,"exposure",TRUE,"reported","PaZktu","textfile","M16634",0.00279098912184519,19.7651294397289
"rs12197075","C","G",0.9687,0.0598,0.0134,8.047e-06,7064,6,80568482,"exposure",TRUE,"reported","PaZktu","textfile","M16634",0.00281137898892559,19.9099327864994
"rs11747325","T","C",0.2853,-0.0228,0.0051,6.45e-06,7064,5,153530557,"exposure",TRUE,"reported","PaZktu","textfile","M16634",0.00282131538945484,19.9805005740888
"rs10415535","A","G",0.167,0.036,0.008,6.795e-06,5315,19,6769701,"exposure",TRUE,"reported","PaZktu","textfile","M16634",0.0037955109882386,20.242380056444
"rs12949918","T","C",0.584,-0.0201,0.0043,2.361e-06,7064,17,37779799,"exposure",TRUE,"reported","PaZktu","textfile","M16634",0.00308363692539394,21.8440029411999
"rs9904521","A","G",0.9525,0.0892,0.02,7.934e-06,1749,17,52987623,"exposure",TRUE,"reported","PaZktu","textfile","M16634",0.0112452340211237,19.8688537449971
"rs1598817","T","G",0.9624,0.0541,0.012,7.096e-06,7064,5,124905392,"exposure",TRUE,"reported","PaZktu","textfile","M16634",0.00286901987771692,20.3193148947716
"rs7857624","T","C",0.9289,0.0395,0.0087,6.22e-06,7064,9,77469762,"exposure",TRUE,"reported","PaZktu","textfile","M16634",0.00290964169942022,20.6078511443306
"rs16959796","T","C",0.951,0.058,0.013,8.137e-06,5315,16,12520191,"exposure",TRUE,"reported","PaZktu","textfile","M16634",0.00373114877012952,19.8978351990292
"rs2216140","A","G",0.0341,-0.1026,0.0219,2.733e-06,1749,13,71180408,"exposure",TRUE,"reported","PaZktu","textfile","M16634",0.0123936874462576,21.9234847867924
