"SNP","effect_allele.exposure","other_allele.exposure","eaf.exposure","beta.exposure","se.exposure","pval.exposure","samplesize.exposure","chr.exposure","pos.exposure","exposure","mr_keep.exposure","pval_origin.exposure","id.exposure","data_source.exposure","file_source","R2","F"
"rs4861137",TRUE,"C",0.6136,0.016,0.0036,6.91e-06,6735,4,40137673,"exposure",TRUE,"reported","eYUObN","textfile","M34732",0.00292432397854277,19.7472206182921
"rs6907935",TRUE,"C",0.6945,-0.0172,0.0037,3.811e-06,6735,6,41825833,"exposure",TRUE,"reported","eYUObN","textfile","M34732",0.00319833976932904,21.6035170546457
"rs1456197",TRUE,"C",0.5846,-0.0169,0.0038,6.426e-06,1719,3,119207083,"exposure",TRUE,"reported","eYUObN","textfile","M34732",0.0113752724732426,19.7560735562614
"rs4680092",TRUE,"G",0.2203,-0.0169,0.0036,2.193e-06,6735,3,154987250,"exposure",TRUE,"reported","eYUObN","textfile","M34732",0.00326146001636839,22.0312643780876
