"SNP","effect_allele.exposure","other_allele.exposure","eaf.exposure","beta.exposure","se.exposure","pval.exposure","samplesize.exposure","chr.exposure","pos.exposure","exposure","mr_keep.exposure","pval_origin.exposure","id.exposure","data_source.exposure","file_source","R2","F"
"rs2038607","A","G",0.7821,-0.037,0.0079,2.416e-06,7322,14,29032546,"exposure",TRUE,"reported","ZMfqgN","textfile","M18392",0.00298689809912409,21.9295955528597
"rs2081811","A","G",0.7543,0.0327,0.0072,5.806e-06,7322,3,42908511,"exposure",TRUE,"reported","ZMfqgN","textfile","M18392",0.00280917672277533,20.6211019302559
"rs884648","C","G",0.4032,-0.0327,0.007,2.909e-06,7322,12,126495666,"exposure",TRUE,"reported","ZMfqgN","textfile","M18392",0.00297151049824496,21.8162841645809
"rs3846406","A","C",0.4896,0.0299,0.0062,1.46e-06,7322,4,13740577,"exposure",TRUE,"reported","ZMfqgN","textfile","M18392",0.00316629944733109,23.2509313655964
"rs9349565","A","T",0.088,0.0478,0.0108,9.44e-06,7322,6,51104930,"exposure",TRUE,"reported","ZMfqgN","textfile","M18392",0.00266819904808807,19.5834696270218
"rs4410790","T","C",0.3695,0.0313,0.0064,8.962e-07,7322,7,17251102,"exposure",TRUE,"reported","ZMfqgN","textfile","M18392",0.00325598682117823,23.9116796448204
