"SNP","effect_allele.exposure","other_allele.exposure","eaf.exposure","beta.exposure","se.exposure","pval.exposure","samplesize.exposure","chr.exposure","pos.exposure","exposure","mr_keep.exposure","pval_origin.exposure","id.exposure","data_source.exposure","file_source","R2","F"
"rs4340260","T","C",0.4537,-0.0363,0.0077,2.669e-06,1630,14,95617294,"exposure",TRUE,"reported","LV2tJ0","textfile","M35159",0.0134512531034227,22.1972204832853
"rs17624641","C","G",0.2139,-0.0325,0.007,3.81e-06,1982,5,143942391,"exposure",TRUE,"reported","LV2tJ0","textfile","M35159",0.0107589311861308,21.5343705595255
"rs5760492","A","G",0.333,-0.0492,0.007,2.339e-12,1982,22,23325202,"exposure",TRUE,"reported","LV2tJ0","textfile","M35159",0.0243185962757779,49.3509668650508
"rs4758441","A","G",0.2648,-0.0295,0.0065,5.305e-06,1982,11,6583251,"exposure",TRUE,"reported","LV2tJ0","textfile","M35159",0.0102854576452477,20.5768484407
"rs2688","T","G",0.6039,0.0321,0.0067,1.459e-06,1982,17,33121044,"exposure",TRUE,"reported","LV2tJ0","textfile","M35159",0.011448695973518,22.9309474735754
"rs12260890","T","C",0.9341,-0.0596,0.0131,5.625e-06,1982,10,53559415,"exposure",TRUE,"reported","LV2tJ0","textfile","M35159",0.0103355654472238,20.6781398532836
"rs7218918","A","G",0.4081,-0.0296,0.0065,4.633e-06,1982,17,74612316,"exposure",TRUE,"reported","LV2tJ0","textfile","M35159",0.0103545844823523,20.7165889454797
"rs11150072","A","G",0.7148,0.0394,0.0083,2.383e-06,1630,16,76977023,"exposure",TRUE,"reported","LV2tJ0","textfile","M35159",0.0136359651611613,22.5062456641556
"rs12895662","T","C",0.6305,-0.0302,0.0062,1.236e-06,1982,14,32278468,"exposure",TRUE,"reported","LV2tJ0","textfile","M35159",0.0118292941697108,23.7023849400064
