"SNP","effect_allele.exposure","other_allele.exposure","eaf.exposure","beta.exposure","se.exposure","pval.exposure","samplesize.exposure","chr.exposure","pos.exposure","exposure","mr_keep.exposure","pval_origin.exposure","id.exposure","data_source.exposure","file_source","R2","F"
"rs1808751","A","G",0.7375,0.0164,0.0035,3.583e-06,7369,3,153565073,"exposure",TRUE,"reported","KZUa6Q","textfile","M19323",0.00297064664027884,21.9499593719969
"rs10063514","T","C",0.0701,0.0474,0.0106,8.186e-06,1766,5,149546502,"exposure",TRUE,"reported","KZUa6Q","textfile","M19323",0.0111960402347044,19.9734383939021
"rs7773173","C","G",0.5385,-0.0184,0.0034,3.868e-08,7369,6,11064689,"exposure",TRUE,"reported","KZUa6Q","textfile","M19323",0.00395864562311018,29.2792484742734
"rs10788823","T","G",0.1884,0.0369,0.0081,5.957e-06,1766,1,150428272,"exposure",TRUE,"reported","KZUa6Q","textfile","M19323",0.0116149716362531,20.7295834906254
"rs913342","C","G",0.1392,0.0229,0.0051,8.192e-06,7369,9,137847548,"exposure",TRUE,"reported","KZUa6Q","textfile","M19323",0.00272857209011192,20.1563887476288
"rs728634","T","C",0.0303,0.0688,0.0154,7.439e-06,1766,11,27738783,"exposure",TRUE,"reported","KZUa6Q","textfile","M19323",0.0111754234366958,19.9362428984585
"rs12583004","T","C",0.0716,-0.0288,0.0064,5.76e-06,7369,13,102878193,"exposure",TRUE,"reported","KZUa6Q","textfile","M19323",0.00274046757113374,20.2445040032569
