"SNP","effect_allele.exposure","other_allele.exposure","eaf.exposure","beta.exposure","se.exposure","pval.exposure","samplesize.exposure","chr.exposure","pos.exposure","exposure","mr_keep.exposure","pval_origin.exposure","id.exposure","data_source.exposure","file_source","R2","F"
"rs10874852","A","C",0.0333,0.0397,0.0081,1.082e-06,6515,1,94637080,"exposure",TRUE,"reported","f9wDDy","textfile","M03147",0.00367365332631712,24.014725891957
"rs4673167","A","G",0.889,-0.021,0.0044,1.702e-06,6515,2,227239424,"exposure",TRUE,"reported","f9wDDy","textfile","M03147",0.00348419943209919,22.7719328567895
"rs4694292","T","C",0.1089,0.0201,0.0045,6.439e-06,6515,4,71205113,"exposure",TRUE,"reported","f9wDDy","textfile","M03147",0.00305298551923197,19.9449864415452
"rs2837424","T","C",0.1928,-0.0152,0.0034,7.358e-06,6515,21,40373904,"exposure",TRUE,"reported","f9wDDy","textfile","M03147",0.00305833228759125,19.9800237407951
"rs11250123","A","G",0.043,-0.0494,0.0097,3.833e-07,1748,8,11130774,"exposure",TRUE,"reported","f9wDDy","textfile","M03147",0.0146208416432169,25.9067682653519
