"SNP","effect_allele.exposure","other_allele.exposure","eaf.exposure","beta.exposure","se.exposure","pval.exposure","samplesize.exposure","chr.exposure","pos.exposure","exposure","mr_keep.exposure","pval_origin.exposure","id.exposure","data_source.exposure","file_source","R2","F"
"rs12340032","T","G",0.4693,-0.0273,0.006,5.588e-06,5984,9,38272346,"exposure",TRUE,"reported","VLkAqp","textfile","M18283",0.00344771452041129,20.6955807152406
"rs1392786","T","C",0.4017,-0.0282,0.0059,1.934e-06,5984,3,114149232,"exposure",TRUE,"reported","VLkAqp","textfile","M18283",0.00380318766849732,22.8375240226931
"rs9565748","T","G",0.6241,0.0246,0.0055,6.97e-06,5984,13,81634935,"exposure",TRUE,"reported","VLkAqp","textfile","M18283",0.00333199061166661,19.9986029964202
"rs12764831","A","G",0.6005,0.0253,0.0055,4.461e-06,5984,10,96987157,"exposure",TRUE,"reported","VLkAqp","textfile","M18283",0.00352363633941477,21.1529278074866
"rs6725791","T","C",0.4058,0.0259,0.0054,1.81e-06,5984,2,69581656,"exposure",TRUE,"reported","VLkAqp","textfile","M18283",0.00382960564156213,22.9967695060628
"rs1400181","C","G",0.5097,0.0261,0.0056,3.052e-06,5984,3,145798,"exposure",TRUE,"reported","VLkAqp","textfile","M18283",0.00361692677768784,21.7149975402093
"rs4708792","A","G",0.1015,-0.0673,0.0143,2.61e-06,1448,6,158826932,"exposure",TRUE,"reported","VLkAqp","textfile","M18283",0.0150659541515389,22.1186076315988
"rs1321208","T","C",0.1913,-0.0355,0.0073,1.053e-06,5984,6,109951071,"exposure",TRUE,"reported","VLkAqp","textfile","M18283",0.0039364654323048,23.6409981882004
"rs16865409","A","T",0.7722,-0.0385,0.0074,1.778e-07,5984,3,191555436,"exposure",TRUE,"reported","VLkAqp","textfile","M18283",0.00450304586356389,27.0590685826924
"rs2035344","A","G",0.6893,0.0254,0.0056,6.739e-06,5984,15,98507671,"exposure",TRUE,"reported","VLkAqp","textfile","M18283",0.00342617286782926,20.5658281778621
"rs9854875","A","G",0.3185,0.0266,0.0056,2.047e-06,5984,3,112925693,"exposure",TRUE,"reported","VLkAqp","textfile","M18283",0.00375630820456792,22.5549590574866
