"SNP","effect_allele.exposure","other_allele.exposure","eaf.exposure","beta.exposure","se.exposure","pval.exposure","samplesize.exposure","chr.exposure","pos.exposure","exposure","mr_keep.exposure","pval_origin.exposure","id.exposure","data_source.exposure","file_source","R2","F"
"rs10801685","T","G",0.0209,-0.4744,0.1045,5.673e-06,754,1,88007781,"exposure",TRUE,"reported","raaApt","textfile","M34535",0.0266056727457055,20.5543276189072
"rs11078614","C","G",0.0126,0.3903,0.0859,5.576e-06,754,17,6095197,"exposure",TRUE,"reported","raaApt","textfile","M34535",0.0266506718875972,20.5900437598686
"rs2941589","A","G",0.8527,0.0598,0.0127,2.583e-06,4515,2,54759282,"exposure",TRUE,"reported","raaApt","textfile","M34535",0.00488663308856668,22.161671083918
"rs11070217","T","C",0.4394,0.0435,0.0091,1.553e-06,4515,15,37609159,"exposure",TRUE,"reported","raaApt","textfile","M34535",0.0050355341458313,22.840379109044
"rs8180157","A","G",0.3926,-0.041,0.0091,6.973e-06,4515,4,178419641,"exposure",TRUE,"reported","raaApt","textfile","M34535",0.00447588540189044,20.2904887209951
"rs9634561","A","G",0.1388,0.0664,0.0149,7.765e-06,4515,13,106547459,"exposure",TRUE,"reported","raaApt","textfile","M34535",0.00437925068165806,19.8504885920207
"rs705795","T","C",0.2579,0.0551,0.0104,1.134e-07,4515,6,166296815,"exposure",TRUE,"reported","raaApt","textfile","M34535",0.00617855798751923,28.0571851430472
"rs11743823","T","C",0.2041,0.0545,0.0114,1.64e-06,4515,5,168097322,"exposure",TRUE,"reported","raaApt","textfile","M34535",0.00503654451587239,22.8449851849807
