"SNP","effect_allele.exposure","other_allele.exposure","eaf.exposure","beta.exposure","se.exposure","pval.exposure","samplesize.exposure","chr.exposure","pos.exposure","exposure","mr_keep.exposure","pval_origin.exposure","id.exposure","data_source.exposure","file_source","R2","F"
"rs174550","T","C",0.6676,0.0347,0.0034,6.79e-24,7330,11,61328054,"exposure",TRUE,"reported","7PhHaQ","textfile","M32980",0.0140110024693128,104.131614401639
"rs12531203","T","C",0.2025,-0.0162,0.0036,7.238e-06,7330,7,145549216,"exposure",TRUE,"reported","7PhHaQ","textfile","M32980",0.0027550083330499,20.2444747612551
"rs17203317","T","G",0.9652,-0.0739,0.0166,8.812e-06,1767,7,34960778,"exposure",TRUE,"reported","7PhHaQ","textfile","M32980",0.0110915499429673,19.796155698951
"rs11206335","A","G",0.9237,-0.0268,0.006,6.715e-06,7330,1,54568680,"exposure",TRUE,"reported","7PhHaQ","textfile","M32980",0.00271445494119689,19.9456674245869
"rs11620434","A","C",0.9383,0.033,0.0074,7.305e-06,7330,13,59188051,"exposure",TRUE,"reported","7PhHaQ","textfile","M32980",0.00270572585257695,19.8813525372281
"rs6987121","A","G",0.9067,-0.0263,0.0053,7.587e-07,7330,8,73307948,"exposure",TRUE,"reported","7PhHaQ","textfile","M32980",0.0033481066176088,24.6173467955514
"rs831471","A","G",0.4088,-0.0162,0.0036,6.435e-06,7330,11,20118507,"exposure",TRUE,"reported","7PhHaQ","textfile","M32980",0.0027550083330499,20.2444747612551
"rs1689955","T","C",0.4884,0.0258,0.0056,4.292e-06,1767,15,99047327,"exposure",TRUE,"reported","7PhHaQ","textfile","M32980",0.0118697346374991,21.2017406708014
"rs6006250","T","C",0.0613,-0.0532,0.0118,6.492e-06,1767,22,28512342,"exposure",TRUE,"reported","7PhHaQ","textfile","M32980",0.0113724855477208,20.303336391409
"rs13192201","A","T",0.7555,0.0165,0.0035,2.341e-06,7330,6,84407383,"exposure",TRUE,"reported","7PhHaQ","textfile","M32980",0.00302282524517084,22.2184258150736
"rs12359572","T","G",0.2419,0.0177,0.0036,6.258e-07,7330,10,19014972,"exposure",TRUE,"reported","7PhHaQ","textfile","M32980",0.00328706016330485,24.1670153099894
