"SNP","effect_allele.exposure","other_allele.exposure","eaf.exposure","beta.exposure","se.exposure","pval.exposure","samplesize.exposure","chr.exposure","pos.exposure","exposure","mr_keep.exposure","pval_origin.exposure","id.exposure","data_source.exposure","file_source","R2","F"
"rs4149000","T","C",0.139,0.0402,0.0084,1.722e-06,7303,12,21339264,"exposure",TRUE,"reported","UNvQNV","textfile","M32586",0.00312631235126686,22.8967889908257
"rs10796993","T","C",0.865,0.0374,0.0082,4.807e-06,7303,1,156276986,"exposure",TRUE,"reported","UNvQNV","textfile","M32586",0.00284039588956888,20.7968015393509
"rs10216545","A","G",0.4695,-0.0452,0.0095,1.93e-06,1768,8,68939181,"exposure",TRUE,"reported","UNvQNV","textfile","M32586",0.0126421799716147,22.6119542246901
"rs887829","T","C",0.3295,0.128,0.0062,3.76e-95,7303,2,234333309,"exposure",TRUE,"reported","UNvQNV","textfile","M32586",0.0551443142590461,426.105959334489
"rs917664","A","T",0.3512,-0.0461,0.0096,1.474e-06,1768,7,115954680,"exposure",TRUE,"reported","UNvQNV","textfile","M32586",0.0128750596207812,23.0339183625173
"rs7855272","A","G",0.2071,-0.0359,0.0074,1.141e-06,7303,9,128384584,"exposure",TRUE,"reported","UNvQNV","textfile","M32586",0.00321237910894011,23.5291644707684
"rs1996490","A","G",0.4179,-0.0272,0.0057,2.082e-06,7303,3,117794581,"exposure",TRUE,"reported","UNvQNV","textfile","M32586",0.00310838453368623,22.7650780971084
"rs11736580","T","C",0.7281,-0.0332,0.0064,2.188e-07,7303,4,100039383,"exposure",TRUE,"reported","UNvQNV","textfile","M32586",0.00367128050362998,26.9027866330618
"rs10941555","A","G",0.4581,-0.0258,0.0058,9.63e-06,7303,5,41722504,"exposure",TRUE,"reported","UNvQNV","textfile","M32586",0.00270213481803255,19.7817392327978
