"SNP","effect_allele.exposure","other_allele.exposure","eaf.exposure","beta.exposure","se.exposure","pval.exposure","samplesize.exposure","chr.exposure","pos.exposure","exposure","mr_keep.exposure","pval_origin.exposure","id.exposure","data_source.exposure","file_source","R2","F"
"rs8101881","T","C",0.613,0.0325,0.0039,1.434e-16,3950,19,38056468,"exposure",TRUE,"reported","s0JTqp","textfile","M22138",0.0172771250863856,69.409282700422
"rs6534307","T","G",0.8647,-0.0248,0.0056,8.236e-06,3950,4,122793006,"exposure",TRUE,"reported","s0JTqp","textfile","M22138",0.00494059461932744,19.6023146473779
"rs2215015","T","C",0.3426,-0.0195,0.004,1.245e-06,3950,14,71667704,"exposure",TRUE,"reported","s0JTqp","textfile","M22138",0.00598063077763928,23.7535917721519
"rs2243617","A","G",0.8747,-0.0284,0.0059,1.615e-06,3950,10,17725733,"exposure",TRUE,"reported","s0JTqp","textfile","M22138",0.00583170397595015,23.1586215222601
"rs7989427","A","T",0.0528,0.0492,0.011,7.843e-06,3950,13,93874250,"exposure",TRUE,"reported","s0JTqp","textfile","M22138",0.00503910896802519,19.9951599958155
"rs12615551","A","G",0.9347,-0.0569,0.0125,5.468e-06,1397,2,118816060,"exposure",TRUE,"reported","s0JTqp","textfile","M22138",0.014615504973256,20.6910394273443
"rs4452760","A","G",0.569,-0.0182,0.004,4.332e-06,3950,8,92750759,"exposure",TRUE,"reported","s0JTqp","textfile","M22138",0.00521381292101335,20.692017721519
