"SNP","effect_allele.exposure","other_allele.exposure","eaf.exposure","beta.exposure","se.exposure","pval.exposure","samplesize.exposure","chr.exposure","pos.exposure","exposure","mr_keep.exposure","pval_origin.exposure","id.exposure","data_source.exposure","file_source","R2","F"
"rs1959400","T","G",0.5551,0.0122,0.0027,6.668e-06,4844,14,83014073,"exposure",TRUE,"reported","agLkct","textfile","M19414",0.00419721614365962,20.4085797881559
"rs477580","A","G",0.2397,0.0168,0.0035,1.272e-06,4844,1,227237899,"exposure",TRUE,"reported","agLkct","textfile","M19414",0.00473388342812058,23.0304872006606
"rs11623007","A","C",0.5644,0.012,0.0027,8.617e-06,4844,14,86362508,"exposure",TRUE,"reported","agLkct","textfile","M19414",0.00406128478744251,19.7449307275897
"rs1742707","T","G",0.4385,0.0122,0.0027,4.884e-06,4844,14,91771469,"exposure",TRUE,"reported","agLkct","textfile","M19414",0.00419721614365962,20.4085797881559
"rs12961939","A","C",0.7434,0.0159,0.0034,3.774e-06,4844,18,6987818,"exposure",TRUE,"reported","agLkct","textfile","M19414",0.00449444394567414,21.8603476922901
"rs7151771","A","G",0.605,-0.0123,0.0027,5.017e-06,4844,14,57650063,"exposure",TRUE,"reported","agLkct","textfile","M19414",0.00426601022725831,20.7445178456739
"rs12028243","T","C",0.0717,-0.0567,0.0113,5.73e-07,1188,1,246034235,"exposure",TRUE,"reported","agLkct","textfile","M19414",0.0207531943744847,25.134918374757
"rs11188538","A","G",0.8687,-0.0221,0.0044,4.854e-07,4844,10,82888103,"exposure",TRUE,"reported","agLkct","textfile","M19414",0.00518106573528203,25.2173731582396
"rs921640","A","G",0.0331,-0.0732,0.0164,8.245e-06,1188,4,72637816,"exposure",TRUE,"reported","agLkct","textfile","M19414",0.0164928439407304,19.8885313575974
"rs4415526","T","C",0.4107,0.0137,0.0028,7.698e-07,4844,1,37844315,"exposure",TRUE,"reported","agLkct","textfile","M19414",0.004917901775596,23.9301666062792
"rs12152460","T","C",0.1557,0.021,0.0045,3.76e-06,4844,3,185973946,"exposure",TRUE,"reported","agLkct","textfile","M19414",0.00447570332480819,21.7687861271676
"rs818525","T","C",0.1436,0.0199,0.0044,6.459e-06,4844,1,84970997,"exposure",TRUE,"reported","agLkct","textfile","M19414",0.00420500584810225,20.4466164582921
"rs6894183","A","T",0.8137,0.016,0.0035,6.026e-06,4844,5,137006604,"exposure",TRUE,"reported","agLkct","textfile","M19414",0.00429566238778421,20.88933079425
