"SNP","effect_allele.exposure","other_allele.exposure","eaf.exposure","beta.exposure","se.exposure","pval.exposure","samplesize.exposure","chr.exposure","pos.exposure","exposure","mr_keep.exposure","pval_origin.exposure","id.exposure","data_source.exposure","file_source","R2","F"
"rs6975921","A","G",0.9095,0.0343,0.0071,1.246e-06,1766,7,15119338,"exposure",TRUE,"reported","XInAbM","textfile","M01493",0.0130430468550358,23.3119940833972
"rs2351725","A","T",0.7947,-0.0119,0.0026,5.841e-06,7307,6,66581134,"exposure",TRUE,"reported","XInAbM","textfile","M01493",0.00285867533575456,20.9424911104939
"rs12300345","A","T",0.132,-0.0151,0.0034,7.452e-06,7307,12,12007525,"exposure",TRUE,"reported","XInAbM","textfile","M01493",0.00269206924029006,19.718649770827
"rs4812400","A","T",0.9092,0.0178,0.0039,4.893e-06,7307,20,37613066,"exposure",TRUE,"reported","XInAbM","textfile","M01493",0.00284272824033022,20.8253305508835
"rs11701867","A","C",0.1761,-0.0136,0.0027,2.753e-07,7307,21,42429801,"exposure",TRUE,"reported","XInAbM","textfile","M01493",0.00346023674260317,25.3647976093728
"rs13424082","A","G",0.1735,-0.0125,0.0026,1.799e-06,7307,2,179936110,"exposure",TRUE,"reported","XInAbM","textfile","M01493",0.0031532805115963,23.107578815159
"rs1192521","A","T",0.7755,-0.0163,0.0031,1.402e-07,7307,20,56112751,"exposure",TRUE,"reported","XInAbM","textfile","M01493",0.0037694031548978,27.6396751251455
"rs10900040","T","C",0.8351,-0.0144,0.0031,3.401e-06,7307,10,44273577,"exposure",TRUE,"reported","XInAbM","textfile","M01493",0.00294429899174514,21.5716174261363
"rs10945970","T","C",0.3103,-0.011,0.0025,7.379e-06,7307,6,164617709,"exposure",TRUE,"reported","XInAbM","textfile","M01493",0.00264251278943432,19.354700971671
