"SNP","effect_allele.exposure","other_allele.exposure","eaf.exposure","beta.exposure","se.exposure","pval.exposure","samplesize.exposure","chr.exposure","pos.exposure","exposure","mr_keep.exposure","pval_origin.exposure","id.exposure","data_source.exposure","file_source","R2","F"
"rs1037028","T","C",0.9308,0.028,0.0063,9.751e-06,4004,4,156516271,"exposure",TRUE,"reported","KL8T1K","textfile","M33443",0.00490911991752679,19.7432197432197
"rs4325575","T","C",0.7167,-0.0175,0.0037,2.753e-06,4004,16,78090787,"exposure",TRUE,"reported","KL8T1K","textfile","M33443",0.00555595770106535,22.3591693186288
"rs1371204","T","C",0.1619,-0.03,0.0067,7e-06,1432,4,162218234,"exposure",TRUE,"reported","KL8T1K","textfile","M33443",0.0138073911885525,20.0210072791218
"rs12432812","A","C",0.9717,0.045,0.01,7.17e-06,4004,14,81331102,"exposure",TRUE,"reported","KL8T1K","textfile","M33443",0.00503199353916879,20.2398851148851
"rs4076939","A","C",0.2178,0.0191,0.0042,5.494e-06,4004,4,171055096,"exposure",TRUE,"reported","KL8T1K","textfile","M33443",0.00513850410245062,20.6705089128558
"rs2129376","A","G",0.7795,0.0164,0.0036,5.672e-06,4004,4,30253005,"exposure",TRUE,"reported","KL8T1K","textfile","M33443",0.00515636263247496,20.7427202427202
"rs7692407","T","C",0.9336,-0.0293,0.0064,5.363e-06,4004,4,155326172,"exposure",TRUE,"reported","KL8T1K","textfile","M33443",0.00520731449082395,20.9487593705123
"rs7690478","T","C",0.304,0.015,0.0033,6.429e-06,4004,4,40622970,"exposure",TRUE,"reported","KL8T1K","textfile","M33443",0.00513363888751992,20.6508367665392
"rs6719403","A","G",0.0772,0.0253,0.0057,9.8e-06,4004,2,177397675,"exposure",TRUE,"reported","KL8T1K","textfile","M33443",0.00489627289211623,19.6912980832648
"rs1882545","A","G",0.6567,0.0148,0.0033,9.355e-06,4004,12,6755671,"exposure",TRUE,"reported","KL8T1K","textfile","M33443",0.00499833419285939,20.1038190459678
