"SNP","effect_allele.exposure","other_allele.exposure","eaf.exposure","beta.exposure","se.exposure","pval.exposure","samplesize.exposure","chr.exposure","pos.exposure","exposure","mr_keep.exposure","pval_origin.exposure","id.exposure","data_source.exposure","file_source","R2","F"
"rs12485393","A","G",0.3273,0.0403,0.0081,6.08e-07,6756,3,193551329,"exposure",TRUE,"reported","tHfrQe","textfile","M33935",0.00365058180733122,24.7463681681472
"rs768846","T","C",0.9819,0.1284,0.0285,6.674e-06,6756,18,29664235,"exposure",TRUE,"reported","tHfrQe","textfile","M33935",0.00299535202417473,20.2913874196569
"rs11896399","T","C",0.0255,0.122,0.0244,5.466e-07,6756,2,196133310,"exposure",TRUE,"reported","tHfrQe","textfile","M33935",0.00368677186255714,24.9925991711072
"rs1741285","A","G",0.4861,-0.0351,0.0078,5.952e-06,6756,20,4064436,"exposure",TRUE,"reported","tHfrQe","textfile","M33935",0.00298837852794687,20.2440053285968
"rs6074527","T","C",0.7046,0.0419,0.0087,1.426e-06,6756,20,12877239,"exposure",TRUE,"reported","tHfrQe","textfile","M33935",0.0034214597151041,23.1878752970207
"rs7183091","T","C",0.7327,0.0366,0.0082,8.828e-06,6756,15,78744773,"exposure",TRUE,"reported","tHfrQe","textfile","M33935",0.00294012681815488,19.9161726030032
"rs9348689","T","G",0.5152,0.0379,0.0084,5.791e-06,6756,6,25792632,"exposure",TRUE,"reported","tHfrQe","textfile","M33935",0.00300416340602665,20.3512581493028
"rs16880327","T","G",0.978,0.1136,0.025,5.759e-06,6756,5,8355587,"exposure",TRUE,"reported","tHfrQe","textfile","M33935",0.00304692470303949,20.641823526347
"rs506506","A","G",0.5029,0.0341,0.0074,4.164e-06,6756,11,90003811,"exposure",TRUE,"reported","tHfrQe","textfile","M33935",0.00313323374506836,21.2283741725019
"rs17137472","T","C",0.5085,-0.0386,0.0076,3.855e-07,6756,7,17262597,"exposure",TRUE,"reported","tHfrQe","textfile","M33935",0.00380366904107082,25.7880699868302
"rs8085038","A","C",0.1003,-0.0991,0.0219,6.324e-06,1738,18,26052554,"exposure",TRUE,"reported","tHfrQe","textfile","M33935",0.0116445436017153,20.453094644961
