"SNP","effect_allele.exposure","other_allele.exposure","eaf.exposure","beta.exposure","se.exposure","pval.exposure","samplesize.exposure","chr.exposure","pos.exposure","exposure","mr_keep.exposure","pval_origin.exposure","id.exposure","data_source.exposure","file_source","R2","F"
"rs9857115","A","C",0.538,0.0168,0.0037,4.237e-06,7291,3,191699185,"exposure",TRUE,"reported","iePxUp","textfile","M35255",0.00281969224953277,20.6108530695007
"rs16962845","T","C",0.8866,-0.0356,0.008,9.847e-06,1767,16,59586174,"exposure",TRUE,"reported","iePxUp","textfile","M35255",0.0110826462353842,19.7800863044709
"rs476092","A","C",0.2942,0.0196,0.0037,1.522e-07,7291,11,127624474,"exposure",TRUE,"reported","iePxUp","textfile","M35255",0.00383401057606468,28.053661122376
"rs2490288","T","C",0.3319,0.0177,0.0037,1.541e-06,7291,10,101203243,"exposure",TRUE,"reported","iePxUp","textfile","M35255",0.00312892376368111,22.8783098006798
"rs1431465","A","G",0.4602,0.0235,0.0053,9.405e-06,1767,9,102944397,"exposure",TRUE,"reported","iePxUp","textfile","M35255",0.0110037842258038,19.6377689305315
"rs2076060","C","G",0.2579,0.0219,0.0046,1.552e-06,7291,6,106650638,"exposure",TRUE,"reported","iePxUp","textfile","M35255",0.00309911327533322,22.6596615217404
"rs10463157","T","C",0.2297,-0.0224,0.0043,2.387e-07,7291,5,164986263,"exposure",TRUE,"reported","iePxUp","textfile","M35255",0.00370816115454354,27.129386793723
"rs7277840","A","G",0.5377,0.0266,0.0052,3.755e-07,1767,21,39287374,"exposure",TRUE,"reported","iePxUp","textfile","M35255",0.0145927052148153,26.1375421518101
"rs7733625","T","G",0.2771,-0.017,0.0038,7.692e-06,7291,5,80418562,"exposure",TRUE,"reported","iePxUp","textfile","M35255",0.00273749316100325,20.0083604003114
"rs2121073","T","C",0.1209,-0.0293,0.0052,2.148e-08,7291,14,75735493,"exposure",TRUE,"reported","iePxUp","textfile","M35255",0.00433565195354329,31.7401814691697
"rs17032984","T","G",0.103,0.0303,0.0066,4.697e-06,7291,3,10504069,"exposure",TRUE,"reported","iePxUp","textfile","M35255",0.00288241601901078,21.070664784275
"rs11671900","A","C",0.7672,0.0205,0.0044,3.631e-06,7291,19,4197693,"exposure",TRUE,"reported","iePxUp","textfile","M35255",0.00296841206941867,21.7011735996264
"rs1667944","A","G",0.5248,-0.0274,0.0062,8.579e-06,1767,18,73000411,"exposure",TRUE,"reported","iePxUp","textfile","M35255",0.0109321923329621,19.5085911381455
