"SNP","effect_allele.exposure","other_allele.exposure","eaf.exposure","beta.exposure","se.exposure","pval.exposure","samplesize.exposure","chr.exposure","pos.exposure","exposure","mr_keep.exposure","pval_origin.exposure","id.exposure","data_source.exposure","file_source","R2","F"
"rs7708182","C","G",0.8862,-0.1012,0.022,4.406e-06,1094,5,287788,"exposure",TRUE,"reported","aJVViy","textfile","M33408",0.0189748556260985,21.1213162705667
"rs16845462","T","C",0.9572,-0.0798,0.018,9.287e-06,3890,3,173607886,"exposure",TRUE,"reported","aJVViy","textfile","M33408",0.00502715642104204,19.6443393316195
"rs6685925","A","G",0.2447,0.0364,0.0078,2.819e-06,3890,1,232033034,"exposure",TRUE,"reported","aJVViy","textfile","M33408",0.00556723285803556,21.7665809768638
"rs296429","A","G",0.728,-0.0356,0.0077,3.518e-06,3890,6,133769114,"exposure",TRUE,"reported","aJVViy","textfile","M33408",0.0054649856023226,21.3646213700165
"rs17698383","T","C",0.7946,0.0406,0.0085,1.878e-06,3890,14,97612615,"exposure",TRUE,"reported","aJVViy","textfile","M33408",0.00583075693508679,22.8029413721636
"rs7767760","T","C",0.2932,0.0356,0.0076,2.971e-06,3890,6,160215367,"exposure",TRUE,"reported","aJVViy","textfile","M33408",0.00560893520869049,21.9305471092153
"rs1518434","T","C",0.4027,-0.031,0.007,8.091e-06,3890,2,180700821,"exposure",TRUE,"reported","aJVViy","textfile","M33408",0.00501641688982153,19.6021614815592
"rs16844404","A","G",0.9409,-0.1401,0.0273,2.97e-07,1094,2,141130581,"exposure",TRUE,"reported","aJVViy","textfile","M33408",0.0235072950124619,26.2879241416719
"rs6717460","A","C",0.962,-0.1646,0.0351,2.765e-06,1094,2,59980735,"exposure",TRUE,"reported","aJVViy","textfile","M33408",0.0197053760745869,21.9508198334117
"rs1609276","C","G",0.9727,0.1088,0.0228,1.834e-06,3890,7,78767097,"exposure",TRUE,"reported","aJVViy","textfile","M33408",0.00581974064459228,22.7596066339574
"rs2252553","T","G",0.4533,-0.0358,0.0069,1.82e-07,3890,8,134133955,"exposure",TRUE,"reported","aJVViy","textfile","M33408",0.00687263405320355,26.9057143273674
"rs10263623","T","C",0.9157,-0.0569,0.0125,5.337e-06,3890,7,64531572,"exposure",TRUE,"reported","aJVViy","textfile","M33408",0.00529843616262502,20.7100506817481
"rs7512146","T","G",0.5108,0.0332,0.0069,1.381e-06,3890,1,34055595,"exposure",TRUE,"reported","aJVViy","textfile","M33408",0.00591631556703159,23.139535720013
"rs679020","T","C",0.9156,-0.0552,0.0123,7.033e-06,3890,6,56392415,"exposure",TRUE,"reported","aJVViy","textfile","M33408",0.00515081061064552,20.1300376657914
