"SNP","effect_allele.exposure","other_allele.exposure","eaf.exposure","beta.exposure","se.exposure","pval.exposure","samplesize.exposure","chr.exposure","pos.exposure","exposure","mr_keep.exposure","pval_origin.exposure","id.exposure","data_source.exposure","file_source","R2","F"
"rs442288","C","G",0.0654,-0.1078,0.0234,3.989e-06,1756,16,83088808,"exposure",TRUE,"reported","Cd6hTa","textfile","M32854",0.0119416377686905,21.1987808078282
"rs7559623","A","G",0.0545,0.0631,0.0143,9.58e-06,2684,2,84639685,"exposure",TRUE,"reported","Cd6hTa","textfile","M32854",0.00720219606373913,19.4564187857415
"rs4899909","A","G",0.8983,0.0482,0.0108,7.93e-06,2684,14,86389104,"exposure",TRUE,"reported","Cd6hTa","textfile","M32854",0.00736636174833933,19.903196353333
"rs10428305","T","C",0.6101,0.0324,0.0064,4.639e-07,2684,4,143574692,"exposure",TRUE,"reported","Cd6hTa","textfile","M32854",0.00945845617120656,25.6098087043592
"rs174548","C","G",0.7165,-0.0341,0.007,1.191e-06,2684,11,61327924,"exposure",TRUE,"reported","Cd6hTa","textfile","M32854",0.00876409729632034,23.7131331549013
"rs6723705","A","G",0.5871,0.0411,0.0081,3.46e-07,1756,2,212278228,"exposure",TRUE,"reported","Cd6hTa","textfile","M32854",0.0144499970359375,25.7169039874262
"rs6763260","T","C",0.6335,0.03,0.0067,7.756e-06,2684,3,191659222,"exposure",TRUE,"reported","Cd6hTa","textfile","M32854",0.0074144398357751,20.034069039105
