"SNP","effect_allele.exposure","other_allele.exposure","eaf.exposure","beta.exposure","se.exposure","pval.exposure","samplesize.exposure","chr.exposure","pos.exposure","exposure","mr_keep.exposure","pval_origin.exposure","id.exposure","data_source.exposure","file_source","R2","F"
"rs13213319","T","G",0.4542,-0.0332,0.0073,5.791e-06,5035,6,71138097,"exposure",TRUE,"reported","u9RJXi","textfile","M35551",0.00409119841892908,20.6755895818779
"rs10082970","T","C",0.1881,-0.0451,0.0088,2.989e-07,5035,12,130644135,"exposure",TRUE,"reported","u9RJXi","textfile","M35551",0.00518953695499829,26.2551917825223
"rs1159296","T","C",0.7444,-0.061,0.0135,6.598e-06,1340,18,10854553,"exposure",TRUE,"reported","u9RJXi","textfile","M35551",0.0150079052658751,20.3865364535348
"rs4841110","A","G",0.5869,0.0342,0.0073,2.604e-06,5035,8,9123433,"exposure",TRUE,"reported","u9RJXi","textfile","M35551",0.0043402820619301,21.9398648194111
"rs10818386","T","C",0.1967,0.0395,0.0089,8.681e-06,5035,9,121603950,"exposure",TRUE,"reported","u9RJXi","textfile","M35551",0.00389689761742893,19.6898149012963
"rs9784679","T","C",0.2789,0.0363,0.008,6.198e-06,5035,5,107248179,"exposure",TRUE,"reported","u9RJXi","textfile","M35551",0.00407250404093317,20.5807279357001
"rs17167889","T","C",0.9594,-0.0852,0.0176,1.299e-06,5035,7,96354249,"exposure",TRUE,"reported","u9RJXi","textfile","M35551",0.00463273791246904,23.4250922263166
"rs12189736","T","C",0.8963,-0.0642,0.0114,1.559e-08,5035,6,72350445,"exposure",TRUE,"reported","u9RJXi","textfile","M35551",0.00625941728209311,31.7020837516883
"rs7326215","T","C",0.8718,0.0495,0.0103,1.491e-06,5035,13,58863282,"exposure",TRUE,"reported","u9RJXi","textfile","M35551",0.00456613644012617,23.0867821001879
"rs7171302","C","G",0.2838,-0.0438,0.0083,1.537e-07,5035,15,59554997,"exposure",TRUE,"reported","u9RJXi","textfile","M35551",0.00550043653643839,27.8368117040493
"rs215934","T","C",0.1585,0.043,0.0093,3.584e-06,5035,6,85543965,"exposure",TRUE,"reported","u9RJXi","textfile","M35551",0.00422796578709048,21.3697021761073
"rs9849918","A","C",0.6538,0.0363,0.0073,7.736e-07,5035,3,188500757,"exposure",TRUE,"reported","u9RJXi","textfile","M35551",0.00488697890064133,24.7169560496304
