"SNP","effect_allele.exposure","other_allele.exposure","eaf.exposure","beta.exposure","se.exposure","pval.exposure","samplesize.exposure","chr.exposure","pos.exposure","exposure","mr_keep.exposure","pval_origin.exposure","id.exposure","data_source.exposure","file_source","R2","F"
"rs10031835","T","C",0.6953,-0.034,0.0075,5.807e-06,1758,4,136307034,"exposure",TRUE,"reported","zcOxG3","textfile","M27672",0.0115549735864899,20.527731007458
"rs9379897","T","C",0.8707,-0.0261,0.0055,2.039e-06,7339,6,26709505,"exposure",TRUE,"reported","zcOxG3","textfile","M27672",0.00305906128971939,22.5132019472556
"rs1564485","A","T",0.4773,0.0158,0.0035,7.847e-06,7339,1,53394216,"exposure",TRUE,"reported","zcOxG3","textfile","M27672",0.00276908909458751,20.3732219537222
"rs3847067","A","C",0.2877,-0.0316,0.007,6.694e-06,1758,7,100338551,"exposure",TRUE,"reported","zcOxG3","textfile","M27672",0.0114591873175936,20.355591465255
"rs527140","A","G",0.7481,-0.0329,0.0073,6.772e-06,1758,11,57256710,"exposure",TRUE,"reported","zcOxG3","textfile","M27672",0.0114218957533712,20.2885830231944
"rs9489956","T","C",0.782,0.0395,0.0079,5.28e-07,1758,6,120823045,"exposure",TRUE,"reported","zcOxG3","textfile","M27672",0.0140213123948402,24.971558589306
