"SNP","effect_allele.exposure","other_allele.exposure","eaf.exposure","beta.exposure","se.exposure","pval.exposure","samplesize.exposure","chr.exposure","pos.exposure","exposure","mr_keep.exposure","pval_origin.exposure","id.exposure","data_source.exposure","file_source","R2","F"
"rs7359707","A","T",0.1937,0.0235,0.0052,5.415e-06,6385,18,21157339,"exposure",TRUE,"reported","ACRL1o","textfile","M19396",0.00318846160841073,20.4170494247335
"rs3783200","A","C",0.6859,-0.0414,0.0073,1.514e-08,1643,13,45514463,"exposure",TRUE,"reported","ACRL1o","textfile","M19396",0.0191998537461256,32.1237309330873
"rs4884317","A","G",0.211,-0.0211,0.0045,2.437e-06,6385,13,52489427,"exposure",TRUE,"reported","ACRL1o","textfile","M19396",0.00343151680272444,21.9787923470325
"rs2100777","A","C",0.0558,0.0349,0.0079,9.977e-06,6385,4,43603000,"exposure",TRUE,"reported","ACRL1o","textfile","M19396",0.00304726580691111,19.5101502592864
"rs4998531","T","C",0.7039,0.0175,0.0037,2.321e-06,6385,3,135611105,"exposure",TRUE,"reported","ACRL1o","textfile","M19396",0.0034913454533847,22.3633361609827
"rs17739309","A","G",0.845,-0.0215,0.0046,2.287e-06,6385,2,126940815,"exposure",TRUE,"reported","ACRL1o","textfile","M19396",0.00340970658082591,21.8386203930822
"rs789736","T","G",0.2464,0.019,0.0038,4.026e-07,6385,12,62824591,"exposure",TRUE,"reported","ACRL1o","textfile","M19396",0.00390015600624025,24.992169146437
"rs12375763","T","C",0.9372,0.0292,0.0065,7.579e-06,6385,9,83374955,"exposure",TRUE,"reported","ACRL1o","textfile","M19396",0.00315070392905684,20.1745070778869
