"SNP","effect_allele.exposure","other_allele.exposure","eaf.exposure","beta.exposure","se.exposure","pval.exposure","samplesize.exposure","chr.exposure","pos.exposure","exposure","mr_keep.exposure","pval_origin.exposure","id.exposure","data_source.exposure","file_source","R2","F"
"rs7582926","T","C",0.7138,-0.0437,0.0095,3.893e-06,7014,2,218158419,"exposure",TRUE,"reported","p79Ya7","textfile","M37097",0.00300774964606349,21.1539663530083
"rs719672","A","C",0.8137,0.0917,0.0196,2.913e-06,1672,6,51273593,"exposure",TRUE,"reported","p79Ya7","textfile","M37097",0.0129223521828542,21.8628475612733
"rs12320124","A","C",0.0146,-0.2943,0.0664,9.383e-06,1672,12,24642532,"exposure",TRUE,"reported","p79Ya7","textfile","M37097",0.0116127539694167,19.6211547718877
"rs2212465","A","T",0.0432,-0.0927,0.0207,7.304e-06,7014,11,86751332,"exposure",TRUE,"reported","p79Ya7","textfile","M37097",0.0028511037982916,20.0491019042121
"rs2255908","A","G",0.6525,0.0466,0.0088,1.041e-07,7014,15,90947613,"exposure",TRUE,"reported","p79Ya7","textfile","M37097",0.00398206081200769,28.0338428809441
"rs3821142","T","C",0.5584,0.0747,0.0157,2.088e-06,1672,2,37428791,"exposure",TRUE,"reported","p79Ya7","textfile","M37097",0.0133587218370426,22.6111211456699
"rs4792110","T","G",0.9378,0.114,0.0252,6.309e-06,7014,17,11089165,"exposure",TRUE,"reported","p79Ya7","textfile","M37097",0.00290922664858057,20.4590171778245
"rs9651696","T","C",0.556,-0.0756,0.0156,1.203e-06,1672,11,120068140,"exposure",TRUE,"reported","p79Ya7","textfile","M37097",0.0138516142766903,23.4571147476006
"rs4898658","A","C",0.0682,-0.0777,0.0164,2.047e-06,7014,14,50008958,"exposure",TRUE,"reported","p79Ya7","textfile","M37097",0.0031900752917245,22.4403944935827
"rs2405522","A","G",0.1672,-0.1264,0.0113,4.492e-29,7014,5,131769595,"exposure",TRUE,"reported","p79Ya7","textfile","M37097",0.017526386893332,125.087354262309
