"SNP","effect_allele.exposure","other_allele.exposure","eaf.exposure","beta.exposure","se.exposure","pval.exposure","samplesize.exposure","chr.exposure","pos.exposure","exposure","mr_keep.exposure","pval_origin.exposure","id.exposure","data_source.exposure","file_source","R2","F"
"rs7319920","A","G",0.1522,-0.0219,0.0048,4.393e-06,7373,13,34765044,"exposure",TRUE,"reported","M8ErMg","textfile","M27718",0.00281538046203093,20.8107595915842
"rs1230164","C","G",0.721,0.0176,0.0038,3.083e-06,7373,4,100205046,"exposure",TRUE,"reported","M8ErMg","textfile","M27718",0.00290102970820751,21.4457046053712
"rs4906527","C","G",0.5095,-0.0292,0.0065,7.493e-06,1768,14,43941457,"exposure",TRUE,"reported","M8ErMg","textfile","M27718",0.0112856754092354,20.1579994109615
"rs3817670","T","C",0.0384,-0.0743,0.0167,8.417e-06,1768,7,107658529,"exposure",TRUE,"reported","M8ErMg","textfile","M27718",0.0110720257387309,19.7721148187814
"rs3111102","A","G",0.0953,-0.048,0.0107,7.003e-06,1768,5,51168702,"exposure",TRUE,"reported","M8ErMg","textfile","M27718",0.0112542687089517,20.1012635615195
"rs10900120","A","G",0.7361,-0.0383,0.008,1.735e-06,1768,10,44685567,"exposure",TRUE,"reported","M8ErMg","textfile","M27718",0.0127979777155406,22.8942284714366
"rs12820743","A","G",0.5528,-0.0168,0.0037,5.058e-06,7373,12,104308579,"exposure",TRUE,"reported","M8ErMg","textfile","M27718",0.00278842003461616,20.6109159661676
"rs1145077","T","G",0.3769,0.0187,0.0037,3.985e-07,7373,15,43471087,"exposure",TRUE,"reported","M8ErMg","textfile","M27718",0.00345249879400976,25.5365334616254
"rs715","T","C",0.7113,-0.0451,0.0044,9.628e-25,7373,2,211251300,"exposure",TRUE,"reported","M8ErMg","textfile","M27718",0.01404942790997,105.034000745965
