"SNP","effect_allele.exposure","other_allele.exposure","eaf.exposure","beta.exposure","se.exposure","pval.exposure","samplesize.exposure","chr.exposure","pos.exposure","exposure","mr_keep.exposure","pval_origin.exposure","id.exposure","data_source.exposure","file_source","R2","F"
"rs12566852","T","C",0.7395,0.0515,0.0112,4.698e-06,4625,1,234363573,"exposure",TRUE,"reported","T2I3PW","textfile","M33195",0.00455077943196973,21.1344314499448
"rs2159190","C","G",0.8227,-0.0552,0.0123,7.399e-06,4625,7,138882371,"exposure",TRUE,"reported","T2I3PW","textfile","M33195",0.00433579847348031,20.1316832644661
"rs2490700","C","G",0.0343,0.1208,0.0269,7.349e-06,4625,10,7047637,"exposure",TRUE,"reported","T2I3PW","textfile","M33195",0.00434138227256033,20.1577226257089
"rs17647583","A","G",0.1044,0.0744,0.0163,4.763e-06,4625,13,68163592,"exposure",TRUE,"reported","T2I3PW","textfile","M33195",0.00448442725326862,20.8248949181784
"rs2298126","A","C",0.3406,-0.0484,0.0101,1.572e-06,4625,10,16598991,"exposure",TRUE,"reported","T2I3PW","textfile","M33195",0.0049406628409094,22.9540927466041
"rs2493950","T","C",0.9465,-0.2434,0.0497,9.902e-07,1247,6,95408757,"exposure",TRUE,"reported","T2I3PW","textfile","M33195",0.0188707064758713,23.9459057206124
"rs17556249","T","C",0.0315,0.1361,0.0302,6.428e-06,4625,15,43907008,"exposure",TRUE,"reported","T2I3PW","textfile","M33195",0.00437207593298005,20.3008639568914
"rs11192313","A","G",0.4433,0.0428,0.0093,3.691e-06,4625,10,83801929,"exposure",TRUE,"reported","T2I3PW","textfile","M33195",0.00455853852633715,21.1706307431261
