"SNP","effect_allele.exposure","other_allele.exposure","eaf.exposure","beta.exposure","se.exposure","pval.exposure","samplesize.exposure","chr.exposure","pos.exposure","exposure","mr_keep.exposure","pval_origin.exposure","id.exposure","data_source.exposure","file_source","R2","F"
"rs11013837","A","T",0.2463,-0.015,0.0034,8.163e-06,7346,10,24324657,"exposure",TRUE,"reported","XIkWKP","textfile","M01712",0.00264255839114468,19.4583687000528
"rs12210538","A","G",0.8442,0.0254,0.0057,9.185e-06,7346,6,110866701,"exposure",TRUE,"reported","XIkWKP","textfile","M01712",0.00269584195336138,19.8517805683912
"rs1381274","T","C",0.4672,-0.0146,0.0032,3.625e-06,7346,14,97724884,"exposure",TRUE,"reported","XIkWKP","textfile","M01712",0.00282569906755642,20.8107388374626
"rs4439706","T","C",0.7156,0.0151,0.0033,3.775e-06,7346,15,44916836,"exposure",TRUE,"reported","XIkWKP","textfile","M01712",0.00284209784988523,20.9318569953176
"rs1010874","A","G",0.0629,-0.0491,0.0096,3.169e-07,1753,10,84491071,"exposure",TRUE,"reported","XIkWKP","textfile","M01712",0.0147029935055949,26.1291178787753
"rs9533798","C","G",0.3667,-0.0142,0.0032,8.363e-06,7346,13,43700505,"exposure",TRUE,"reported","XIkWKP","textfile","M01712",0.00267339549866171,19.6860451265995
"rs9446392","T","C",0.9533,-0.0331,0.0075,9.272e-06,7346,6,72214660,"exposure",TRUE,"reported","XIkWKP","textfile","M01712",0.00264443290767347,19.4722082221617
"rs11987983","T","C",0.099,-0.0457,0.0102,7.164e-06,1753,8,6705711,"exposure",TRUE,"reported","XIkWKP","textfile","M01712",0.0113215324652529,20.0510115245946
"rs12883490","T","C",0.6656,0.0166,0.0033,3.756e-07,7346,14,90265125,"exposure",TRUE,"reported","XIkWKP","textfile","M01712",0.00343276423726385,25.2970593992795
"rs1173842","A","G",0.567,-0.0217,0.0049,8.343e-06,1753,1,243602485,"exposure",TRUE,"reported","XIkWKP","textfile","M01712",0.0110640355522807,19.5898692620231
"rs1491606","A","T",0.2992,0.0182,0.004,5.796e-06,7346,3,70669218,"exposure",TRUE,"reported","XIkWKP","textfile","M01712",0.00281028044773085,20.6968635992377
"rs11855136","A","G",0.0406,-0.0618,0.0121,2.991e-07,1753,15,55557383,"exposure",TRUE,"reported","XIkWKP","textfile","M01712",0.0146625425754245,26.0561616288028
"rs1448767","T","C",0.6289,-0.0144,0.0033,9.947e-06,7346,8,29846448,"exposure",TRUE,"reported","XIkWKP","textfile","M01712",0.00258536530628275,19.0361381805582
