"SNP","effect_allele.exposure","other_allele.exposure","eaf.exposure","beta.exposure","se.exposure","pval.exposure","samplesize.exposure","chr.exposure","pos.exposure","exposure","mr_keep.exposure","pval_origin.exposure","id.exposure","data_source.exposure","file_source","R2","F"
"rs17618395","A","G",0.5998,0.0162,0.0035,5.096e-06,6876,7,38806116,"exposure",TRUE,"reported","iUzeeK","textfile","M36754",0.00310603994819006,21.4174420344054
"rs631871","A","G",0.5197,-0.017,0.0036,1.756e-06,6876,2,165028234,"exposure",TRUE,"reported","iUzeeK","textfile","M36754",0.0032325913212641,22.2928965663356
"rs2161480","C","G",0.9525,0.07,0.0157,8.789e-06,1506,16,26485171,"exposure",TRUE,"reported","iUzeeK","textfile","M36754",0.0130279670038287,19.8527027298598
"rs359428","A","G",0.0344,-0.0471,0.01,2.442e-06,6876,5,173190227,"exposure",TRUE,"reported","iUzeeK","textfile","M36754",0.00321593330627404,22.177647382199
"rs11733714","T","C",0.0461,-0.0704,0.0149,2.465e-06,1506,4,95043796,"exposure",TRUE,"reported","iUzeeK","textfile","M36754",0.0146068758203945,22.2943926589335
"rs12829704","A","G",0.1927,-0.042,0.0045,9.493e-21,6876,12,21279888,"exposure",TRUE,"reported","iUzeeK","textfile","M36754",0.0125103721197421,87.0857733824575
"rs2108622","T","C",0.288,-0.0248,0.0044,1.2e-08,6876,19,15851431,"exposure",TRUE,"reported","iUzeeK","textfile","M36754",0.0045989663093415,31.7593546122818
"rs11852566","T","C",0.1197,-0.0253,0.0057,7.905e-06,6876,15,45400840,"exposure",TRUE,"reported","iUzeeK","textfile","M36754",0.00285701749761975,19.6954084050742
"rs11578466","C","G",0.8688,-0.0251,0.0056,8.404e-06,6876,1,219124362,"exposure",TRUE,"reported","iUzeeK","textfile","M36754",0.00291318787076952,20.0837611931771
