"SNP","effect_allele.exposure","other_allele.exposure","eaf.exposure","beta.exposure","se.exposure","pval.exposure","samplesize.exposure","chr.exposure","pos.exposure","exposure","mr_keep.exposure","pval_origin.exposure","id.exposure","data_source.exposure","file_source","R2","F"
"rs1322374","A","G",0.7628,-0.0455,0.0103,9.722e-06,6904,1,184380948,"exposure",TRUE,"reported","MCNY3J","textfile","M32616",0.00281852416996284,19.5084388274369
"rs7997078","A","G",0.388,-0.054,0.0121,8.522e-06,5369,13,81210699,"exposure",TRUE,"reported","MCNY3J","textfile","M32616",0.00369585829014665,19.9092532217874
"rs8130944","A","G",0.3688,-0.0439,0.0098,7.843e-06,6904,21,43018976,"exposure",TRUE,"reported","MCNY3J","textfile","M32616",0.00289811519277426,20.0609299463868
"rs500421","C","G",0.9177,0.0736,0.0165,8.231e-06,6904,1,29385238,"exposure",TRUE,"reported","MCNY3J","textfile","M32616",0.00287367163454971,19.8912425210708
"rs2104340","C","G",0.2526,0.0617,0.013,2.163e-06,6904,9,2186447,"exposure",TRUE,"reported","MCNY3J","textfile","M32616",0.00325213193574015,22.5194508457493
"rs1823803","T","C",0.4614,-0.0427,0.0088,1.219e-06,6904,2,234203850,"exposure",TRUE,"reported","MCNY3J","textfile","M32616",0.00339868628022437,23.5377300663527
"rs7847689","T","C",0.7003,0.0438,0.0094,3.436e-06,6904,9,4424601,"exposure",TRUE,"reported","MCNY3J","textfile","M32616",0.00313493188430512,21.7053446424534
"rs2402228","A","T",0.1901,-0.051,0.0112,5.266e-06,6904,7,117005395,"exposure",TRUE,"reported","MCNY3J","textfile","M32616",0.00299434024795302,20.7290060886029
"rs4149056","T","C",0.8373,-0.0537,0.0116,3.998e-06,6904,12,21222816,"exposure",TRUE,"reported","MCNY3J","textfile","M32616",0.00309446672298186,21.4243061243857
"rs10836109","C","G",0.0682,0.086,0.0181,1.944e-06,6904,11,4447884,"exposure",TRUE,"reported","MCNY3J","textfile","M32616",0.00325927625452786,22.5690835869728
"rs6453786","T","G",0.2993,-0.0471,0.0102,3.869e-06,6904,6,75588970,"exposure",TRUE,"reported","MCNY3J","textfile","M32616",0.00307894164550563,21.316487458251
"rs6879662","T","C",0.4073,-0.0385,0.0087,9.266e-06,6904,5,161586190,"exposure",TRUE,"reported","MCNY3J","textfile","M32616",0.00282847301900076,19.5774951940793
