"SNP","effect_allele.exposure","other_allele.exposure","eaf.exposure","beta.exposure","se.exposure","pval.exposure","samplesize.exposure","chr.exposure","pos.exposure","exposure","mr_keep.exposure","pval_origin.exposure","id.exposure","data_source.exposure","file_source","R2","F"
"rs10245705","T","C",0.0181,-0.0663,0.0127,1.946e-07,7276,7,26096197,"exposure",TRUE,"reported","EDiGW3","textfile","M01561",0.0037316701565535,27.2458412113086
"rs7930821","T","C",0.0202,0.0666,0.0149,7.53e-06,1759,11,19099271,"exposure",TRUE,"reported","EDiGW3","textfile","M01561",0.0112306547278062,19.956383610703
"rs11145330","A","C",0.8908,0.0324,0.0068,1.945e-06,1759,9,70923423,"exposure",TRUE,"reported","EDiGW3","textfile","M01561",0.0127419830961407,22.6766092719401
"rs7238006","T","C",0.9262,0.0281,0.0057,6.772e-07,7276,18,30181896,"exposure",TRUE,"reported","EDiGW3","textfile","M01561",0.00332906314156961,24.2964898405751
"rs11992435","A","G",0.9488,0.0327,0.0072,6.383e-06,7276,8,81688638,"exposure",TRUE,"reported","EDiGW3","textfile","M01561",0.00282688656787514,20.621066310091
"rs2074731","A","C",0.1654,-0.0184,0.0039,2.307e-06,7276,22,29063914,"exposure",TRUE,"reported","EDiGW3","textfile","M01561",0.00304991094216808,22.2529216224823
"rs10163969","T","G",0.0412,-0.0352,0.008,9.385e-06,7276,18,9057439,"exposure",TRUE,"reported","EDiGW3","textfile","M01561",0.00265374155627687,19.3546783947224
"rs1532701","A","G",0.5456,0.0137,0.003,5.074e-06,7276,16,54255528,"exposure",TRUE,"reported","EDiGW3","textfile","M01561",0.00285800472014654,20.8487120517989
"rs10935814","A","G",0.1006,-0.037,0.0083,9.443e-06,1759,3,151835563,"exposure",TRUE,"reported","EDiGW3","textfile","M01561",0.0111712687697104,19.8496651730177
"rs1404410","C","G",0.7853,-0.0236,0.0052,4.568e-06,1759,7,124036186,"exposure",TRUE,"reported","EDiGW3","textfile","M01561",0.0115743203702719,20.5742134281514
"rs261342","C","G",0.794,-0.0169,0.0037,5.405e-06,7276,15,56518445,"exposure",TRUE,"reported","EDiGW3","textfile","M01561",0.00285912924743766,20.8569388296815
