"SNP","effect_allele.exposure","other_allele.exposure","eaf.exposure","beta.exposure","se.exposure","pval.exposure","samplesize.exposure","chr.exposure","pos.exposure","exposure","mr_keep.exposure","pval_origin.exposure","id.exposure","data_source.exposure","file_source","R2","F"
"rs12401645","A","G",0.9861,0.1345,0.0275,1.025e-06,1727,1,59130388,"exposure",TRUE,"reported","3gzasN","textfile","M32847",0.0136619481109918,23.893289371049
"rs17461842","T","C",0.9096,-0.0358,0.0076,2.859e-06,6967,5,149159918,"exposure",TRUE,"reported","3gzasN","textfile","M32847",0.00317476863010334,22.1826884119714
"rs6496017","A","C",0.5014,0.0196,0.0044,8.493e-06,6967,15,92846910,"exposure",TRUE,"reported","3gzasN","textfile","M32847",0.00284004882849464,19.8372789312544
"rs12457980","A","G",0.6961,-0.0204,0.0046,9.719e-06,6967,18,31205020,"exposure",TRUE,"reported","3gzasN","textfile","M32847",0.00281497543119531,19.6616509426155
"rs887829","T","C",0.3321,0.1116,0.0044,1.96e-140,6967,2,234333309,"exposure",TRUE,"reported","3gzasN","textfile","M32847",0.0845318662797769,643.129374963672
"rs7707678","A","G",0.4165,0.0198,0.0044,8.1e-06,6967,5,149689364,"exposure",TRUE,"reported","3gzasN","textfile","M32847",0.00289813589037175,20.2441868810105
"rs2831156","A","G",0.1791,-0.0252,0.0053,2.377e-06,6967,21,28064965,"exposure",TRUE,"reported","3gzasN","textfile","M32847",0.00323442111863481,22.6008437375753
"rs17334856","A","G",0.1082,-0.0299,0.0068,9.323e-06,6967,8,4116166,"exposure",TRUE,"reported","3gzasN","textfile","M32847",0.002767420788651,19.328576096258
"rs1353050","A","G",0.7319,-0.0208,0.0047,8.926e-06,6967,4,28267307,"exposure",TRUE,"reported","3gzasN","textfile","M32847",0.00280327682222551,19.5797104151934
"rs361798","C","G",0.9005,0.0447,0.0101,9.272e-06,1727,22,46696354,"exposure",TRUE,"reported","3gzasN","textfile","M32847",0.0112145545115052,19.5645138392883
"rs4500414","A","G",0.6497,-0.0203,0.0045,7.44e-06,6967,10,95963318,"exposure",TRUE,"reported","3gzasN","textfile","M32847",0.0029124236079818,20.3442815955997
"rs792222","C","G",0.7494,-0.0224,0.0048,3.592e-06,6967,10,90098248,"exposure",TRUE,"reported","3gzasN","textfile","M32847",0.00311610677435253,21.7715260832815
