"SNP","effect_allele.exposure","other_allele.exposure","eaf.exposure","beta.exposure","se.exposure","pval.exposure","samplesize.exposure","chr.exposure","pos.exposure","exposure","mr_keep.exposure","pval_origin.exposure","id.exposure","data_source.exposure","file_source","R2","F"
"rs8063217","T","C",0.0594,0.1278,0.0279,4.698e-06,1254,16,20329870,"exposure",TRUE,"reported","8icN1P","textfile","M35187",0.0164569421297392,20.9488454842527
"rs4084390","C","G",0.238,0.0323,0.0072,7.244e-06,5953,11,83907854,"exposure",TRUE,"reported","8icN1P","textfile","M35187",0.0033692903214472,20.1184315396014
"rs4149002","A","G",0.1434,-0.0829,0.0091,6.568e-20,5953,12,21336150,"exposure",TRUE,"reported","8icN1P","textfile","M35187",0.0137492103978642,82.9622160411125
"rs13276952","A","C",0.3037,0.0657,0.0146,6.502e-06,1254,8,1325256,"exposure",TRUE,"reported","8icN1P","textfile","M35187",0.0158917010005886,20.2177033492823
"rs12160763","A","G",0.9499,0.0681,0.0142,1.779e-06,5953,22,30124754,"exposure",TRUE,"reported","8icN1P","textfile","M35187",0.00384863731138774,22.9917274602251
"rs12317268","A","G",0.8337,-0.1377,0.0079,2.091e-67,5953,12,21243808,"exposure",TRUE,"reported","8icN1P","textfile","M35187",0.0485579301510966,303.71606584
"rs296381","T","C",0.8302,0.053,0.0082,1.071e-10,5953,19,53062914,"exposure",TRUE,"reported","8icN1P","textfile","M35187",0.00696868917592137,41.7616935477021
