"SNP","effect_allele.exposure","other_allele.exposure","eaf.exposure","beta.exposure","se.exposure","pval.exposure","samplesize.exposure","chr.exposure","pos.exposure","exposure","mr_keep.exposure","pval_origin.exposure","id.exposure","data_source.exposure","file_source","R2","F"
"rs2345834","T","C",0.6652,0.0176,0.0039,5.45e-06,4538,2,18428648,"exposure",TRUE,"reported","gqYZBf","textfile","M15958",0.00446773054115559,20.3565734194612
"rs7580111","A","T",0.3967,0.0213,0.0047,4.937e-06,4538,2,38586106,"exposure",TRUE,"reported","gqYZBf","textfile","M15958",0.00450544702378227,20.529200927094
"rs4296931","A","G",0.0244,0.1523,0.0334,5.095e-06,773,6,3156614,"exposure",TRUE,"reported","gqYZBf","textfile","M15958",0.0261938826513145,20.7387108833823
"rs10520388","T","G",0.1733,0.0219,0.0048,4.921e-06,4538,4,179040308,"exposure",TRUE,"reported","gqYZBf","textfile","M15958",0.00456618657015039,20.8072319854561
"rs17683199","A","G",0.0385,-0.0446,0.0094,1.879e-06,4538,18,33492848,"exposure",TRUE,"reported","gqYZBf","textfile","M15958",0.00493628706520864,22.5020748287037
"rs201060","A","G",0.9465,0.0367,0.0083,9.75e-06,4538,6,6672397,"exposure",TRUE,"reported","gqYZBf","textfile","M15958",0.0042898724211326,19.5426969790625
"rs2579931","A","G",0.1044,0.0269,0.0059,4.231e-06,4538,6,101961354,"exposure",TRUE,"reported","gqYZBf","textfile","M15958",0.00455985671308317,20.7782559202896
"rs16885269","T","C",0.1333,0.0255,0.0057,8.07e-06,4538,5,55687579,"exposure",TRUE,"reported","gqYZBf","textfile","M15958",0.00439091478708165,20.0050298556114
"rs2133896","T","G",0.0416,0.0469,0.0099,2.363e-06,4538,12,98373031,"exposure",TRUE,"reported","gqYZBf","textfile","M15958",0.00492116913972041,22.4328189139279
