"SNP","effect_allele.exposure","other_allele.exposure","eaf.exposure","beta.exposure","se.exposure","pval.exposure","samplesize.exposure","chr.exposure","pos.exposure","exposure","mr_keep.exposure","pval_origin.exposure","id.exposure","data_source.exposure","file_source","R2","F"
"rs11118120","A","C",0.8501,-0.019,0.004,1.965e-06,7349,1,216772384,"exposure",TRUE,"reported","N7uhqm","textfile","M01121",0.00306074865403366,22.5563597088039
"rs7583745","T","C",0.884,-0.0348,0.0075,3.062e-06,1768,2,79392406,"exposure",TRUE,"reported","N7uhqm","textfile","M01121",0.0120308711294856,21.5052452488688
"rs1466228","T","C",0.0348,-0.0361,0.0078,3.206e-06,7349,4,32072209,"exposure",TRUE,"reported","N7uhqm","textfile","M01121",0.00290624983204784,21.4144532672668
"rs17351329","A","G",0.8651,-0.0185,0.0041,5.372e-06,7349,5,107044019,"exposure",TRUE,"reported","N7uhqm","textfile","M01121",0.00276277791850657,20.3543639545466
"rs11940037","T","C",0.842,0.019,0.0041,2.821e-06,7349,4,58530285,"exposure",TRUE,"reported","N7uhqm","textfile","M01121",0.0029136943553992,21.4694678965415
"rs603424","A","G",0.1865,0.0292,0.0038,1.56e-14,7349,10,102065469,"exposure",TRUE,"reported","N7uhqm","textfile","M01121",0.00797066901494033,59.0310219906679
"rs4470674","A","T",0.7182,-0.0141,0.0031,6.639e-06,7349,4,179726575,"exposure",TRUE,"reported","N7uhqm","textfile","M01121",0.00280715081463994,20.6821950759155
"rs1822906","A","G",0.2048,0.018,0.0034,9.608e-08,7349,3,146410977,"exposure",TRUE,"reported","N7uhqm","textfile","M01121",0.00379931903069521,28.0200540430847
