"SNP","effect_allele.exposure","other_allele.exposure","eaf.exposure","beta.exposure","se.exposure","pval.exposure","samplesize.exposure","chr.exposure","pos.exposure","exposure","mr_keep.exposure","pval_origin.exposure","id.exposure","data_source.exposure","file_source","R2","F"
"rs4821424","A","G",0.5199,-0.0125,0.0027,3.972e-06,6999,22,34331806,"exposure",TRUE,"reported","hpMDIk","textfile","M21127",0.00305301240978715,21.4273457838676
"rs1544542","A","C",0.4642,0.0136,0.0027,5.398e-07,6999,12,125517720,"exposure",TRUE,"reported","hpMDIk","textfile","M21127",0.00361195891162398,25.3644920075786
"rs954050","T","C",0.5912,0.0121,0.0027,7.682e-06,6999,7,97718162,"exposure",TRUE,"reported","hpMDIk","textfile","M21127",0.0028612960316691,20.0779372557828
"rs12830350","T","G",0.3375,0.0124,0.0027,5.878e-06,6999,12,28783645,"exposure",TRUE,"reported","hpMDIk","textfile","M21127",0.00300450578166099,21.0858796014559
"rs2584543","A","G",0.0698,0.0246,0.0053,3.242e-06,6999,9,17456395,"exposure",TRUE,"reported","hpMDIk","textfile","M21127",0.00306865266037369,21.537453629011
"rs2378442","A","T",0.3445,0.0127,0.0027,3.984e-06,6999,3,189928328,"exposure",TRUE,"reported","hpMDIk","textfile","M21127",0.00315118005626758,22.118506249472
"rs6089908","T","C",0.5596,-0.0122,0.0027,7.185e-06,6999,20,61519098,"exposure",TRUE,"reported","hpMDIk","textfile","M21127",0.0029086474808756,20.4111753374135
"rs430508","A","G",0.4994,-0.0122,0.0027,7.022e-06,6999,5,73301441,"exposure",TRUE,"reported","hpMDIk","textfile","M21127",0.0029086474808756,20.4111753374135
"rs1000137","T","C",0.475,0.014,0.003,3.061e-06,5391,7,157336913,"exposure",TRUE,"reported","hpMDIk","textfile","M21127",0.00402340141640152,21.7696984686411
"rs400511","T","C",0.6391,0.0125,0.0027,4.171e-06,6999,4,31099490,"exposure",TRUE,"reported","hpMDIk","textfile","M21127",0.00305301240978715,21.4273457838676
"rs4774615","A","G",0.8406,-0.0184,0.0036,4.067e-07,6999,15,50320652,"exposure",TRUE,"reported","hpMDIk","textfile","M21127",0.0037185761859991,26.1159918789104
"rs12145936","T","C",0.5511,0.0287,0.0063,6.206e-06,1608,1,80071421,"exposure",TRUE,"reported","hpMDIk","textfile","M21127",0.0127417019760629,20.7272741232111
"rs1260326","T","C",0.4039,0.0134,0.0027,6.77e-07,6999,2,27584444,"exposure",TRUE,"reported","hpMDIk","textfile","M21127",0.00350687576937507,24.6239629372881
