"SNP","effect_allele.exposure","other_allele.exposure","eaf.exposure","beta.exposure","se.exposure","pval.exposure","samplesize.exposure","chr.exposure","pos.exposure","exposure","mr_keep.exposure","pval_origin.exposure","id.exposure","data_source.exposure","file_source","R2","F"
"rs6582090","T","G",0.745,-0.0168,0.0038,7.416e-06,6901,12,71180185,"exposure",TRUE,"reported","cSw8e5","textfile","M35977",0.00282430131964839,19.5400417700112
"rs1728918","A","G",0.3054,0.0265,0.0054,8.143e-07,1760,2,27488967,"exposure",TRUE,"reported","cSw8e5","textfile","M35977",0.0134986164999322,24.0552808174336
"rs12449543","T","C",0.4462,0.016,0.0036,8.248e-06,6901,17,40220985,"exposure",TRUE,"reported","cSw8e5","textfile","M35977",0.00285418164368753,19.7473617171246
"rs4719788","T","C",0.0317,-0.0926,0.0202,4.585e-06,1760,7,24991782,"exposure",TRUE,"reported","cSw8e5","textfile","M35977",0.0117991786606095,20.9906282583704
"rs12547884","A","G",0.7663,-0.0175,0.0039,6.315e-06,6901,8,10032925,"exposure",TRUE,"reported","cSw8e5","textfile","M35977",0.00290917319065577,20.1289444278197
"rs9831949","T","G",0.0277,-0.0693,0.0134,2.382e-07,6901,3,144768917,"exposure",TRUE,"reported","cSw8e5","textfile","M35977",0.00386068993908538,26.7381275096164
"rs11053152","T","C",0.012,0.102,0.021,1.191e-06,5141,12,34233619,"exposure",TRUE,"reported","cSw8e5","textfile","M35977",0.00456799636457037,23.5826588172713
"rs161194","C","G",0.5606,0.0232,0.0051,5.083e-06,1760,7,9835196,"exposure",TRUE,"reported","cSw8e5","textfile","M35977",0.011621078231551,20.6700639614134
"rs4567273","A","C",0.2608,0.0251,0.0056,8.97e-06,1760,1,157570428,"exposure",TRUE,"reported","cSw8e5","textfile","M35977",0.0112857265948942,20.0667754957096
"rs12623684","A","G",0.0629,0.0334,0.0071,2.592e-06,6901,2,28235792,"exposure",TRUE,"reported","cSw8e5","textfile","M35977",0.00319649306120372,22.1233226766712
