"SNP","effect_allele.exposure","other_allele.exposure","eaf.exposure","beta.exposure","se.exposure","pval.exposure","samplesize.exposure","chr.exposure","pos.exposure","exposure","mr_keep.exposure","pval_origin.exposure","id.exposure","data_source.exposure","file_source","R2","F"
"rs16984993","T","C",0.0398,0.0364,0.0079,4.434e-06,2683,21,30087188,"exposure",TRUE,"reported","ZrnMnJ","textfile","M33204",0.00785063831171459,21.2141055837514
"rs16944339","A","T",0.1526,-0.0248,0.0052,1.989e-06,1673,16,79564168,"exposure",TRUE,"reported","ZrnMnJ","textfile","M33204",0.013413310721925,22.7183707827416
"rs9521845","A","G",0.3291,0.0154,0.0034,7.188e-06,2683,13,110018843,"exposure",TRUE,"reported","ZrnMnJ","textfile","M33204",0.00758847892530039,20.5002779257326
"rs4807944","T","C",0.1282,0.0206,0.0044,3.315e-06,2683,19,1593781,"exposure",TRUE,"reported","ZrnMnJ","textfile","M33204",0.00810353954113297,21.903082000844
"rs17552447","T","C",0.9767,0.0563,0.0125,6.785e-06,1673,5,73037135,"exposure",TRUE,"reported","ZrnMnJ","textfile","M33204",0.0119802654768986,20.2617649348476
"rs822531","T","C",0.7832,0.0181,0.0041,9.473e-06,2683,7,148260692,"exposure",TRUE,"reported","ZrnMnJ","textfile","M33204",0.00721149824648835,19.4744668826105
"rs11133063","T","G",0.5241,-0.0135,0.003,6.737e-06,2683,4,176091728,"exposure",TRUE,"reported","ZrnMnJ","textfile","M33204",0.00749098307592712,20.2349049571375
"rs7151750","C","G",0.5979,-0.0142,0.0031,4.122e-06,2683,14,21464350,"exposure",TRUE,"reported","ZrnMnJ","textfile","M33204",0.00775978082967774,20.9666691617899
"rs2736780","T","C",0.6897,0.0182,0.0041,9.529e-06,1673,3,60042031,"exposure",TRUE,"reported","ZrnMnJ","textfile","M33204",0.0116410941447658,19.6813811264962
"rs1327266","T","C",0.9338,0.0357,0.0077,3.884e-06,2683,6,51279788,"exposure",TRUE,"reported","ZrnMnJ","textfile","M33204",0.00794819767512926,21.47984401327
"rs7953025","A","G",0.5419,0.0172,0.0038,7.612e-06,1673,12,12448774,"exposure",TRUE,"reported","ZrnMnJ","textfile","M33204",0.0120978360968939,20.4630426539814
"rs10952210","T","C",0.1046,0.0282,0.0061,4.377e-06,1673,7,10438800,"exposure",TRUE,"reported","ZrnMnJ","textfile","M33204",0.0126133330753271,21.3461253578782
"rs17418798","T","C",0.9675,-0.0535,0.0116,4.24e-06,2683,6,15942732,"exposure",TRUE,"reported","ZrnMnJ","textfile","M33204",0.00786577185708311,21.2553238772063
