"SNP","effect_allele.exposure","other_allele.exposure","eaf.exposure","beta.exposure","se.exposure","pval.exposure","samplesize.exposure","chr.exposure","pos.exposure","exposure","mr_keep.exposure","pval_origin.exposure","id.exposure","data_source.exposure","file_source","R2","F"
"rs9580319","T","C",0.9296,-0.0641,0.014,4.438e-06,1291,13,21661034,"exposure",TRUE,"reported","qW4HAQ","textfile","M35527",0.0159785842070855,20.9308402361719
"rs1948766","T","G",0.2853,-0.037,0.0083,8.254e-06,1291,5,24097171,"exposure",TRUE,"reported","qW4HAQ","textfile","M35527",0.0151595702566352,19.8414742842095
"rs6550458","A","T",0.4991,0.0331,0.0072,4.284e-06,1291,3,37163322,"exposure",TRUE,"reported","qW4HAQ","textfile","M35527",0.0161069257237282,21.1017109487812
"rs8054116","A","C",0.4278,0.0352,0.008,9.834e-06,1291,16,73438101,"exposure",TRUE,"reported","qW4HAQ","textfile","M35527",0.0147745657681858,19.3300077459334
"rs1551864","T","C",0.3052,-0.038,0.0084,5.902e-06,1291,15,25518870,"exposure",TRUE,"reported","qW4HAQ","textfile","M35527",0.0156045757284441,20.4331487307032
"rs1439737","T","C",0.5832,0.0368,0.0075,1.079e-06,1291,2,209659296,"exposure",TRUE,"reported","qW4HAQ","textfile","M35527",0.0183072226768176,24.0380805232808
"rs11932470","A","G",0.4287,0.0361,0.0076,2.418e-06,1291,4,77687220,"exposure",TRUE,"reported","qW4HAQ","textfile","M35527",0.0171765713470048,22.5275464756003
"rs9417900","T","C",0.2502,0.0385,0.0085,6.25e-06,1291,10,19484188,"exposure",TRUE,"reported","qW4HAQ","textfile","M35527",0.0156426438152326,20.4837884850938
"rs12422389","T","C",0.9413,-0.0801,0.018,8.588e-06,1291,12,126301360,"exposure",TRUE,"reported","qW4HAQ","textfile","M35527",0.0151071576381644,19.7718222308288
