"SNP","effect_allele.exposure","other_allele.exposure","eaf.exposure","beta.exposure","se.exposure","pval.exposure","samplesize.exposure","chr.exposure","pos.exposure","exposure","mr_keep.exposure","pval_origin.exposure","id.exposure","data_source.exposure","file_source","R2","F"
"rs29456","T","C",0.2189,-0.0356,0.0077,4.097e-06,7071,5,65575603,"exposure",TRUE,"reported","LLQZjs","textfile","M18254",0.00301388597738991,21.3695654076944
"rs3846408","C","G",0.6348,0.0303,0.0068,9.478e-06,7071,4,13741604,"exposure",TRUE,"reported","LLQZjs","textfile","M18254",0.00280006964719196,19.8492716791476
"rs12895893","A","G",0.8278,-0.0443,0.0093,1.964e-06,7071,14,25778469,"exposure",TRUE,"reported","LLQZjs","textfile","M18254",0.00319866919036568,22.6839509617521
"rs17777937","T","C",0.0548,-0.0744,0.0165,6.198e-06,7071,8,85100321,"exposure",TRUE,"reported","LLQZjs","textfile","M18254",0.00286714838774881,20.3261500413165
"rs7558224","T","C",0.7832,0.0376,0.0084,8.564e-06,7071,2,239512467,"exposure",TRUE,"reported","LLQZjs","textfile","M18254",0.00282557871440006,20.0306140086733
"rs3768372","C","G",0.8499,-0.0808,0.0182,8.723e-06,1659,1,224902255,"exposure",TRUE,"reported","LLQZjs","textfile","M18254",0.011740979952012,19.685935959926
"rs11915650","A","G",0.1557,-0.0474,0.01,2.221e-06,7071,3,176425565,"exposure",TRUE,"reported","LLQZjs","textfile","M18254",0.00316736485833811,22.4612451421298
"rs12341812","T","C",0.9564,-0.093,0.0188,7.435e-07,7071,9,17097467,"exposure",TRUE,"reported","LLQZjs","textfile","M18254",0.00344880765998484,24.4639929547289
"rs4661452","T","C",0.9194,-0.0577,0.0127,5.176e-06,7071,1,14144694,"exposure",TRUE,"reported","LLQZjs","textfile","M18254",0.00291069971287561,20.6358008900433
"rs4371296","A","T",0.5092,0.0606,0.0132,4.611e-06,1659,2,141939256,"exposure",TRUE,"reported","LLQZjs","textfile","M18254",0.0125449328973372,21.0510376658248
"rs946712","A","C",0.9563,0.084,0.0165,3.294e-07,7071,9,133378891,"exposure",TRUE,"reported","LLQZjs","textfile","M18254",0.003651917314816,25.9100247665064
"rs2059238","A","C",0.1958,-0.0435,0.0087,6.602e-07,7071,16,76816311,"exposure",TRUE,"reported","LLQZjs","textfile","M18254",0.00352311161217587,24.9929288643756
"rs13387835","A","T",0.9417,-0.0622,0.0138,6.237e-06,7071,2,106508739,"exposure",TRUE,"reported","LLQZjs","textfile","M18254",0.00286480985939355,20.3095238201325
"rs10791723","A","T",0.3242,-0.0658,0.0141,2.962e-06,1659,11,104059913,"exposure",TRUE,"reported","LLQZjs","textfile","M18254",0.012956964368348,21.7515236755743
