"SNP","effect_allele.exposure","other_allele.exposure","eaf.exposure","beta.exposure","se.exposure","pval.exposure","samplesize.exposure","chr.exposure","pos.exposure","exposure","mr_keep.exposure","pval_origin.exposure","id.exposure","data_source.exposure","file_source","R2","F"
"rs7129619","C","G",0.6449,0.0297,0.0066,7.245e-06,2656,11,126033707,"exposure",TRUE,"reported","3e2frM","textfile","M32857",0.00756655768332555,20.2347515060241
"rs671321","T","G",0.5978,0.0305,0.0066,4.011e-06,2656,11,82970021,"exposure",TRUE,"reported","3e2frM","textfile","M32857",0.00797637843008924,21.3395204440351
"rs6747014","T","C",0.8967,0.048,0.0103,3.122e-06,2656,2,151071035,"exposure",TRUE,"reported","3e2frM","textfile","M32857",0.00811041884681108,21.7010562752471
"rs1578963","C","G",0.0342,0.0846,0.0178,1.911e-06,2656,12,80592770,"exposure",TRUE,"reported","3e2frM","textfile","M32857",0.00843324289529604,22.5721833489747
"rs10428305","T","C",0.6105,0.0309,0.0064,1.382e-06,2656,4,143574692,"exposure",TRUE,"reported","3e2frM","textfile","M32857",0.00870029378218895,23.2932377091373
"rs11761138","A","T",0.6277,-0.0301,0.0067,6.27e-06,2656,7,103934610,"exposure",TRUE,"reported","3e2frM","textfile","M32857",0.0075416712275516,20.16769355211
"rs6564580","T","C",0.3228,0.0365,0.0082,7.684e-06,1755,16,77306842,"exposure",TRUE,"reported","3e2frM","textfile","M32857",0.0111636274813356,19.7907758236432
"rs498275","A","G",0.3246,0.0338,0.0069,9.933e-07,2656,9,106831523,"exposure",TRUE,"reported","3e2frM","textfile","M32857",0.0089536704531383,23.9777300759433
