"SNP","effect_allele.exposure","other_allele.exposure","eaf.exposure","beta.exposure","se.exposure","pval.exposure","samplesize.exposure","chr.exposure","pos.exposure","exposure","mr_keep.exposure","pval_origin.exposure","id.exposure","data_source.exposure","file_source","R2","F"
"rs16828708","A","G",0.7407,0.0135,0.0027,9.078e-07,7286,2,148987180,"exposure",TRUE,"reported","dHg6qs","textfile","M18929",0.00341950485569689,24.9931375240187
"rs12803289","A","G",0.2119,-0.0121,0.0026,4.313e-06,7286,11,120725955,"exposure",TRUE,"reported","dHg6qs","textfile","M18929",0.0029637789811572,21.6523388455123
"rs225998","A","C",0.7547,-0.0114,0.0026,9.006e-06,7286,14,29560113,"exposure",TRUE,"reported","dHg6qs","textfile","M18929",0.00263165781482493,19.2195748675826
"rs4904262","T","C",0.1727,-0.0121,0.0026,4.909e-06,7286,14,85134120,"exposure",TRUE,"reported","dHg6qs","textfile","M18929",0.0029637789811572,21.6523388455123
"rs2806302","T","G",0.688,0.0125,0.0025,6.711e-07,7286,13,99256345,"exposure",TRUE,"reported","dHg6qs","textfile","M18929",0.0034195048556969,24.9931375240187
"rs11061544","A","G",0.95,-0.0241,0.0051,2.109e-06,7286,12,130507914,"exposure",TRUE,"reported","dHg6qs","textfile","M18929",0.00305545272396969,22.3241279589777
"rs2363698","A","T",0.7857,0.0118,0.0026,5.192e-06,7286,12,72251310,"exposure",TRUE,"reported","dHg6qs","textfile","M18929",0.00281904576798954,20.5919791055879
"rs1799405","A","T",0.9643,0.032,0.0061,1.809e-07,7286,18,51095023,"exposure",TRUE,"reported","dHg6qs","textfile","M18929",0.00376282364049806,27.5119299377534
"rs7607746","T","C",0.1582,-0.0333,0.0062,8.347e-08,1748,2,188196532,"exposure",TRUE,"reported","dHg6qs","textfile","M18929",0.0162351005482855,28.8142884271485
"rs746764","T","C",0.1676,-0.0236,0.0052,6.629e-06,1748,20,21418713,"exposure",TRUE,"reported","dHg6qs","textfile","M18929",0.0116463082106306,20.5740660501266
"rs2028973","T","C",0.1086,0.0162,0.0034,2.662e-06,7286,6,25246606,"exposure",TRUE,"reported","dHg6qs","textfile","M18929",0.00310621788028207,22.6961903522611
"rs6871105","A","G",0.2423,-0.012,0.0026,4.216e-06,7286,5,153748038,"exposure",TRUE,"reported","dHg6qs","textfile","M18929",0.00291513554570528,21.2959278311165
