"SNP","effect_allele.exposure","other_allele.exposure","eaf.exposure","beta.exposure","se.exposure","pval.exposure","samplesize.exposure","chr.exposure","pos.exposure","exposure","mr_keep.exposure","pval_origin.exposure","id.exposure","data_source.exposure","file_source","R2","F"
"rs10906914","A","C",0.7034,0.0172,0.0038,4.806e-06,7356,10,15589618,"exposure",TRUE,"reported","fvFHIH","textfile","M32319",0.00277741059411652,20.481964333862
"rs7342491","T","C",0.0167,-0.1192,0.0264,6.486e-06,1765,14,83996364,"exposure",TRUE,"reported","fvFHIH","textfile","M32319",0.0114185875946234,20.3634922493022
"rs7429997","T","C",0.3794,-0.0161,0.0037,9.944e-06,7356,3,71318672,"exposure",TRUE,"reported","fvFHIH","textfile","M32319",0.00256737998184481,18.929110606131
"rs1357743","T","G",0.5585,0.0322,0.0069,2.789e-06,1765,7,112710544,"exposure",TRUE,"reported","fvFHIH","textfile","M32319",0.0121882967477147,21.7531004091911
"rs9863850","A","G",0.6414,-0.0177,0.004,8.548e-06,7356,3,102075956,"exposure",TRUE,"reported","fvFHIH","textfile","M32319",0.002654790991455,19.5753012846656
"rs6926138","T","C",0.6583,-0.0337,0.0075,6.262e-06,1765,6,39246315,"exposure",TRUE,"reported","fvFHIH","textfile","M32319",0.0113097451485775,20.1671662071136
