"SNP","effect_allele.exposure","other_allele.exposure","eaf.exposure","beta.exposure","se.exposure","pval.exposure","samplesize.exposure","chr.exposure","pos.exposure","exposure","mr_keep.exposure","pval_origin.exposure","id.exposure","data_source.exposure","file_source","R2","F"
"rs4256853","T","C",0.9893,-0.1412,0.0319,9.577e-06,1639,1,243586741,"exposure",TRUE,"reported","J7HVHc","textfile","M33871",0.0118126776176586,19.5685097573284
"rs6593732","T","C",0.4672,-0.0164,0.0034,1.629e-06,6506,1,145032948,"exposure",TRUE,"reported","J7HVHc","textfile","M33871",0.00356340734663941,23.2592836849031
"rs8104825","A","G",0.4384,0.0153,0.0034,7.285e-06,6506,19,55007235,"exposure",TRUE,"reported","J7HVHc","textfile","M33871",0.00310285385941391,20.2437749769444
"rs12210045","A","G",0.4239,-0.0171,0.0036,2.126e-06,6506,6,69490498,"exposure",TRUE,"reported","J7HVHc","textfile","M33871",0.00345596752730789,22.5555640946818
"rs247197","T","C",0.382,-0.019,0.004,2.034e-06,4867,5,128108455,"exposure",TRUE,"reported","J7HVHc","textfile","M33871",0.0046144210243759,22.5532283747688
"rs6426630","A","G",0.0286,-0.0885,0.0195,5.366e-06,1639,1,19211657,"exposure",TRUE,"reported","J7HVHc","textfile","M33871",0.0124112210844576,20.5724987454466
"rs10884473","A","G",0.9203,-0.0298,0.0067,9.114e-06,6506,10,109267129,"exposure",TRUE,"reported","J7HVHc","textfile","M33871",0.00303144939288061,19.7764983050757
"rs10072514","C","G",0.2388,0.0218,0.0048,5.043e-06,6506,5,146708342,"exposure",TRUE,"reported","J7HVHc","textfile","M33871",0.00316039769778554,20.6203952761553
"rs1535","A","G",0.662,-0.0203,0.0035,6.146e-09,6506,11,61354548,"exposure",TRUE,"reported","J7HVHc","textfile","M33871",0.0051440140435865,33.629658776514
"rs432642","A","T",0.1441,-0.0237,0.0052,4.092e-06,6506,5,116878239,"exposure",TRUE,"reported","J7HVHc","textfile","M33871",0.00318266937958601,20.7661735093869
"rs13098081","C","G",0.9,0.0291,0.0065,6.864e-06,6506,3,122798630,"exposure",TRUE,"reported","J7HVHc","textfile","M33871",0.00307120880560439,20.0366788963124
"rs6034091","A","G",0.0124,0.1302,0.0288,6.136e-06,1639,20,14968018,"exposure",TRUE,"reported","J7HVHc","textfile","M33871",0.0123161786341541,20.4129945109654
"rs249619","T","C",0.567,-0.0325,0.0069,2.614e-06,1639,12,96694804,"exposure",TRUE,"reported","J7HVHc","textfile","M33871",0.0133552006700296,22.1583932856944
