"SNP","effect_allele.exposure","other_allele.exposure","eaf.exposure","beta.exposure","se.exposure","pval.exposure","samplesize.exposure","chr.exposure","pos.exposure","exposure","mr_keep.exposure","pval_origin.exposure","id.exposure","data_source.exposure","file_source","R2","F"
"rs1461411","C","G",0.5255,0.114,0.0213,8.786e-08,868,15,51772277,"exposure",TRUE,"reported","yM1wWa","textfile","M33188",0.0319469874698782,28.5791075393753
"rs2697339","T","C",0.7684,0.0462,0.0102,6.392e-06,3740,2,151025386,"exposure",TRUE,"reported","yM1wWa","textfile","M33188",0.00545552080486644,20.5046000407083
"rs3780277","A","G",0.0847,0.1767,0.0372,2.065e-06,868,9,132898978,"exposure",TRUE,"reported","yM1wWa","textfile","M33188",0.0253351112358762,22.5105126728111
"rs8017593","A","C",0.471,-0.0452,0.0101,7.067e-06,3740,14,94226574,"exposure",TRUE,"reported","yM1wWa","textfile","M33188",0.00532651386050136,20.0171303327188
