"SNP","effect_allele.exposure","other_allele.exposure","eaf.exposure","beta.exposure","se.exposure","pval.exposure","samplesize.exposure","chr.exposure","pos.exposure","exposure","mr_keep.exposure","pval_origin.exposure","id.exposure","data_source.exposure","file_source","R2","F"
"rs2490288","T","C",0.3284,0.0163,0.0037,8.062e-06,7364,10,101203243,"exposure",TRUE,"reported","xGEzXc","textfile","M35626",0.00262854197490375,19.4023258471414
"rs4802164","A","C",0.032,-0.1367,0.0293,3.108e-06,1766,19,48400693,"exposure",TRUE,"reported","xGEzXc","textfile","M35626",0.0121756129214669,21.7425095739818
"rs780093","T","C",0.3958,0.019,0.0036,1.329e-07,7364,2,27596107,"exposure",TRUE,"reported","xGEzXc","textfile","M35626",0.00376832858656153,27.8473731064035
"rs7710231","T","C",0.7247,-0.0168,0.0038,9.634e-06,7364,5,116510089,"exposure",TRUE,"reported","xGEzXc","textfile","M35626",0.00264719785703031,19.5403979229643
"rs1493534","A","C",0.8645,0.0219,0.0048,4.966e-06,7364,11,128770521,"exposure",TRUE,"reported","xGEzXc","textfile","M35626",0.00281881161356732,20.8107526904536
"rs249619","T","C",0.5624,-0.0319,0.0072,8.87e-06,1766,12,96694804,"exposure",TRUE,"reported","xGEzXc","textfile","M35626",0.0109932205898319,19.6075917012709
"rs3813782","A","G",0.1154,0.0535,0.0118,5.81e-06,1766,19,8060350,"exposure",TRUE,"reported","xGEzXc","textfile","M35626",0.011506065944903,20.5329538478256
