"SNP","effect_allele.exposure","other_allele.exposure","eaf.exposure","beta.exposure","se.exposure","pval.exposure","samplesize.exposure","chr.exposure","pos.exposure","exposure","mr_keep.exposure","pval_origin.exposure","id.exposure","data_source.exposure","file_source","R2","F"
"rs4677337","A","G",0.3536,-0.0534,0.012,8.987e-06,789,3,73851210,"exposure",TRUE,"reported","dMm8zy","textfile","M31522",0.0244837274860055,19.7523035487959
"rs241323","A","G",0.1166,-0.0794,0.0167,1.877e-06,789,1,226983674,"exposure",TRUE,"reported","dMm8zy","textfile","M31522",0.027852440154581,22.5478839911307
"rs11603058","A","T",0.0414,0.1122,0.024,2.838e-06,1558,11,109576475,"exposure",TRUE,"reported","dMm8zy","textfile","M31522",0.0138339381486204,21.8275689987163
"rs13398058","A","G",0.6148,0.038,0.0084,5.762e-06,1558,2,226957480,"exposure",TRUE,"reported","dMm8zy","textfile","M31522",0.0129650353467806,20.4385819368398
