"SNP","effect_allele.exposure","other_allele.exposure","eaf.exposure","beta.exposure","se.exposure","pval.exposure","samplesize.exposure","chr.exposure","pos.exposure","exposure","mr_keep.exposure","pval_origin.exposure","id.exposure","data_source.exposure","file_source","R2","F"
"rs17286243","A","G",0.7403,0.0197,0.0043,4.247e-06,4317,12,94612677,"exposure",TRUE,"reported","a0szV5","textfile","M36802",0.00483845912362912,20.9794593750818
"rs11253967","T","C",0.8515,0.0192,0.0043,7.982e-06,4317,10,16471731,"exposure",TRUE,"reported","a0szV5","textfile","M36802",0.00459708365023705,19.9280267567579
"rs10870198","A","G",0.613,-0.019,0.0041,3.697e-06,2952,9,139162141,"exposure",TRUE,"reported","a0szV5","textfile","M36802",0.00722229380051104,21.4607626445093
"rs4976017","T","C",0.0472,0.031,0.0069,7.793e-06,4317,5,66968951,"exposure",TRUE,"reported","a0szV5","textfile","M36802",0.00465390244732797,20.1754837936234
"rs4729705","T","C",0.539,0.0138,0.003,5.058e-06,4317,7,100838222,"exposure",TRUE,"reported","a0szV5","textfile","M36802",0.00487764397809209,21.1501968959926
"rs7035656","C","G",0.107,-0.0303,0.0068,7.326e-06,4317,9,27713800,"exposure",TRUE,"reported","a0szV5","textfile","M36802",0.00457817659527456,19.8456890778631
"rs17631300","C","G",0.0174,0.0637,0.0143,8.126e-06,4317,2,8933219,"exposure",TRUE,"reported","a0szV5","textfile","M36802",0.00457544239439894,19.8337822600252
"rs327837","A","G",0.376,0.0142,0.0031,4.52e-06,4317,5,125193090,"exposure",TRUE,"reported","a0szV5","textfile","M36802",0.00483688235538228,20.9725893106579
"rs190756","A","G",0.2755,-0.0167,0.0036,3.374e-06,4317,6,118740826,"exposure",TRUE,"reported","a0szV5","textfile","M36802",0.00496005403789375,21.5093205658365
"rs8031716","T","C",0.555,-0.0145,0.003,1.454e-06,4317,15,50785575,"exposure",TRUE,"reported","a0szV5","textfile","M36802",0.00538229665990413,23.3502882660284
