"SNP","effect_allele.exposure","other_allele.exposure","eaf.exposure","beta.exposure","se.exposure","pval.exposure","samplesize.exposure","chr.exposure","pos.exposure","exposure","mr_keep.exposure","pval_origin.exposure","id.exposure","data_source.exposure","file_source","R2","F"
"rs6585252","C","G",0.9571,-0.1538,0.0312,8.548e-07,1457,10,115713668,"exposure",TRUE,"reported","WyhN0Y","textfile","M18477",0.0164044058693254,24.266487855676
"rs2420201","A","G",0.0494,0.1473,0.0309,1.898e-06,1457,2,72209878,"exposure",TRUE,"reported","WyhN0Y","textfile","M18477",0.0153570486254836,22.6930033052963
"rs7856830","T","C",0.1533,-0.0891,0.0188,2.272e-06,1457,9,135446967,"exposure",TRUE,"reported","WyhN0Y","textfile","M18477",0.015182246104037,22.43071674326
"rs17746543","A","G",0.5073,-0.0883,0.0191,3.666e-06,868,4,54922197,"exposure",TRUE,"reported","WyhN0Y","textfile","M18477",0.0240309528710829,21.3232225423322
"rs9301881","T","C",0.5692,0.0593,0.0131,5.787e-06,1457,13,92903287,"exposure",TRUE,"reported","WyhN0Y","textfile","M18477",0.0138688962977494,20.463043947672
"rs4338010","T","C",0.0788,-0.1084,0.0239,5.728e-06,1457,7,152255803,"exposure",TRUE,"reported","WyhN0Y","textfile","M18477",0.0139224062250071,20.5431105881184
"rs806784","T","C",0.7156,-0.0952,0.0198,1.483e-06,868,12,32329456,"exposure",TRUE,"reported","WyhN0Y","textfile","M18477",0.0259422998624661,23.0643746029865
