"SNP","effect_allele.exposure","other_allele.exposure","eaf.exposure","beta.exposure","se.exposure","pval.exposure","samplesize.exposure","chr.exposure","pos.exposure","exposure","mr_keep.exposure","pval_origin.exposure","id.exposure","data_source.exposure","file_source","R2","F"
"rs9418711","T","G",0.2281,0.0205,0.0046,7.494e-06,6830,10,128716281,"exposure",TRUE,"reported","HbdIXc","textfile","M27722",0.0028994146321607,19.8547703199772
"rs12216333","T","G",0.1744,-0.0211,0.0047,5.986e-06,6830,6,109989684,"exposure",TRUE,"reported","HbdIXc","textfile","M27722",0.00294217727197961,20.1484667740847
"rs4692675","T","C",0.0135,0.0861,0.0187,4.359e-06,6830,4,170045187,"exposure",TRUE,"reported","HbdIXc","textfile","M27722",0.00309425772414813,21.1931688669492
"rs6486548","C","G",0.8143,-0.0502,0.0109,4.35e-06,1460,12,129572417,"exposure",TRUE,"reported","HbdIXc","textfile","M27722",0.0143198215460343,21.181616786558
"rs7289147","T","G",0.3413,0.0168,0.0038,8.311e-06,6830,22,30963733,"exposure",TRUE,"reported","HbdIXc","textfile","M27722",0.00285357704132267,19.5399828846988
"rs17046195","A","C",0.9366,0.0324,0.0073,8.201e-06,6830,3,6882667,"exposure",TRUE,"reported","HbdIXc","textfile","M27722",0.00287589358689647,19.693237065511
"rs934668","T","C",0.7739,0.0252,0.0056,6.782e-06,6830,17,73262363,"exposure",TRUE,"reported","HbdIXc","textfile","M27722",0.00295609649282873,20.2440702781845
"rs11891974","A","G",0.3109,-0.0183,0.0038,1.347e-06,6830,2,176260353,"exposure",TRUE,"reported","HbdIXc","textfile","M27722",0.00338409150597983,23.1850370899121
