"SNP","effect_allele.exposure","other_allele.exposure","eaf.exposure","beta.exposure","se.exposure","pval.exposure","samplesize.exposure","chr.exposure","pos.exposure","exposure","mr_keep.exposure","pval_origin.exposure","id.exposure","data_source.exposure","file_source","R2","F"
"rs786272","A","G",0.6761,0.0228,0.0049,3.023e-06,5425,2,145387362,"exposure",TRUE,"reported","Z2JTZh","textfile","M33084",0.00397509934880832,21.6429968311975
"rs7309973","T","C",0.0502,-0.0701,0.014,5.847e-07,5425,12,103238354,"exposure",TRUE,"reported","Z2JTZh","textfile","M33084",0.00460021115057272,25.0622366500517
"rs6480159","A","G",0.2212,0.0255,0.0056,5.325e-06,5425,10,67749354,"exposure",TRUE,"reported","Z2JTZh","textfile","M33084",0.00380756917230385,20.7273685107684
"rs3793499","C","G",0.8598,-0.0306,0.0067,5.063e-06,5425,9,2121990,"exposure",TRUE,"reported","Z2JTZh","textfile","M33084",0.00383024765834204,20.8512986891664
"rs2324913","T","C",0.12,-0.0411,0.0088,3.31e-06,5425,13,65972876,"exposure",TRUE,"reported","Z2JTZh","textfile","M33084",0.00400475380333783,21.8051039484709
"rs6496511","C","G",0.8711,-0.0336,0.0076,9.81e-06,5425,15,86963358,"exposure",TRUE,"reported","Z2JTZh","textfile","M33084",0.00358996093068312,19.5385005808239
"rs6029632","A","G",0.3782,0.0223,0.0047,2.603e-06,5425,20,39393756,"exposure",TRUE,"reported","Z2JTZh","textfile","M33084",0.00413252809602217,22.5036970249482
"rs6433823","T","C",0.0203,0.1124,0.0253,8.784e-06,1766,2,180551632,"exposure",TRUE,"reported","Z2JTZh","textfile","M33084",0.011052842145286,19.7151216720002
"rs2073827","C","G",0.4127,0.0224,0.0046,1.167e-06,5425,9,135126954,"exposure",TRUE,"reported","Z2JTZh","textfile","M33084",0.00435197575327795,23.703923409964
"rs2731672","T","C",0.257,-0.081,0.011,1.79e-13,3659,5,176775080,"exposure",TRUE,"reported","Z2JTZh","textfile","M33084",0.0146027153349655,54.1935022665724
"rs4253236","T","C",0.362,-0.071,0.01,1.248e-12,3659,4,187385065,"exposure",TRUE,"reported","Z2JTZh","textfile","M33084",0.0135897622532963,50.3824460235037
