"SNP","effect_allele.exposure","other_allele.exposure","eaf.exposure","beta.exposure","se.exposure","pval.exposure","samplesize.exposure","chr.exposure","pos.exposure","exposure","mr_keep.exposure","pval_origin.exposure","id.exposure","data_source.exposure","file_source","R2","F"
"rs7184992","T","C",0.3003,0.0807,0.0167,1.312e-06,1522,16,27339511,"exposure",TRUE,"reported","KtSUUA","textfile","M15335",0.0151107791774744,23.3207794990173
"rs11487092","A","G",0.012,0.248,0.053,2.879e-06,4084,7,107480976,"exposure",TRUE,"reported","KtSUUA","textfile","M15335",0.00533265819623946,21.8846139228568
"rs6657899","T","G",0.0322,0.1908,0.0427,7.957e-06,1522,1,86476490,"exposure",TRUE,"reported","KtSUUA","textfile","M15335",0.0129486968801267,19.9402191107815
"rs4917405","T","C",0.0437,0.0972,0.0215,6.283e-06,5606,10,105628222,"exposure",TRUE,"reported","KtSUUA","textfile","M15335",0.00363263706533568,20.431518405201
"rs488225","A","G",0.3902,-0.0411,0.009,4.874e-06,5606,12,3100088,"exposure",TRUE,"reported","KtSUUA","textfile","M15335",0.00370623492225477,20.8470044000476
"rs1998053","A","G",0.0855,0.0724,0.0159,5.604e-06,5606,14,100389787,"exposure",TRUE,"reported","KtSUUA","textfile","M15335",0.00368490673096535,20.7265928819505
"rs6434811","T","C",0.9256,-0.0785,0.0169,3.524e-06,5606,2,196574665,"exposure",TRUE,"reported","KtSUUA","textfile","M15335",0.00383393331457756,21.5680527709417
"rs2365522","A","C",0.7137,0.0442,0.0098,6.702e-06,5606,4,72995027,"exposure",TRUE,"reported","KtSUUA","textfile","M15335",0.00361548250564982,20.334683654673
"rs7240261","T","C",0.562,0.0565,0.0126,7.524e-06,5606,18,5418938,"exposure",TRUE,"reported","KtSUUA","textfile","M15335",0.00357394436308225,20.100221283265
"rs4404993","T","G",0.1848,0.0964,0.0207,3.215e-06,1522,9,19357826,"exposure",TRUE,"reported","KtSUUA","textfile","M15335",0.0140492756919393,21.6591950543315
"rs16967757","T","C",0.3037,0.0495,0.0103,1.428e-06,5606,16,63194014,"exposure",TRUE,"reported","KtSUUA","textfile","M15335",0.00410296012770056,23.0877165360209
"rs10017961","A","G",0.2731,0.0486,0.0107,5.618e-06,5606,4,141219787,"exposure",TRUE,"reported","KtSUUA","textfile","M15335",0.00366654149711988,20.6229133173293
