"SNP","effect_allele.exposure","other_allele.exposure","eaf.exposure","beta.exposure","se.exposure","pval.exposure","samplesize.exposure","chr.exposure","pos.exposure","exposure","mr_keep.exposure","pval_origin.exposure","id.exposure","data_source.exposure","file_source","R2","F"
"rs2199680","A","T",0.8332,-0.0218,0.0044,8.486e-07,7302,12,21306763,"exposure",TRUE,"reported","bXlNRd","textfile","M35628",0.00335048951664232,24.5407971550871
"rs1470121","A","G",0.3619,0.0167,0.0035,2.364e-06,7302,3,144108468,"exposure",TRUE,"reported","bXlNRd","textfile","M35628",0.00310815785282674,22.7602949150079
"rs2070895","A","G",0.2092,0.0266,0.0044,1.103e-09,7302,15,56511231,"exposure",TRUE,"reported","bXlNRd","textfile","M35628",0.00498021175965136,36.5375103843394
"rs9657544","C","G",0.702,-0.016,0.0036,9.226e-06,7302,8,10982026,"exposure",TRUE,"reported","bXlNRd","textfile","M35628",0.00269786295530653,19.7476760975346
"rs2179170","T","C",0.1945,0.0194,0.0044,9.673e-06,7302,6,135183911,"exposure",TRUE,"reported","bXlNRd","textfile","M35628",0.00265522662552556,19.4347580533806
"rs10759726","A","G",0.4548,0.0163,0.0036,5.791e-06,7302,9,116441014,"exposure",TRUE,"reported","bXlNRd","textfile","M35628",0.00279969538336353,20.4951564935702
"rs12918754","A","G",0.5774,0.0163,0.0036,5.889e-06,7302,16,83524590,"exposure",TRUE,"reported","bXlNRd","textfile","M35628",0.00279969538336353,20.4951564935702
"rs1260326","T","C",0.4073,0.0178,0.0035,4.505e-07,7302,2,27584444,"exposure",TRUE,"reported","bXlNRd","textfile","M35628",0.00352960809140709,25.8574055752128
"rs7583683","A","G",0.8612,0.021,0.0047,7.237e-06,7302,2,102480195,"exposure",TRUE,"reported","bXlNRd","textfile","M35628",0.0027265614943486,19.9583164859674
