"SNP","effect_allele.exposure","other_allele.exposure","eaf.exposure","beta.exposure","se.exposure","pval.exposure","samplesize.exposure","chr.exposure","pos.exposure","exposure","mr_keep.exposure","pval_origin.exposure","id.exposure","data_source.exposure","file_source","R2","F"
"rs4151405","T","G",0.9851,-0.2836,0.0639,9.053e-06,604,14,60503974,"exposure",TRUE,"reported","oJBjcA","textfile","M32560",0.0315817902767666,19.6322596536542
"rs11951976","A","G",0.352,-0.0493,0.0106,3.147e-06,2091,5,108417027,"exposure",TRUE,"reported","oJBjcA","textfile","M32560",0.010239020285392,21.610584590182
"rs4742370","C","G",0.3392,-0.0465,0.01,3.242e-06,2091,9,7530384,"exposure",TRUE,"reported","oJBjcA","textfile","M32560",0.0102349094549547,21.601818507891
"rs4308236","A","G",0.2636,0.0417,0.0094,9.03e-06,2091,3,141327008,"exposure",TRUE,"reported","oJBjcA","textfile","M32560",0.00932382446830329,19.6607830039236
"rs4650516","T","C",0.5865,-0.0448,0.009,5.754e-07,2091,1,81455710,"exposure",TRUE,"reported","oJBjcA","textfile","M32560",0.0117111854004165,24.7545716799216
"rs9901192","A","G",0.0959,0.1267,0.0267,2.002e-06,604,17,6036159,"exposure",TRUE,"reported","oJBjcA","textfile","M32560",0.0359415764585427,22.4434831953027
"rs4630914","T","C",0.1001,0.062,0.0136,4.899e-06,2091,3,112914590,"exposure",TRUE,"reported","oJBjcA","textfile","M32560",0.00984138674868027,20.7629935677537
"rs3219080","T","C",0.0219,0.2532,0.0571,9.188e-06,604,1,224633864,"exposure",TRUE,"reported","oJBjcA","textfile","M32560",0.0315286253765544,19.5981347244936
"rs3851624","A","T",0.5194,0.0376,0.0084,8.525e-06,2091,12,98900119,"exposure",TRUE,"reported","oJBjcA","textfile","M32560",0.00949120645522344,20.0171168738498
"rs899236","A","G",0.2189,-0.0497,0.0107,3.604e-06,2091,16,54910406,"exposure",TRUE,"reported","oJBjcA","textfile","M32560",0.0102125252430368,21.55408688915
"rs4687396","A","C",0.9784,-0.1489,0.0292,3.341e-07,2091,3,194442467,"exposure",TRUE,"reported","oJBjcA","textfile","M32560",0.0122829367713412,25.9781428007907
"rs11034982","A","G",0.9783,-0.1561,0.0336,3.508e-06,2091,11,38865059,"exposure",TRUE,"reported","oJBjcA","textfile","M32560",0.0102167628543658,21.5631229160024
"rs11053060","T","C",0.0474,0.1636,0.0358,4.839e-06,604,12,34068128,"exposure",TRUE,"reported","oJBjcA","textfile","M32560",0.0334196255617852,20.8142179587371
"rs7103589","T","G",0.6053,0.0388,0.0086,5.715e-06,2091,11,11558113,"exposure",TRUE,"reported","oJBjcA","textfile","M32560",0.00964062814189419,20.3353174218282
