"SNP","effect_allele.exposure","other_allele.exposure","eaf.exposure","beta.exposure","se.exposure","pval.exposure","samplesize.exposure","chr.exposure","pos.exposure","exposure","mr_keep.exposure","pval_origin.exposure","id.exposure","data_source.exposure","file_source","R2","F"
"rs8021829","C","G",0.9613,-0.1757,0.0394,8.286e-06,1059,14,100756991,"exposure",TRUE,"reported","epX7xQ","textfile","M36095",0.0184321270206197,19.8486103682861
"rs7092545","A","C",0.1856,0.1246,0.028,8.621e-06,1059,10,21665181,"exposure",TRUE,"reported","epX7xQ","textfile","M36095",0.0183560012143094,19.7651015108593
"rs10765034","T","C",0.1892,-0.0798,0.016,6.342e-07,3939,10,132760405,"exposure",TRUE,"reported","epX7xQ","textfile","M36095",0.00627546410254075,24.8625260615004
"rs5765217","A","G",0.2914,-0.0573,0.0122,2.729e-06,3939,22,43974385,"exposure",TRUE,"reported","epX7xQ","textfile","M36095",0.00556901323952843,22.0479906760031
"rs2163880","A","G",0.9321,0.1237,0.0259,1.778e-06,3939,12,71353807,"exposure",TRUE,"reported","epX7xQ","textfile","M36095",0.00575766169449784,22.7991840800817
