"SNP","effect_allele.exposure","other_allele.exposure","eaf.exposure","beta.exposure","se.exposure","pval.exposure","samplesize.exposure","chr.exposure","pos.exposure","exposure","mr_keep.exposure","pval_origin.exposure","id.exposure","data_source.exposure","file_source","R2","F"
"rs1532085","A","G",0.3796,0.0178,0.0035,4.024e-07,6929,15,56470658,"exposure",TRUE,"reported","MquvZO","textfile","M34416",0.00371890636170789,25.857024219415
"rs11106512","C","G",0.3694,0.0302,0.0068,9.063e-06,1567,12,91250924,"exposure",TRUE,"reported","MquvZO","textfile","M34416",0.0124306734131006,19.6988741628263
"rs11250064","A","C",0.3131,-0.0168,0.0036,2.47e-06,6929,8,10619292,"exposure",TRUE,"reported","MquvZO","textfile","M34416",0.00313314257397254,21.7714917977582
"rs12981207","A","C",0.0814,0.0496,0.011,6.159e-06,1567,19,15328442,"exposure",TRUE,"reported","MquvZO","textfile","M34416",0.0128088529033282,20.3059507296672
"rs6466344","C","G",0.2679,-0.0173,0.0036,1.22e-06,6929,7,109991940,"exposure",TRUE,"reported","MquvZO","textfile","M34416",0.00332178568205931,23.0866984840953
"rs588136","T","C",0.7961,-0.0293,0.0043,8.301e-12,6929,15,56517790,"exposure",TRUE,"reported","MquvZO","textfile","M34416",0.00665621508547734,46.4165605073666
"rs2043422","A","G",0.2928,0.0165,0.0036,4.061e-06,6929,8,142305519,"exposure",TRUE,"reported","MquvZO","textfile","M34416",0.00302257891428965,21.0008809592534
"rs6036745","A","G",0.4659,-0.0166,0.0034,1.51e-06,6929,20,24281849,"exposure",TRUE,"reported","MquvZO","textfile","M34416",0.00342843776905199,23.8304897774311
"rs1522209","T","G",0.3257,0.0159,0.0036,8.276e-06,6929,4,107726303,"exposure",TRUE,"reported","MquvZO","textfile","M34416",0.00280735769574799,19.5013139221629
"rs10429330","T","C",0.2704,0.0329,0.0067,9.144e-07,1567,8,68616218,"exposure",TRUE,"reported","MquvZO","textfile","M34416",0.0151544892379479,24.0817218520263
"rs1260326","T","C",0.4087,0.0167,0.0034,1.151e-06,6929,2,27584444,"exposure",TRUE,"reported","MquvZO","textfile","M34416",0.00346972491149023,24.1184689143118
"rs12219186","T","C",0.9516,0.0407,0.0087,2.67e-06,6929,10,67940169,"exposure",TRUE,"reported","MquvZO","textfile","M34416",0.00314854712632754,21.8788726055404
