"SNP","effect_allele.exposure","other_allele.exposure","eaf.exposure","beta.exposure","se.exposure","pval.exposure","samplesize.exposure","chr.exposure","pos.exposure","exposure","mr_keep.exposure","pval_origin.exposure","id.exposure","data_source.exposure","file_source","R2","F"
"rs11134995","T","C",0.3569,0.0177,0.0038,2.959e-06,6753,5,176077406,"exposure",TRUE,"reported","e1oCbv","textfile","M32838",0.00320250287728462,21.6895577957965
"rs1171660","A","G",0.6827,-0.0189,0.0038,6.892e-07,6753,10,61113814,"exposure",TRUE,"reported","e1oCbv","textfile","M32838",0.00364982186159613,24.7302082423201
"rs981831","T","C",0.123,0.0267,0.0057,2.482e-06,6753,4,128562709,"exposure",TRUE,"reported","e1oCbv","textfile","M32838",0.00323867404489577,21.935329860577
"rs10023223","T","C",0.8808,-0.0256,0.0056,5.583e-06,6753,4,171404928,"exposure",TRUE,"reported","e1oCbv","textfile","M32838",0.00308507144772401,20.8917699465393
"rs4733166","T","C",0.6812,-0.0198,0.0039,2.842e-07,6753,8,33691038,"exposure",TRUE,"reported","e1oCbv","textfile","M32838",0.00380233115371421,25.7675142408765
"rs2234185","T","C",0.5191,-0.0169,0.0038,9.33e-06,6753,6,43005052,"exposure",TRUE,"reported","e1oCbv","textfile","M32838",0.0029203795992451,19.7732280061842
"rs3741298","T","C",0.7854,-0.044,0.0097,6.097e-06,1307,11,116162771,"exposure",TRUE,"reported","e1oCbv","textfile","M32838",0.0154989571427416,20.5445582998843
"rs662138","C","G",0.8314,0.0292,0.0055,1.398e-07,6753,6,160484466,"exposure",TRUE,"reported","e1oCbv","textfile","M32838",0.00415656559575206,28.1780984514994
"rs16833668","A","C",0.3149,0.0211,0.0038,2.914e-08,6753,1,150184788,"exposure",TRUE,"reported","e1oCbv","textfile","M32838",0.00454488241095492,30.8225861861744
"rs9318132","A","C",0.2664,-0.021,0.0046,5.266e-06,6753,13,72469074,"exposure",TRUE,"reported","e1oCbv","textfile","M32838",0.00307671957228993,20.835037399887
"rs13037679","A","G",0.7782,-0.0217,0.0047,5.009e-06,6753,20,8272256,"exposure",TRUE,"reported","e1oCbv","textfile","M32838",0.00314672103902672,21.3105721602397
