"SNP","effect_allele.exposure","other_allele.exposure","eaf.exposure","beta.exposure","se.exposure","pval.exposure","samplesize.exposure","chr.exposure","pos.exposure","exposure","mr_keep.exposure","pval_origin.exposure","id.exposure","data_source.exposure","file_source","R2","F"
"rs6084","C","G",0.4979,0.0167,0.0037,5.282e-06,5306,15,56625330,"exposure",TRUE,"reported","QeRXFR","textfile","M35433",0.00382470563178956,20.3641254563311
"rs9405175","A","G",0.178,-0.024,0.0053,5.827e-06,3784,6,2529918,"exposure",TRUE,"reported","QeRXFR","textfile","M35433",0.00538979845896679,20.4946799663118
"rs2270968","T","G",0.2634,0.0307,0.0037,1.307e-16,5306,3,184237903,"exposure",TRUE,"reported","QeRXFR","textfile","M35433",0.0128087676231146,68.8191925179731
"rs11945259","T","C",0.0592,-0.033,0.0071,3.816e-06,5306,4,65194561,"exposure",TRUE,"reported","QeRXFR","textfile","M35433",0.00405489244556037,21.5947137729943
"rs12896375","A","T",0.1961,0.0205,0.0045,5.717e-06,5306,14,29305220,"exposure",TRUE,"reported","QeRXFR","textfile","M35433",0.00389601058713645,20.7452639220449
"rs6025080","T","C",0.9782,-0.1125,0.0238,2.221e-06,1522,20,54704432,"exposure",TRUE,"reported","QeRXFR","textfile","M35433",0.0144679575992504,22.3141355173901
"rs11180280","A","G",0.9821,0.123,0.0272,6.005e-06,1522,12,73594260,"exposure",TRUE,"reported","QeRXFR","textfile","M35433",0.013257498816035,20.4221447603545
"rs274570","T","C",0.2962,0.0224,0.0037,1.779e-09,5306,5,131741125,"exposure",TRUE,"reported","QeRXFR","textfile","M35433",0.00686018356350551,36.6377553478744
"rs1499667","A","G",0.1418,-0.0209,0.0047,8.907e-06,5306,1,55850401,"exposure",TRUE,"reported","QeRXFR","textfile","M35433",0.0037129073702669,19.766652441431
