"SNP","chr.outcome","pos.outcome","effect_allele.outcome","other_allele.outcome","pval.outcome","eaf.outcome","beta.outcome","se.outcome","outcome","mr_keep.outcome","pval_origin.outcome","id.outcome","data_source.outcome"
"rs10050054",4,177726152,"T","C",0.304601,0.994238,-0.534617,0.520756,"outcome",TRUE,"reported","OG17fu","textfile"
"rs1498694",12,102864098,"G","A",0.910737,0.594533,0.00900276,0.0803033,"outcome",TRUE,"reported","OG17fu","textfile"
"rs1565225",8,84774872,"A","G",0.0938296,0.32972,0.141687,0.0845626,"outcome",TRUE,"reported","OG17fu","textfile"
"rs2905873",17,31205338,"C","A",0.582259,0.271698,0.0491048,0.0892672,"outcome",TRUE,"reported","OG17fu","textfile"
"rs6831907",4,189840560,"T","C",0.149015,0.0310038,0.331578,0.22978,"outcome",TRUE,"reported","OG17fu","textfile"
