"SNP","chr.outcome","pos.outcome","effect_allele.outcome","other_allele.outcome","pval.outcome","eaf.outcome","beta.outcome","se.outcome","outcome","mr_keep.outcome","pval_origin.outcome","id.outcome","data_source.outcome"
"rs10011091",4,160011037,"C","T",0.0584211,0.122274,0.228619,0.120801,"outcome",TRUE,"reported","s9eaOR","textfile"
"rs1005596",17,34815226,"A","G",0.0491157,0.0499393,0.360673,0.183307,"outcome",TRUE,"reported","s9eaOR","textfile"
"rs10207315",2,20973474,"T","G",0.392859,0.17894,-0.0881044,0.103113,"outcome",TRUE,"reported","s9eaOR","textfile"
"rs10493549",1,74845461,"G","A",0.415223,0.17736,0.084639,0.103885,"outcome",TRUE,"reported","s9eaOR","textfile"
"rs1077834",15,58431280,"C","T",0.24496,0.257866,-0.105457,0.0907019,"outcome",TRUE,"reported","s9eaOR","textfile"
"rs11022174",11,12101659,"G","A",0.579202,0.643888,0.0459598,0.0828776,"outcome",TRUE,"reported","s9eaOR","textfile"
"rs11106131",12,77651869,"T","G",0.116749,0.209823,-0.15225,0.0970634,"outcome",TRUE,"reported","s9eaOR","textfile"
"rs11111293",12,102527518,"C","T",0.840514,0.227841,0.0190543,0.0946863,"outcome",TRUE,"reported","s9eaOR","textfile"
"rs1124515",11,126476947,"A","G",0.646723,0.262407,-0.0412989,0.0901094,"outcome",TRUE,"reported","s9eaOR","textfile"
"rs11610936",12,94891628,"T","C",0.808594,0.09147,-0.0331865,0.136998,"outcome",TRUE,"reported","s9eaOR","textfile"
"rs11813145",10,44638824,"A","G",0.0829793,0.291352,-0.150755,0.0869579,"outcome",TRUE,"reported","s9eaOR","textfile"
"rs12648765",4,59678793,"G","A",0.256612,0.00958742,0.462122,0.407359,"outcome",TRUE,"reported","s9eaOR","textfile"
"rs12881791",14,62556789,"G","T",0.175212,0.29908,-0.116854,0.0861982,"outcome",TRUE,"reported","s9eaOR","textfile"
"rs12896813",14,42560297,"T","C",0.381109,0.168706,-0.0930613,0.106252,"outcome",TRUE,"reported","s9eaOR","textfile"
"rs1411983",9,86621263,"T","A",0.36711,0.379311,-0.0739139,0.0819534,"outcome",TRUE,"reported","s9eaOR","textfile"
"rs1433904",11,4798560,"T","C",0.113396,0.0179197,0.470075,0.296931,"outcome",TRUE,"reported","s9eaOR","textfile"
"rs1479402",3,61987447,"T","C",0.488111,0.00531271,0.365012,0.526472,"outcome",TRUE,"reported","s9eaOR","textfile"
"rs17182784",2,165244457,"T","C",0.58614,0.326445,-0.0462241,0.0849023,"outcome",TRUE,"reported","s9eaOR","textfile"
"rs17683567",8,132864685,"T","C",0.110337,0.189382,-0.162331,0.101668,"outcome",TRUE,"reported","s9eaOR","textfile"
"rs17728920",13,25558703,"A","C",0.85675,0.145097,-0.020166,0.111715,"outcome",TRUE,"reported","s9eaOR","textfile"
"rs17765253",12,53705585,"A","G",0.710362,0.234853,0.0347824,0.0936599,"outcome",TRUE,"reported","s9eaOR","textfile"
"rs2026590",9,24833791,"T","G",0.389087,0.207469,-0.0834166,0.0968525,"outcome",TRUE,"reported","s9eaOR","textfile"
"rs2130712",4,154326402,"A","C",0.996333,0.948853,-0.000824642,0.179433,"outcome",TRUE,"reported","s9eaOR","textfile"
"rs2259571",6,31616050,"G","T",0.0524469,0.318661,0.165192,0.0851748,"outcome",TRUE,"reported","s9eaOR","textfile"
"rs2407893",16,61589574,"G","A",0.734947,0.600724,-0.0273907,0.0809056,"outcome",TRUE,"reported","s9eaOR","textfile"
"rs2869804",18,14141134,"G","A",0.394734,0.787471,-0.0822366,0.0966281,"outcome",TRUE,"reported","s9eaOR","textfile"
"rs2870664",20,55708204,"T","C",0.170355,0.357643,-0.113198,0.0825624,"outcome",TRUE,"reported","s9eaOR","textfile"
"rs3747924",20,6202108,"T","C",0.0124963,0.190763,0.23274,0.0931777,"outcome",TRUE,"reported","s9eaOR","textfile"
"rs3802195",8,98127980,"G","T",0.36828,0.859895,-0.102549,0.113982,"outcome",TRUE,"reported","s9eaOR","textfile"
"rs3897960",4,82780638,"A","T",0.209172,0.180897,0.129864,0.103408,"outcome",TRUE,"reported","s9eaOR","textfile"
"rs4401492",4,183690646,"T","G",0.612683,0.160438,0.0541448,0.106953,"outcome",TRUE,"reported","s9eaOR","textfile"
"rs445925",19,44912383,"A","G",0.0513961,0.0733256,0.293576,0.150694,"outcome",TRUE,"reported","s9eaOR","textfile"
"rs4602115",18,234473,"G","T",0.910674,0.269043,-0.0099983,0.0891202,"outcome",TRUE,"reported","s9eaOR","textfile"
"rs4941743",13,31090302,"T","C",0.25591,0.261174,0.102453,0.0901789,"outcome",TRUE,"reported","s9eaOR","textfile"
"rs602633",1,109278889,"G","T",0.15991,0.782882,-0.135076,0.0961141,"outcome",TRUE,"reported","s9eaOR","textfile"
"rs6438950",3,97087885,"G","C",0.914035,0.125201,-0.0129177,0.119663,"outcome",TRUE,"reported","s9eaOR","textfile"
"rs6511720",19,11091630,"T","G",0.914082,0.101663,-0.0142136,0.131741,"outcome",TRUE,"reported","s9eaOR","textfile"
"rs6573766",14,24382840,"G","T",0.506294,0.263356,0.0596557,0.0897593,"outcome",TRUE,"reported","s9eaOR","textfile"
"rs6603141",19,8093190,"G","A",0.159089,0.769347,0.132701,0.0942383,"outcome",TRUE,"reported","s9eaOR","textfile"
"rs6970076",7,106057697,"C","T",0.350321,0.278512,-0.0822602,0.088076,"outcome",TRUE,"reported","s9eaOR","textfile"
"rs810551",7,74077763,"C","G",0.0011135,0.774335,0.31293,0.0959861,"outcome",TRUE,"reported","s9eaOR","textfile"
"rs871748",10,5659832,"T","C",0.34004,0.205536,0.0939876,0.0985106,"outcome",TRUE,"reported","s9eaOR","textfile"
"rs886282",17,57110789,"T","C",0.184729,0.224783,0.126255,0.0951912,"outcome",TRUE,"reported","s9eaOR","textfile"
"rs927961",1,40780629,"T","G",0.525394,0.813191,0.0645191,0.101596,"outcome",TRUE,"reported","s9eaOR","textfile"
