"SNP","chr.outcome","pos.outcome","effect_allele.outcome","other_allele.outcome","pval.outcome","eaf.outcome","beta.outcome","se.outcome","outcome","mr_keep.outcome","pval_origin.outcome","id.outcome","data_source.outcome"
"rs10004285",4,58693550,"G","A",0.417335,0.536751,-0.0645598,0.0795999,"outcome",TRUE,"reported","Vaj2yM","textfile"
"rs1003887",19,17816591,"T","C",0.52214,0.728792,-0.0573001,0.0895245,"outcome",TRUE,"reported","Vaj2yM","textfile"
"rs10190188",2,49667016,"C","T",0.00585086,0.377291,0.214231,0.0777319,"outcome",TRUE,"reported","Vaj2yM","textfile"
"rs10258601",7,51303412,"A","G",0.231571,0.46617,0.0947901,0.0792347,"outcome",TRUE,"reported","Vaj2yM","textfile"
"rs1043991",9,109130719,"C","T",0.116415,0.309537,-0.134624,0.0857477,"outcome",TRUE,"reported","Vaj2yM","textfile"
"rs10487377",7,117820200,"A","G",0.250031,0.554457,0.0914076,0.0794658,"outcome",TRUE,"reported","Vaj2yM","textfile"
"rs10500907",11,21393581,"A","G",0.90576,0.357196,-0.0097606,0.0824455,"outcome",TRUE,"reported","Vaj2yM","textfile"
"rs10763940",10,33462432,"G","A",0.461288,0.620192,-0.0600272,0.0814781,"outcome",TRUE,"reported","Vaj2yM","textfile"
"rs10798580",1,177895419,"A","G",0.962935,0.372468,0.00380576,0.081896,"outcome",TRUE,"reported","Vaj2yM","textfile"
"rs10810580",9,16629925,"C","T",0.865041,0.452159,-0.0135469,0.0797059,"outcome",TRUE,"reported","Vaj2yM","textfile"
"rs10828678",10,24591783,"A","G",0.124833,0.546562,0.121957,0.0794612,"outcome",TRUE,"reported","Vaj2yM","textfile"
"rs10911251",1,183112059,"C","A",0.811843,0.477733,-0.0187886,0.0789272,"outcome",TRUE,"reported","Vaj2yM","textfile"
"rs10923016",1,88050584,"G","A",0.843151,0.520433,0.0156435,0.079062,"outcome",TRUE,"reported","Vaj2yM","textfile"
"rs10937762",4,6916952,"G","A",0.553511,0.446059,-0.0473623,0.0799354,"outcome",TRUE,"reported","Vaj2yM","textfile"
"rs10973683",9,38151271,"C","A",0.606148,0.587159,-0.0413164,0.080136,"outcome",TRUE,"reported","Vaj2yM","textfile"
"rs1104999",9,117218816,"T","C",0.924606,0.45732,-0.00753228,0.0795943,"outcome",TRUE,"reported","Vaj2yM","textfile"
"rs11144511",9,75603315,"T","C",0.16484,0.51,-0.112265,0.080826,"outcome",TRUE,"reported","Vaj2yM","textfile"
"rs11203041",10,89229129,"G","A",0.0339946,0.559817,-0.168714,0.0795768,"outcome",TRUE,"reported","Vaj2yM","textfile"
"rs11657125",17,68771410,"C","T",0.6876,0.453903,-0.0320085,0.0796005,"outcome",TRUE,"reported","Vaj2yM","textfile"
"rs11868948",17,10310725,"A","G",0.978454,0.590331,-0.00217021,0.080358,"outcome",TRUE,"reported","Vaj2yM","textfile"
"rs11952637",5,109154467,"A","G",0.00364536,0.436797,0.220798,0.0759453,"outcome",TRUE,"reported","Vaj2yM","textfile"
"rs12047618",1,203114880,"T","G",0.274248,0.317494,-0.0932004,0.0852444,"outcome",TRUE,"reported","Vaj2yM","textfile"
"rs12355470",10,90391205,"T","C",0.650639,0.523085,0.0359336,0.0793455,"outcome",TRUE,"reported","Vaj2yM","textfile"
"rs12498703",4,154933824,"G","A",0.0842752,0.434726,-0.138258,0.0800848,"outcome",TRUE,"reported","Vaj2yM","textfile"
"rs12517096",5,120289249,"G","A",0.58994,0.547134,-0.0426727,0.0791815,"outcome",TRUE,"reported","Vaj2yM","textfile"
"rs12612007",2,107254478,"A","G",0.55372,0.295313,0.0513377,0.0866906,"outcome",TRUE,"reported","Vaj2yM","textfile"
"rs1278312",10,126125634,"C","T",0.660216,0.591924,0.0354341,0.0806027,"outcome",TRUE,"reported","Vaj2yM","textfile"
"rs1292666",1,10848355,"C","T",0.764466,0.500966,0.0237623,0.0793075,"outcome",TRUE,"reported","Vaj2yM","textfile"
"rs13130810",4,176226545,"T","C",0.476868,0.376082,-0.0580404,0.0815919,"outcome",TRUE,"reported","Vaj2yM","textfile"
"rs13147572",4,18291521,"G","A",0.826501,0.486828,-0.0173992,0.0793793,"outcome",TRUE,"reported","Vaj2yM","textfile"
"rs1334318",6,96631734,"G","A",0.337411,0.569432,0.0768593,0.0801208,"outcome",TRUE,"reported","Vaj2yM","textfile"
"rs1360820",13,92901954,"A","G",0.990179,0.516537,-0.000976833,0.079358,"outcome",TRUE,"reported","Vaj2yM","textfile"
"rs1368532",10,125591806,"T","C",0.845274,0.424521,-0.0156254,0.0800682,"outcome",TRUE,"reported","Vaj2yM","textfile"
"rs1428203",5,24164504,"G","T",0.315796,0.545557,-0.0797524,0.0795032,"outcome",TRUE,"reported","Vaj2yM","textfile"
"rs1440581",4,88305270,"C","T",0.412149,0.488603,0.0657102,0.0801229,"outcome",TRUE,"reported","Vaj2yM","textfile"
"rs1463301",12,61535531,"T","C",0.178523,0.532741,-0.106646,0.0792718,"outcome",TRUE,"reported","Vaj2yM","textfile"
"rs1519309",4,186093935,"T","C",0.640438,0.76003,0.0433319,0.0927706,"outcome",TRUE,"reported","Vaj2yM","textfile"
"rs1541245",1,164980891,"T","C",0.0798656,0.547267,-0.139209,0.0794817,"outcome",TRUE,"reported","Vaj2yM","textfile"
"rs1558789",12,15015857,"A","C",0.974564,0.479934,0.00252167,0.0790881,"outcome",TRUE,"reported","Vaj2yM","textfile"
"rs1564480",8,21545147,"G","A",0.531636,0.45981,0.0495544,0.0792222,"outcome",TRUE,"reported","Vaj2yM","textfile"
"rs1654495",19,54990211,"C","A",0.546228,0.424415,0.0482046,0.0798855,"outcome",TRUE,"reported","Vaj2yM","textfile"
"rs167648",2,211013531,"C","A",0.246856,0.527161,-0.0918731,0.0793363,"outcome",TRUE,"reported","Vaj2yM","textfile"
"rs1677193",12,31603221,"C","A",0.779039,0.413348,0.022561,0.0804106,"outcome",TRUE,"reported","Vaj2yM","textfile"
"rs1705832",3,3159748,"C","T",0.021326,0.547351,-0.182874,0.0794357,"outcome",TRUE,"reported","Vaj2yM","textfile"
"rs17107974",14,21587012,"T","C",0.7252,0.0689243,0.0546421,0.155446,"outcome",TRUE,"reported","Vaj2yM","textfile"
"rs17173197",7,151571834,"T","C",0.657113,0.400103,-0.0358982,0.0808693,"outcome",TRUE,"reported","Vaj2yM","textfile"
"rs174476",11,61906646,"T","C",0.406045,0.342007,-0.0696407,0.0838162,"outcome",TRUE,"reported","Vaj2yM","textfile"
"rs17698229",3,7330293,"C","G",0.842686,0.499984,-0.0159032,0.0801337,"outcome",TRUE,"reported","Vaj2yM","textfile"
"rs1818106",11,104042648,"A","C",0.044759,0.552784,0.159757,0.079603,"outcome",TRUE,"reported","Vaj2yM","textfile"
"rs1822834",15,58343728,"C","G",0.523282,0.0397963,0.128634,0.201527,"outcome",TRUE,"reported","Vaj2yM","textfile"
"rs1862710",1,15517562,"A","G",0.110516,0.647638,0.132092,0.0827705,"outcome",TRUE,"reported","Vaj2yM","textfile"
"rs1871053",11,88743023,"G","A",0.917122,0.595764,-0.00838414,0.0805709,"outcome",TRUE,"reported","Vaj2yM","textfile"
"rs1872800",8,32250979,"A","T",0.0195389,0.625575,0.190329,0.0815083,"outcome",TRUE,"reported","Vaj2yM","textfile"
"rs1884639",20,739210,"C","T",0.755423,0.651609,-0.0259684,0.0833663,"outcome",TRUE,"reported","Vaj2yM","textfile"
"rs1931001",6,131966796,"G","T",0.986103,0.642745,-0.00143871,0.0825998,"outcome",TRUE,"reported","Vaj2yM","textfile"
"rs1952935",14,40390313,"C","A",0.567745,0.469016,0.0453751,0.0794139,"outcome",TRUE,"reported","Vaj2yM","textfile"
"rs2146498",14,92605924,"A","G",0.314792,0.490412,-0.0795081,0.0790954,"outcome",TRUE,"reported","Vaj2yM","textfile"
"rs2173986",6,8330548,"C","G",0.972284,0.565164,0.00276995,0.0797252,"outcome",TRUE,"reported","Vaj2yM","textfile"
"rs2273875",1,234437611,"C","G",0.13538,0.393899,0.120916,0.0809771,"outcome",TRUE,"reported","Vaj2yM","textfile"
"rs2285137",22,42584672,"C","T",0.4356,0.0929708,-0.105993,0.13595,"outcome",TRUE,"reported","Vaj2yM","textfile"
"rs2302423",11,22847391,"A","G",0.902632,0.430839,0.00978027,0.0799454,"outcome",TRUE,"reported","Vaj2yM","textfile"
"rs2357713",7,13617847,"G","T",0.309591,0.498105,-0.0805861,0.0793108,"outcome",TRUE,"reported","Vaj2yM","textfile"
"rs2373642",7,149983100,"A","G",0.107885,0.0321284,0.363068,0.225821,"outcome",TRUE,"reported","Vaj2yM","textfile"
"rs242082",22,32828453,"T","C",0.8058,0.4244,-0.0196286,0.0798405,"outcome",TRUE,"reported","Vaj2yM","textfile"
"rs2454043",8,103058027,"A","C",0.648287,0.669622,0.0384168,0.0842209,"outcome",TRUE,"reported","Vaj2yM","textfile"
"rs2465250",4,168435916,"C","A",0.136477,0.544378,-0.118441,0.0795419,"outcome",TRUE,"reported","Vaj2yM","textfile"
"rs2471650",12,75184296,"T","C",0.208441,0.563894,0.0998472,0.0793784,"outcome",TRUE,"reported","Vaj2yM","textfile"
"rs248065",5,127165181,"G","A",0.691029,0.405282,-0.0319868,0.0804782,"outcome",TRUE,"reported","Vaj2yM","textfile"
"rs2513896",8,102757450,"A","G",0.583066,0.349575,-0.0455551,0.0829916,"outcome",TRUE,"reported","Vaj2yM","textfile"
"rs2624695",10,44054319,"C","T",0.117385,0.565526,0.124864,0.0797424,"outcome",TRUE,"reported","Vaj2yM","textfile"
"rs2713737",3,101048554,"A","G",0.647085,0.544048,-0.0362839,0.0792542,"outcome",TRUE,"reported","Vaj2yM","textfile"
"rs2722276",7,37949576,"A","G",0.730799,0.589649,0.0276676,0.0804145,"outcome",TRUE,"reported","Vaj2yM","textfile"
"rs2834578",21,34687310,"T","C",0.501954,0.431285,-0.0535685,0.079784,"outcome",TRUE,"reported","Vaj2yM","textfile"
"rs2898645",17,77336617,"C","T",0.933221,0.501974,-0.00661956,0.0789992,"outcome",TRUE,"reported","Vaj2yM","textfile"
"rs2933284",3,10980259,"C","T",0.8957,0.604316,0.0106348,0.0811229,"outcome",TRUE,"reported","Vaj2yM","textfile"
"rs295520",3,139577870,"T","A",0.986062,0.444368,0.00138608,0.0793398,"outcome",TRUE,"reported","Vaj2yM","textfile"
"rs3102519",8,95779182,"A","G",0.901415,0.426809,0.00993173,0.0801759,"outcome",TRUE,"reported","Vaj2yM","textfile"
"rs37959",7,7962758,"T","C",0.632346,0.313451,-0.0409359,0.0855634,"outcome",TRUE,"reported","Vaj2yM","textfile"
"rs3802644",10,79023167,"T","A",0.516198,0.557652,0.0519348,0.0799959,"outcome",TRUE,"reported","Vaj2yM","textfile"
"rs3802681",10,102354571,"C","T",0.597526,0.385993,0.0428712,0.0812014,"outcome",TRUE,"reported","Vaj2yM","textfile"
"rs390836",20,15076356,"T","A",0.383979,0.651073,0.0724303,0.0831968,"outcome",TRUE,"reported","Vaj2yM","textfile"
"rs3924223",1,221905852,"A","G",0.332607,0.585225,0.0774811,0.0799702,"outcome",TRUE,"reported","Vaj2yM","textfile"
"rs4016189",2,35742057,"A","G",0.024222,0.00676165,1.15049,0.510513,"outcome",TRUE,"reported","Vaj2yM","textfile"
"rs4074961",1,37627051,"T","C",0.992016,0.510422,-0.000793899,0.0793352,"outcome",TRUE,"reported","Vaj2yM","textfile"
"rs4077470",12,5487646,"C","T",0.791748,0.413877,0.0212112,0.0803326,"outcome",TRUE,"reported","Vaj2yM","textfile"
"rs4140704",12,114079004,"G","C",0.485395,0.546386,0.0554242,0.0794439,"outcome",TRUE,"reported","Vaj2yM","textfile"
"rs4148593",3,183932082,"G","A",0.160505,0.299811,-0.121682,0.0867069,"outcome",TRUE,"reported","Vaj2yM","textfile"
"rs417144",2,79024721,"T","C",0.359277,0.394237,0.0743899,0.0811458,"outcome",TRUE,"reported","Vaj2yM","textfile"
"rs4499783",5,66671295,"C","T",0.68031,0.42058,-0.0329643,0.0800029,"outcome",TRUE,"reported","Vaj2yM","textfile"
"rs4531478",11,68715021,"G","A",0.673816,0.738233,0.0380011,0.0902819,"outcome",TRUE,"reported","Vaj2yM","textfile"
"rs4726308",7,153593435,"T","G",0.327376,0.290883,-0.0856037,0.0874031,"outcome",TRUE,"reported","Vaj2yM","textfile"
"rs4741887",9,4079470,"A","G",0.442142,0.532076,0.0609818,0.0793434,"outcome",TRUE,"reported","Vaj2yM","textfile"
"rs4756646",11,41438219,"A","T",0.366193,0.305336,-0.0780675,0.0863934,"outcome",TRUE,"reported","Vaj2yM","textfile"
"rs4758270",11,8021069,"G","A",0.333825,0.3355,-0.0809938,0.0838066,"outcome",TRUE,"reported","Vaj2yM","textfile"
"rs4767788",12,119136405,"A","G",0.464835,0.39985,-0.0594635,0.0813556,"outcome",TRUE,"reported","Vaj2yM","textfile"
"rs477992",1,119714953,"G","A",0.654475,0.665768,-0.0374093,0.0835861,"outcome",TRUE,"reported","Vaj2yM","textfile"
"rs4795552",17,27286355,"A","G",0.0288556,0.348395,0.181386,0.082997,"outcome",TRUE,"reported","Vaj2yM","textfile"
"rs4805013",19,27993933,"T","A",0.391751,0.348169,0.071176,0.0831061,"outcome",TRUE,"reported","Vaj2yM","textfile"
"rs481781",3,170222257,"C","T",0.773936,0.502275,0.0227505,0.0792065,"outcome",TRUE,"reported","Vaj2yM","textfile"
"rs4851946",2,106223468,"G","A",0.508052,0.395847,-0.053498,0.0808279,"outcome",TRUE,"reported","Vaj2yM","textfile"
"rs4875397",8,4842489,"A","G",0.219644,0.610785,0.0994305,0.0810041,"outcome",TRUE,"reported","Vaj2yM","textfile"
"rs4889294",16,81270154,"C","T",0.581192,0.417944,0.0442345,0.0801868,"outcome",TRUE,"reported","Vaj2yM","textfile"
"rs4921412",5,161731776,"G","C",0.207411,0.657974,-0.105226,0.0834654,"outcome",TRUE,"reported","Vaj2yM","textfile"
"rs4935115",10,54637021,"A","G",0.358204,0.541162,0.0729779,0.079428,"outcome",TRUE,"reported","Vaj2yM","textfile"
"rs498475",7,28216621,"A","G",0.0188161,0.644059,0.194542,0.0828134,"outcome",TRUE,"reported","Vaj2yM","textfile"
"rs6003916",22,23844636,"C","T",0.042003,0.200348,0.202619,0.0996408,"outcome",TRUE,"reported","Vaj2yM","textfile"
"rs606798",18,37325477,"G","T",0.126676,0.689904,-0.130671,0.0855549,"outcome",TRUE,"reported","Vaj2yM","textfile"
"rs6103894",20,44852038,"G","T",0.568528,0.373845,-0.0466423,0.081797,"outcome",TRUE,"reported","Vaj2yM","textfile"
"rs618001",11,86045320,"T","C",0.192061,0.512656,-0.103254,0.0791516,"outcome",TRUE,"reported","Vaj2yM","textfile"
"rs631750",12,3966689,"C","T",0.578144,0.674176,-0.0468372,0.0842248,"outcome",TRUE,"reported","Vaj2yM","textfile"
"rs637828",18,62486056,"C","A",0.0954113,0.405894,0.134256,0.0805127,"outcome",TRUE,"reported","Vaj2yM","textfile"
"rs6470194",8,123851252,"G","A",0.862767,0.575229,0.0141377,0.0817903,"outcome",TRUE,"reported","Vaj2yM","textfile"
"rs6475359",9,1975279,"A","G",0.663887,0.465011,-0.0347087,0.0798719,"outcome",TRUE,"reported","Vaj2yM","textfile"
"rs6518309",21,43628111,"A","C",0.528423,0.687733,0.0540006,0.0856587,"outcome",TRUE,"reported","Vaj2yM","textfile"
"rs6543342",2,105845800,"C","T",0.243956,0.671503,-0.0983409,0.0844016,"outcome",TRUE,"reported","Vaj2yM","textfile"
"rs6562776",13,73622750,"G","A",0.784948,0.336048,-0.0228324,0.0836733,"outcome",TRUE,"reported","Vaj2yM","textfile"
"rs6588636",1,56481127,"C","T",0.449042,0.444989,-0.0602398,0.0795758,"outcome",TRUE,"reported","Vaj2yM","textfile"
"rs6735596",2,227229167,"C","A",0.221689,0.334412,-0.101989,0.0834576,"outcome",TRUE,"reported","Vaj2yM","textfile"
"rs6737109",2,22956659,"C","T",0.629946,0.47371,-0.0382321,0.0793521,"outcome",TRUE,"reported","Vaj2yM","textfile"
"rs6820011",4,166469803,"T","G",0.493949,0.632126,0.0561016,0.0820148,"outcome",TRUE,"reported","Vaj2yM","textfile"
"rs6820313",4,139213505,"T","G",0.488721,0.581015,-0.0554295,0.0800605,"outcome",TRUE,"reported","Vaj2yM","textfile"
"rs6982408",8,59760927,"G","T",0.597292,0.53853,0.0419905,0.0794825,"outcome",TRUE,"reported","Vaj2yM","textfile"
"rs699856",1,74623452,"C","T",0.443874,0.575435,0.0611084,0.0798107,"outcome",TRUE,"reported","Vaj2yM","textfile"
"rs7073430",10,62695121,"A","C",0.438342,0.351973,-0.0643482,0.0830303,"outcome",TRUE,"reported","Vaj2yM","textfile"
"rs7082507",10,30969417,"T","G",0.937909,0.604352,0.00630984,0.081001,"outcome",TRUE,"reported","Vaj2yM","textfile"
"rs7137008",12,95766127,"G","A",0.532751,0.582686,-0.0499146,0.0800153,"outcome",TRUE,"reported","Vaj2yM","textfile"
"rs720293",11,43014763,"A","G",0.946607,0.385098,0.00543403,0.0811439,"outcome",TRUE,"reported","Vaj2yM","textfile"
"rs720625",3,45768602,"A","G",0.367523,0.583803,-0.0725735,0.0805369,"outcome",TRUE,"reported","Vaj2yM","textfile"
"rs720816",7,41736150,"A","G",0.900327,0.588897,-0.0100651,0.0803614,"outcome",TRUE,"reported","Vaj2yM","textfile"
"rs7301176",12,48397208,"T","C",0.904885,0.470736,0.00948889,0.0794097,"outcome",TRUE,"reported","Vaj2yM","textfile"
"rs7329192",13,84494639,"T","C",0.643822,0.586679,-0.0371776,0.0804083,"outcome",TRUE,"reported","Vaj2yM","textfile"
"rs7366464",1,232224012,"T","C",0.914238,0.14179,0.012286,0.114082,"outcome",TRUE,"reported","Vaj2yM","textfile"
"rs7584322",2,70913830,"C","A",0.0281819,0.634689,-0.180999,0.0824693,"outcome",TRUE,"reported","Vaj2yM","textfile"
"rs7584842",2,11616134,"C","T",0.084188,0.403282,-0.139618,0.0808498,"outcome",TRUE,"reported","Vaj2yM","textfile"
"rs759456",2,64967168,"G","T",0.615463,0.375579,0.0411465,0.0819176,"outcome",TRUE,"reported","Vaj2yM","textfile"
"rs7622687",3,58182679,"A","G",0.851594,0.463565,0.0149224,0.0797629,"outcome",TRUE,"reported","Vaj2yM","textfile"
"rs7625991",3,44094932,"A","C",0.0490569,0.334841,0.1654,0.0840405,"outcome",TRUE,"reported","Vaj2yM","textfile"
"rs7647029",3,132007878,"A","G",0.987545,0.610995,0.00126823,0.0812441,"outcome",TRUE,"reported","Vaj2yM","textfile"
"rs7685009",4,89559680,"G","A",0.682288,0.301738,0.0352335,0.0860733,"outcome",TRUE,"reported","Vaj2yM","textfile"
"rs7689825",4,100403543,"T","C",0.117237,0.626301,0.127966,0.0816903,"outcome",TRUE,"reported","Vaj2yM","textfile"
"rs769630",3,3780875,"T","C",0.749397,0.560361,-0.0254121,0.0795533,"outcome",TRUE,"reported","Vaj2yM","textfile"
"rs7738860",6,155484147,"T","C",0.473628,0.461821,0.0569045,0.0794102,"outcome",TRUE,"reported","Vaj2yM","textfile"
"rs7740614",6,45578114,"A","G",0.14424,0.460499,0.116456,0.0797547,"outcome",TRUE,"reported","Vaj2yM","textfile"
"rs7795093",7,131680684,"A","G",0.459209,0.394083,0.0597971,0.0807905,"outcome",TRUE,"reported","Vaj2yM","textfile"
"rs7825809",8,92178594,"C","T",0.315431,0.643957,-0.0826245,0.0823044,"outcome",TRUE,"reported","Vaj2yM","textfile"
"rs7911876",10,14452127,"T","C",0.739714,0.431021,0.0267132,0.0804052,"outcome",TRUE,"reported","Vaj2yM","textfile"
"rs7915",15,40814287,"C","A",0.858333,0.330527,0.015052,0.0843263,"outcome",TRUE,"reported","Vaj2yM","textfile"
"rs7923885",10,18365942,"A","G",0.203236,0.595394,0.102293,0.0803949,"outcome",TRUE,"reported","Vaj2yM","textfile"
"rs8003702",14,25318396,"G","T",0.613752,0.480658,-0.0399253,0.079103,"outcome",TRUE,"reported","Vaj2yM","textfile"
"rs825885",12,129926293,"G","A",0.935475,0.798421,0.00800054,0.0988236,"outcome",TRUE,"reported","Vaj2yM","textfile"
"rs867560",9,126702954,"G","C",0.77351,0.568484,0.0229495,0.079745,"outcome",TRUE,"reported","Vaj2yM","textfile"
"rs891878",2,1988852,"G","T",0.945994,0.563333,-0.00539482,0.0796417,"outcome",TRUE,"reported","Vaj2yM","textfile"
"rs899273",4,188663750,"T","C",0.365683,0.500788,0.0717091,0.0792726,"outcome",TRUE,"reported","Vaj2yM","textfile"
"rs900532",5,10635965,"T","C",0.909609,0.441569,-0.00902553,0.0794979,"outcome",TRUE,"reported","Vaj2yM","textfile"
"rs923818",3,192348114,"A","G",0.00763256,0.444273,-0.207087,0.0776215,"outcome",TRUE,"reported","Vaj2yM","textfile"
"rs9292230",5,27906184,"C","T",0.804004,0.423551,-0.0197737,0.0796787,"outcome",TRUE,"reported","Vaj2yM","textfile"
"rs9394683",6,40340621,"T","C",0.25397,0.56214,-0.0906192,0.0794377,"outcome",TRUE,"reported","Vaj2yM","textfile"
"rs9403527",6,143726696,"T","C",0.789678,0.323825,-0.0226658,0.084977,"outcome",TRUE,"reported","Vaj2yM","textfile"
"rs951134",5,342080,"A","T",0.856987,0.497701,-0.0142575,0.0791157,"outcome",TRUE,"reported","Vaj2yM","textfile"
"rs9541214",13,34538687,"C","T",0.960708,0.359071,-0.00406296,0.0824718,"outcome",TRUE,"reported","Vaj2yM","textfile"
"rs9559495",13,109098578,"G","C",0.0927065,0.499167,-0.132857,0.0790211,"outcome",TRUE,"reported","Vaj2yM","textfile"
"rs9636889",21,35061303,"A","G",0.37373,0.522751,-0.0704441,0.0791944,"outcome",TRUE,"reported","Vaj2yM","textfile"
"rs978346",1,98113018,"G","C",0.683213,0.534876,0.0323862,0.079362,"outcome",TRUE,"reported","Vaj2yM","textfile"
"rs9808116",2,229105739,"T","A",0.31298,0.473815,0.0799,0.0791882,"outcome",TRUE,"reported","Vaj2yM","textfile"
"rs982790",13,90579519,"T","C",0.77636,0.397003,0.0231105,0.0813559,"outcome",TRUE,"reported","Vaj2yM","textfile"
"rs9837954",3,157598672,"T","C",0.398899,0.646896,0.0700562,0.0830454,"outcome",TRUE,"reported","Vaj2yM","textfile"
"rs9889080",16,55892961,"A","G",0.350322,0.155411,-0.101768,0.108964,"outcome",TRUE,"reported","Vaj2yM","textfile"
"rs989960",7,107805282,"T","C",0.126887,0.50809,-0.120073,0.0786592,"outcome",TRUE,"reported","Vaj2yM","textfile"
"rs9903421",17,40911660,"T","C",0.0804285,0.562298,-0.139735,0.0799306,"outcome",TRUE,"reported","Vaj2yM","textfile"
