"SNP","chr.outcome","pos.outcome","effect_allele.outcome","other_allele.outcome","pval.outcome","eaf.outcome","beta.outcome","se.outcome","outcome","mr_keep.outcome","pval_origin.outcome","id.outcome","data_source.outcome"
"rs1527683",1,74357253,"C","T",0.457664,0.189343,-0.075227,0.101289,"outcome",TRUE,"reported","JDoO2f","textfile"
"rs16868246",4,9976681,"G","C",0.377971,0.837676,0.0952445,0.108031,"outcome",TRUE,"reported","JDoO2f","textfile"
"rs2176664",17,12616554,"C","T",0.0745693,0.615555,-0.144961,0.0812968,"outcome",TRUE,"reported","JDoO2f","textfile"
"rs4288369",8,77754490,"G","C",0.0984963,0.987333,-0.581186,0.351768,"outcome",TRUE,"reported","JDoO2f","textfile"
"rs4768741",12,46676322,"C","G",0.00393514,0.90978,0.432616,0.150041,"outcome",TRUE,"reported","JDoO2f","textfile"
"rs7014133",8,130820256,"A","G",0.794703,0.0036787,-0.168838,0.648858,"outcome",TRUE,"reported","JDoO2f","textfile"
"rs715",2,210678331,"C","T",0.413028,0.313956,0.0703543,0.0859472,"outcome",TRUE,"reported","JDoO2f","textfile"
