"SNP","chr.outcome","pos.outcome","effect_allele.outcome","other_allele.outcome","pval.outcome","eaf.outcome","beta.outcome","se.outcome","outcome","mr_keep.outcome","pval_origin.outcome","id.outcome","data_source.outcome"
"rs1000137",7,157851460,"C","T",0.957456,0.499101,0.00420745,0.0788707,"outcome",TRUE,"reported","xZvkCq","textfile"
"rs10007704",4,44274734,"C","T",0.864361,0.357772,-0.0140883,0.0824716,"outcome",TRUE,"reported","xZvkCq","textfile"
"rs1013667",3,191371891,"G","A",0.15339,0.374021,-0.116645,0.0817036,"outcome",TRUE,"reported","xZvkCq","textfile"
"rs1016522",5,143813761,"A","G",0.219336,0.586376,-0.0986519,0.0803161,"outcome",TRUE,"reported","xZvkCq","textfile"
"rs10225863",7,132225544,"T","C",0.88277,0.465397,0.0116946,0.0793072,"outcome",TRUE,"reported","xZvkCq","textfile"
"rs10495209",1,223483195,"T","C",0.0862681,0.545378,-0.136346,0.0794828,"outcome",TRUE,"reported","xZvkCq","textfile"
"rs10784496",12,65767191,"G","A",0.442364,0.440171,0.0614954,0.0800505,"outcome",TRUE,"reported","xZvkCq","textfile"
"rs10807322",6,45574880,"T","A",0.0812288,0.416155,0.140548,0.0806076,"outcome",TRUE,"reported","xZvkCq","textfile"
"rs10836364",11,35284798,"C","T",0.560436,0.360853,-0.0479748,0.0824034,"outcome",TRUE,"reported","xZvkCq","textfile"
"rs10846667",12,124399878,"T","C",0.936487,0.528767,-0.00631631,0.0792648,"outcome",TRUE,"reported","xZvkCq","textfile"
"rs10881004",12,46842788,"C","T",0.0622243,0.609651,0.15218,0.0816116,"outcome",TRUE,"reported","xZvkCq","textfile"
"rs10900784",5,126179225,"C","A",0.04617,0.65334,-0.166101,0.0833072,"outcome",TRUE,"reported","xZvkCq","textfile"
"rs10927101",1,244010570,"A","C",0.457092,0.398378,0.0602678,0.0810439,"outcome",TRUE,"reported","xZvkCq","textfile"
"rs11201034",10,79985611,"T","A",0.920382,0.427242,-0.00801909,0.0802288,"outcome",TRUE,"reported","xZvkCq","textfile"
"rs11654913",17,54292518,"A","T",0.270096,0.638809,0.0906185,0.0821682,"outcome",TRUE,"reported","xZvkCq","textfile"
"rs11719675",3,168635897,"A","T",0.15321,0.544546,0.113331,0.0793479,"outcome",TRUE,"reported","xZvkCq","textfile"
"rs11720862",3,1797290,"T","G",0.236503,0.555586,-0.0948301,0.0801084,"outcome",TRUE,"reported","xZvkCq","textfile"
"rs1179636",7,75601074,"A","C",0.472675,0.456712,0.0571191,0.0795383,"outcome",TRUE,"reported","xZvkCq","textfile"
"rs11802417",1,83810363,"C","T",0.699261,0.445513,-0.0307495,0.0795964,"outcome",TRUE,"reported","xZvkCq","textfile"
"rs1220605",13,24215671,"A","G",0.397651,0.684673,-0.0721282,0.0852757,"outcome",TRUE,"reported","xZvkCq","textfile"
"rs12278762",11,98911263,"T","C",0.0809301,0.554303,-0.138414,0.0793061,"outcome",TRUE,"reported","xZvkCq","textfile"
"rs12468084",2,229731636,"C","T",0.497859,0.434455,0.0542154,0.07998,"outcome",TRUE,"reported","xZvkCq","textfile"
"rs12533939",7,158658273,"T","A",0.998448,0.674831,-0.000164073,0.0843263,"outcome",TRUE,"reported","xZvkCq","textfile"
"rs1260326",2,27508073,"C","T",0.0385381,0.649919,0.171942,0.0831002,"outcome",TRUE,"reported","xZvkCq","textfile"
"rs13001325",2,102322576,"T","C",0.760864,0.329642,-0.0255293,0.0838822,"outcome",TRUE,"reported","xZvkCq","textfile"
"rs13008096",2,62565554,"A","C",0.0559603,0.320208,0.162381,0.0849567,"outcome",TRUE,"reported","xZvkCq","textfile"
"rs13122250",4,155887136,"T","C",0.652459,0.620827,0.0368565,0.0818397,"outcome",TRUE,"reported","xZvkCq","textfile"
"rs1330918",13,22798990,"C","A",0.576232,0.488253,0.0442123,0.0791061,"outcome",TRUE,"reported","xZvkCq","textfile"
"rs1373962",5,84232044,"C","T",0.662415,0.3959,0.0353143,0.0808884,"outcome",TRUE,"reported","xZvkCq","textfile"
"rs1412972",1,190276847,"G","T",0.95677,0.433587,-0.00432561,0.0797968,"outcome",TRUE,"reported","xZvkCq","textfile"
"rs1418942",20,59589251,"C","A",0.778203,0.34374,-0.0234838,0.0833763,"outcome",TRUE,"reported","xZvkCq","textfile"
"rs1508513",4,171082288,"G","C",0.843567,0.268812,0.0175991,0.0891847,"outcome",TRUE,"reported","xZvkCq","textfile"
"rs1519309",4,186093935,"T","C",0.640438,0.76003,0.0433319,0.0927706,"outcome",TRUE,"reported","xZvkCq","textfile"
"rs154246",5,16602342,"T","C",0.773662,0.635581,0.0235869,0.0820163,"outcome",TRUE,"reported","xZvkCq","textfile"
"rs1559063",5,172921591,"G","C",0.165755,0.342843,0.1152,0.0831181,"outcome",TRUE,"reported","xZvkCq","textfile"
"rs1663501",21,26846988,"G","A",0.973137,0.500395,-0.0026561,0.0788751,"outcome",TRUE,"reported","xZvkCq","textfile"
"rs16836288",4,4805476,"A","C",0.694837,0.0627462,0.0637352,0.162465,"outcome",TRUE,"reported","xZvkCq","textfile"
"rs1697901",5,11019293,"A","G",0.222344,0.300467,0.105526,0.0864739,"outcome",TRUE,"reported","xZvkCq","textfile"
"rs17698249",16,87286332,"C","A",0.129273,0.338219,-0.127122,0.0837996,"outcome",TRUE,"reported","xZvkCq","textfile"
"rs17744500",15,101059041,"C","T",0.5556,0.537852,0.0468504,0.0794896,"outcome",TRUE,"reported","xZvkCq","textfile"
"rs1790398",11,74090220,"C","T",0.398095,0.601976,-0.0682626,0.0807814,"outcome",TRUE,"reported","xZvkCq","textfile"
"rs1852138",11,112330846,"G","A",0.754484,0.392462,-0.0252993,0.0808975,"outcome",TRUE,"reported","xZvkCq","textfile"
"rs1871053",11,88743023,"G","A",0.917122,0.595764,-0.00838414,0.0805709,"outcome",TRUE,"reported","xZvkCq","textfile"
"rs1995960",4,141995805,"A","G",0.543048,0.592228,-0.0489747,0.0805227,"outcome",TRUE,"reported","xZvkCq","textfile"
"rs1997238",7,48499174,"G","A",0.911758,0.449548,0.00879321,0.079346,"outcome",TRUE,"reported","xZvkCq","textfile"
"rs201262",6,9987382,"G","T",0.158557,0.404565,0.114277,0.081051,"outcome",TRUE,"reported","xZvkCq","textfile"
"rs2063601",6,77868589,"C","A",0.371199,0.816121,0.0911737,0.101958,"outcome",TRUE,"reported","xZvkCq","textfile"
"rs207938",2,216177158,"G","A",0.676619,0.559945,-0.0331756,0.0795422,"outcome",TRUE,"reported","xZvkCq","textfile"
"rs2111118",16,54015241,"C","T",0.946156,0.472508,-0.00536371,0.0794218,"outcome",TRUE,"reported","xZvkCq","textfile"
"rs2126498",6,110015022,"G","T",0.696777,0.377564,0.0318017,0.0816109,"outcome",TRUE,"reported","xZvkCq","textfile"
"rs2178260",11,62301893,"T","C",0.236545,0.429582,0.0944597,0.0798026,"outcome",TRUE,"reported","xZvkCq","textfile"
"rs2216061",16,52880635,"C","A",0.482492,0.537715,-0.055615,0.0791899,"outcome",TRUE,"reported","xZvkCq","textfile"
"rs2230532",14,96855352,"T","C",0.0744903,0.388847,-0.144544,0.081041,"outcome",TRUE,"reported","xZvkCq","textfile"
"rs2261659",5,413479,"C","G",0.523523,0.403709,-0.0515904,0.0808724,"outcome",TRUE,"reported","xZvkCq","textfile"
"rs2349729",2,201656901,"G","A",0.874974,0.383664,0.0128047,0.0813809,"outcome",TRUE,"reported","xZvkCq","textfile"
"rs2367059",10,24575198,"T","A",0.120326,0.562882,0.123991,0.0798186,"outcome",TRUE,"reported","xZvkCq","textfile"
"rs2383131",9,19902824,"C","T",0.889891,0.609107,-0.0112321,0.0811322,"outcome",TRUE,"reported","xZvkCq","textfile"
"rs2432",1,114089358,"T","C",0.119237,0.5622,-0.124382,0.0798351,"outcome",TRUE,"reported","xZvkCq","textfile"
"rs2484178",10,27402870,"C","T",0.49966,0.348166,-0.0558592,0.0827515,"outcome",TRUE,"reported","xZvkCq","textfile"
"rs2505644",10,43679650,"C","T",0.230311,0.439339,-0.0956777,0.0797608,"outcome",TRUE,"reported","xZvkCq","textfile"
"rs2520117",16,26564978,"G","A",0.736952,0.512163,0.0265104,0.0789249,"outcome",TRUE,"reported","xZvkCq","textfile"
"rs2580344",2,121289776,"C","T",0.194281,0.345249,0.108046,0.0832394,"outcome",TRUE,"reported","xZvkCq","textfile"
"rs2604365",8,15756806,"G","T",0.724318,0.388265,0.0287736,0.0815824,"outcome",TRUE,"reported","xZvkCq","textfile"
"rs2658761",18,56391808,"C","T",0.699352,0.542186,0.0306941,0.0794782,"outcome",TRUE,"reported","xZvkCq","textfile"
"rs2662269",5,98740813,"C","A",0.156498,0.738119,-0.127511,0.0899896,"outcome",TRUE,"reported","xZvkCq","textfile"
"rs2688858",10,14722994,"T","C",0.600857,0.554979,0.0415215,0.0793653,"outcome",TRUE,"reported","xZvkCq","textfile"
"rs2722407",7,24331967,"G","A",0.195069,0.419751,-0.103927,0.0802071,"outcome",TRUE,"reported","xZvkCq","textfile"
"rs2769419",10,115635496,"G","A",0.511927,0.584617,-0.0525454,0.0801192,"outcome",TRUE,"reported","xZvkCq","textfile"
"rs2798184",1,108553710,"T","C",0.951344,0.509014,0.00486149,0.079672,"outcome",TRUE,"reported","xZvkCq","textfile"
"rs2834164",21,33249643,"C","A",0.900167,0.498558,0.00993557,0.0791989,"outcome",TRUE,"reported","xZvkCq","textfile"
"rs284191",1,91770491,"G","A",0.499604,0.366526,0.0555541,0.0822885,"outcome",TRUE,"reported","xZvkCq","textfile"
"rs2868072",15,39313525,"G","A",0.175973,0.472604,-0.107273,0.07927,"outcome",TRUE,"reported","xZvkCq","textfile"
"rs295142",2,200346993,"G","A",0.685562,0.364826,0.0332977,0.0822402,"outcome",TRUE,"reported","xZvkCq","textfile"
"rs2966079",16,81478201,"T","C",0.988537,0.578295,-0.00115508,0.0803999,"outcome",TRUE,"reported","xZvkCq","textfile"
"rs2970335",11,14303855,"A","C",0.304807,0.310273,0.0875274,0.0852944,"outcome",TRUE,"reported","xZvkCq","textfile"
"rs2977272",1,17210457,"T","C",0.494665,0.244068,0.0631136,0.0924189,"outcome",TRUE,"reported","xZvkCq","textfile"
"rs3742929",14,32695976,"T","C",0.716746,0.550051,-0.0288297,0.0794621,"outcome",TRUE,"reported","xZvkCq","textfile"
"rs3751181",12,125141989,"G","A",0.903677,0.478552,-0.00955516,0.0789565,"outcome",TRUE,"reported","xZvkCq","textfile"
"rs3773729",3,53170829,"T","C",0.607409,0.730685,-0.0457345,0.0890165,"outcome",TRUE,"reported","xZvkCq","textfile"
"rs3780494",9,33126226,"C","T",0.867073,0.0166599,-0.0523002,0.312469,"outcome",TRUE,"reported","xZvkCq","textfile"
"rs38271",7,14267406,"G","A",0.39362,0.380082,0.0693377,0.08128,"outcome",TRUE,"reported","xZvkCq","textfile"
"rs4063769",2,131973814,"T","C",0.175514,0.468386,-0.107948,0.0796845,"outcome",TRUE,"reported","xZvkCq","textfile"
"rs4144737",8,129748936,"G","A",0.216777,0.342585,0.102597,0.0830645,"outcome",TRUE,"reported","xZvkCq","textfile"
"rs42162",7,106835482,"T","C",0.877289,0.55677,0.0122522,0.07935,"outcome",TRUE,"reported","xZvkCq","textfile"
"rs428185",14,47852733,"T","C",0.932332,0.536169,0.00673352,0.0793012,"outcome",TRUE,"reported","xZvkCq","textfile"
"rs4306882",3,21021092,"T","G",0.82555,0.561508,-0.0175686,0.0797082,"outcome",TRUE,"reported","xZvkCq","textfile"
"rs430727",3,41087073,"C","T",0.139796,0.592983,0.118999,0.0805922,"outcome",TRUE,"reported","xZvkCq","textfile"
"rs4356783",3,24963343,"G","C",0.374859,0.462593,-0.0704801,0.0794224,"outcome",TRUE,"reported","xZvkCq","textfile"
"rs4611118",10,120635608,"G","A",0.733807,0.489676,-0.0268196,0.0788661,"outcome",TRUE,"reported","xZvkCq","textfile"
"rs4615256",5,63405040,"G","A",0.691887,0.557269,0.0316365,0.0798305,"outcome",TRUE,"reported","xZvkCq","textfile"
"rs4695138",4,45954163,"T","A",0.38485,0.484876,0.068734,0.0790958,"outcome",TRUE,"reported","xZvkCq","textfile"
"rs4751282",10,127366417,"C","T",0.154344,0.518024,-0.113374,0.0795969,"outcome",TRUE,"reported","xZvkCq","textfile"
"rs4849291",2,113836522,"C","G",0.0515917,0.644676,-0.160471,0.0824396,"outcome",TRUE,"reported","xZvkCq","textfile"
"rs4870304",6,154670709,"A","G",0.840502,0.667642,0.0169609,0.0842769,"outcome",TRUE,"reported","xZvkCq","textfile"
"rs4880888",10,1619432,"G","A",0.0238534,0.519684,0.178625,0.0790556,"outcome",TRUE,"reported","xZvkCq","textfile"
"rs4926571",1,52630942,"C","T",0.0492697,0.398733,0.158956,0.0808425,"outcome",TRUE,"reported","xZvkCq","textfile"
"rs4958379",5,154630481,"A","G",0.756917,0.373581,0.0252885,0.0816988,"outcome",TRUE,"reported","xZvkCq","textfile"
"rs4972588",2,173579862,"A","G",0.885055,0.523353,-0.0114672,0.0793222,"outcome",TRUE,"reported","xZvkCq","textfile"
"rs4989308",4,114368048,"G","A",0.587566,0.702184,-0.0468779,0.0864323,"outcome",TRUE,"reported","xZvkCq","textfile"
"rs502654",1,30588654,"C","T",0.0680284,0.472557,0.145043,0.0794837,"outcome",TRUE,"reported","xZvkCq","textfile"
"rs512453",18,62995705,"T","C",0.582039,0.584353,0.0443089,0.0805017,"outcome",TRUE,"reported","xZvkCq","textfile"
"rs535446",11,79160992,"G","C",0.913283,0.545836,-0.00862584,0.0792097,"outcome",TRUE,"reported","xZvkCq","textfile"
"rs5997110",22,26640541,"C","T",0.837891,0.570135,0.0163963,0.0801414,"outcome",TRUE,"reported","xZvkCq","textfile"
"rs6001129",22,22151947,"T","C",0.715234,0.0870173,0.0510308,0.139873,"outcome",TRUE,"reported","xZvkCq","textfile"
"rs603446",11,116783719,"T","C",0.496423,0.359941,-0.0562874,0.0827599,"outcome",TRUE,"reported","xZvkCq","textfile"
"rs6077611",20,9913043,"T","G",0.78786,0.535996,0.0213732,0.0794273,"outcome",TRUE,"reported","xZvkCq","textfile"
"rs6110544",20,15186129,"T","C",0.0955608,0.556689,-0.132877,0.0797213,"outcome",TRUE,"reported","xZvkCq","textfile"
"rs6130271",20,42983785,"C","T",0.297015,0.466832,-0.082881,0.079475,"outcome",TRUE,"reported","xZvkCq","textfile"
"rs6454864",6,91525176,"T","C",0.703043,0.479935,-0.0302366,0.0793163,"outcome",TRUE,"reported","xZvkCq","textfile"
"rs6480970",10,52808904,"A","G",0.0419556,0.65807,0.169331,0.0832519,"outcome",TRUE,"reported","xZvkCq","textfile"
"rs6534667",4,128145333,"G","C",0.30127,0.637379,0.0851219,0.0823457,"outcome",TRUE,"reported","xZvkCq","textfile"
"rs6537156",4,138146048,"C","T",0.158092,0.534758,-0.111745,0.0791663,"outcome",TRUE,"reported","xZvkCq","textfile"
"rs6685230",1,168398916,"T","C",0.172669,0.284943,0.122304,0.0896872,"outcome",TRUE,"reported","xZvkCq","textfile"
"rs6730726",2,204289630,"G","A",0.111126,0.43105,-0.127049,0.0797469,"outcome",TRUE,"reported","xZvkCq","textfile"
"rs6759991",2,75469690,"G","T",0.592631,0.18599,0.0544316,0.101736,"outcome",TRUE,"reported","xZvkCq","textfile"
"rs6819555",4,27340548,"G","A",0.478296,0.443038,-0.0565535,0.07976,"outcome",TRUE,"reported","xZvkCq","textfile"
"rs682359",15,42134635,"T","G",0.173236,0.633812,-0.112004,0.0822423,"outcome",TRUE,"reported","xZvkCq","textfile"
"rs6901004",6,111233619,"G","C",0.488439,0.42286,-0.0556936,0.0803896,"outcome",TRUE,"reported","xZvkCq","textfile"
"rs6910731",6,23415234,"A","G",0.658102,0.379584,-0.0359921,0.0813316,"outcome",TRUE,"reported","xZvkCq","textfile"
"rs6935961",6,125315204,"G","A",0.4679,0.341481,0.0606426,0.0835413,"outcome",TRUE,"reported","xZvkCq","textfile"
"rs6947698",7,55887300,"C","G",0.143878,0.544389,-0.116222,0.0795223,"outcome",TRUE,"reported","xZvkCq","textfile"
"rs699856",1,74623452,"C","T",0.443874,0.575435,0.0611084,0.0798107,"outcome",TRUE,"reported","xZvkCq","textfile"
"rs7006068",8,141646536,"T","C",0.96226,0.558313,0.00376292,0.0795244,"outcome",TRUE,"reported","xZvkCq","textfile"
"rs7009696",8,71819482,"C","T",0.891732,0.383489,0.0110651,0.0812934,"outcome",TRUE,"reported","xZvkCq","textfile"
"rs710580",3,190091374,"A","C",0.555726,0.356757,0.0486624,0.0825906,"outcome",TRUE,"reported","xZvkCq","textfile"
"rs7109477",11,21392234,"G","A",0.39932,0.533569,-0.0668401,0.0793037,"outcome",TRUE,"reported","xZvkCq","textfile"
"rs719564",2,241161953,"G","A",0.3411,0.350987,-0.0788361,0.0828116,"outcome",TRUE,"reported","xZvkCq","textfile"
"rs7230740",18,3636289,"C","A",0.110436,0.371716,-0.130843,0.0819698,"outcome",TRUE,"reported","xZvkCq","textfile"
"rs7246393",19,23206003,"G","A",0.684247,0.518478,0.0322354,0.0792659,"outcome",TRUE,"reported","xZvkCq","textfile"
"rs7463805",8,109741443,"T","C",0.0128027,0.468598,-0.197864,0.0794885,"outcome",TRUE,"reported","xZvkCq","textfile"
"rs7505177",18,77508936,"T","G",0.14642,0.410348,-0.117231,0.0807215,"outcome",TRUE,"reported","xZvkCq","textfile"
"rs7584842",2,11616134,"C","T",0.084188,0.403282,-0.139618,0.0808498,"outcome",TRUE,"reported","xZvkCq","textfile"
"rs7594598",2,30803737,"C","A",0.950273,0.62667,0.00511458,0.0820115,"outcome",TRUE,"reported","xZvkCq","textfile"
"rs7638383",3,4952656,"A","G",0.293877,0.305701,0.0899836,0.0857268,"outcome",TRUE,"reported","xZvkCq","textfile"
"rs7810390",7,83032781,"G","A",0.778416,0.386275,-0.0228377,0.0811623,"outcome",TRUE,"reported","xZvkCq","textfile"
"rs7843149",8,90462733,"T","C",0.0704401,0.355641,0.150066,0.0829518,"outcome",TRUE,"reported","xZvkCq","textfile"
"rs8006663",14,68704286,"G","A",0.11232,0.488285,0.125501,0.0790383,"outcome",TRUE,"reported","xZvkCq","textfile"
"rs8021242",14,21930794,"C","T",0.547035,0.400712,-0.0485315,0.0805891,"outcome",TRUE,"reported","xZvkCq","textfile"
"rs8110890",19,19737676,"G","T",0.717665,0.515864,-0.0287918,0.0796275,"outcome",TRUE,"reported","xZvkCq","textfile"
"rs875184",5,170697358,"C","T",0.364139,0.598692,0.0738002,0.081322,"outcome",TRUE,"reported","xZvkCq","textfile"
"rs875283",19,51264231,"G","A",0.065268,0.573233,0.147556,0.0800446,"outcome",TRUE,"reported","xZvkCq","textfile"
"rs881562",16,7710882,"G","T",0.929115,0.451444,-0.00711623,0.0799952,"outcome",TRUE,"reported","xZvkCq","textfile"
"rs893922",9,109297864,"G","A",0.523171,0.57644,0.0509296,0.0797689,"outcome",TRUE,"reported","xZvkCq","textfile"
"rs915281",9,117205684,"T","C",0.718118,0.537582,0.0286894,0.0794777,"outcome",TRUE,"reported","xZvkCq","textfile"
"rs928963",16,13522374,"A","C",0.723757,0.406353,-0.0285744,0.0808461,"outcome",TRUE,"reported","xZvkCq","textfile"
"rs9315440",13,36719852,"A","G",0.992638,0.632105,0.000757385,0.0820847,"outcome",TRUE,"reported","xZvkCq","textfile"
"rs9330454",9,89814067,"A","G",0.492529,0.357326,-0.0570365,0.0831083,"outcome",TRUE,"reported","xZvkCq","textfile"
"rs937382",4,189050378,"T","C",0.828476,0.414676,0.0174209,0.080408,"outcome",TRUE,"reported","xZvkCq","textfile"
"rs938040",10,63978423,"C","T",0.00542963,0.899071,-0.324104,0.116569,"outcome",TRUE,"reported","xZvkCq","textfile"
"rs9464137",6,54805028,"A","C",0.255291,0.541435,0.0899433,0.0790647,"outcome",TRUE,"reported","xZvkCq","textfile"
"rs9511152",13,19022627,"A","G",0.558099,0.531416,-0.0465021,0.0794001,"outcome",TRUE,"reported","xZvkCq","textfile"
"rs9517869",13,99745988,"T","C",0.506389,0.337353,-0.0557349,0.0838784,"outcome",TRUE,"reported","xZvkCq","textfile"
"rs9523030",13,90610046,"G","T",0.343488,0.335052,0.0803776,0.0848496,"outcome",TRUE,"reported","xZvkCq","textfile"
"rs9541214",13,34538687,"C","T",0.960708,0.359071,-0.00406296,0.0824718,"outcome",TRUE,"reported","xZvkCq","textfile"
"rs9543391",13,73541003,"T","G",0.719804,0.307082,-0.0308268,0.0859356,"outcome",TRUE,"reported","xZvkCq","textfile"
"rs9610322",22,35584126,"A","G",0.685335,0.529728,0.032112,0.0792508,"outcome",TRUE,"reported","xZvkCq","textfile"
"rs9646527",18,27169773,"A","T",0.188917,0.375319,-0.107267,0.081647,"outcome",TRUE,"reported","xZvkCq","textfile"
"rs9649963",8,130685570,"C","T",0.645522,0.381315,0.037525,0.0815777,"outcome",TRUE,"reported","xZvkCq","textfile"
"rs972459",3,192137708,"C","T",0.269338,0.423191,0.0886208,0.0802296,"outcome",TRUE,"reported","xZvkCq","textfile"
"rs9989564",18,43725394,"A","G",0.682618,0.471315,0.0322663,0.0789114,"outcome",TRUE,"reported","xZvkCq","textfile"
