"SNP","chr.outcome","pos.outcome","effect_allele.outcome","other_allele.outcome","pval.outcome","eaf.outcome","beta.outcome","se.outcome","outcome","mr_keep.outcome","pval_origin.outcome","id.outcome","data_source.outcome"
"rs11596604",10,85382188,"A","G",0.91182,0.0877189,-0.0155858,0.140738,"outcome",TRUE,"reported","9mTrlE","textfile"
"rs16977047",16,27913291,"C","T",0.879554,0.25089,-0.0138243,0.091229,"outcome",TRUE,"reported","9mTrlE","textfile"
"rs2199619",2,28632091,"T","C",0.0793451,0.300191,0.152031,0.0866521,"outcome",TRUE,"reported","9mTrlE","textfile"
"rs2657879",12,56471554,"G","A",0.375204,0.181853,-0.090761,0.10235,"outcome",TRUE,"reported","9mTrlE","textfile"
"rs2748991",6,52731718,"T","C",0.158743,0.517362,0.111444,0.079077,"outcome",TRUE,"reported","9mTrlE","textfile"
"rs7078003",10,97599655,"T","C",0.519972,0.192035,-0.0647838,0.100692,"outcome",TRUE,"reported","9mTrlE","textfile"
"rs7394051",10,120248514,"C","T",0.149407,0.200315,0.142886,0.0991144,"outcome",TRUE,"reported","9mTrlE","textfile"
"rs780093",2,27519736,"C","T",0.0361385,0.647361,0.173592,0.0828454,"outcome",TRUE,"reported","9mTrlE","textfile"
