"SNP","chr.outcome","pos.outcome","effect_allele.outcome","other_allele.outcome","pval.outcome","eaf.outcome","beta.outcome","se.outcome","outcome","mr_keep.outcome","pval_origin.outcome","id.outcome","data_source.outcome"
"rs11224003",11,134767946,"A","G",0.722602,0.167147,0.0375909,0.105894,"outcome",TRUE,"reported","ORebrz","textfile"
"rs11719883",3,145204690,"C","G",0.0729794,0.820728,0.185731,0.103589,"outcome",TRUE,"reported","ORebrz","textfile"
"rs13288937",9,18117255,"A","C",0.535878,0.0071505,-0.295443,0.477246,"outcome",TRUE,"reported","ORebrz","textfile"
"rs2295758",11,35214578,"C","T",0.800995,0.0260479,-0.0623259,0.247266,"outcome",TRUE,"reported","ORebrz","textfile"
"rs2711506",7,68791698,"A","G",0.477665,0.570198,-0.0568295,0.0800344,"outcome",TRUE,"reported","ORebrz","textfile"
"rs4297577",13,79657252,"T","C",0.0317117,0.0276445,-0.527278,0.245471,"outcome",TRUE,"reported","ORebrz","textfile"
"rs4838537",10,49619675,"T","C",0.109849,0.0339903,0.349751,0.218748,"outcome",TRUE,"reported","ORebrz","textfile"
"rs6493912",15,57308290,"T","C",0.611195,0.7818,0.0488303,0.0960532,"outcome",TRUE,"reported","ORebrz","textfile"
"rs7314742",12,121774846,"T","G",0.908149,0.222643,-0.0110144,0.0954667,"outcome",TRUE,"reported","ORebrz","textfile"
"rs8000457",13,22297836,"C","T",0.472935,0.0563194,0.124173,0.173012,"outcome",TRUE,"reported","ORebrz","textfile"
