"SNP","chr.outcome","pos.outcome","effect_allele.outcome","other_allele.outcome","pval.outcome","eaf.outcome","beta.outcome","se.outcome","outcome","mr_keep.outcome","pval_origin.outcome","id.outcome","data_source.outcome"
"rs10237319",7,4033969,"T","C",0.942694,0.181924,-0.00738996,0.102803,"outcome",TRUE,"reported","JtPxAb","textfile"
"rs11038739",11,45996344,"T","A",0.973812,0.235597,-0.00307232,0.0935884,"outcome",TRUE,"reported","JtPxAb","textfile"
"rs11216267",11,117081676,"T","C",0.763428,0.548753,-0.0239996,0.0797377,"outcome",TRUE,"reported","JtPxAb","textfile"
"rs11259923",15,83866952,"G","A",0.583723,0.179883,0.0563182,0.102779,"outcome",TRUE,"reported","JtPxAb","textfile"
"rs1133034",3,182922827,"T","C",0.587585,0.0773515,-0.0810266,0.149403,"outcome",TRUE,"reported","JtPxAb","textfile"
"rs12515830",5,101842610,"G","T",0.840416,0.126104,0.0241411,0.11989,"outcome",TRUE,"reported","JtPxAb","textfile"
"rs13195863",6,99945885,"A","C",0.106765,0.197487,-0.161016,0.0998294,"outcome",TRUE,"reported","JtPxAb","textfile"
"rs2833657",21,32105801,"G","A",0.510066,0.152969,0.0722504,0.10968,"outcome",TRUE,"reported","JtPxAb","textfile"
"rs2964063",5,174432248,"T","C",0.906032,0.987078,0.0412606,0.349532,"outcome",TRUE,"reported","JtPxAb","textfile"
"rs3925033",12,18303779,"G","T",0.34144,0.633704,-0.0783723,0.0823825,"outcome",TRUE,"reported","JtPxAb","textfile"
"rs4648464",1,3255365,"A","G",0.765866,0.589785,-0.0240075,0.0806202,"outcome",TRUE,"reported","JtPxAb","textfile"
"rs6895278",5,147742457,"C","T",0.476185,0.61845,-0.0584838,0.0820881,"outcome",TRUE,"reported","JtPxAb","textfile"
"rs7941871",11,13206459,"T","G",0.0951634,0.715309,-0.146267,0.0876498,"outcome",TRUE,"reported","JtPxAb","textfile"
"rs924483",13,26486866,"A","G",0.428371,0.102013,-0.102993,0.130045,"outcome",TRUE,"reported","JtPxAb","textfile"
