"SNP","chr.outcome","pos.outcome","effect_allele.outcome","other_allele.outcome","pval.outcome","eaf.outcome","beta.outcome","se.outcome","outcome","mr_keep.outcome","pval_origin.outcome","id.outcome","data_source.outcome"
"rs12091176",1,216149094,"A","G",0.536137,0.152978,-0.0676635,0.10937,"outcome",TRUE,"reported","q0Kocy","textfile"
"rs12426131",12,46174126,"A","G",0.336285,0.153429,-0.107068,0.111352,"outcome",TRUE,"reported","q0Kocy","textfile"
"rs33976862",14,63942134,"C","G",0.350348,0.0468699,-0.175507,0.187926,"outcome",TRUE,"reported","q0Kocy","textfile"
"rs526744",19,48797348,"C","T",0.42497,0.78971,-0.0775934,0.0972557,"outcome",TRUE,"reported","q0Kocy","textfile"
"rs7790791",7,140294473,"C","T",0.11349,0.888371,-0.199538,0.126074,"outcome",TRUE,"reported","q0Kocy","textfile"
