"SNP","chr.outcome","pos.outcome","effect_allele.outcome","other_allele.outcome","pval.outcome","eaf.outcome","beta.outcome","se.outcome","outcome","mr_keep.outcome","pval_origin.outcome","id.outcome","data_source.outcome"
"rs1176413",10,130775761,"T","C",0.440131,0.161274,-0.0829085,0.107398,"outcome",TRUE,"reported","ZgRSF5","textfile"
"rs12127162",1,61613975,"T","A",0.72915,0.586873,0.0277907,0.0802605,"outcome",TRUE,"reported","ZgRSF5","textfile"
"rs12440014",15,78634384,"G","C",0.95372,0.282643,-0.00513674,0.0885091,"outcome",TRUE,"reported","ZgRSF5","textfile"
"rs12511407",4,144691400,"T","A",0.814221,0.551326,-0.0186701,0.0794527,"outcome",TRUE,"reported","ZgRSF5","textfile"
"rs1556938",1,180520779,"G","T",0.777574,0.898261,0.037049,0.131156,"outcome",TRUE,"reported","ZgRSF5","textfile"
"rs1605457",18,70995585,"T","C",0.604501,0.892547,0.0660248,0.127476,"outcome",TRUE,"reported","ZgRSF5","textfile"
"rs1662749",17,43932877,"A","T",0.223649,0.486658,0.0967647,0.0795186,"outcome",TRUE,"reported","ZgRSF5","textfile"
"rs16830773",2,134543155,"C","G",0.158075,0.0282815,0.338052,0.239485,"outcome",TRUE,"reported","ZgRSF5","textfile"
"rs17800513",19,50811435,"T","G",0.45467,0.165939,-0.0792308,0.105973,"outcome",TRUE,"reported","ZgRSF5","textfile"
"rs1818902",3,81898590,"T","C",0.745485,0.992712,0.150556,0.463823,"outcome",TRUE,"reported","ZgRSF5","textfile"
"rs2075317",12,4383149,"C","T",0.0499275,0.500436,0.155376,0.0792499,"outcome",TRUE,"reported","ZgRSF5","textfile"
"rs2211372",6,22587169,"C","T",0.801799,0.00912673,-0.106835,0.425604,"outcome",TRUE,"reported","ZgRSF5","textfile"
"rs2234233",5,9629417,"A","G",0.45615,0.164504,-0.0794999,0.106682,"outcome",TRUE,"reported","ZgRSF5","textfile"
"rs6468437",8,37732928,"T","C",0.710821,0.839151,-0.0399691,0.107805,"outcome",TRUE,"reported","ZgRSF5","textfile"
"rs6816298",4,64278333,"G","A",0.51637,0.193493,-0.0649831,0.100136,"outcome",TRUE,"reported","ZgRSF5","textfile"
"rs7482087",11,11633769,"C","T",0.92413,0.980684,0.0274663,0.288415,"outcome",TRUE,"reported","ZgRSF5","textfile"
"rs7701941",5,135453889,"C","G",0.328278,0.0253047,-0.240444,0.245956,"outcome",TRUE,"reported","ZgRSF5","textfile"
"rs9614985",22,44924751,"A","G",0.506544,0.433136,-0.0529994,0.0797909,"outcome",TRUE,"reported","ZgRSF5","textfile"
