"SNP","chr.outcome","pos.outcome","effect_allele.outcome","other_allele.outcome","pval.outcome","eaf.outcome","beta.outcome","se.outcome","outcome","mr_keep.outcome","pval_origin.outcome","id.outcome","data_source.outcome"
"rs10202838",2,12608877,"G","C",0.838377,0.425994,0.0163114,0.0799693,"outcome",TRUE,"reported","loRRbj","textfile"
"rs10426415",19,40677685,"G","A",0.872823,0.157663,0.0174004,0.108702,"outcome",TRUE,"reported","loRRbj","textfile"
"rs10519445",15,23861661,"A","G",0.961477,0.523706,-0.00382584,0.0792103,"outcome",TRUE,"reported","loRRbj","textfile"
"rs11054328",12,11510821,"T","C",0.283674,0.092936,0.14625,0.136415,"outcome",TRUE,"reported","loRRbj","textfile"
"rs1116866",1,96511279,"C","T",0.698696,0.896546,0.0506119,0.130752,"outcome",TRUE,"reported","loRRbj","textfile"
"rs11638382",15,29204684,"T","C",0.815711,0.1704,-0.0245562,0.105362,"outcome",TRUE,"reported","loRRbj","textfile"
"rs11694230",2,6698995,"T","C",0.676517,0.443196,0.033291,0.0797925,"outcome",TRUE,"reported","loRRbj","textfile"
"rs12175103",6,100258933,"A","C",0.651846,0.427806,-0.0361068,0.0800243,"outcome",TRUE,"reported","loRRbj","textfile"
"rs12324230",15,75514570,"T","C",0.974552,0.519961,-0.00251923,0.078972,"outcome",TRUE,"reported","loRRbj","textfile"
"rs12801550",11,13972207,"C","T",0.615575,0.11041,-0.0636621,0.126784,"outcome",TRUE,"reported","loRRbj","textfile"
"rs13031396",2,60490264,"T","G",0.854527,0.236356,0.0170884,0.0932034,"outcome",TRUE,"reported","loRRbj","textfile"
"rs1374355",2,199291470,"T","A",0.519169,0.889039,0.0811297,0.125855,"outcome",TRUE,"reported","loRRbj","textfile"
"rs1498350",1,66828460,"C","A",0.653106,0.636584,0.0368735,0.0820412,"outcome",TRUE,"reported","loRRbj","textfile"
"rs17533525",5,107443991,"T","C",0.517062,0.253247,-0.0598241,0.0923383,"outcome",TRUE,"reported","loRRbj","textfile"
"rs1955135",3,105446028,"C","A",0.0512071,0.145649,0.217397,0.1115,"outcome",TRUE,"reported","loRRbj","textfile"
"rs1990178",7,21260646,"C","T",0.684066,0.777542,0.0386261,0.0949229,"outcome",TRUE,"reported","loRRbj","textfile"
"rs2042499",7,24055747,"A","C",0.753097,0.483873,0.0248808,0.0790978,"outcome",TRUE,"reported","loRRbj","textfile"
"rs2048277",2,210287050,"G","A",0.947966,0.0425722,-0.0128101,0.19629,"outcome",TRUE,"reported","loRRbj","textfile"
"rs2289804",10,68233275,"G","A",0.698651,0.104146,-0.0506605,0.130858,"outcome",TRUE,"reported","loRRbj","textfile"
"rs2521310",7,89723546,"C","T",0.217731,0.200258,0.122069,0.0990349,"outcome",TRUE,"reported","loRRbj","textfile"
"rs394282",1,8224597,"A","T",0.526869,0.130191,-0.0753451,0.119068,"outcome",TRUE,"reported","loRRbj","textfile"
"rs4460629",1,155162859,"C","T",0.0435031,0.527063,0.160455,0.0794783,"outcome",TRUE,"reported","loRRbj","textfile"
"rs6502247",17,13300245,"A","G",0.292439,0.123198,-0.128078,0.121656,"outcome",TRUE,"reported","loRRbj","textfile"
"rs6663614",1,212924599,"A","C",0.163305,0.213499,-0.137191,0.0984126,"outcome",TRUE,"reported","loRRbj","textfile"
"rs9312777",5,11556642,"C","T",0.777714,0.619014,0.0230754,0.0817409,"outcome",TRUE,"reported","loRRbj","textfile"
"rs9456538",6,160432361,"A","G",0.59216,0.217538,0.0512009,0.0955759,"outcome",TRUE,"reported","loRRbj","textfile"
