"SNP","chr.outcome","pos.outcome","effect_allele.outcome","other_allele.outcome","pval.outcome","eaf.outcome","beta.outcome","se.outcome","outcome","mr_keep.outcome","pval_origin.outcome","id.outcome","data_source.outcome"
"rs10788232",10,122044069,"T","C",0.755997,0.610173,-0.025239,0.0812219,"outcome",TRUE,"reported","iYxn2z","textfile"
"rs1193345",1,17587219,"A","G",0.305351,0.901858,-0.137589,0.13423,"outcome",TRUE,"reported","iYxn2z","textfile"
"rs1330523",13,104273266,"A","G",0.889593,0.21309,-0.0134423,0.0968329,"outcome",TRUE,"reported","iYxn2z","textfile"
"rs13403441",2,82998678,"T","A",0.728184,0.142004,0.0396841,0.114185,"outcome",TRUE,"reported","iYxn2z","textfile"
"rs16937124",10,36596818,"C","A",0.0807124,0.0559805,-0.308502,0.176633,"outcome",TRUE,"reported","iYxn2z","textfile"
"rs1876100",9,78574786,"A","T",0.168951,0.309619,-0.117743,0.0855951,"outcome",TRUE,"reported","iYxn2z","textfile"
"rs2000812",18,49567420,"T","C",0.0111194,0.73967,-0.230136,0.0906431,"outcome",TRUE,"reported","iYxn2z","textfile"
"rs2242578",12,57459370,"C","G",0.0908824,0.545156,-0.134924,0.0798007,"outcome",TRUE,"reported","iYxn2z","textfile"
"rs3785024",16,84102628,"G","A",0.875663,0.058339,0.0263572,0.16845,"outcome",TRUE,"reported","iYxn2z","textfile"
"rs4635489",2,29903990,"A","G",0.779367,0.0319993,0.0633012,0.225959,"outcome",TRUE,"reported","iYxn2z","textfile"
"rs4718532",7,67340013,"C","T",0.760458,0.545236,-0.0243358,0.0798208,"outcome",TRUE,"reported","iYxn2z","textfile"
"rs723526",7,55067126,"G","A",0.952808,0.843078,0.00643444,0.108726,"outcome",TRUE,"reported","iYxn2z","textfile"
"rs780093",2,27519736,"C","T",0.0361385,0.647361,0.173592,0.0828454,"outcome",TRUE,"reported","iYxn2z","textfile"
