"SNP","chr.outcome","pos.outcome","effect_allele.outcome","other_allele.outcome","pval.outcome","eaf.outcome","beta.outcome","se.outcome","outcome","mr_keep.outcome","pval_origin.outcome","id.outcome","data_source.outcome"
"rs10736",7,32487075,"T","C",0.919157,0.221133,0.00964496,0.0950286,"outcome",TRUE,"reported","gH1ttP","textfile"
"rs10982244",9,114487998,"G","A",0.0462126,0.492684,0.158013,0.0792662,"outcome",TRUE,"reported","gH1ttP","textfile"
"rs11676911",2,128367345,"A","G",0.49121,0.0270932,-0.167743,0.243676,"outcome",TRUE,"reported","gH1ttP","textfile"
"rs1181723",7,141410346,"A","G",0.148569,0.16572,-0.155221,0.107449,"outcome",TRUE,"reported","gH1ttP","textfile"
"rs12218544",10,123187770,"C","G",0.78175,0.0857125,0.0388198,0.140124,"outcome",TRUE,"reported","gH1ttP","textfile"
"rs12414366",10,4394250,"G","C",0.74056,0.313657,-0.0282238,0.0852395,"outcome",TRUE,"reported","gH1ttP","textfile"
"rs1260326",2,27508073,"C","T",0.0385381,0.649919,0.171942,0.0831002,"outcome",TRUE,"reported","gH1ttP","textfile"
"rs13116473",4,39183092,"G","A",0.292915,0.00426211,-0.64869,0.616774,"outcome",TRUE,"reported","gH1ttP","textfile"
"rs16932803",9,35961090,"T","G",0.301798,0.13984,-0.117856,0.114137,"outcome",TRUE,"reported","gH1ttP","textfile"
"rs17061914",5,163562485,"G","A",0.0140971,0.183892,0.249552,0.10166,"outcome",TRUE,"reported","gH1ttP","textfile"
"rs1841535",3,131897046,"T","G",0.883379,0.299677,-0.01265,0.0862374,"outcome",TRUE,"reported","gH1ttP","textfile"
"rs2270451",12,12696892,"G","A",0.873465,0.122592,0.019243,0.120828,"outcome",TRUE,"reported","gH1ttP","textfile"
"rs2272172",7,105610659,"T","C",0.0376903,0.00955736,-0.865999,0.416705,"outcome",TRUE,"reported","gH1ttP","textfile"
"rs2723713",4,168678690,"T","C",0.559231,0.0492143,0.108328,0.185498,"outcome",TRUE,"reported","gH1ttP","textfile"
"rs435315",15,69857677,"A","T",0.5641,0.253458,-0.0525265,0.0910713,"outcome",TRUE,"reported","gH1ttP","textfile"
"rs7007251",8,102041871,"A","G",0.663181,0.0690131,-0.068442,0.157148,"outcome",TRUE,"reported","gH1ttP","textfile"
"rs7747345",6,20512142,"T","A",0.540988,0.180859,-0.0628222,0.102765,"outcome",TRUE,"reported","gH1ttP","textfile"
"rs991670",4,53692132,"C","T",0.83339,0.346993,0.017456,0.0829833,"outcome",TRUE,"reported","gH1ttP","textfile"
