"SNP","chr.outcome","pos.outcome","effect_allele.outcome","other_allele.outcome","pval.outcome","eaf.outcome","beta.outcome","se.outcome","outcome","mr_keep.outcome","pval_origin.outcome","id.outcome","data_source.outcome"
"rs1039293",3,25113803,"A","G",0.520325,0.436423,0.0513308,0.0798494,"outcome",TRUE,"reported","co87DJ","textfile"
"rs10935899",3,152767339,"G","C",0.86698,0.193184,-0.0168396,0.100538,"outcome",TRUE,"reported","co87DJ","textfile"
"rs1397829",4,23586373,"G","A",0.110375,0.53683,0.126857,0.0794587,"outcome",TRUE,"reported","co87DJ","textfile"
"rs16902976",5,36369356,"T","G",0.259727,0.0348249,-0.244035,0.216528,"outcome",TRUE,"reported","co87DJ","textfile"
"rs2446427",15,51380316,"C","T",0.127003,0.112999,0.192293,0.126009,"outcome",TRUE,"reported","co87DJ","textfile"
"rs2472297",15,74735539,"T","C",0.855637,0.248111,0.0166401,0.091464,"outcome",TRUE,"reported","co87DJ","textfile"
"rs2493277",1,3429784,"G","C",0.500724,0.322224,0.0575663,0.0854921,"outcome",TRUE,"reported","co87DJ","textfile"
"rs6603123",19,7789788,"T","G",0.456941,0.421531,-0.0596953,0.0802471,"outcome",TRUE,"reported","co87DJ","textfile"
"rs6968554",7,17247482,"G","A",0.134487,0.665085,-0.125751,0.0840224,"outcome",TRUE,"reported","co87DJ","textfile"
"rs8096497",18,4770396,"G","A",0.694964,0.874831,0.0485375,0.12378,"outcome",TRUE,"reported","co87DJ","textfile"
"rs946712",9,131513683,"A","C",0.427912,0.975233,0.200553,0.252978,"outcome",TRUE,"reported","co87DJ","textfile"
