"SNP","chr.outcome","pos.outcome","effect_allele.outcome","other_allele.outcome","pval.outcome","eaf.outcome","beta.outcome","se.outcome","outcome","mr_keep.outcome","pval_origin.outcome","id.outcome","data_source.outcome"
"rs1007797",11,70887930,"T","C",0.654333,0.922265,0.0662323,0.147922,"outcome",TRUE,"reported","visCuT","textfile"
"rs11033504",11,36225232,"G","A",0.342961,0.0766786,-0.141141,0.148831,"outcome",TRUE,"reported","visCuT","textfile"
"rs11607704",11,113677327,"C","T",0.552526,0.103267,0.0778837,0.131122,"outcome",TRUE,"reported","visCuT","textfile"
"rs11705028",22,27564137,"A","G",0.365784,0.0754729,0.138231,0.152843,"outcome",TRUE,"reported","visCuT","textfile"
"rs12524738",6,139873012,"A","G",0.418468,0.154432,-0.0891121,0.11014,"outcome",TRUE,"reported","visCuT","textfile"
"rs12544733",8,53017143,"G","C",0.897242,0.160195,-0.013837,0.107142,"outcome",TRUE,"reported","visCuT","textfile"
"rs12580704",12,97854476,"T","C",0.89232,0.103,-0.0177004,0.130757,"outcome",TRUE,"reported","visCuT","textfile"
"rs131794",22,50533323,"C","A",0.345595,0.818638,0.0966878,0.102514,"outcome",TRUE,"reported","visCuT","textfile"
"rs1482928",15,81568624,"G","T",0.881679,0.158,-0.0161739,0.108666,"outcome",TRUE,"reported","visCuT","textfile"
"rs163425",5,157194322,"G","A",0.752868,0.0975081,0.0417217,0.132509,"outcome",TRUE,"reported","visCuT","textfile"
"rs2686796",7,48063314,"T","C",0.905298,0.455222,-0.0094332,0.0792897,"outcome",TRUE,"reported","visCuT","textfile"
"rs2982907",6,163159720,"T","G",0.0207864,0.0817419,-0.334218,0.144568,"outcome",TRUE,"reported","visCuT","textfile"
"rs4286846",7,33015200,"G","C",0.459621,0.287697,-0.0648412,0.087686,"outcome",TRUE,"reported","visCuT","textfile"
"rs532545",1,20588679,"T","C",0.644821,0.20268,-0.0452614,0.0981874,"outcome",TRUE,"reported","visCuT","textfile"
"rs6988242",8,25935273,"T","G",0.53989,0.755063,0.0565894,0.0923186,"outcome",TRUE,"reported","visCuT","textfile"
"rs7593385",2,134330882,"A","C",0.19116,0.995069,0.718328,0.549536,"outcome",TRUE,"reported","visCuT","textfile"
"rs787496",1,67617371,"A","G",0.836398,0.1996,-0.0205144,0.099342,"outcome",TRUE,"reported","visCuT","textfile"
"rs7948201",11,130022917,"C","T",0.433405,0.0654268,-0.124318,0.158694,"outcome",TRUE,"reported","visCuT","textfile"
"rs9601054",13,78505399,"T","C",0.80308,0.138561,-0.0285703,0.114573,"outcome",TRUE,"reported","visCuT","textfile"
"rs977712",21,18698372,"C","A",0.294821,0.163081,0.113349,0.108198,"outcome",TRUE,"reported","visCuT","textfile"
