"SNP","chr.outcome","pos.outcome","effect_allele.outcome","other_allele.outcome","pval.outcome","eaf.outcome","beta.outcome","se.outcome","outcome","mr_keep.outcome","pval_origin.outcome","id.outcome","data_source.outcome"
"rs1010069",1,16026442,"A","G",0.647186,0.406376,0.0369786,0.0807967,"outcome",TRUE,"reported","vIZ5IU","textfile"
"rs10241964",7,19002491,"A","G",0.741018,0.0994599,0.0436406,0.132042,"outcome",TRUE,"reported","vIZ5IU","textfile"
"rs10514491",16,80281366,"C","T",0.634416,0.282446,0.0417526,0.0878041,"outcome",TRUE,"reported","vIZ5IU","textfile"
"rs11837423",12,124508992,"A","G",0.297041,0.0628633,-0.170041,0.163062,"outcome",TRUE,"reported","vIZ5IU","textfile"
"rs12352829",9,71391751,"A","G",0.0074798,0.150736,-0.308208,0.115231,"outcome",TRUE,"reported","vIZ5IU","textfile"
"rs12532113",7,90855421,"C","T",0.619257,0.0203744,0.138428,0.27858,"outcome",TRUE,"reported","vIZ5IU","textfile"
"rs1430209",2,221345492,"C","T",0.265485,0.410603,-0.0894618,0.0803414,"outcome",TRUE,"reported","vIZ5IU","textfile"
"rs17099239",14,61800790,"G","A",0.499803,0.216889,-0.0642947,0.0952795,"outcome",TRUE,"reported","vIZ5IU","textfile"
"rs174548",11,61803876,"G","C",0.221023,0.390481,-0.0989022,0.0808148,"outcome",TRUE,"reported","vIZ5IU","textfile"
"rs180022",6,16295630,"C","T",0.486426,0.182127,-0.0720509,0.103521,"outcome",TRUE,"reported","vIZ5IU","textfile"
"rs2275351",1,203180945,"T","C",0.999843,0.0957546,2.62562e-05,0.13379,"outcome",TRUE,"reported","vIZ5IU","textfile"
"rs2391260",13,105931752,"T","A",0.138824,0.564316,-0.118088,0.0797789,"outcome",TRUE,"reported","vIZ5IU","textfile"
"rs3133833",8,103267871,"T","A",0.161453,0.550328,-0.111198,0.0794156,"outcome",TRUE,"reported","vIZ5IU","textfile"
"rs3798211",6,159765888,"C","A",0.870439,0.575885,0.0130644,0.0801002,"outcome",TRUE,"reported","vIZ5IU","textfile"
"rs4739402",8,35370755,"C","T",0.465717,0.407365,0.0586188,0.0803586,"outcome",TRUE,"reported","vIZ5IU","textfile"
"rs4982495",14,21752285,"C","T",0.495538,0.438869,0.0542862,0.0796537,"outcome",TRUE,"reported","vIZ5IU","textfile"
"rs532098",6,32610275,"A","G",0.259104,0.434811,0.0899934,0.0797452,"outcome",TRUE,"reported","vIZ5IU","textfile"
"rs6535974",4,139195172,"A","G",0.292481,0.894293,-0.135997,0.129189,"outcome",TRUE,"reported","vIZ5IU","textfile"
"rs6568389",6,105669243,"C","T",0.413468,0.245016,0.0751036,0.0918356,"outcome",TRUE,"reported","vIZ5IU","textfile"
"rs712916",1,99244215,"C","T",0.95263,0.00496826,0.0339466,0.57145,"outcome",TRUE,"reported","vIZ5IU","textfile"
"rs7169869",15,84935687,"A","G",0.943331,0.455421,0.00561534,0.0789965,"outcome",TRUE,"reported","vIZ5IU","textfile"
"rs7939710",11,20490668,"T","A",0.709784,0.488644,-0.0293695,0.078919,"outcome",TRUE,"reported","vIZ5IU","textfile"
"rs8123073",20,32859052,"G","A",0.579261,0.0167077,-0.169598,0.305878,"outcome",TRUE,"reported","vIZ5IU","textfile"
"rs9679675",2,174421143,"C","A",0.0722171,0.416255,-0.144777,0.0805321,"outcome",TRUE,"reported","vIZ5IU","textfile"
