"SNP","chr.outcome","pos.outcome","effect_allele.outcome","other_allele.outcome","pval.outcome","eaf.outcome","beta.outcome","se.outcome","outcome","mr_keep.outcome","pval_origin.outcome","id.outcome","data_source.outcome"
"rs10489",3,69102001,"A","C",0.540504,0.0579969,-0.103178,0.168578,"outcome",TRUE,"reported","Q6aq3l","textfile"
"rs11616655",13,23109802,"G","A",0.703529,0.0762773,0.0571493,0.150171,"outcome",TRUE,"reported","Q6aq3l","textfile"
"rs17077586",18,67625684,"G","A",0.553692,0.0417724,-0.117608,0.198583,"outcome",TRUE,"reported","Q6aq3l","textfile"
"rs17224277",2,181475717,"A","G",0.122762,0.0591958,0.259554,0.168183,"outcome",TRUE,"reported","Q6aq3l","textfile"
"rs17741813",21,34297470,"T","C",0.839505,0.0491355,0.0362871,0.179172,"outcome",TRUE,"reported","Q6aq3l","textfile"
"rs2846723",11,102700160,"T","G",0.573369,0.486942,0.0445097,0.0790443,"outcome",TRUE,"reported","Q6aq3l","textfile"
"rs4384764",2,37363141,"A","G",0.851364,0.241117,-0.0173554,0.0926222,"outcome",TRUE,"reported","Q6aq3l","textfile"
"rs494562",6,85407411,"G","A",0.701063,0.0935213,0.052178,0.135921,"outcome",TRUE,"reported","Q6aq3l","textfile"
"rs7297956",12,104227764,"C","G",0.624583,0.745743,-0.044381,0.090691,"outcome",TRUE,"reported","Q6aq3l","textfile"
"rs7795118",7,106619780,"T","C",0.0917065,0.18328,0.17434,0.103376,"outcome",TRUE,"reported","Q6aq3l","textfile"
