"SNP","chr.outcome","pos.outcome","effect_allele.outcome","other_allele.outcome","pval.outcome","eaf.outcome","beta.outcome","se.outcome","outcome","mr_keep.outcome","pval_origin.outcome","id.outcome","data_source.outcome"
"rs10492266",12,115167892,"C","T",0.561829,0.640504,-0.0478631,0.0825045,"outcome",TRUE,"reported","XoDQE1","textfile"
"rs10771223",12,25498965,"G","A",0.897989,0.322096,-0.0108661,0.0847572,"outcome",TRUE,"reported","XoDQE1","textfile"
"rs11147404",13,29965319,"G","T",0.867463,0.190669,-0.0167674,0.100475,"outcome",TRUE,"reported","XoDQE1","textfile"
"rs12132798",1,215847194,"G","C",0.368052,0.0285993,-0.211342,0.234791,"outcome",TRUE,"reported","XoDQE1","textfile"
"rs12189555",6,90394683,"T","A",0.714549,0.26216,-0.0329221,0.0900117,"outcome",TRUE,"reported","XoDQE1","textfile"
"rs12718598",7,50360747,"C","T",0.200176,0.398289,-0.103415,0.0807265,"outcome",TRUE,"reported","XoDQE1","textfile"
"rs1320934",3,61898976,"T","A",0.259817,0.028003,-0.271765,0.241178,"outcome",TRUE,"reported","XoDQE1","textfile"
"rs1431793",2,235264454,"A","C",0.35449,0.724434,-0.0818701,0.0884208,"outcome",TRUE,"reported","XoDQE1","textfile"
"rs1447307",8,93273812,"T","G",0.801595,0.257716,-0.0227017,0.0903429,"outcome",TRUE,"reported","XoDQE1","textfile"
"rs1499094",3,1202750,"G","T",0.850799,0.284906,-0.016483,0.087629,"outcome",TRUE,"reported","XoDQE1","textfile"
"rs167277",12,78089299,"C","A",0.247812,0.205128,0.112799,0.0976038,"outcome",TRUE,"reported","XoDQE1","textfile"
"rs1799412",3,40168634,"C","G",0.895469,0.819037,0.0134718,0.102535,"outcome",TRUE,"reported","XoDQE1","textfile"
"rs2293319",15,30943154,"T","C",0.839035,0.81758,-0.0207461,0.102133,"outcome",TRUE,"reported","XoDQE1","textfile"
"rs2549842",16,80990054,"T","C",0.636167,0.68582,0.0403869,0.0853729,"outcome",TRUE,"reported","XoDQE1","textfile"
"rs4579742",1,239296867,"T","A",0.5716,0.867299,-0.066049,0.116757,"outcome",TRUE,"reported","XoDQE1","textfile"
"rs8108144",19,23190398,"T","G",0.839601,0.801684,0.0201837,0.09972,"outcome",TRUE,"reported","XoDQE1","textfile"
"rs8184921",21,21000405,"C","T",0.386311,0.625934,-0.0707881,0.0817107,"outcome",TRUE,"reported","XoDQE1","textfile"
"rs972709",6,65545895,"A","C",0.744417,0.657485,0.0272256,0.0835117,"outcome",TRUE,"reported","XoDQE1","textfile"
"rs9834988",3,79581214,"T","C",0.164754,0.480021,0.11025,0.079359,"outcome",TRUE,"reported","XoDQE1","textfile"
