"SNP","chr.outcome","pos.outcome","effect_allele.outcome","other_allele.outcome","pval.outcome","eaf.outcome","beta.outcome","se.outcome","outcome","mr_keep.outcome","pval_origin.outcome","id.outcome","data_source.outcome"
"rs11159894",14,89255475,"T","C",0.446029,0.362378,0.0626347,0.0821921,"outcome",TRUE,"reported","pQPgTZ","textfile"
"rs12405017",1,85552860,"C","T",0.735018,0.00909451,-0.141059,0.416772,"outcome",TRUE,"reported","pQPgTZ","textfile"
"rs17131011",1,69657723,"A","G",0.625975,0.057223,-0.0830877,0.170471,"outcome",TRUE,"reported","pQPgTZ","textfile"
"rs17175231",13,94312794,"G","A",0.685853,0.0890425,0.0568203,0.140474,"outcome",TRUE,"reported","pQPgTZ","textfile"
"rs17641342",16,76284687,"C","G",0.05432,0.137382,-0.223589,0.116194,"outcome",TRUE,"reported","pQPgTZ","textfile"
"rs2002212",18,12006036,"A","G",0.206008,0.0887538,-0.176241,0.139363,"outcome",TRUE,"reported","pQPgTZ","textfile"
"rs2140798",7,125477543,"T","C",0.216082,0.0945488,0.167649,0.135527,"outcome",TRUE,"reported","pQPgTZ","textfile"
"rs2391088",7,25143889,"A","G",0.800319,0.759899,-0.0234356,0.0926552,"outcome",TRUE,"reported","pQPgTZ","textfile"
"rs3752241",19,1053525,"G","C",0.639418,0.162905,-0.0503744,0.10752,"outcome",TRUE,"reported","pQPgTZ","textfile"
"rs4244808",11,2141880,"G","T",0.774093,0.555423,0.0228342,0.0795544,"outcome",TRUE,"reported","pQPgTZ","textfile"
"rs4579412",7,67480844,"A","C",0.325012,0.198861,-0.0975047,0.0990688,"outcome",TRUE,"reported","pQPgTZ","textfile"
"rs696155",5,33551935,"A","G",0.0875972,0.181809,-0.174867,0.102369,"outcome",TRUE,"reported","pQPgTZ","textfile"
"rs7262824",20,18502461,"C","T",0.558563,0.777729,0.055701,0.095219,"outcome",TRUE,"reported","pQPgTZ","textfile"
"rs7269193",20,48229911,"G","A",0.679537,0.102325,-0.0537483,0.130112,"outcome",TRUE,"reported","pQPgTZ","textfile"
"rs7427777",3,182229595,"A","C",0.23123,0.0633488,-0.193766,0.16185,"outcome",TRUE,"reported","pQPgTZ","textfile"
"rs8192870",8,58499507,"G","T",0.449576,0.607306,-0.0611907,0.0809271,"outcome",TRUE,"reported","pQPgTZ","textfile"
"rs9851393",3,54300696,"G","A",0.466337,0.470388,-0.0576598,0.0791539,"outcome",TRUE,"reported","pQPgTZ","textfile"
