"SNP","chr.outcome","pos.outcome","effect_allele.outcome","other_allele.outcome","pval.outcome","eaf.outcome","beta.outcome","se.outcome","outcome","mr_keep.outcome","pval_origin.outcome","id.outcome","data_source.outcome"
"rs11118120",1,218532419,"C","A",0.465222,0.199661,-0.072274,0.0989683,"outcome",TRUE,"reported","NAsIlF","textfile"
"rs11940037",4,57969362,"C","T",0.495267,0.211549,0.0663296,0.0972636,"outcome",TRUE,"reported","NAsIlF","textfile"
"rs1466228",4,32426689,"T","C",0.989422,0.0208525,-0.00357625,0.269737,"outcome",TRUE,"reported","NAsIlF","textfile"
"rs17351329",5,107680419,"G","A",0.0781124,0.154906,0.192215,0.109105,"outcome",TRUE,"reported","NAsIlF","textfile"
"rs1822906",3,145210500,"G","A",0.0915103,0.812685,0.171893,0.101863,"outcome",TRUE,"reported","NAsIlF","textfile"
"rs4470674",4,178568427,"A","T",0.132026,0.677038,-0.127522,0.0846667,"outcome",TRUE,"reported","NAsIlF","textfile"
"rs603424",10,100315722,"A","G",0.499249,0.116341,-0.0833873,0.123414,"outcome",TRUE,"reported","NAsIlF","textfile"
"rs7583745",2,79311772,"C","T",0.10746,0.0795965,0.233802,0.145244,"outcome",TRUE,"reported","NAsIlF","textfile"
