"SNP","chr.outcome","pos.outcome","effect_allele.outcome","other_allele.outcome","pval.outcome","eaf.outcome","beta.outcome","se.outcome","outcome","mr_keep.outcome","pval_origin.outcome","id.outcome","data_source.outcome"
"rs10024717",4,88298493,"A","G",0.875972,0.324467,-0.0133414,0.0854792,"outcome",TRUE,"reported","vq9DgW","textfile"
"rs10063205",5,159710004,"T","C",0.303076,0.210418,-0.101723,0.0987734,"outcome",TRUE,"reported","vq9DgW","textfile"
"rs11128879",3,1821096,"T","C",0.532972,0.201621,-0.061543,0.0987094,"outcome",TRUE,"reported","vq9DgW","textfile"
"rs12707434",7,139088555,"G","A",0.364819,0.0316448,0.202927,0.223927,"outcome",TRUE,"reported","vq9DgW","textfile"
"rs161503",5,100301249,"C","T",0.378904,0.887102,-0.110183,0.125219,"outcome",TRUE,"reported","vq9DgW","textfile"
"rs1618996",8,13328417,"G","A",0.288722,0.873847,-0.126434,0.119173,"outcome",TRUE,"reported","vq9DgW","textfile"
"rs1895999",12,48558421,"G","A",0.857505,0.829498,-0.0190065,0.105856,"outcome",TRUE,"reported","vq9DgW","textfile"
"rs2397972",15,95815423,"A","G",0.163235,0.0928368,-0.190399,0.136557,"outcome",TRUE,"reported","vq9DgW","textfile"
"rs2470439",12,1905994,"G","A",0.485035,0.885054,-0.0866968,0.124167,"outcome",TRUE,"reported","vq9DgW","textfile"
"rs3760605",18,3870771,"C","T",0.778718,0.171767,0.0295996,0.10534,"outcome",TRUE,"reported","vq9DgW","textfile"
"rs4086666",11,13854390,"G","T",0.944269,0.0785433,0.0103228,0.147668,"outcome",TRUE,"reported","vq9DgW","textfile"
"rs4347830",2,227193300,"A","G",0.191192,0.413643,0.105172,0.0804644,"outcome",TRUE,"reported","vq9DgW","textfile"
"rs4562384",9,1965945,"C","T",0.216688,0.332287,0.104155,0.08431,"outcome",TRUE,"reported","vq9DgW","textfile"
"rs503360",11,106329958,"G","A",0.981082,0.0643336,0.0038218,0.161171,"outcome",TRUE,"reported","vq9DgW","textfile"
"rs6084839",20,4705061,"C","A",0.969554,0.085175,-0.00543385,0.142367,"outcome",TRUE,"reported","vq9DgW","textfile"
"rs6101153",20,60984217,"G","A",0.373853,0.118058,0.114713,0.128995,"outcome",TRUE,"reported","vq9DgW","textfile"
"rs7340968",4,78040512,"A","C",0.985964,0.0327682,0.00397618,0.226018,"outcome",TRUE,"reported","vq9DgW","textfile"
"rs7530270",1,241521093,"C","A",0.775088,0.764573,-0.0265992,0.0930935,"outcome",TRUE,"reported","vq9DgW","textfile"
