"SNP","chr.outcome","pos.outcome","effect_allele.outcome","other_allele.outcome","pval.outcome","eaf.outcome","beta.outcome","se.outcome","outcome","mr_keep.outcome","pval_origin.outcome","id.outcome","data_source.outcome"
"rs11719883",3,145204690,"C","G",0.0729794,0.820728,0.185731,0.103589,"outcome",TRUE,"reported","HynEzz","textfile"
"rs12238083",9,90978913,"T","C",0.320125,0.0952498,0.133492,0.13427,"outcome",TRUE,"reported","HynEzz","textfile"
"rs12336893",9,2632365,"G","T",0.969865,0.03301,-0.00840987,0.222616,"outcome",TRUE,"reported","HynEzz","textfile"
"rs13225022",7,51781782,"G","A",0.314505,0.456668,0.0795794,0.0791193,"outcome",TRUE,"reported","HynEzz","textfile"
"rs13280152",8,75502735,"T","G",0.636472,0.136571,-0.0543521,0.114997,"outcome",TRUE,"reported","HynEzz","textfile"
"rs1477025",16,49777522,"C","T",0.361973,0.39261,0.0736578,0.0807995,"outcome",TRUE,"reported","HynEzz","textfile"
"rs1502520",17,53469739,"G","T",0.918661,0.2519,0.00926229,0.0906996,"outcome",TRUE,"reported","HynEzz","textfile"
"rs16911296",11,12415280,"A","G",0.895111,0.0991766,0.017313,0.131318,"outcome",TRUE,"reported","HynEzz","textfile"
"rs17087487",4,57070781,"A","G",0.268298,0.104007,-0.143775,0.129879,"outcome",TRUE,"reported","HynEzz","textfile"
"rs1956129",14,39686120,"T","C",0.849401,0.7523,0.0173206,0.0912173,"outcome",TRUE,"reported","HynEzz","textfile"
"rs2158555",7,98398176,"C","G",0.887759,0.0117915,0.0518836,0.367603,"outcome",TRUE,"reported","HynEzz","textfile"
"rs2242415",5,17225224,"C","A",0.683825,0.356135,-0.0336147,0.0825408,"outcome",TRUE,"reported","HynEzz","textfile"
"rs4654501",1,4175708,"A","G",0.849259,0.832989,0.0202035,0.106298,"outcome",TRUE,"reported","HynEzz","textfile"
"rs6075489",20,19228326,"G","A",0.626589,0.252927,0.0444152,0.0912891,"outcome",TRUE,"reported","HynEzz","textfile"
"rs7014120",8,94774377,"A","G",0.352597,0.131294,-0.108787,0.11703,"outcome",TRUE,"reported","HynEzz","textfile"
"rs7115681",11,42437723,"T","C",0.536006,0.363467,0.0508898,0.0822312,"outcome",TRUE,"reported","HynEzz","textfile"
"rs7898173",10,3387136,"A","G",0.139824,0.193701,-0.148897,0.100848,"outcome",TRUE,"reported","HynEzz","textfile"
