"SNP","chr.outcome","pos.outcome","effect_allele.outcome","other_allele.outcome","pval.outcome","eaf.outcome","beta.outcome","se.outcome","outcome","mr_keep.outcome","pval_origin.outcome","id.outcome","data_source.outcome"
"rs10234936",7,19562376,"A","G",0.643554,0.0222611,0.123682,0.267285,"outcome",TRUE,"reported","vG15Ml","textfile"
"rs1043011",12,56471256,"T","G",0.373803,0.18192,-0.0909942,0.102313,"outcome",TRUE,"reported","vG15Ml","textfile"
"rs10433674",4,70896009,"T","C",0.533922,0.971278,-0.14813,0.238139,"outcome",TRUE,"reported","vG15Ml","textfile"
"rs10795360",10,6659752,"C","G",0.68617,0.72283,0.035663,0.0882621,"outcome",TRUE,"reported","vG15Ml","textfile"
"rs10798574",1,177840492,"T","G",0.28533,0.294854,0.0927259,0.0867876,"outcome",TRUE,"reported","vG15Ml","textfile"
"rs10993160",9,94306644,"G","A",0.0930658,0.0385012,0.347373,0.206838,"outcome",TRUE,"reported","vG15Ml","textfile"
"rs1466785",8,11765947,"T","C",0.939796,0.497063,0.00597348,0.0790913,"outcome",TRUE,"reported","vG15Ml","textfile"
"rs17092955",14,95615161,"T","G",0.117493,0.12004,0.190164,0.121481,"outcome",TRUE,"reported","vG15Ml","textfile"
"rs17268257",4,138844514,"T","C",0.790842,0.166642,0.0283467,0.106881,"outcome",TRUE,"reported","vG15Ml","textfile"
"rs202490",20,1767480,"T","C",0.444354,0.386995,-0.0624313,0.0816243,"outcome",TRUE,"reported","vG15Ml","textfile"
"rs3857856",7,130699879,"A","G",0.577295,0.88711,0.0699326,0.125476,"outcome",TRUE,"reported","vG15Ml","textfile"
"rs42041",7,92617430,"G","C",0.45161,0.234903,-0.0704542,0.093598,"outcome",TRUE,"reported","vG15Ml","textfile"
"rs4516857",5,43937031,"C","G",0.833658,0.054507,0.0367601,0.175038,"outcome",TRUE,"reported","vG15Ml","textfile"
"rs4822129",22,42427910,"A","G",0.948974,0.198931,0.006392,0.099883,"outcome",TRUE,"reported","vG15Ml","textfile"
"rs715",2,210678331,"C","T",0.413028,0.313956,0.0703543,0.0859472,"outcome",TRUE,"reported","vG15Ml","textfile"
"rs7220150",17,72212531,"C","A",0.638984,0.181983,0.0481529,0.102645,"outcome",TRUE,"reported","vG15Ml","textfile"
"rs780093",2,27519736,"C","T",0.0361385,0.647361,0.173592,0.0828454,"outcome",TRUE,"reported","vG15Ml","textfile"
"rs892051",19,22506585,"C","T",0.799891,0.795088,-0.0248657,0.0980939,"outcome",TRUE,"reported","vG15Ml","textfile"
"rs9403794",6,146606968,"A","C",0.736892,0.583145,-0.0269798,0.0803034,"outcome",TRUE,"reported","vG15Ml","textfile"
