"SNP","chr.outcome","pos.outcome","effect_allele.outcome","other_allele.outcome","pval.outcome","eaf.outcome","beta.outcome","se.outcome","outcome","mr_keep.outcome","pval_origin.outcome","id.outcome","data_source.outcome"
"rs10033622",4,185582838,"C","T",0.46549,0.412373,0.0586187,0.0803174,"outcome",TRUE,"reported","jC5apf","textfile"
"rs10516469",4,101340096,"T","C",0.433046,0.206731,0.07679,0.0979477,"outcome",TRUE,"reported","jC5apf","textfile"
"rs10873157",14,62633988,"C","T",0.187591,0.911598,0.182412,0.138428,"outcome",TRUE,"reported","jC5apf","textfile"
"rs11243929",9,132898777,"C","T",0.834636,0.164065,-0.0222661,0.106659,"outcome",TRUE,"reported","jC5apf","textfile"
"rs12728678",1,154792239,"T","C",0.283183,0.216776,0.102762,0.0957532,"outcome",TRUE,"reported","jC5apf","textfile"
"rs13237436",7,80246502,"G","A",0.0663071,0.786321,-0.17734,0.0965726,"outcome",TRUE,"reported","jC5apf","textfile"
"rs1475943",22,46909540,"T","C",0.684192,0.311473,0.0347627,0.0854648,"outcome",TRUE,"reported","jC5apf","textfile"
"rs1512342",4,148329631,"T","C",0.247973,0.38481,0.0934477,0.0808871,"outcome",TRUE,"reported","jC5apf","textfile"
"rs1532775",1,114062731,"A","G",0.0144461,0.820034,-0.250773,0.102525,"outcome",TRUE,"reported","jC5apf","textfile"
"rs1536564",10,14716349,"T","C",0.0120592,0.284086,0.221607,0.0882753,"outcome",TRUE,"reported","jC5apf","textfile"
"rs172650",16,71570009,"A","C",0.963075,0.586953,-0.00371647,0.0802774,"outcome",TRUE,"reported","jC5apf","textfile"
"rs17293820",8,14254114,"G","T",0.510551,0.192501,0.0661769,0.100576,"outcome",TRUE,"reported","jC5apf","textfile"
"rs1851740",3,77690051,"A","C",0.466194,0.195985,-0.0730859,0.100298,"outcome",TRUE,"reported","jC5apf","textfile"
"rs2879560",3,182596241,"T","C",0.329667,0.227864,-0.0918405,0.0942161,"outcome",TRUE,"reported","jC5apf","textfile"
"rs2891733",2,219270486,"T","C",0.240871,0.948388,-0.208027,0.177374,"outcome",TRUE,"reported","jC5apf","textfile"
"rs4347830",2,227193300,"A","G",0.191192,0.413643,0.105172,0.0804644,"outcome",TRUE,"reported","jC5apf","textfile"
"rs4808739",19,18048706,"C","T",0.806699,0.281931,-0.0215743,0.088171,"outcome",TRUE,"reported","jC5apf","textfile"
"rs6493",14,77673986,"A","G",0.62356,0.166443,0.0523281,0.106615,"outcome",TRUE,"reported","jC5apf","textfile"
"rs703014",10,28352876,"G","A",0.206845,0.670942,-0.10638,0.0842759,"outcome",TRUE,"reported","jC5apf","textfile"
"rs7151615",14,20263788,"T","G",0.0828419,0.324292,0.146458,0.0844418,"outcome",TRUE,"reported","jC5apf","textfile"
"rs7195332",16,19914641,"T","C",0.692491,0.211447,-0.0382672,0.0967618,"outcome",TRUE,"reported","jC5apf","textfile"
"rs7641634",3,143823166,"A","G",0.78071,0.26681,-0.0248878,0.0893975,"outcome",TRUE,"reported","jC5apf","textfile"
"rs7834337",8,705828,"G","A",0.262462,0.869383,0.131255,0.11713,"outcome",TRUE,"reported","jC5apf","textfile"
"rs8035304",15,93180696,"T","G",0.545762,0.807541,-0.0609365,0.100868,"outcome",TRUE,"reported","jC5apf","textfile"
"rs8111703",19,3685056,"A","T",0.040709,0.235667,0.190503,0.0930876,"outcome",TRUE,"reported","jC5apf","textfile"
"rs906466",20,36420229,"A","G",0.303521,0.219187,0.0983939,0.0956292,"outcome",TRUE,"reported","jC5apf","textfile"
"rs9327433",5,127210367,"G","T",0.661272,0.411876,-0.0352942,0.0805512,"outcome",TRUE,"reported","jC5apf","textfile"
"rs936632",1,52646110,"C","A",0.124835,0.838407,-0.165257,0.107674,"outcome",TRUE,"reported","jC5apf","textfile"
"rs9400467",6,111102812,"T","C",0.278108,0.624298,-0.0891463,0.0821943,"outcome",TRUE,"reported","jC5apf","textfile"
"rs9497139",6,144943204,"A","G",0.314039,0.0286787,-0.240862,0.239239,"outcome",TRUE,"reported","jC5apf","textfile"
"rs9594421",13,40517622,"A","T",0.0159728,0.268454,-0.215163,0.0892964,"outcome",TRUE,"reported","jC5apf","textfile"
