"SNP","chr.outcome","pos.outcome","effect_allele.outcome","other_allele.outcome","pval.outcome","eaf.outcome","beta.outcome","se.outcome","outcome","mr_keep.outcome","pval_origin.outcome","id.outcome","data_source.outcome"
"rs10021069",4,32354225,"C","T",0.963493,0.0181952,-0.0132606,0.289715,"outcome",TRUE,"reported","wPIZeB","textfile"
"rs10152773",15,80381920,"T","C",0.208379,0.0287654,-0.29959,0.238141,"outcome",TRUE,"reported","wPIZeB","textfile"
"rs10160169",10,90097067,"A","G",0.614541,0.632157,-0.0412422,0.0818946,"outcome",TRUE,"reported","wPIZeB","textfile"
"rs10242171",7,28904528,"G","A",0.626028,0.893885,0.0628707,0.129012,"outcome",TRUE,"reported","wPIZeB","textfile"
"rs10498606",14,86853934,"A","C",0.373481,0.54644,0.0707786,0.079529,"outcome",TRUE,"reported","wPIZeB","textfile"
"rs1075227",4,18510903,"T","C",0.471826,0.412531,0.0579667,0.080564,"outcome",TRUE,"reported","wPIZeB","textfile"
"rs10757839",9,2942968,"C","T",0.16326,0.439508,-0.111482,0.079962,"outcome",TRUE,"reported","wPIZeB","textfile"
"rs10853932",19,33833804,"C","T",0.287178,0.667287,-0.0892834,0.0838866,"outcome",TRUE,"reported","wPIZeB","textfile"
"rs11118120",1,218532419,"C","A",0.465222,0.199661,-0.072274,0.0989683,"outcome",TRUE,"reported","wPIZeB","textfile"
"rs11940037",4,57969362,"C","T",0.495267,0.211549,0.0663296,0.0972636,"outcome",TRUE,"reported","wPIZeB","textfile"
"rs12353451",9,135169210,"A","G",0.85161,0.0246224,0.048665,0.26015,"outcome",TRUE,"reported","wPIZeB","textfile"
"rs1237044",17,7138927,"C","T",0.183642,0.45428,0.106716,0.0802605,"outcome",TRUE,"reported","wPIZeB","textfile"
"rs13355979",5,32983909,"G","A",0.848002,0.418022,0.0154427,0.0805702,"outcome",TRUE,"reported","wPIZeB","textfile"
"rs1348656",3,145215733,"T","C",0.105187,0.81384,0.164873,0.10176,"outcome",TRUE,"reported","wPIZeB","textfile"
"rs1426441",12,113613160,"A","G",0.589499,0.192213,0.0539867,0.100056,"outcome",TRUE,"reported","wPIZeB","textfile"
"rs1477025",16,49777522,"C","T",0.361973,0.39261,0.0736578,0.0807995,"outcome",TRUE,"reported","wPIZeB","textfile"
"rs1662999",2,26663934,"T","C",0.656024,0.56212,-0.0356263,0.0799859,"outcome",TRUE,"reported","wPIZeB","textfile"
"rs1922419",7,133234256,"G","A",0.128668,0.190808,0.152835,0.100591,"outcome",TRUE,"reported","wPIZeB","textfile"
"rs2100884",11,6137789,"T","C",0.940842,0.486163,0.00589306,0.0794093,"outcome",TRUE,"reported","wPIZeB","textfile"
"rs2115366",2,8323901,"T","C",0.849424,0.310945,0.016216,0.0854132,"outcome",TRUE,"reported","wPIZeB","textfile"
"rs216283",19,3007700,"C","A",0.192765,0.546224,0.103328,0.0793337,"outcome",TRUE,"reported","wPIZeB","textfile"
"rs2280248",15,42141604,"G","A",0.388586,0.453163,-0.0687165,0.0797003,"outcome",TRUE,"reported","wPIZeB","textfile"
"rs2489020",10,100625309,"C","T",0.886223,0.524399,-0.011341,0.07926,"outcome",TRUE,"reported","wPIZeB","textfile"
"rs281216",15,47416382,"T","G",0.189651,0.887264,-0.165501,0.126181,"outcome",TRUE,"reported","wPIZeB","textfile"
"rs2929381",3,19897496,"G","C",0.79474,0.353556,0.0215419,0.0828023,"outcome",TRUE,"reported","wPIZeB","textfile"
"rs3087751",20,1166766,"C","A",0.453802,0.633078,-0.0619412,0.0826885,"outcome",TRUE,"reported","wPIZeB","textfile"
"rs3748771",1,230837961,"G","T",0.976181,0.00603329,0.0152145,0.509571,"outcome",TRUE,"reported","wPIZeB","textfile"
"rs3863373",12,70894616,"C","A",0.00515703,0.648533,-0.219084,0.0783266,"outcome",TRUE,"reported","wPIZeB","textfile"
"rs4420815",3,33753277,"A","G",0.617634,0.186112,-0.0503577,0.100875,"outcome",TRUE,"reported","wPIZeB","textfile"
"rs4507103",2,214496889,"A","G",0.904396,0.421835,-0.00962898,0.080168,"outcome",TRUE,"reported","wPIZeB","textfile"
"rs4710948",6,10305692,"A","G",0.250835,0.380078,0.0934284,0.0813608,"outcome",TRUE,"reported","wPIZeB","textfile"
"rs4750059",10,11429467,"G","C",0.618314,0.288395,-0.0440592,0.0884293,"outcome",TRUE,"reported","wPIZeB","textfile"
"rs4961155",8,89666035,"C","G",0.552711,0.382117,-0.048326,0.0813977,"outcome",TRUE,"reported","wPIZeB","textfile"
"rs603424",10,100315722,"A","G",0.499249,0.116341,-0.0833873,0.123414,"outcome",TRUE,"reported","wPIZeB","textfile"
"rs6453594",6,72625962,"A","G",0.862832,0.194266,-0.0172294,0.0997243,"outcome",TRUE,"reported","wPIZeB","textfile"
"rs6733405",2,22750247,"G","A",0.388495,0.537734,0.06828,0.0791791,"outcome",TRUE,"reported","wPIZeB","textfile"
"rs6883481",5,166705924,"T","C",0.326452,0.602978,0.0795393,0.0810562,"outcome",TRUE,"reported","wPIZeB","textfile"
"rs727892",22,29047721,"G","A",0.872298,0.469799,-0.0127332,0.079216,"outcome",TRUE,"reported","wPIZeB","textfile"
"rs7583745",2,79311772,"C","T",0.10746,0.0795965,0.233802,0.145244,"outcome",TRUE,"reported","wPIZeB","textfile"
"rs7681360",4,57106999,"A","G",0.186346,0.49897,-0.10488,0.0793663,"outcome",TRUE,"reported","wPIZeB","textfile"
"rs7996008",13,57791578,"A","G",0.645766,0.335173,-0.0384072,0.0835569,"outcome",TRUE,"reported","wPIZeB","textfile"
"rs954820",10,132144257,"A","G",0.0991014,0.583793,-0.132867,0.0805632,"outcome",TRUE,"reported","wPIZeB","textfile"
"rs9568232",13,49515708,"T","C",0.0244208,0.0939998,0.304421,0.135271,"outcome",TRUE,"reported","wPIZeB","textfile"
"rs9809122",3,70035102,"G","A",0.611671,0.365139,-0.0417224,0.0821809,"outcome",TRUE,"reported","wPIZeB","textfile"
