"SNP","chr.outcome","pos.outcome","effect_allele.outcome","other_allele.outcome","pval.outcome","eaf.outcome","beta.outcome","se.outcome","outcome","mr_keep.outcome","pval_origin.outcome","id.outcome","data_source.outcome"
"rs10509840",10,107614014,"A","G",0.448243,0.706913,0.0661215,0.0871916,"outcome",TRUE,"reported","cqRYpZ","textfile"
"rs11036893",11,42444556,"T","C",0.599264,0.296521,0.0453704,0.0863442,"outcome",TRUE,"reported","cqRYpZ","textfile"
"rs11245200",10,124494183,"T","C",0.928994,0.134382,-0.0103726,0.116402,"outcome",TRUE,"reported","cqRYpZ","textfile"
"rs11791164",9,38285274,"T","G",0.147507,0.0769068,-0.215435,0.14874,"outcome",TRUE,"reported","cqRYpZ","textfile"
"rs16830012",2,134055092,"G","T",0.680456,0.0658568,0.066127,0.160564,"outcome",TRUE,"reported","cqRYpZ","textfile"
"rs17056226",18,75055313,"T","G",0.716508,0.086412,-0.0512101,0.141024,"outcome",TRUE,"reported","cqRYpZ","textfile"
"rs17385848",2,17096633,"G","A",0.960334,0.268604,-0.00444532,0.0893806,"outcome",TRUE,"reported","cqRYpZ","textfile"
"rs17773390",4,6171794,"A","G",0.98047,0.347145,-0.00203023,0.0829351,"outcome",TRUE,"reported","cqRYpZ","textfile"
"rs1830241",3,22073320,"G","A",0.804091,0.678926,-0.0210079,0.0846903,"outcome",TRUE,"reported","cqRYpZ","textfile"
"rs3135459",4,2372919,"T","C",0.291936,0.650122,0.0871708,0.0827138,"outcome",TRUE,"reported","cqRYpZ","textfile"
"rs3900774",6,168469704,"G","T",0.963703,0.0219801,0.0123931,0.272328,"outcome",TRUE,"reported","cqRYpZ","textfile"
"rs4960640",7,154885042,"C","T",0.813282,0.0656327,0.038009,0.160923,"outcome",TRUE,"reported","cqRYpZ","textfile"
"rs6471261",8,90877942,"T","G",0.907036,0.312068,-0.00996208,0.0853077,"outcome",TRUE,"reported","cqRYpZ","textfile"
"rs6472299",8,67453079,"G","A",0.926395,0.220084,-0.00889607,0.0962975,"outcome",TRUE,"reported","cqRYpZ","textfile"
"rs6783294",3,134186501,"A","G",0.102257,0.462333,0.129271,0.079113,"outcome",TRUE,"reported","cqRYpZ","textfile"
"rs6887589",5,107675858,"G","A",0.431726,0.213259,0.0757489,0.0963429,"outcome",TRUE,"reported","cqRYpZ","textfile"
"rs7710912",5,84683136,"G","A",0.303501,0.891946,-0.130203,0.126539,"outcome",TRUE,"reported","cqRYpZ","textfile"
"rs7791503",7,45968084,"C","T",0.285552,0.598399,0.0865671,0.0810606,"outcome",TRUE,"reported","cqRYpZ","textfile"
"rs8098317",18,24627755,"G","T",0.508675,0.248976,0.0606478,0.0917649,"outcome",TRUE,"reported","cqRYpZ","textfile"
"rs961959",9,118787757,"C","A",0.0266048,0.774866,-0.209711,0.0945806,"outcome",TRUE,"reported","cqRYpZ","textfile"
