"SNP","chr.outcome","pos.outcome","effect_allele.outcome","other_allele.outcome","pval.outcome","eaf.outcome","beta.outcome","se.outcome","outcome","mr_keep.outcome","pval_origin.outcome","id.outcome","data_source.outcome"
"rs10112003",8,34502975,"A","G",0.139302,0.0531489,0.259707,0.175668,"outcome",TRUE,"reported","6tp9Vk","textfile"
"rs10199787",2,10952487,"C","T",0.430117,0.39363,0.0638787,0.0809626,"outcome",TRUE,"reported","6tp9Vk","textfile"
"rs10242171",7,28904528,"G","A",0.626028,0.893885,0.0628707,0.129012,"outcome",TRUE,"reported","6tp9Vk","textfile"
"rs11118120",1,218532419,"C","A",0.465222,0.199661,-0.072274,0.0989683,"outcome",TRUE,"reported","6tp9Vk","textfile"
"rs11133892",5,17254917,"G","A",0.693343,0.570942,0.0315158,0.0799241,"outcome",TRUE,"reported","6tp9Vk","textfile"
"rs11193635",10,107708493,"C","T",0.769749,0.294308,-0.0255988,0.0874566,"outcome",TRUE,"reported","6tp9Vk","textfile"
"rs11222474",11,131117835,"G","T",0.993286,0.340999,-0.000701648,0.083379,"outcome",TRUE,"reported","6tp9Vk","textfile"
"rs11720202",3,116588563,"C","G",0.898932,0.510717,-0.0100744,0.0793197,"outcome",TRUE,"reported","6tp9Vk","textfile"
"rs12147529",14,33085087,"G","A",0.959909,0.506464,0.0039862,0.0792992,"outcome",TRUE,"reported","6tp9Vk","textfile"
"rs12200468",6,72642142,"G","A",0.921328,0.149366,-0.0109266,0.110637,"outcome",TRUE,"reported","6tp9Vk","textfile"
"rs12353451",9,135169210,"A","G",0.85161,0.0246224,0.048665,0.26015,"outcome",TRUE,"reported","6tp9Vk","textfile"
"rs12931268",16,49770591,"T","C",0.0198249,0.688535,0.199359,0.0855751,"outcome",TRUE,"reported","6tp9Vk","textfile"
"rs13355979",5,32983909,"G","A",0.848002,0.418022,0.0154427,0.0805702,"outcome",TRUE,"reported","6tp9Vk","textfile"
"rs1348656",3,145215733,"T","C",0.105187,0.81384,0.164873,0.10176,"outcome",TRUE,"reported","6tp9Vk","textfile"
"rs1466228",4,32426689,"T","C",0.989422,0.0208525,-0.00357625,0.269737,"outcome",TRUE,"reported","6tp9Vk","textfile"
"rs1480309",4,57861634,"T","C",0.0211826,0.324081,0.194806,0.0845249,"outcome",TRUE,"reported","6tp9Vk","textfile"
"rs2190223",7,71224679,"G","A",0.362323,0.310785,-0.0777787,0.0853822,"outcome",TRUE,"reported","6tp9Vk","textfile"
"rs2931383",3,19898215,"G","T",0.794028,0.353533,0.0216179,0.0828009,"outcome",TRUE,"reported","6tp9Vk","textfile"
"rs4408",22,48369199,"G","A",0.119714,0.770181,0.146596,0.0942148,"outcome",TRUE,"reported","6tp9Vk","textfile"
"rs4420815",3,33753277,"A","G",0.617634,0.186112,-0.0503577,0.100875,"outcome",TRUE,"reported","6tp9Vk","textfile"
"rs4470674",4,178568427,"A","T",0.132026,0.677038,-0.127522,0.0846667,"outcome",TRUE,"reported","6tp9Vk","textfile"
"rs4957697",5,107228796,"A","G",0.817143,0.440687,0.0184342,0.0797254,"outcome",TRUE,"reported","6tp9Vk","textfile"
"rs577266",9,29640244,"C","A",0.618858,0.342032,-0.0413882,0.0831973,"outcome",TRUE,"reported","6tp9Vk","textfile"
"rs603424",10,100315722,"A","G",0.499249,0.116341,-0.0833873,0.123414,"outcome",TRUE,"reported","6tp9Vk","textfile"
"rs6540294",16,86445798,"C","A",0.925221,0.634986,0.00772573,0.082312,"outcome",TRUE,"reported","6tp9Vk","textfile"
"rs7565567",2,11571096,"C","A",0.905287,0.0591839,0.0201374,0.169243,"outcome",TRUE,"reported","6tp9Vk","textfile"
"rs7661524",4,57134064,"C","G",0.241325,0.498685,-0.0930912,0.0794509,"outcome",TRUE,"reported","6tp9Vk","textfile"
"rs802993",14,52208159,"G","A",0.657808,0.925143,0.0660623,0.149144,"outcome",TRUE,"reported","6tp9Vk","textfile"
"rs942888",13,45561094,"A","G",0.984276,0.406348,0.00158611,0.0804787,"outcome",TRUE,"reported","6tp9Vk","textfile"
"rs9809122",3,70035102,"G","A",0.611671,0.365139,-0.0417224,0.0821809,"outcome",TRUE,"reported","6tp9Vk","textfile"
