"SNP","chr.outcome","pos.outcome","effect_allele.outcome","other_allele.outcome","pval.outcome","eaf.outcome","beta.outcome","se.outcome","outcome","mr_keep.outcome","pval_origin.outcome","id.outcome","data_source.outcome"
"rs10021069",4,32354225,"C","T",0.963493,0.0181952,-0.0132606,0.289715,"outcome",TRUE,"reported","Zxvcgw","textfile"
"rs10156335",8,94631087,"G","A",0.541947,0.151284,-0.0675861,0.11082,"outcome",TRUE,"reported","Zxvcgw","textfile"
"rs11118895",1,221919664,"T","C",0.0700551,0.325117,0.152791,0.0843426,"outcome",TRUE,"reported","Zxvcgw","textfile"
"rs11674467",2,38394314,"C","T",0.418182,0.529315,-0.0641832,0.0792797,"outcome",TRUE,"reported","Zxvcgw","textfile"
"rs11780703",8,138661865,"T","C",0.642948,0.748089,0.0420535,0.0907146,"outcome",TRUE,"reported","Zxvcgw","textfile"
"rs11824733",11,23548233,"T","C",0.03459,0.0276769,0.508741,0.240753,"outcome",TRUE,"reported","Zxvcgw","textfile"
"rs12862123",13,80013534,"C","G",0.358895,0.504342,-0.0728668,0.0794213,"outcome",TRUE,"reported","Zxvcgw","textfile"
"rs1483739",4,95393109,"A","C",0.902345,0.310357,-0.0105384,0.0858878,"outcome",TRUE,"reported","Zxvcgw","textfile"
"rs17066836",18,60367358,"C","G",0.531602,0.0108079,0.249548,0.398917,"outcome",TRUE,"reported","Zxvcgw","textfile"
"rs17511568",6,4460910,"C","T",0.471063,0.165286,0.0769451,0.106757,"outcome",TRUE,"reported","Zxvcgw","textfile"
"rs1801838",4,75643425,"C","T",0.284898,0.121079,0.130341,0.121884,"outcome",TRUE,"reported","Zxvcgw","textfile"
"rs281216",15,47416382,"T","G",0.189651,0.887264,-0.165501,0.126181,"outcome",TRUE,"reported","Zxvcgw","textfile"
"rs4472784",1,173427832,"T","C",0.397078,0.36855,-0.0697561,0.0823711,"outcome",TRUE,"reported","Zxvcgw","textfile"
"rs603424",10,100315722,"A","G",0.499249,0.116341,-0.0833873,0.123414,"outcome",TRUE,"reported","Zxvcgw","textfile"
"rs6486528",12,130205369,"C","G",0.473491,0.890046,0.0906353,0.126443,"outcome",TRUE,"reported","Zxvcgw","textfile"
"rs7322343",13,73396921,"C","A",0.163925,0.929098,0.21393,0.153686,"outcome",TRUE,"reported","Zxvcgw","textfile"
"rs9291034",3,192914703,"T","C",0.723258,0.475192,-0.0281172,0.0794031,"outcome",TRUE,"reported","Zxvcgw","textfile"
