"SNP","chr.outcome","pos.outcome","effect_allele.outcome","other_allele.outcome","pval.outcome","eaf.outcome","beta.outcome","se.outcome","outcome","mr_keep.outcome","pval_origin.outcome","id.outcome","data_source.outcome"
"rs10005295",4,90961573,"G","A",0.342029,0.95689,-0.183992,0.193643,"outcome",TRUE,"reported","1mDPhe","textfile"
"rs10164158",18,69099637,"A","G",0.962443,0.0765235,-0.00699585,0.148571,"outcome",TRUE,"reported","1mDPhe","textfile"
"rs10831497",11,96214246,"A","G",0.779731,0.26072,0.0252212,0.090182,"outcome",TRUE,"reported","1mDPhe","textfile"
"rs11118120",1,218532419,"C","A",0.465222,0.199661,-0.072274,0.0989683,"outcome",TRUE,"reported","1mDPhe","textfile"
"rs12250605",10,118289682,"C","T",0.69918,0.409932,0.0313943,0.0812422,"outcome",TRUE,"reported","1mDPhe","textfile"
"rs12426539",12,131252234,"T","C",0.0123538,0.0281766,0.504613,0.201694,"outcome",TRUE,"reported","1mDPhe","textfile"
"rs13393013",2,195509187,"A","G",0.32525,0.0345914,0.212627,0.216144,"outcome",TRUE,"reported","1mDPhe","textfile"
"rs17155949",5,103907376,"C","T",0.653398,0.0346709,-0.0977322,0.217644,"outcome",TRUE,"reported","1mDPhe","textfile"
"rs1936396",10,45052620,"G","A",0.691527,0.773356,0.0373334,0.09409,"outcome",TRUE,"reported","1mDPhe","textfile"
"rs314241",17,7142342,"T","C",0.198156,0.512471,0.103188,0.0801885,"outcome",TRUE,"reported","1mDPhe","textfile"
"rs35350",12,115170925,"A","G",0.0998068,0.979818,-0.47596,0.289198,"outcome",TRUE,"reported","1mDPhe","textfile"
"rs3759526",14,50825817,"T","C",0.248619,0.091097,-0.160914,0.139475,"outcome",TRUE,"reported","1mDPhe","textfile"
"rs4109037",4,56909443,"A","T",0.34482,0.105838,0.121448,0.12856,"outcome",TRUE,"reported","1mDPhe","textfile"
"rs4420815",3,33753277,"A","G",0.617634,0.186112,-0.0503577,0.100875,"outcome",TRUE,"reported","1mDPhe","textfile"
"rs453612",20,15421533,"C","T",0.794736,0.588542,-0.0210133,0.080769,"outcome",TRUE,"reported","1mDPhe","textfile"
"rs4710948",6,10305692,"A","G",0.250835,0.380078,0.0934284,0.0813608,"outcome",TRUE,"reported","1mDPhe","textfile"
"rs603424",10,100315722,"A","G",0.499249,0.116341,-0.0833873,0.123414,"outcome",TRUE,"reported","1mDPhe","textfile"
"rs6467872",7,81775566,"A","C",0.790737,0.573418,-0.0213098,0.0803073,"outcome",TRUE,"reported","1mDPhe","textfile"
"rs6665988",1,200540783,"C","A",0.556119,0.369673,-0.048406,0.0822371,"outcome",TRUE,"reported","1mDPhe","textfile"
"rs670365",5,41603338,"A","G",0.749031,0.0935848,-0.0435018,0.135978,"outcome",TRUE,"reported","1mDPhe","textfile"
"rs7016645",8,79629792,"T","C",0.667281,0.210117,-0.0417731,0.0971733,"outcome",TRUE,"reported","1mDPhe","textfile"
"rs7796330",7,49088263,"C","T",0.819821,0.70961,-0.0200035,0.0878215,"outcome",TRUE,"reported","1mDPhe","textfile"
