"SNP","chr.outcome","pos.outcome","effect_allele.outcome","other_allele.outcome","pval.outcome","eaf.outcome","beta.outcome","se.outcome","outcome","mr_keep.outcome","pval_origin.outcome","id.outcome","data_source.outcome"
"rs10112003",8,34502975,"A","G",0.139302,0.0531489,0.259707,0.175668,"outcome",TRUE,"reported","9lNMfR","textfile"
"rs10242171",7,28904528,"G","A",0.626028,0.893885,0.0628707,0.129012,"outcome",TRUE,"reported","9lNMfR","textfile"
"rs10746614",9,80001862,"G","A",0.199938,0.764661,0.120015,0.0936352,"outcome",TRUE,"reported","9lNMfR","textfile"
"rs11118120",1,218532419,"C","A",0.465222,0.199661,-0.072274,0.0989683,"outcome",TRUE,"reported","9lNMfR","textfile"
"rs11133892",5,17254917,"G","A",0.693343,0.570942,0.0315158,0.0799241,"outcome",TRUE,"reported","9lNMfR","textfile"
"rs12451448",17,53510521,"A","G",0.943144,0.25246,0.0064669,0.090676,"outcome",TRUE,"reported","9lNMfR","textfile"
"rs13019537",2,48749438,"G","C",0.66231,0.136209,0.0503227,0.115227,"outcome",TRUE,"reported","9lNMfR","textfile"
"rs1348656",3,145215733,"T","C",0.105187,0.81384,0.164873,0.10176,"outcome",TRUE,"reported","9lNMfR","textfile"
"rs17495226",4,37641124,"A","G",0.404261,0.035616,0.175715,0.21068,"outcome",TRUE,"reported","9lNMfR","textfile"
"rs1922578",12,82677418,"G","A",0.0159834,0.0198382,-0.69637,0.289035,"outcome",TRUE,"reported","9lNMfR","textfile"
"rs2017823",18,2383524,"G","A",0.756303,0.161659,-0.0334767,0.107871,"outcome",TRUE,"reported","9lNMfR","textfile"
"rs2929381",3,19897496,"G","C",0.79474,0.353556,0.0215419,0.0828023,"outcome",TRUE,"reported","9lNMfR","textfile"
"rs35350",12,115170925,"A","G",0.0998068,0.979818,-0.47596,0.289198,"outcome",TRUE,"reported","9lNMfR","textfile"
"rs4287543",15,91570275,"G","A",0.260603,0.131302,-0.132234,0.117545,"outcome",TRUE,"reported","9lNMfR","textfile"
"rs4353846",3,177448351,"C","T",0.564314,0.551344,-0.0459834,0.0797706,"outcome",TRUE,"reported","9lNMfR","textfile"
"rs4573205",7,124224131,"T","G",0.781129,0.883305,-0.0340424,0.122522,"outcome",TRUE,"reported","9lNMfR","textfile"
"rs4654501",1,4175708,"A","G",0.849259,0.832989,0.0202035,0.106298,"outcome",TRUE,"reported","9lNMfR","textfile"
"rs6453591",6,72625380,"T","A",0.862834,0.194266,-0.0172291,0.0997244,"outcome",TRUE,"reported","9lNMfR","textfile"
"rs7898173",10,3387136,"A","G",0.139824,0.193701,-0.148897,0.100848,"outcome",TRUE,"reported","9lNMfR","textfile"
"rs7951538",11,96134525,"C","G",0.702721,0.749776,-0.0349769,0.0916469,"outcome",TRUE,"reported","9lNMfR","textfile"
"rs9861865",3,116564680,"C","G",0.834213,0.372229,0.017131,0.0818487,"outcome",TRUE,"reported","9lNMfR","textfile"
