"SNP","chr.outcome","pos.outcome","effect_allele.outcome","other_allele.outcome","pval.outcome","eaf.outcome","beta.outcome","se.outcome","outcome","mr_keep.outcome","pval_origin.outcome","id.outcome","data_source.outcome"
"rs10166484",2,188783957,"C","T",0.469139,0.75213,-0.0663286,0.0916293,"outcome",TRUE,"reported","glCCfI","textfile"
"rs10899384",11,77507423,"A","G",0.246123,0.364827,-0.0952838,0.0821541,"outcome",TRUE,"reported","glCCfI","textfile"
"rs10990303",9,95648123,"T","C",0.643433,0.207368,0.0452657,0.0977861,"outcome",TRUE,"reported","glCCfI","textfile"
"rs12713120",2,50649546,"C","T",0.536289,0.232634,0.0580285,0.0938311,"outcome",TRUE,"reported","glCCfI","textfile"
"rs1939471",11,96103920,"G","A",0.831035,0.350954,0.0176729,0.0828258,"outcome",TRUE,"reported","glCCfI","textfile"
"rs2026395",10,7808634,"T","A",0.985608,0.388322,-0.00146402,0.0811601,"outcome",TRUE,"reported","glCCfI","textfile"
"rs2288867",19,19654759,"T","C",0.84384,0.174799,0.0205412,0.104278,"outcome",TRUE,"reported","glCCfI","textfile"
"rs26724",5,107608572,"A","G",0.291797,0.348206,0.0873444,0.0828548,"outcome",TRUE,"reported","glCCfI","textfile"
"rs2869990",4,89070463,"T","C",0.633019,0.758668,-0.0439961,0.092142,"outcome",TRUE,"reported","glCCfI","textfile"
"rs4768795",12,47319191,"T","G",0.519058,0.443204,-0.0515597,0.0799626,"outcome",TRUE,"reported","glCCfI","textfile"
"rs690191",18,76366124,"C","T",0.95472,0.204872,0.00557907,0.0982564,"outcome",TRUE,"reported","glCCfI","textfile"
"rs7010256",8,11161952,"C","G",0.220387,0.00242658,-1.01187,0.82568,"outcome",TRUE,"reported","glCCfI","textfile"
"rs726900",9,74023665,"G","T",0.427167,0.185801,0.0807503,0.101694,"outcome",TRUE,"reported","glCCfI","textfile"
"rs7503429",17,82233549,"A","C",0.176185,0.438248,0.10805,0.079883,"outcome",TRUE,"reported","glCCfI","textfile"
"rs8073225",17,79091700,"C","T",0.987249,0.175013,-0.00166701,0.10431,"outcome",TRUE,"reported","glCCfI","textfile"
"rs912170",9,656736,"G","A",0.604508,0.212016,0.0507331,0.0979539,"outcome",TRUE,"reported","glCCfI","textfile"
"rs9471841",6,42305594,"T","C",0.989131,0.0671782,-0.00215997,0.15856,"outcome",TRUE,"reported","glCCfI","textfile"
