"SNP","chr.outcome","pos.outcome","effect_allele.outcome","other_allele.outcome","pval.outcome","eaf.outcome","beta.outcome","se.outcome","outcome","mr_keep.outcome","pval_origin.outcome","id.outcome","data_source.outcome"
"rs10066453",5,92092156,"C","G",0.787348,0.0655898,-0.0429754,0.159312,"outcome",TRUE,"reported","54K8bo","textfile"
"rs1015960",13,40366712,"A","T",0.657979,0.467905,-0.0351757,0.0794561,"outcome",TRUE,"reported","54K8bo","textfile"
"rs11232103",11,80381371,"A","C",0.736251,0.170529,0.0356952,0.105976,"outcome",TRUE,"reported","54K8bo","textfile"
"rs11760350",7,39232543,"A","G",0.0460543,0.130767,0.234436,0.117518,"outcome",TRUE,"reported","54K8bo","textfile"
"rs16839317",3,132500039,"C","T",0.0767291,0.164337,-0.188489,0.106491,"outcome",TRUE,"reported","54K8bo","textfile"
"rs1742639",14,46093117,"A","G",0.458845,0.925759,0.111965,0.151151,"outcome",TRUE,"reported","54K8bo","textfile"
"rs17478241",14,32147814,"T","C",0.487362,0.210405,-0.0677719,0.0975822,"outcome",TRUE,"reported","54K8bo","textfile"
"rs2066415",9,5867061,"C","T",0.360371,0.536931,-0.0730064,0.0798182,"outcome",TRUE,"reported","54K8bo","textfile"
"rs2418886",1,190180734,"A","G",0.406722,0.0369988,-0.172326,0.207703,"outcome",TRUE,"reported","54K8bo","textfile"
"rs2780242",9,117970744,"T","C",0.299193,0.0954214,-0.139071,0.133958,"outcome",TRUE,"reported","54K8bo","textfile"
"rs320485",1,213473223,"C","T",0.274476,0.801045,-0.108304,0.0991059,"outcome",TRUE,"reported","54K8bo","textfile"
"rs3740996",11,5680051,"A","G",0.0381935,0.115486,-0.256808,0.123896,"outcome",TRUE,"reported","54K8bo","textfile"
"rs4693555",4,83071382,"C","T",0.843558,0.745955,-0.0181108,0.0917726,"outcome",TRUE,"reported","54K8bo","textfile"
"rs487946",12,62818336,"G","T",0.847293,0.157797,-0.0209471,0.108775,"outcome",TRUE,"reported","54K8bo","textfile"
"rs6008767",22,46346077,"G","C",0.935444,0.201409,-0.00807451,0.0996891,"outcome",TRUE,"reported","54K8bo","textfile"
"rs6071991",20,40261343,"T","C",0.539872,0.191383,0.0617068,0.100663,"outcome",TRUE,"reported","54K8bo","textfile"
"rs6533609",4,112357731,"C","T",0.743305,0.856711,0.0368827,0.112626,"outcome",TRUE,"reported","54K8bo","textfile"
"rs6766715",3,173068358,"A","G",0.533148,0.131114,0.0721808,0.115822,"outcome",TRUE,"reported","54K8bo","textfile"
"rs6960830",7,156375912,"T","C",0.748481,0.935718,-0.0519975,0.162167,"outcome",TRUE,"reported","54K8bo","textfile"
"rs7570141",2,18094114,"A","G",0.889187,0.130919,0.0164724,0.118223,"outcome",TRUE,"reported","54K8bo","textfile"
"rs9410970",9,87800305,"A","C",0.042712,0.191641,0.203664,0.1005,"outcome",TRUE,"reported","54K8bo","textfile"
"rs9598459",13,62461216,"G","A",0.104244,0.0729452,-0.248374,0.152882,"outcome",TRUE,"reported","54K8bo","textfile"
