"SNP","chr.outcome","pos.outcome","effect_allele.outcome","other_allele.outcome","pval.outcome","eaf.outcome","beta.outcome","se.outcome","outcome","mr_keep.outcome","pval_origin.outcome","id.outcome","data_source.outcome"
"rs10095414",8,20721404,"G","A",0.24773,0.14812,-0.128586,0.111245,"outcome",TRUE,"reported","KXAvVW","textfile"
"rs10491431",5,35967898,"A","C",0.0282429,0.133516,-0.254538,0.116021,"outcome",TRUE,"reported","KXAvVW","textfile"
"rs10738383",9,15016044,"A","G",0.493872,0.574108,-0.0546099,0.0798199,"outcome",TRUE,"reported","KXAvVW","textfile"
"rs10850904",12,117817427,"T","C",0.813989,0.130022,-0.0275172,0.116954,"outcome",TRUE,"reported","KXAvVW","textfile"
"rs10917910",1,164096060,"C","A",0.593599,0.0704186,0.0823008,0.154229,"outcome",TRUE,"reported","KXAvVW","textfile"
"rs11151130",18,75611644,"A","G",0.401173,0.127021,0.100343,0.119523,"outcome",TRUE,"reported","KXAvVW","textfile"
"rs11600689",11,19957982,"A","T",0.0229975,0.153733,-0.248086,0.109122,"outcome",TRUE,"reported","KXAvVW","textfile"
"rs11659807",18,35521290,"C","G",0.0501337,0.222305,0.18757,0.0957566,"outcome",TRUE,"reported","KXAvVW","textfile"
"rs1179979",14,36877769,"A","G",0.0401985,0.944078,-0.349411,0.170302,"outcome",TRUE,"reported","KXAvVW","textfile"
"rs12268257",10,25575752,"T","C",0.82015,0.114936,0.0284988,0.125351,"outcome",TRUE,"reported","KXAvVW","textfile"
"rs13302218",9,110628332,"G","A",0.24542,0.0338436,-0.251885,0.216854,"outcome",TRUE,"reported","KXAvVW","textfile"
"rs1402325",19,43601584,"A","G",0.648627,0.160709,0.0490995,0.107752,"outcome",TRUE,"reported","KXAvVW","textfile"
"rs1573544",11,15174102,"C","T",0.5951,0.809097,0.0535047,0.100675,"outcome",TRUE,"reported","KXAvVW","textfile"
"rs1894947",16,55972666,"C","T",0.741015,0.823811,-0.0343699,0.10399,"outcome",TRUE,"reported","KXAvVW","textfile"
"rs2863979",16,68297987,"A","G",0.980007,0.705245,0.00217794,0.0869107,"outcome",TRUE,"reported","KXAvVW","textfile"
"rs3024536",16,27341392,"T","C",0.658729,0.0960171,-0.0591195,0.133855,"outcome",TRUE,"reported","KXAvVW","textfile"
"rs4317453",6,1424127,"A","G",0.892533,0.364493,-0.0112793,0.0834891,"outcome",TRUE,"reported","KXAvVW","textfile"
"rs4426541",2,166264446,"G","A",0.628268,0.8155,-0.049335,0.101897,"outcome",TRUE,"reported","KXAvVW","textfile"
"rs6587731",1,153215204,"G","T",0.313393,0.793838,0.099957,0.0991511,"outcome",TRUE,"reported","KXAvVW","textfile"
"rs7572149",2,104232395,"C","T",0.0792465,0.802958,-0.175059,0.0997445,"outcome",TRUE,"reported","KXAvVW","textfile"
"rs7583413",2,227612594,"T","C",0.13523,0.858243,-0.170211,0.113945,"outcome",TRUE,"reported","KXAvVW","textfile"
"rs9642758",8,35863641,"A","G",0.84125,0.163221,-0.0214706,0.107195,"outcome",TRUE,"reported","KXAvVW","textfile"
