"SNP","chr.outcome","pos.outcome","effect_allele.outcome","other_allele.outcome","pval.outcome","eaf.outcome","beta.outcome","se.outcome","outcome","mr_keep.outcome","pval_origin.outcome","id.outcome","data_source.outcome"
"rs10900040",10,44458123,"C","T",0.226728,0.22341,-0.115009,0.0951404,"outcome",TRUE,"reported","b2b22T","textfile"
"rs10945970",6,164276686,"T","C",0.175106,0.336794,-0.113472,0.083683,"outcome",TRUE,"reported","b2b22T","textfile"
"rs11701867",21,42136622,"A","C",0.612805,0.189369,0.051152,0.101076,"outcome",TRUE,"reported","b2b22T","textfile"
"rs1192521",20,58104289,"T","A",0.835834,0.238411,0.0192446,0.0928678,"outcome",TRUE,"reported","b2b22T","textfile"
"rs12300345",12,11963324,"A","T",0.801921,0.164087,0.0268629,0.107082,"outcome",TRUE,"reported","b2b22T","textfile"
"rs13424082",2,179363138,"A","G",0.054295,0.175946,-0.200493,0.104181,"outcome",TRUE,"reported","b2b22T","textfile"
"rs2351725",6,65814520,"T","A",0.977408,0.178135,0.00294667,0.104055,"outcome",TRUE,"reported","b2b22T","textfile"
"rs4812400",20,39551009,"T","A",0.408956,0.076543,-0.122675,0.148566,"outcome",TRUE,"reported","b2b22T","textfile"
"rs6975921",7,15113188,"G","A",0.522211,0.10327,-0.0830514,0.12978,"outcome",TRUE,"reported","b2b22T","textfile"
