"SNP","chr.outcome","pos.outcome","effect_allele.outcome","other_allele.outcome","pval.outcome","eaf.outcome","beta.outcome","se.outcome","outcome","mr_keep.outcome","pval_origin.outcome","id.outcome","data_source.outcome"
"rs1001210",6,16728549,"C","T",0.75568,0.133455,0.0362641,0.116545,"outcome",TRUE,"reported","1Ygkhq","textfile"
"rs10853533",18,45573334,"C","A",0.563015,0.123558,-0.0694499,0.120079,"outcome",TRUE,"reported","1Ygkhq","textfile"
"rs10890517",2,1404671,"C","T",0.589722,0.968223,0.12075,0.223927,"outcome",TRUE,"reported","1Ygkhq","textfile"
"rs11582143",1,211343634,"C","G",0.888598,0.097049,0.018788,0.134125,"outcome",TRUE,"reported","1Ygkhq","textfile"
"rs12143589",1,239176823,"A","G",0.468179,0.186463,0.0732882,0.101025,"outcome",TRUE,"reported","1Ygkhq","textfile"
"rs12294182",11,12219173,"T","C",0.393691,0.225627,-0.0807724,0.0946986,"outcome",TRUE,"reported","1Ygkhq","textfile"
"rs12550729",8,144100505,"T","C",0.678974,0.925331,0.0623056,0.150546,"outcome",TRUE,"reported","1Ygkhq","textfile"
"rs12611788",2,31119309,"C","T",0.464986,0.395099,-0.0590627,0.0808347,"outcome",TRUE,"reported","1Ygkhq","textfile"
"rs13013224",2,53203348,"C","G",0.97508,0.220482,0.00300027,0.0960453,"outcome",TRUE,"reported","1Ygkhq","textfile"
"rs13159409",5,55832644,"T","G",0.25206,0.0555618,-0.197083,0.172071,"outcome",TRUE,"reported","1Ygkhq","textfile"
"rs1578743",10,5680821,"C","A",0.244607,0.35466,0.0967909,0.0831858,"outcome",TRUE,"reported","1Ygkhq","textfile"
"rs2068157",5,178766349,"C","T",0.0852256,0.086738,-0.243308,0.141364,"outcome",TRUE,"reported","1Ygkhq","textfile"
"rs2115151",4,123091216,"T","A",0.21396,0.0835785,-0.178002,0.143233,"outcome",TRUE,"reported","1Ygkhq","textfile"
"rs2592916",11,127372556,"T","C",0.341114,0.0931111,0.13018,0.136748,"outcome",TRUE,"reported","1Ygkhq","textfile"
"rs306676",13,92954561,"A","G",0.334564,0.138688,-0.110477,0.114489,"outcome",TRUE,"reported","1Ygkhq","textfile"
"rs4646693",15,100917809,"C","T",0.141732,0.616924,0.119309,0.0811973,"outcome",TRUE,"reported","1Ygkhq","textfile"
"rs5764925",22,44367919,"A","G",0.900109,0.111937,-0.0157855,0.125758,"outcome",TRUE,"reported","1Ygkhq","textfile"
"rs7561255",2,180504489,"G","A",0.28457,0.343345,-0.0894221,0.0835635,"outcome",TRUE,"reported","1Ygkhq","textfile"
"rs764206",1,171575912,"A","G",0.92469,0.684199,-0.00805907,0.0852563,"outcome",TRUE,"reported","1Ygkhq","textfile"
"rs7973508",12,114855774,"A","G",0.625298,0.350861,0.0402809,0.0824829,"outcome",TRUE,"reported","1Ygkhq","textfile"
"rs9964014",18,3794759,"T","C",0.526413,0.130927,0.0741661,0.117075,"outcome",TRUE,"reported","1Ygkhq","textfile"
"rs9987070",7,19158318,"G","C",0.213232,0.052181,-0.219946,0.176702,"outcome",TRUE,"reported","1Ygkhq","textfile"
