"SNP","chr.outcome","pos.outcome","effect_allele.outcome","other_allele.outcome","pval.outcome","eaf.outcome","beta.outcome","se.outcome","outcome","mr_keep.outcome","pval_origin.outcome","id.outcome","data_source.outcome"
"rs11184997",1,106874932,"A","T",0.130434,0.278567,-0.133964,0.0885777,"outcome",TRUE,"reported","yDVy2x","textfile"
"rs11718405",3,105428358,"C","T",0.0511034,0.145636,0.217503,0.111505,"outcome",TRUE,"reported","yDVy2x","textfile"
"rs12725284",1,147320547,"C","T",0.539789,0.809397,0.0617493,0.100711,"outcome",TRUE,"reported","yDVy2x","textfile"
"rs1476414",13,87632701,"C","G",0.220642,0.0798515,0.178597,0.145815,"outcome",TRUE,"reported","yDVy2x","textfile"
"rs3010320",1,59099220,"T","A",0.426491,0.801151,-0.0784851,0.0986972,"outcome",TRUE,"reported","yDVy2x","textfile"
"rs35421463",4,12780040,"G","A",0.535461,0.59951,-0.0501157,0.0808721,"outcome",TRUE,"reported","yDVy2x","textfile"
"rs3915237",12,16266471,"G","T",0.577471,0.283541,0.0494167,0.0887061,"outcome",TRUE,"reported","yDVy2x","textfile"
"rs4443239",4,169341881,"G","T",0.266885,0.164452,0.119044,0.107221,"outcome",TRUE,"reported","yDVy2x","textfile"
"rs4669590",2,10550901,"A","T",0.0485188,0.519725,-0.157263,0.0797159,"outcome",TRUE,"reported","yDVy2x","textfile"
"rs4717457",7,68488861,"A","C",0.633174,0.113101,-0.05921,0.124061,"outcome",TRUE,"reported","yDVy2x","textfile"
"rs6497209",15,85486366,"A","G",0.740959,0.247805,-0.03029,0.0916259,"outcome",TRUE,"reported","yDVy2x","textfile"
"rs699474",4,24795242,"G","C",0.84456,0.997342,-0.149631,0.76317,"outcome",TRUE,"reported","yDVy2x","textfile"
"rs7561932",2,65317934,"C","T",0.829034,0.177593,-0.0224733,0.104072,"outcome",TRUE,"reported","yDVy2x","textfile"
"rs7871735",9,24205006,"T","G",0.487192,0.318865,0.0591637,0.0851543,"outcome",TRUE,"reported","yDVy2x","textfile"
"rs9295427",6,19287262,"G","A",0.140489,0.0781748,-0.217396,0.14749,"outcome",TRUE,"reported","yDVy2x","textfile"
"rs9460045",6,170099061,"T","C",0.5652,0.891588,0.0732472,0.127356,"outcome",TRUE,"reported","yDVy2x","textfile"
