"SNP","chr.outcome","pos.outcome","effect_allele.outcome","other_allele.outcome","pval.outcome","eaf.outcome","beta.outcome","se.outcome","outcome","mr_keep.outcome","pval_origin.outcome","id.outcome","data_source.outcome"
"rs10090064",8,91883794,"C","T",0.79006,0.228603,0.0251184,0.0943478,"outcome",TRUE,"reported","dd5Q9P","textfile"
"rs10125203",9,81093256,"G","C",0.386075,0.151397,0.0961674,0.110951,"outcome",TRUE,"reported","dd5Q9P","textfile"
"rs10757735",9,28373520,"C","A",0.350336,0.878214,0.112916,0.120904,"outcome",TRUE,"reported","dd5Q9P","textfile"
"rs10850426",12,115006106,"T","G",0.78134,0.0707187,0.0432725,0.155895,"outcome",TRUE,"reported","dd5Q9P","textfile"
"rs10988352",9,129398977,"T","G",0.0792684,0.14792,-0.198025,0.112838,"outcome",TRUE,"reported","dd5Q9P","textfile"
"rs11045425",12,20741046,"A","G",0.858881,0.119871,-0.0216311,0.12166,"outcome",TRUE,"reported","dd5Q9P","textfile"
"rs11144136",9,68887435,"T","G",0.472979,0.110842,-0.089603,0.124858,"outcome",TRUE,"reported","dd5Q9P","textfile"
"rs11606364",11,130636106,"T","C",0.318342,0.0551498,-0.174262,0.174634,"outcome",TRUE,"reported","dd5Q9P","textfile"
"rs1554074",12,100846572,"G","A",0.571542,0.833733,0.0602087,0.106417,"outcome",TRUE,"reported","dd5Q9P","textfile"
"rs2019107",19,1181718,"C","T",0.547122,0.403209,0.0486536,0.0808095,"outcome",TRUE,"reported","dd5Q9P","textfile"
"rs2486925",1,203264909,"G","T",0.635572,0.882075,-0.0583249,0.123075,"outcome",TRUE,"reported","dd5Q9P","textfile"
"rs2596194",15,33394576,"T","A",0.972222,0.908558,0.00484449,0.139122,"outcome",TRUE,"reported","dd5Q9P","textfile"
"rs266742",3,186758056,"G","T",0.143108,0.283945,0.12888,0.0880138,"outcome",TRUE,"reported","dd5Q9P","textfile"
"rs2993308",13,113026762,"G","A",0.739541,0.707699,-0.0290685,0.0874343,"outcome",TRUE,"reported","dd5Q9P","textfile"
"rs513209",11,125597249,"A","C",0.328678,0.829659,-0.102921,0.105368,"outcome",TRUE,"reported","dd5Q9P","textfile"
"rs6019504",20,48898058,"G","A",0.66078,0.177425,-0.045597,0.103904,"outcome",TRUE,"reported","dd5Q9P","textfile"
"rs6462723",7,36917745,"A","G",0.199392,0.101367,0.168374,0.131206,"outcome",TRUE,"reported","dd5Q9P","textfile"
"rs662760",6,85155277,"C","A",0.532735,0.103223,0.0810533,0.129927,"outcome",TRUE,"reported","dd5Q9P","textfile"
"rs6690829",1,245567009,"T","C",0.755397,0.261021,-0.0279658,0.0897687,"outcome",TRUE,"reported","dd5Q9P","textfile"
"rs7178551",15,80971296,"T","C",0.309204,0.120095,-0.124577,0.122507,"outcome",TRUE,"reported","dd5Q9P","textfile"
"rs7250750",19,17260675,"G","T",0.994769,0.187795,-0.000668197,0.101913,"outcome",TRUE,"reported","dd5Q9P","textfile"
"rs732426",17,10371069,"G","A",0.841036,0.211062,-0.0195298,0.097372,"outcome",TRUE,"reported","dd5Q9P","textfile"
"rs9663814",10,75978624,"A","G",0.43552,0.641953,-0.0642456,0.0823893,"outcome",TRUE,"reported","dd5Q9P","textfile"
