"SNP","chr.outcome","pos.outcome","effect_allele.outcome","other_allele.outcome","pval.outcome","eaf.outcome","beta.outcome","se.outcome","outcome","mr_keep.outcome","pval_origin.outcome","id.outcome","data_source.outcome"
"rs10043015",5,169231367,"T","C",0.0248823,0.714012,-0.197288,0.0879484,"outcome",TRUE,"reported","rzdPRv","textfile"
"rs10514735",3,85749800,"G","A",0.620615,0.0208156,0.13891,0.280638,"outcome",TRUE,"reported","rzdPRv","textfile"
"rs10787308",10,111149210,"A","G",0.889319,0.233588,-0.0130038,0.0934405,"outcome",TRUE,"reported","rzdPRv","textfile"
"rs10992722",9,93401479,"A","C",0.335851,0.0305891,-0.224543,0.233317,"outcome",TRUE,"reported","rzdPRv","textfile"
"rs11120725",1,216033426,"A","G",0.477348,0.491748,0.0565025,0.0795166,"outcome",TRUE,"reported","rzdPRv","textfile"
"rs12625828",20,50228048,"T","G",0.413771,0.387594,0.0663229,0.0811511,"outcome",TRUE,"reported","rzdPRv","textfile"
"rs12803308",11,96447445,"A","T",0.123184,0.646294,-0.12787,0.0829495,"outcome",TRUE,"reported","rzdPRv","textfile"
"rs13130021",4,2276036,"C","T",0.580853,0.613203,-0.0447625,0.081071,"outcome",TRUE,"reported","rzdPRv","textfile"
"rs13151462",4,12669344,"T","A",0.0506337,0.429301,0.156094,0.0798607,"outcome",TRUE,"reported","rzdPRv","textfile"
"rs1380634",8,79325658,"G","A",0.152991,0.157173,0.155394,0.10874,"outcome",TRUE,"reported","rzdPRv","textfile"
"rs13966",11,61897520,"C","T",0.376826,0.583352,0.071564,0.0809767,"outcome",TRUE,"reported","rzdPRv","textfile"
"rs1404373",4,57337858,"T","C",0.409922,0.694381,-0.0706629,0.0857527,"outcome",TRUE,"reported","rzdPRv","textfile"
"rs1530219",15,39310179,"G","A",0.165207,0.467193,-0.110113,0.0793456,"outcome",TRUE,"reported","rzdPRv","textfile"
"rs170149",17,6692611,"A","G",0.709659,0.0387017,-0.0767094,0.206034,"outcome",TRUE,"reported","rzdPRv","textfile"
"rs17034684",4,104590653,"T","G",0.383077,0.381989,0.0713991,0.081857,"outcome",TRUE,"reported","rzdPRv","textfile"
"rs17804635",17,6800666,"T","C",0.942289,0.101066,0.00952012,0.131505,"outcome",TRUE,"reported","rzdPRv","textfile"
"rs2143327",6,146295103,"T","C",0.190839,0.00759758,0.583886,0.446362,"outcome",TRUE,"reported","rzdPRv","textfile"
"rs2236299",14,54788617,"A","G",0.235663,0.183985,-0.120901,0.101949,"outcome",TRUE,"reported","rzdPRv","textfile"
"rs2239337",16,22900232,"C","G",0.406772,0.0520425,-0.147124,0.177346,"outcome",TRUE,"reported","rzdPRv","textfile"
"rs2370136",19,57107873,"C","T",0.0621184,0.392792,-0.152051,0.0815089,"outcome",TRUE,"reported","rzdPRv","textfile"
"rs2534835",5,57652616,"T","G",0.994167,0.203791,0.00071532,0.0978416,"outcome",TRUE,"reported","rzdPRv","textfile"
"rs3193970",10,95312251,"C","T",0.735304,0.402317,0.0272711,0.0806651,"outcome",TRUE,"reported","rzdPRv","textfile"
"rs4235093",4,71480535,"G","A",0.566482,0.717923,0.050717,0.088474,"outcome",TRUE,"reported","rzdPRv","textfile"
"rs4589188",10,5525951,"A","G",0.0161213,0.227132,-0.228418,0.0949308,"outcome",TRUE,"reported","rzdPRv","textfile"
"rs4779800",15,29119123,"A","G",0.354967,0.866066,-0.107888,0.116636,"outcome",TRUE,"reported","rzdPRv","textfile"
"rs4999864",17,68790319,"G","C",0.461492,0.0531009,-0.129866,0.176354,"outcome",TRUE,"reported","rzdPRv","textfile"
"rs6077792",20,1115473,"T","G",0.921952,0.291828,0.00849975,0.0867535,"outcome",TRUE,"reported","rzdPRv","textfile"
"rs6507399",18,41152081,"G","A",0.141892,0.351014,0.121253,0.0825538,"outcome",TRUE,"reported","rzdPRv","textfile"
"rs6678076",1,199264072,"A","G",0.64691,0.0723041,-0.070375,0.153638,"outcome",TRUE,"reported","rzdPRv","textfile"
"rs7105815",11,12288146,"A","G",0.832095,0.293207,-0.0184192,0.0868765,"outcome",TRUE,"reported","rzdPRv","textfile"
"rs7152965",14,63174699,"G","A",0.304866,0.570593,0.0820348,0.0799517,"outcome",TRUE,"reported","rzdPRv","textfile"
"rs7584253",2,48700107,"C","A",0.343099,0.284517,0.0832585,0.0878199,"outcome",TRUE,"reported","rzdPRv","textfile"
"rs7710027",5,56606118,"T","C",0.588414,0.317918,0.0461302,0.0852468,"outcome",TRUE,"reported","rzdPRv","textfile"
"rs7919076",10,66569178,"T","C",0.826542,0.249598,0.020105,0.0917454,"outcome",TRUE,"reported","rzdPRv","textfile"
"rs807670",22,19167095,"C","A",0.792056,0.59032,-0.021214,0.0804653,"outcome",TRUE,"reported","rzdPRv","textfile"
"rs835154",5,14876460,"A","G",0.741676,0.581775,-0.0265093,0.0804205,"outcome",TRUE,"reported","rzdPRv","textfile"
"rs868395",9,82560878,"T","G",0.765248,0.600792,-0.0240921,0.0806842,"outcome",TRUE,"reported","rzdPRv","textfile"
"rs889128",19,10021017,"G","T",0.874462,0.399466,-0.0127577,0.0807483,"outcome",TRUE,"reported","rzdPRv","textfile"
"rs910616",6,44107239,"C","T",0.484187,0.529671,0.0555498,0.0794041,"outcome",TRUE,"reported","rzdPRv","textfile"
"rs9327706",5,135176918,"A","C",0.854084,0.564003,-0.0146628,0.0797283,"outcome",TRUE,"reported","rzdPRv","textfile"
"rs9372398",6,114512427,"C","T",0.59873,0.572188,0.0420833,0.0799716,"outcome",TRUE,"reported","rzdPRv","textfile"
"rs9389071",6,133353496,"A","G",0.177059,0.128803,0.158815,0.117653,"outcome",TRUE,"reported","rzdPRv","textfile"
"rs940697",7,143486110,"A","G",0.14117,0.234649,0.137342,0.0933382,"outcome",TRUE,"reported","rzdPRv","textfile"
