"SNP","chr.outcome","pos.outcome","effect_allele.outcome","other_allele.outcome","pval.outcome","eaf.outcome","beta.outcome","se.outcome","outcome","mr_keep.outcome","pval_origin.outcome","id.outcome","data_source.outcome"
"rs10205265",2,133868158,"T","C",0.933601,0.165925,-0.00891178,0.106965,"outcome",TRUE,"reported","w9SlTX","textfile"
"rs10402106",19,57051921,"T","C",0.866265,0.0274766,-0.0403517,0.239611,"outcome",TRUE,"reported","w9SlTX","textfile"
"rs10458721",10,48697502,"A","G",0.180597,0.563848,-0.106727,0.0797116,"outcome",TRUE,"reported","w9SlTX","textfile"
"rs10471169",4,167707172,"T","C",0.822148,0.0409077,0.0449836,0.20012,"outcome",TRUE,"reported","w9SlTX","textfile"
"rs10749553",10,87580449,"G","A",0.699066,0.670658,-0.0325843,0.0842882,"outcome",TRUE,"reported","w9SlTX","textfile"
"rs10977627",9,9273681,"T","C",0.960665,0.0175478,0.0146039,0.296113,"outcome",TRUE,"reported","w9SlTX","textfile"
"rs10984575",9,119513810,"A","C",0.733567,0.143896,0.0382193,0.112283,"outcome",TRUE,"reported","w9SlTX","textfile"
"rs11256026",10,9012726,"G","A",0.848456,0.386222,0.0154908,0.0810663,"outcome",TRUE,"reported","w9SlTX","textfile"
"rs1164673",11,49306804,"C","G",0.364902,0.394962,-0.0734657,0.0810821,"outcome",TRUE,"reported","w9SlTX","textfile"
"rs12005082",9,7904849,"A","T",0.659687,0.166862,0.0469695,0.106665,"outcome",TRUE,"reported","w9SlTX","textfile"
"rs12075728",1,191686051,"G","T",0.0437049,0.119092,-0.245865,0.121902,"outcome",TRUE,"reported","w9SlTX","textfile"
"rs16832600",1,235423061,"T","C",0.614884,0.0301774,-0.119149,0.236823,"outcome",TRUE,"reported","w9SlTX","textfile"
"rs16862165",3,149696659,"C","T",0.992625,0.0205584,0.00259818,0.281091,"outcome",TRUE,"reported","w9SlTX","textfile"
"rs17682068",8,118386016,"G","A",0.919538,0.0836127,0.0142973,0.141536,"outcome",TRUE,"reported","w9SlTX","textfile"
"rs400214",1,158201288,"C","T",0.903043,0.943942,0.0208705,0.171326,"outcome",TRUE,"reported","w9SlTX","textfile"
"rs7701675",5,171787660,"G","A",0.500662,0.0184079,0.199794,0.296674,"outcome",TRUE,"reported","w9SlTX","textfile"
"rs8178289",17,58242569,"C","A",0.377477,0.166934,0.0931228,0.105515,"outcome",TRUE,"reported","w9SlTX","textfile"
"rs9453415",6,65812958,"A","G",0.338641,0.0117165,-0.349832,0.365606,"outcome",TRUE,"reported","w9SlTX","textfile"
