"SNP","chr.outcome","pos.outcome","effect_allele.outcome","other_allele.outcome","pval.outcome","eaf.outcome","beta.outcome","se.outcome","outcome","mr_keep.outcome","pval_origin.outcome","id.outcome","data_source.outcome"
"rs11061416",12,131257697,"G","A",0.254745,0.290442,0.100317,0.0880826,"outcome",TRUE,"reported","Z2qXzR","textfile"
"rs11618222",13,25725511,"T","C",0.551781,0.256153,-0.0538547,0.0904978,"outcome",TRUE,"reported","Z2qXzR","textfile"
"rs11724197",4,167845783,"G","A",0.154265,0.113329,0.17776,0.124776,"outcome",TRUE,"reported","Z2qXzR","textfile"
"rs12507784",4,136586531,"A","G",0.574069,0.22324,-0.0534088,0.0950218,"outcome",TRUE,"reported","Z2qXzR","textfile"
"rs12866131",13,71206979,"A","C",0.435755,0.239363,-0.0722977,0.0927627,"outcome",TRUE,"reported","Z2qXzR","textfile"
"rs13102848",4,106644143,"G","C",0.3106,0.160971,-0.109254,0.107749,"outcome",TRUE,"reported","Z2qXzR","textfile"
"rs17011367",2,75464396,"C","T",0.527179,0.25933,-0.0571241,0.0903409,"outcome",TRUE,"reported","Z2qXzR","textfile"
"rs17086746",4,56393833,"T","C",0.570703,0.0296507,0.131038,0.231101,"outcome",TRUE,"reported","Z2qXzR","textfile"
"rs17131975",5,139248002,"A","G",0.471257,0.0301727,0.167059,0.231885,"outcome",TRUE,"reported","Z2qXzR","textfile"
"rs2643891",1,2360913,"A","G",0.248882,0.25601,-0.104224,0.0903886,"outcome",TRUE,"reported","Z2qXzR","textfile"
"rs2907828",5,57606328,"C","G",0.527817,0.157415,0.0690266,0.109333,"outcome",TRUE,"reported","Z2qXzR","textfile"
"rs338526",15,85718609,"T","C",0.956025,0.673252,0.00467309,0.0847461,"outcome",TRUE,"reported","Z2qXzR","textfile"
"rs6743210",2,235063573,"T","C",0.625917,0.680047,0.0425789,0.0873448,"outcome",TRUE,"reported","Z2qXzR","textfile"
"rs6896132",5,131437868,"C","G",0.534414,0.35395,0.0513946,0.0827235,"outcome",TRUE,"reported","Z2qXzR","textfile"
"rs7861435",9,129208929,"G","C",0.961203,0.2725,-0.00431324,0.0886692,"outcome",TRUE,"reported","Z2qXzR","textfile"
"rs884870",15,87246438,"C","G",0.52445,0.0476282,-0.11875,0.186566,"outcome",TRUE,"reported","Z2qXzR","textfile"
