"SNP","chr.outcome","pos.outcome","effect_allele.outcome","other_allele.outcome","pval.outcome","eaf.outcome","beta.outcome","se.outcome","outcome","mr_keep.outcome","pval_origin.outcome","id.outcome","data_source.outcome"
"rs10163969",18,9067441,"T","G",0.0531704,0.119917,0.23706,0.122604,"outcome",TRUE,"reported","Hp5Bxy","textfile"
"rs10245705",7,26090052,"T","C",0.242424,0.0146742,0.394139,0.337174,"outcome",TRUE,"reported","Hp5Bxy","textfile"
"rs10935814",3,150635086,"A","G",0.9326,0.111746,0.0106426,0.125839,"outcome",TRUE,"reported","Hp5Bxy","textfile"
"rs11145330",9,69118687,"C","A",0.676737,0.150433,-0.0460181,0.110376,"outcome",TRUE,"reported","Hp5Bxy","textfile"
"rs11992435",8,80613848,"G","A",0.879336,0.0451166,-0.0296586,0.195365,"outcome",TRUE,"reported","Hp5Bxy","textfile"
"rs1404410",7,124608896,"G","C",0.904647,0.196544,0.0119272,0.099565,"outcome",TRUE,"reported","Hp5Bxy","textfile"
"rs1532701",16,55664115,"A","G",0.313958,0.549274,0.080023,0.0794705,"outcome",TRUE,"reported","Hp5Bxy","textfile"
"rs2074731",22,30337925,"A","C",0.415267,0.183295,-0.0828052,0.101644,"outcome",TRUE,"reported","Hp5Bxy","textfile"
"rs261342",15,58438954,"C","G",0.116671,0.776971,0.150061,0.0956474,"outcome",TRUE,"reported","Hp5Bxy","textfile"
"rs7238006",18,34347934,"C","T",0.863021,0.139151,-0.0197487,0.114466,"outcome",TRUE,"reported","Hp5Bxy","textfile"
"rs7930821",11,19121148,"T","C",0.527925,0.0104357,-0.247888,0.392738,"outcome",TRUE,"reported","Hp5Bxy","textfile"
