"SNP","chr.outcome","pos.outcome","effect_allele.outcome","other_allele.outcome","pval.outcome","eaf.outcome","beta.outcome","se.outcome","outcome","mr_keep.outcome","pval_origin.outcome","id.outcome","data_source.outcome"
"rs10004130",4,83743190,"G","A",0.225187,0.40143,0.0981738,0.0809447,"outcome",TRUE,"reported","P8fyLW","textfile"
"rs10122824",9,136218015,"G","T",0.60344,0.646491,0.0429166,0.0826179,"outcome",TRUE,"reported","P8fyLW","textfile"
"rs10416031",19,1095152,"G","A",0.400302,0.728518,0.0749457,0.0891063,"outcome",TRUE,"reported","P8fyLW","textfile"
"rs10496826",2,139717203,"A","G",0.828738,0.364297,-0.0178269,0.0824098,"outcome",TRUE,"reported","P8fyLW","textfile"
"rs11023380",11,14908512,"G","A",0.28122,0.404843,-0.0871595,0.0808843,"outcome",TRUE,"reported","P8fyLW","textfile"
"rs1113643",2,29316670,"C","T",0.199326,0.735967,-0.115426,0.0899325,"outcome",TRUE,"reported","P8fyLW","textfile"
"rs11170032",12,52175128,"C","T",0.450831,0.304189,0.0649576,0.0861473,"outcome",TRUE,"reported","P8fyLW","textfile"
"rs11650615",17,48046336,"G","C",0.510988,0.341798,-0.0549273,0.0835651,"outcome",TRUE,"reported","P8fyLW","textfile"
"rs1280717",6,54632930,"G","A",0.101418,0.717107,0.143431,0.087564,"outcome",TRUE,"reported","P8fyLW","textfile"
"rs13164411",5,106041937,"C","T",0.00365965,0.230018,-0.276928,0.0952921,"outcome",TRUE,"reported","P8fyLW","textfile"
"rs1538330",6,715684,"T","G",0.664733,0.0171651,0.135057,0.311629,"outcome",TRUE,"reported","P8fyLW","textfile"
"rs1556880",6,150294691,"C","T",0.0122673,0.701478,0.21626,0.0863533,"outcome",TRUE,"reported","P8fyLW","textfile"
"rs1604290",18,4946423,"A","C",0.140332,0.449262,-0.117415,0.0796275,"outcome",TRUE,"reported","P8fyLW","textfile"
"rs164742",16,89691317,"G","A",0.701572,0.585015,-0.0309079,0.0806574,"outcome",TRUE,"reported","P8fyLW","textfile"
"rs1812125",18,46558798,"G","T",0.890849,0.152749,-0.0151187,0.11017,"outcome",TRUE,"reported","P8fyLW","textfile"
"rs2055056",8,95265842,"C","T",0.210737,0.0185348,0.369687,0.295385,"outcome",TRUE,"reported","P8fyLW","textfile"
"rs2144834",14,94307297,"A","G",0.035678,0.259185,-0.189645,0.0902825,"outcome",TRUE,"reported","P8fyLW","textfile"
"rs2252585",21,34869632,"C","T",0.219148,0.247967,-0.113487,0.0923562,"outcome",TRUE,"reported","P8fyLW","textfile"
"rs2290156",2,11193082,"C","G",0.014846,0.322076,0.205491,0.0843521,"outcome",TRUE,"reported","P8fyLW","textfile"
"rs2374393",2,42187417,"C","G",0.111825,0.511151,-0.126306,0.0794357,"outcome",TRUE,"reported","P8fyLW","textfile"
"rs2604548",4,15088829,"T","C",0.790673,0.730362,-0.0237152,0.0893442,"outcome",TRUE,"reported","P8fyLW","textfile"
"rs304171",3,62795134,"C","T",0.826862,0.90255,-0.0291198,0.133133,"outcome",TRUE,"reported","P8fyLW","textfile"
"rs3813810",1,4028279,"A","C",0.974627,0.125508,-0.00377651,0.118738,"outcome",TRUE,"reported","P8fyLW","textfile"
"rs4443239",4,169341881,"G","T",0.266885,0.164452,0.119044,0.107221,"outcome",TRUE,"reported","P8fyLW","textfile"
"rs4687937",3,118703398,"C","T",0.859996,0.567036,-0.014084,0.0798505,"outcome",TRUE,"reported","P8fyLW","textfile"
"rs4923082",11,23266750,"T","C",0.433296,0.214887,-0.0752983,0.0960973,"outcome",TRUE,"reported","P8fyLW","textfile"
"rs604388",1,177908844,"C","T",0.0382772,0.33568,-0.17368,0.0838272,"outcome",TRUE,"reported","P8fyLW","textfile"
"rs6500864",16,6888131,"A","G",0.681474,0.31178,0.0350654,0.0854307,"outcome",TRUE,"reported","P8fyLW","textfile"
"rs721399",8,18401856,"T","C",0.752182,0.681483,-0.0266994,0.0845554,"outcome",TRUE,"reported","P8fyLW","textfile"
"rs7228099",18,25206514,"T","C",0.610988,0.383787,-0.0413017,0.0811965,"outcome",TRUE,"reported","P8fyLW","textfile"
"rs7943587",11,16793084,"A","C",0.561383,0.187741,-0.0586961,0.101063,"outcome",TRUE,"reported","P8fyLW","textfile"
"rs890984",5,479425,"G","A",0.993415,0.917269,-0.00119293,0.144553,"outcome",TRUE,"reported","P8fyLW","textfile"
"rs9354329",6,65890291,"C","T",0.448762,0.364368,-0.062154,0.0820536,"outcome",TRUE,"reported","P8fyLW","textfile"
"rs9940567",16,62251774,"C","T",0.481377,0.192246,-0.0705389,0.100184,"outcome",TRUE,"reported","P8fyLW","textfile"
