"SNP","chr.outcome","pos.outcome","effect_allele.outcome","other_allele.outcome","pval.outcome","eaf.outcome","beta.outcome","se.outcome","outcome","mr_keep.outcome","pval_origin.outcome","id.outcome","data_source.outcome"
"rs11141909",9,87603937,"A","C",0.661185,0.0800393,0.0646701,0.147555,"outcome",TRUE,"reported","ngrgnh","textfile"
"rs12052900",2,201890453,"G","A",0.449664,0.023838,0.197373,0.261085,"outcome",TRUE,"reported","ngrgnh","textfile"
"rs1577941",10,8386246,"A","G",0.432689,0.16276,-0.0841909,0.107305,"outcome",TRUE,"reported","ngrgnh","textfile"
"rs16887484",5,57859481,"G","A",0.0796691,0.0928878,0.240703,0.13734,"outcome",TRUE,"reported","ngrgnh","textfile"
"rs16933423",8,67598161,"G","A",0.299224,0.0199947,0.289232,0.278617,"outcome",TRUE,"reported","ngrgnh","textfile"
"rs17224277",2,181475717,"A","G",0.122762,0.0591958,0.259554,0.168183,"outcome",TRUE,"reported","ngrgnh","textfile"
"rs2257243",21,28016306,"A","G",0.0125901,0.655704,0.20812,0.0834095,"outcome",TRUE,"reported","ngrgnh","textfile"
"rs2846365",11,102701161,"G","A",0.647758,0.494952,0.0360784,0.0789672,"outcome",TRUE,"reported","ngrgnh","textfile"
"rs4661299",1,14702764,"G","T",0.253435,0.530637,0.0905988,0.0793302,"outcome",TRUE,"reported","ngrgnh","textfile"
"rs4948051",7,55620407,"T","C",0.625972,0.203169,0.0478497,0.0981725,"outcome",TRUE,"reported","ngrgnh","textfile"
"rs7137298",12,101207379,"C","G",0.164702,0.243754,-0.129139,0.0929442,"outcome",TRUE,"reported","ngrgnh","textfile"
"rs7438272",4,95553417,"T","C",0.250959,0.212877,0.112521,0.0980131,"outcome",TRUE,"reported","ngrgnh","textfile"
"rs9353315",6,85440220,"G","A",0.814793,0.112149,-0.0293968,0.125495,"outcome",TRUE,"reported","ngrgnh","textfile"
