"SNP","chr.outcome","pos.outcome","effect_allele.outcome","other_allele.outcome","pval.outcome","eaf.outcome","beta.outcome","se.outcome","outcome","mr_keep.outcome","pval_origin.outcome","id.outcome","data_source.outcome"
"rs10919047",1,169064261,"A","C",0.214562,0.0941267,-0.168405,0.135688,"outcome",TRUE,"reported","p7DcvN","textfile"
"rs11719633",3,20361389,"A","G",0.956398,0.0615915,0.00901099,0.164813,"outcome",TRUE,"reported","p7DcvN","textfile"
"rs12544560",8,21510940,"A","G",0.0588789,0.0922565,0.255534,0.135268,"outcome",TRUE,"reported","p7DcvN","textfile"
"rs13212846",6,50333387,"C","A",0.906894,0.0409087,-0.0232375,0.198683,"outcome",TRUE,"reported","p7DcvN","textfile"
"rs1350858",3,110155780,"C","A",0.107002,0.858661,-0.183266,0.113702,"outcome",TRUE,"reported","p7DcvN","textfile"
"rs1395",2,27201768,"A","G",0.935422,0.70265,0.0070127,0.0865496,"outcome",TRUE,"reported","p7DcvN","textfile"
"rs17049936",2,59119677,"C","T",0.460963,0.172172,-0.0769947,0.104433,"outcome",TRUE,"reported","p7DcvN","textfile"
"rs17082600",13,25654176,"T","C",0.435909,0.00745995,-0.366518,0.470425,"outcome",TRUE,"reported","p7DcvN","textfile"
"rs17751805",14,64567645,"G","A",0.612386,0.0420377,-0.098874,0.195144,"outcome",TRUE,"reported","p7DcvN","textfile"
"rs1975271",16,9403806,"T","C",0.466677,0.583931,0.0583526,0.0801661,"outcome",TRUE,"reported","p7DcvN","textfile"
"rs2173615",3,191955788,"T","G",0.195572,0.394351,0.104917,0.0810631,"outcome",TRUE,"reported","p7DcvN","textfile"
"rs248063",5,127164516,"T","A",0.688521,0.405362,-0.0322635,0.0804853,"outcome",TRUE,"reported","p7DcvN","textfile"
"rs2526477",17,20227880,"G","A",0.219538,0.481069,-0.0972556,0.079214,"outcome",TRUE,"reported","p7DcvN","textfile"
"rs271072",5,145153263,"C","A",0.875132,0.73302,0.0140765,0.0895773,"outcome",TRUE,"reported","p7DcvN","textfile"
"rs2967437",19,36595743,"A","G",0.728058,0.700265,0.0301592,0.0867368,"outcome",TRUE,"reported","p7DcvN","textfile"
"rs3949865",1,183961672,"G","C",0.0285983,0.36131,0.180732,0.0825645,"outcome",TRUE,"reported","p7DcvN","textfile"
"rs4269521",8,131346302,"A","G",0.829909,0.829617,0.0228458,0.10635,"outcome",TRUE,"reported","p7DcvN","textfile"
"rs4746017",10,70015116,"C","A",0.210182,0.237663,0.116321,0.0928295,"outcome",TRUE,"reported","p7DcvN","textfile"
"rs6034318",20,15883354,"A","G",0.444012,0.0297201,-0.177559,0.231971,"outcome",TRUE,"reported","p7DcvN","textfile"
"rs6078500",20,201372,"C","T",0.0804804,0.49356,0.137942,0.0789184,"outcome",TRUE,"reported","p7DcvN","textfile"
"rs6774965",3,27507322,"G","A",0.920399,0.164875,-0.0106692,0.106765,"outcome",TRUE,"reported","p7DcvN","textfile"
"rs6848070",4,126941659,"A","G",0.0969371,0.500568,0.131598,0.0792809,"outcome",TRUE,"reported","p7DcvN","textfile"
"rs7009776",8,89360962,"C","T",0.28556,0.646553,0.0883998,0.0827782,"outcome",TRUE,"reported","p7DcvN","textfile"
"rs7166370",15,60666890,"C","G",0.0348041,0.452463,-0.16826,0.07972,"outcome",TRUE,"reported","p7DcvN","textfile"
"rs7458704",7,67957106,"G","T",0.288002,0.0370565,-0.221422,0.208395,"outcome",TRUE,"reported","p7DcvN","textfile"
"rs7574257",2,105371990,"C","T",0.445887,0.640218,-0.0628597,0.0824616,"outcome",TRUE,"reported","p7DcvN","textfile"
"rs8065435",17,58080256,"A","G",0.219996,0.392682,-0.0995349,0.0811511,"outcome",TRUE,"reported","p7DcvN","textfile"
"rs9365106",6,159861802,"A","G",0.022895,0.588303,0.182847,0.0803659,"outcome",TRUE,"reported","p7DcvN","textfile"
