"SNP","chr.outcome","pos.outcome","effect_allele.outcome","other_allele.outcome","pval.outcome","eaf.outcome","beta.outcome","se.outcome","outcome","mr_keep.outcome","pval_origin.outcome","id.outcome","data_source.outcome"
"rs10039731",5,111428554,"G","A",0.918221,0.385156,-0.0083709,0.0815282,"outcome",TRUE,"reported","XJIN0B","textfile"
"rs11036901",11,42465879,"A","G",0.598625,0.296451,0.0454451,0.0863355,"outcome",TRUE,"reported","XJIN0B","textfile"
"rs11193635",10,107708493,"C","T",0.769749,0.294308,-0.0255988,0.0874566,"outcome",TRUE,"reported","XJIN0B","textfile"
"rs11589855",1,154783367,"T","C",0.378033,0.45575,-0.0701391,0.0795655,"outcome",TRUE,"reported","XJIN0B","textfile"
"rs11731117",4,14871113,"G","A",0.618053,0.378944,0.0407849,0.0817972,"outcome",TRUE,"reported","XJIN0B","textfile"
"rs11857879",15,94666024,"T","G",0.0428085,0.204799,-0.197279,0.0973941,"outcome",TRUE,"reported","XJIN0B","textfile"
"rs11978728",7,38710771,"A","T",0.223219,0.739067,-0.110546,0.090759,"outcome",TRUE,"reported","XJIN0B","textfile"
"rs12466053",2,35710151,"A","G",0.41351,0.376844,-0.0680486,0.0832162,"outcome",TRUE,"reported","XJIN0B","textfile"
"rs12862464",13,74367879,"T","C",0.90075,0.110549,-0.0156861,0.125777,"outcome",TRUE,"reported","XJIN0B","textfile"
"rs12940605",17,12752115,"C","A",0.812686,0.359532,0.0196076,0.0827458,"outcome",TRUE,"reported","XJIN0B","textfile"
"rs13393013",2,195509187,"A","G",0.32525,0.0345914,0.212627,0.216144,"outcome",TRUE,"reported","XJIN0B","textfile"
"rs1487052",4,111199584,"T","C",0.418308,0.341429,-0.067442,0.0833275,"outcome",TRUE,"reported","XJIN0B","textfile"
"rs1530439",10,61886200,"T","G",0.222438,0.296606,0.10577,0.0866916,"outcome",TRUE,"reported","XJIN0B","textfile"
"rs16942446",15,88898125,"A","G",0.111221,0.0374406,-0.329137,0.206649,"outcome",TRUE,"reported","XJIN0B","textfile"
"rs16990450",19,417714,"T","C",0.359401,0.0960552,-0.122256,0.133393,"outcome",TRUE,"reported","XJIN0B","textfile"
"rs1998873",13,92103780,"T","A",0.643333,0.470481,-0.0366672,0.0791872,"outcome",TRUE,"reported","XJIN0B","textfile"
"rs2069151",1,210543803,"G","A",0.813713,0.263747,-0.0212186,0.090047,"outcome",TRUE,"reported","XJIN0B","textfile"
"rs2140495",7,79704070,"T","C",0.887317,0.0594919,0.0241189,0.170211,"outcome",TRUE,"reported","XJIN0B","textfile"
"rs2255059",18,50801633,"C","T",0.761011,0.454841,-0.0243069,0.0799169,"outcome",TRUE,"reported","XJIN0B","textfile"
"rs2304767",13,110687995,"A","G",0.0446036,0.306538,0.172638,0.0859592,"outcome",TRUE,"reported","XJIN0B","textfile"
"rs2423542",20,11113861,"A","G",0.0820635,0.875613,0.21392,0.123025,"outcome",TRUE,"reported","XJIN0B","textfile"
"rs2491274",1,87787866,"A","G",0.904222,0.978468,-0.0333063,0.276793,"outcome",TRUE,"reported","XJIN0B","textfile"
"rs287276",5,56429784,"G","A",0.981993,0.623843,0.00184403,0.0817002,"outcome",TRUE,"reported","XJIN0B","textfile"
"rs369895",8,142821875,"A","G",0.151324,0.502576,0.115052,0.0801831,"outcome",TRUE,"reported","XJIN0B","textfile"
"rs4327548",4,57133102,"A","G",0.420489,0.330586,0.0680825,0.0845145,"outcome",TRUE,"reported","XJIN0B","textfile"
"rs4333677",9,72129354,"A","G",0.251079,0.595457,0.0924293,0.0805321,"outcome",TRUE,"reported","XJIN0B","textfile"
"rs4680878",3,30152052,"G","T",0.646845,0.386397,-0.0373745,0.0815772,"outcome",TRUE,"reported","XJIN0B","textfile"
"rs4789698",17,82221910,"T","C",0.762725,0.468674,0.0239207,0.079233,"outcome",TRUE,"reported","XJIN0B","textfile"
"rs4930046",11,2175918,"A","G",0.0119336,0.528267,0.199186,0.0792277,"outcome",TRUE,"reported","XJIN0B","textfile"
"rs6112257",20,19214675,"G","A",0.0139859,0.290406,-0.214827,0.0874126,"outcome",TRUE,"reported","XJIN0B","textfile"
"rs6441206",3,158523282,"A","G",0.175419,0.446139,-0.1079,0.0796309,"outcome",TRUE,"reported","XJIN0B","textfile"
"rs6765113",3,196143290,"T","C",0.863745,0.605704,-0.0139029,0.0810151,"outcome",TRUE,"reported","XJIN0B","textfile"
"rs696979",1,208385202,"C","T",0.734573,0.306133,-0.0290951,0.0858139,"outcome",TRUE,"reported","XJIN0B","textfile"
"rs6973824",7,134578860,"A","G",0.350866,0.305395,-0.0801636,0.0859283,"outcome",TRUE,"reported","XJIN0B","textfile"
"rs7011528",8,124255998,"A","C",0.987975,0.454863,0.00119738,0.0794438,"outcome",TRUE,"reported","XJIN0B","textfile"
"rs853907",10,118312034,"T","C",0.813651,0.338558,0.01999,0.0848043,"outcome",TRUE,"reported","XJIN0B","textfile"
"rs891531",2,67760689,"G","T",0.228178,0.743522,0.109058,0.0905,"outcome",TRUE,"reported","XJIN0B","textfile"
"rs9563502",13,57370222,"G","A",0.898151,0.409712,-0.0102928,0.080414,"outcome",TRUE,"reported","XJIN0B","textfile"
"rs9852606",3,68417004,"C","G",0.150662,0.408526,-0.115514,0.0803745,"outcome",TRUE,"reported","XJIN0B","textfile"
