"SNP","chr.outcome","pos.outcome","effect_allele.outcome","other_allele.outcome","pval.outcome","eaf.outcome","beta.outcome","se.outcome","outcome","mr_keep.outcome","pval_origin.outcome","id.outcome","data_source.outcome"
"rs10050054",4,177726152,"T","C",0.304601,0.994238,-0.534617,0.520756,"outcome",TRUE,"reported","97hGXq","textfile"
"rs10181551",2,27054406,"A","G",0.0720643,0.274674,-0.159261,0.0885416,"outcome",TRUE,"reported","97hGXq","textfile"
"rs12552913",9,29986141,"A","T",0.082211,0.363075,0.14295,0.0822497,"outcome",TRUE,"reported","97hGXq","textfile"
"rs1440581",4,88305270,"C","T",0.412149,0.488603,0.0657102,0.0801229,"outcome",TRUE,"reported","97hGXq","textfile"
"rs2373642",7,149983100,"A","G",0.107885,0.0321284,0.363068,0.225821,"outcome",TRUE,"reported","97hGXq","textfile"
"rs3762466",2,132436584,"C","T",0.572045,0.306425,-0.0483686,0.0856016,"outcome",TRUE,"reported","97hGXq","textfile"
