"SNP","chr.outcome","pos.outcome","effect_allele.outcome","other_allele.outcome","pval.outcome","eaf.outcome","beta.outcome","se.outcome","outcome","mr_keep.outcome","pval_origin.outcome","id.outcome","data_source.outcome"
"rs10092877",8,88811446,"C","T",0.848535,0.680887,0.0162063,0.0848552,"outcome",TRUE,"reported","pUjc3P","textfile"
"rs10153405",18,43690707,"A","G",0.13349,0.605323,-0.12186,0.0812139,"outcome",TRUE,"reported","pUjc3P","textfile"
"rs10266726",7,3106447,"T","C",0.368495,0.437201,-0.0717196,0.0797509,"outcome",TRUE,"reported","pUjc3P","textfile"
"rs10492225",12,96067528,"C","T",0.236722,0.157354,-0.129519,0.109463,"outcome",TRUE,"reported","pUjc3P","textfile"
"rs10740323",10,69742436,"C","T",0.156925,0.580942,0.113242,0.0800016,"outcome",TRUE,"reported","pUjc3P","textfile"
"rs10848196",12,130741664,"G","A",0.662856,0.439621,-0.034687,0.0795623,"outcome",TRUE,"reported","pUjc3P","textfile"
"rs12953375",18,78156505,"T","A",0.253975,0.194744,0.114439,0.10032,"outcome",TRUE,"reported","pUjc3P","textfile"
"rs13002121",2,77118976,"G","A",0.199754,0.29291,0.111299,0.0867998,"outcome",TRUE,"reported","pUjc3P","textfile"
"rs13083714",3,6067587,"C","T",0.782125,0.484506,0.0217951,0.0788103,"outcome",TRUE,"reported","pUjc3P","textfile"
"rs13109093",4,148061988,"C","A",0.221683,0.368212,-0.100943,0.0826,"outcome",TRUE,"reported","pUjc3P","textfile"
"rs13281311",8,28023867,"A","T",0.187605,0.57897,-0.105602,0.0801416,"outcome",TRUE,"reported","pUjc3P","textfile"
"rs17002476",22,23553438,"T","C",0.0972008,0.196614,-0.164599,0.0992409,"outcome",TRUE,"reported","pUjc3P","textfile"
"rs17287933",13,21849786,"T","C",0.221913,0.480427,-0.0969173,0.0793455,"outcome",TRUE,"reported","pUjc3P","textfile"
"rs17520583",10,90487480,"A","G",0.202944,0.237957,0.117894,0.0925961,"outcome",TRUE,"reported","pUjc3P","textfile"
"rs17739107",6,93349914,"G","A",0.0876052,0.0320242,0.384846,0.225298,"outcome",TRUE,"reported","pUjc3P","textfile"
"rs1836862",3,104823393,"C","A",0.615413,0.367048,0.0413275,0.0822665,"outcome",TRUE,"reported","pUjc3P","textfile"
"rs1866411",2,147511206,"C","A",0.351503,0.658194,0.0777767,0.0834802,"outcome",TRUE,"reported","pUjc3P","textfile"
"rs1889463",1,106111000,"C","T",0.0339242,0.359324,0.17587,0.0829194,"outcome",TRUE,"reported","pUjc3P","textfile"
"rs203591",14,27305738,"C","T",0.253424,0.622341,-0.0931167,0.0815332,"outcome",TRUE,"reported","pUjc3P","textfile"
"rs2073805",11,3339857,"C","T",0.468253,0.672904,-0.0623654,0.0859828,"outcome",TRUE,"reported","pUjc3P","textfile"
"rs2291199",4,1250479,"G","A",0.228918,0.506819,-0.0953359,0.0792386,"outcome",TRUE,"reported","pUjc3P","textfile"
"rs269194",8,74708531,"C","A",0.553516,0.516721,0.0468646,0.0790963,"outcome",TRUE,"reported","pUjc3P","textfile"
"rs4618485",6,72846194,"G","A",0.655783,0.412184,-0.0359505,0.080653,"outcome",TRUE,"reported","pUjc3P","textfile"
"rs498266",9,76692003,"A","G",0.218876,0.519953,-0.0975117,0.0793087,"outcome",TRUE,"reported","pUjc3P","textfile"
"rs6051643",20,3205300,"A","G",0.127662,0.963767,-0.322309,0.211574,"outcome",TRUE,"reported","pUjc3P","textfile"
"rs630782",11,107326810,"T","C",0.669044,0.469595,-0.0338787,0.0792559,"outcome",TRUE,"reported","pUjc3P","textfile"
"rs676094",1,28758177,"G","A",0.193145,0.566814,-0.103508,0.0795404,"outcome",TRUE,"reported","pUjc3P","textfile"
"rs6860349",5,2133298,"A","G",0.782245,0.359594,-0.0231777,0.0838573,"outcome",TRUE,"reported","pUjc3P","textfile"
"rs8006663",14,68704286,"G","A",0.11232,0.488285,0.125501,0.0790383,"outcome",TRUE,"reported","pUjc3P","textfile"
"rs8079173",17,72079655,"A","G",0.0990604,0.231369,-0.155786,0.0944484,"outcome",TRUE,"reported","pUjc3P","textfile"
"rs864428",7,137240724,"T","C",0.856422,0.410843,0.0145251,0.0802799,"outcome",TRUE,"reported","pUjc3P","textfile"
"rs9607028",22,33236126,"T","G",0.121337,0.402439,-0.124657,0.080466,"outcome",TRUE,"reported","pUjc3P","textfile"
"rs989248",5,39526340,"G","A",0.2485,0.2429,0.106813,0.0925588,"outcome",TRUE,"reported","pUjc3P","textfile"
"rs990054",21,24061991,"T","C",0.696404,0.613969,-0.031693,0.0812267,"outcome",TRUE,"reported","pUjc3P","textfile"
"rs9997602",4,179011271,"A","C",0.0574447,0.536988,-0.150988,0.079471,"outcome",TRUE,"reported","pUjc3P","textfile"
