"SNP","chr.outcome","pos.outcome","effect_allele.outcome","other_allele.outcome","pval.outcome","eaf.outcome","beta.outcome","se.outcome","outcome","mr_keep.outcome","pval_origin.outcome","id.outcome","data_source.outcome"
"rs11167905",5,145527283,"C","T",0.00356254,0.124594,0.31193,0.107027,"outcome",TRUE,"reported","daEy7z","textfile"
"rs13069990",3,115901954,"T","C",0.786209,0.373032,0.0221925,0.0818194,"outcome",TRUE,"reported","daEy7z","textfile"
"rs13103690",4,9971154,"G","T",0.923159,0.441881,-0.0077055,0.079887,"outcome",TRUE,"reported","daEy7z","textfile"
"rs2070006",4,154592714,"C","T",0.861227,0.539574,-0.0138594,0.0792819,"outcome",TRUE,"reported","daEy7z","textfile"
"rs577596",22,25535639,"A","G",0.852592,0.423755,0.014905,0.0802152,"outcome",TRUE,"reported","daEy7z","textfile"
"rs6713914",2,59295906,"C","T",0.47869,0.433347,0.0567413,0.0800966,"outcome",TRUE,"reported","daEy7z","textfile"
"rs6826474",4,95728969,"T","C",0.348906,0.0194094,0.268421,0.286557,"outcome",TRUE,"reported","daEy7z","textfile"
"rs6834631",4,121394510,"G","T",0.595141,0.0201211,0.150843,0.28386,"outcome",TRUE,"reported","daEy7z","textfile"
"rs7112460",11,125881964,"T","C",0.73555,0.0478683,-0.0615466,0.182224,"outcome",TRUE,"reported","daEy7z","textfile"
"rs8057559",16,73283273,"T","C",0.154296,0.0268489,0.349139,0.245093,"outcome",TRUE,"reported","daEy7z","textfile"
"rs808686",20,19736491,"A","G",0.900396,0.60521,0.0101811,0.0813442,"outcome",TRUE,"reported","daEy7z","textfile"
"rs8105491",19,20293179,"T","G",0.816933,0.177225,-0.0239871,0.10362,"outcome",TRUE,"reported","daEy7z","textfile"
"rs9419004",10,133101018,"C","G",0.0787281,0.239405,-0.163874,0.0932103,"outcome",TRUE,"reported","daEy7z","textfile"
"rs9606290",22,20230714,"A","G",0.947107,0.166365,-0.00706572,0.106507,"outcome",TRUE,"reported","daEy7z","textfile"
