"SNP","chr.outcome","pos.outcome","effect_allele.outcome","other_allele.outcome","pval.outcome","eaf.outcome","beta.outcome","se.outcome","outcome","mr_keep.outcome","pval_origin.outcome","id.outcome","data_source.outcome"
"rs10514491",16,80281366,"C","T",0.634416,0.282446,0.0417526,0.0878041,"outcome",TRUE,"reported","JK9yIY","textfile"
"rs11196097",10,112766434,"A","G",0.859419,0.0696334,-0.0275247,0.155407,"outcome",TRUE,"reported","JK9yIY","textfile"
"rs11664190",18,76395964,"C","T",0.109956,0.339348,-0.133308,0.0834013,"outcome",TRUE,"reported","JK9yIY","textfile"
"rs11724216",4,174038671,"T","A",0.660002,0.487093,0.0348119,0.0791338,"outcome",TRUE,"reported","JK9yIY","textfile"
"rs12026398",1,30393237,"C","T",0.00956445,0.163428,-0.284495,0.109793,"outcome",TRUE,"reported","JK9yIY","textfile"
"rs12136055",1,33454773,"T","C",0.639139,0.00446322,0.287739,0.613642,"outcome",TRUE,"reported","JK9yIY","textfile"
"rs12586821",14,74402341,"T","C",0.151103,0.126939,-0.17095,0.119075,"outcome",TRUE,"reported","JK9yIY","textfile"
"rs13380271",15,87955954,"T","C",0.990467,0.383309,0.000972373,0.0813792,"outcome",TRUE,"reported","JK9yIY","textfile"
"rs1391933",3,2961667,"T","G",0.33449,0.436793,-0.0768312,0.0796088,"outcome",TRUE,"reported","JK9yIY","textfile"
"rs1530919",11,120035199,"A","G",0.479143,0.307146,0.0604772,0.0854582,"outcome",TRUE,"reported","JK9yIY","textfile"
"rs1549556",1,80392809,"T","C",0.303333,0.338688,0.0857649,0.0833225,"outcome",TRUE,"reported","JK9yIY","textfile"
"rs1576171",9,15981146,"T","A",0.59415,0.355985,0.0439256,0.082438,"outcome",TRUE,"reported","JK9yIY","textfile"
"rs17169194",7,7641066,"C","A",0.594081,0.0975327,-0.071295,0.133779,"outcome",TRUE,"reported","JK9yIY","textfile"
"rs17616891",14,41341097,"T","A",0.348239,0.191643,-0.0946875,0.100945,"outcome",TRUE,"reported","JK9yIY","textfile"
"rs17695897",17,1092626,"T","C",0.5036,0.137495,-0.0762777,0.114046,"outcome",TRUE,"reported","JK9yIY","textfile"
"rs2720692",8,128153357,"A","G",0.394646,0.105234,-0.109886,0.129093,"outcome",TRUE,"reported","JK9yIY","textfile"
"rs2725779",4,139528266,"C","T",0.477623,0.590917,0.0571551,0.0804853,"outcome",TRUE,"reported","JK9yIY","textfile"
"rs2938330",1,114012496,"C","T",0.236872,0.256789,-0.108355,0.0916053,"outcome",TRUE,"reported","JK9yIY","textfile"
"rs3781273",10,93643216,"G","A",0.792978,0.542623,0.0209524,0.079835,"outcome",TRUE,"reported","JK9yIY","textfile"
"rs4436895",2,138821314,"C","G",0.0165783,0.292083,0.208966,0.0872173,"outcome",TRUE,"reported","JK9yIY","textfile"
"rs4483514",10,71950756,"G","T",0.654602,0.634017,0.0366835,0.0819967,"outcome",TRUE,"reported","JK9yIY","textfile"
"rs4812805",20,44224826,"G","C",0.15556,0.178076,-0.147525,0.103878,"outcome",TRUE,"reported","JK9yIY","textfile"
"rs4818244",21,41522634,"C","T",0.956936,0.863921,-0.00623122,0.115395,"outcome",TRUE,"reported","JK9yIY","textfile"
"rs569114",9,14072371,"G","A",0.661177,0.358146,0.0362599,0.0827305,"outcome",TRUE,"reported","JK9yIY","textfile"
"rs6540619",1,210689314,"C","T",0.366077,0.416891,0.0727077,0.0804425,"outcome",TRUE,"reported","JK9yIY","textfile"
"rs6557106",6,150957588,"T","C",0.469645,0.680022,0.0613326,0.0848241,"outcome",TRUE,"reported","JK9yIY","textfile"
"rs6828152",4,165358800,"T","G",0.553078,0.35526,-0.0489572,0.0825368,"outcome",TRUE,"reported","JK9yIY","textfile"
"rs7735310",5,56411048,"G","T",0.684742,0.304004,0.0348602,0.0858624,"outcome",TRUE,"reported","JK9yIY","textfile"
"rs8043217",15,98557532,"A","G",0.45346,0.539294,0.0593659,0.0791904,"outcome",TRUE,"reported","JK9yIY","textfile"
"rs8128639",21,43755690,"A","C",0.733316,0.19519,0.0340508,0.0999381,"outcome",TRUE,"reported","JK9yIY","textfile"
"rs947099",10,30840954,"A","G",0.62876,0.303004,0.0416803,0.0862102,"outcome",TRUE,"reported","JK9yIY","textfile"
"rs9529827",13,70972119,"C","T",0.901103,0.0253242,-0.0310635,0.249973,"outcome",TRUE,"reported","JK9yIY","textfile"
