"SNP","chr.outcome","pos.outcome","effect_allele.outcome","other_allele.outcome","pval.outcome","eaf.outcome","beta.outcome","se.outcome","outcome","mr_keep.outcome","pval_origin.outcome","id.outcome","data_source.outcome"
"rs10490734",2,137254613,"G","A",0.595503,0.220895,-0.0503496,0.0948421,"outcome",TRUE,"reported","35qcuC","textfile"
"rs10844317",12,32721706,"T","G",0.0703882,0.108725,0.229271,0.126711,"outcome",TRUE,"reported","35qcuC","textfile"
"rs11130013",3,43791685,"T","C",0.0786249,0.0934176,0.237281,0.134917,"outcome",TRUE,"reported","35qcuC","textfile"
"rs11741189",5,180116546,"T","C",0.775565,0.146172,0.0318227,0.111618,"outcome",TRUE,"reported","35qcuC","textfile"
"rs1286087",14,90971026,"C","T",0.270571,0.0960181,0.148183,0.134498,"outcome",TRUE,"reported","35qcuC","textfile"
"rs13318012",3,106956097,"C","T",0.571318,0.167308,0.0597216,0.105494,"outcome",TRUE,"reported","35qcuC","textfile"
"rs16953268",16,54252645,"A","C",0.194866,0.0475098,-0.239509,0.184761,"outcome",TRUE,"reported","35qcuC","textfile"
"rs2231142",4,88131171,"T","G",0.0456215,0.0754926,0.299057,0.149613,"outcome",TRUE,"reported","35qcuC","textfile"
"rs233340",5,13592316,"A","G",0.455061,0.119373,0.0917468,0.12282,"outcome",TRUE,"reported","35qcuC","textfile"
"rs235320",21,44857299,"G","A",0.784329,0.120834,-0.0333348,0.1218,"outcome",TRUE,"reported","35qcuC","textfile"
"rs510032",1,226536501,"C","T",0.364243,0.788018,0.0885143,0.0975568,"outcome",TRUE,"reported","35qcuC","textfile"
"rs6731691",2,172467026,"A","G",0.832739,0.150953,-0.0231424,0.109581,"outcome",TRUE,"reported","35qcuC","textfile"
"rs6927639",6,107687814,"G","A",0.166527,0.261685,-0.124617,0.090077,"outcome",TRUE,"reported","35qcuC","textfile"
"rs7906282",10,18794667,"T","G",0.00720361,0.232323,0.232893,0.0866652,"outcome",TRUE,"reported","35qcuC","textfile"
"rs872114",3,68554412,"C","A",0.509343,0.00868033,0.29272,0.443608,"outcome",TRUE,"reported","35qcuC","textfile"
"rs938554",4,9924068,"G","C",0.869811,0.826457,0.0171861,0.104858,"outcome",TRUE,"reported","35qcuC","textfile"
"rs9549021",13,39969356,"C","T",0.629525,0.380867,0.0393205,0.0815107,"outcome",TRUE,"reported","35qcuC","textfile"
"rs9557545",13,100925860,"A","T",0.361659,0.135159,0.107036,0.117337,"outcome",TRUE,"reported","35qcuC","textfile"
