"SNP","chr.outcome","pos.outcome","effect_allele.outcome","other_allele.outcome","pval.outcome","eaf.outcome","beta.outcome","se.outcome","outcome","mr_keep.outcome","pval_origin.outcome","id.outcome","data_source.outcome"
"rs10174534",2,2445999,"A","G",0.873926,0.46216,-0.0126211,0.0795414,"outcome",TRUE,"reported","z0qUzX","textfile"
"rs11736497",4,135900528,"T","C",0.892193,0.0524912,0.0241147,0.177929,"outcome",TRUE,"reported","z0qUzX","textfile"
"rs12587564",14,54107413,"G","A",0.793586,0.927916,0.0403065,0.154044,"outcome",TRUE,"reported","z0qUzX","textfile"
"rs17118371",14,47344250,"T","C",0.894919,0.307996,0.0113195,0.0857005,"outcome",TRUE,"reported","z0qUzX","textfile"
"rs2421668",2,73657969,"A","G",0.934351,0.668088,0.00692221,0.0840366,"outcome",TRUE,"reported","z0qUzX","textfile"
"rs2720445",16,79513623,"C","T",0.593913,0.441296,-0.0427195,0.080123,"outcome",TRUE,"reported","z0qUzX","textfile"
"rs312306",5,162636858,"G","C",0.218776,0.797502,0.120735,0.0981752,"outcome",TRUE,"reported","z0qUzX","textfile"
"rs3760877",19,542672,"T","C",0.709225,0.518811,-0.0296792,0.0795907,"outcome",TRUE,"reported","z0qUzX","textfile"
"rs6763802",3,23122317,"T","G",0.366949,0.0559591,-0.154577,0.171333,"outcome",TRUE,"reported","z0qUzX","textfile"
"rs7463380",8,29843717,"G","C",0.0414162,0.156499,-0.22281,0.109256,"outcome",TRUE,"reported","z0qUzX","textfile"
"rs9573265",13,73623209,"T","C",0.224726,0.0640363,-0.195757,0.161242,"outcome",TRUE,"reported","z0qUzX","textfile"
