"SNP","chr.outcome","pos.outcome","effect_allele.outcome","other_allele.outcome","pval.outcome","eaf.outcome","beta.outcome","se.outcome","outcome","mr_keep.outcome","pval_origin.outcome","id.outcome","data_source.outcome"
"rs10075187",5,4145216,"G","T",0.344775,0.0165742,-0.299326,0.316824,"outcome",TRUE,"reported","9n2CS9","textfile"
"rs12654812",5,177367190,"A","G",0.734971,0.366524,-0.0277156,0.0818728,"outcome",TRUE,"reported","9n2CS9","textfile"
"rs1569823",20,58630780,"C","T",0.697182,0.110375,0.0496896,0.127695,"outcome",TRUE,"reported","9n2CS9","textfile"
"rs1792544",11,15158987,"A","G",0.350401,0.7763,0.0889254,0.0952283,"outcome",TRUE,"reported","9n2CS9","textfile"
"rs2049664",6,107734776,"G","C",0.296836,0.798565,0.103122,0.0988475,"outcome",TRUE,"reported","9n2CS9","textfile"
"rs2170700",15,93311979,"A","G",0.823164,0.906786,0.0302797,0.135494,"outcome",TRUE,"reported","9n2CS9","textfile"
"rs2424200",20,18454391,"T","C",0.239335,0.128147,-0.139563,0.11861,"outcome",TRUE,"reported","9n2CS9","textfile"
"rs6074893",20,15439227,"C","A",0.0800756,0.211305,-0.170214,0.0972515,"outcome",TRUE,"reported","9n2CS9","textfile"
"rs6753621",2,217946185,"A","G",0.318692,0.242388,0.0923888,0.0926529,"outcome",TRUE,"reported","9n2CS9","textfile"
"rs686346",9,133102991,"C","T",0.692497,0.264571,0.035473,0.0896986,"outcome",TRUE,"reported","9n2CS9","textfile"
"rs7739842",6,131633657,"G","T",0.913553,0.212522,-0.0104565,0.0963212,"outcome",TRUE,"reported","9n2CS9","textfile"
"rs9646626",18,60860072,"C","T",0.747906,0.0463728,0.0606961,0.188848,"outcome",TRUE,"reported","9n2CS9","textfile"
"rs980922",1,95388429,"G","C",0.17379,0.286619,0.119053,0.0875309,"outcome",TRUE,"reported","9n2CS9","textfile"
