"SNP","chr.outcome","pos.outcome","effect_allele.outcome","other_allele.outcome","pval.outcome","eaf.outcome","beta.outcome","se.outcome","outcome","mr_keep.outcome","pval_origin.outcome","id.outcome","data_source.outcome"
"rs11114987",12,81709133,"T","C",0.766189,0.0196657,-0.0844315,0.283933,"outcome",TRUE,"reported","REm1CA","textfile"
"rs1153903",7,54673519,"G","A",0.0154408,0.612764,0.196795,0.0812576,"outcome",TRUE,"reported","REm1CA","textfile"
"rs12714263",2,29095211,"G","A",0.706109,0.319936,-0.0320162,0.0849042,"outcome",TRUE,"reported","REm1CA","textfile"
"rs12985777",19,2268056,"C","T",0.00365696,0.737726,-0.242581,0.0834663,"outcome",TRUE,"reported","REm1CA","textfile"
"rs17706531",19,12904716,"G","A",0.541897,0.304902,-0.0522545,0.0856708,"outcome",TRUE,"reported","REm1CA","textfile"
"rs2180566",20,31431051,"T","C",0.761446,0.593504,0.0245841,0.0809799,"outcome",TRUE,"reported","REm1CA","textfile"
"rs2246012",6,131577068,"C","T",0.587763,0.230818,-0.0505958,0.0933363,"outcome",TRUE,"reported","REm1CA","textfile"
"rs2916148",17,67485993,"A","G",0.749192,0.365423,0.0263313,0.082361,"outcome",TRUE,"reported","REm1CA","textfile"
"rs2933871",5,24815030,"A","G",0.261616,0.794004,-0.111395,0.0992317,"outcome",TRUE,"reported","REm1CA","textfile"
"rs3011362",10,120793682,"A","G",0.535777,0.0513518,0.111969,0.180825,"outcome",TRUE,"reported","REm1CA","textfile"
"rs511304",3,174689417,"A","C",0.967012,0.444746,0.00331601,0.0801813,"outcome",TRUE,"reported","REm1CA","textfile"
"rs6479442",9,92953435,"C","A",0.473141,0.492972,0.0567056,0.0790457,"outcome",TRUE,"reported","REm1CA","textfile"
"rs6561899",13,56899485,"A","T",0.765769,0.571454,-0.0238714,0.080129,"outcome",TRUE,"reported","REm1CA","textfile"
"rs6920504",6,115650149,"T","C",0.00897966,0.841058,0.292986,0.112134,"outcome",TRUE,"reported","REm1CA","textfile"
"rs7036499",9,128082465,"T","C",0.866584,0.877959,-0.0202522,0.12055,"outcome",TRUE,"reported","REm1CA","textfile"
"rs715",2,210678331,"C","T",0.413028,0.313956,0.0703543,0.0859472,"outcome",TRUE,"reported","REm1CA","textfile"
"rs720118",2,5897231,"C","T",0.620913,0.38337,0.0402449,0.0813758,"outcome",TRUE,"reported","REm1CA","textfile"
"rs7535809",1,192333001,"G","A",0.396735,0.15491,0.0921541,0.108741,"outcome",TRUE,"reported","REm1CA","textfile"
"rs7717247",5,27839151,"C","A",0.941365,0.182263,-0.00755406,0.102701,"outcome",TRUE,"reported","REm1CA","textfile"
"rs837763",16,88787321,"T","C",0.0827752,0.551459,0.138076,0.0795912,"outcome",TRUE,"reported","REm1CA","textfile"
"rs901272",15,63462574,"A","C",0.393711,0.660766,0.0708668,0.0830887,"outcome",TRUE,"reported","REm1CA","textfile"
