"SNP","chr.outcome","pos.outcome","effect_allele.outcome","other_allele.outcome","pval.outcome","eaf.outcome","beta.outcome","se.outcome","outcome","mr_keep.outcome","pval_origin.outcome","id.outcome","data_source.outcome"
"rs1010874",10,82741335,"A","G",0.567968,0.03957,0.116416,0.203864,"outcome",TRUE,"reported","qpwChM","textfile"
"rs11013837",10,23995722,"A","T",0.0952928,0.2248,-0.158768,0.0951781,"outcome",TRUE,"reported","qpwChM","textfile"
"rs1173842",1,245372560,"A","G",0.421086,0.553119,0.0643157,0.0799412,"outcome",TRUE,"reported","qpwChM","textfile"
"rs11855136",15,57477893,"A","G",0.141804,0.0458846,0.28118,0.191395,"outcome",TRUE,"reported","qpwChM","textfile"
"rs11987983",8,6860779,"T","C",0.726382,0.0360604,-0.0737251,0.210678,"outcome",TRUE,"reported","qpwChM","textfile"
"rs12210538",6,110438805,"G","A",0.935162,0.16189,-0.00870961,0.10706,"outcome",TRUE,"reported","qpwChM","textfile"
"rs12883490",14,90729028,"C","T",0.636348,0.424271,-0.0378274,0.0800055,"outcome",TRUE,"reported","qpwChM","textfile"
"rs1381274",14,98188794,"T","C",0.726566,0.501695,0.0277929,0.0794769,"outcome",TRUE,"reported","qpwChM","textfile"
"rs1448767",8,29869390,"C","T",0.0242622,0.343455,-0.188216,0.0835419,"outcome",TRUE,"reported","qpwChM","textfile"
"rs1491606",3,70537377,"A","T",0.597579,0.358598,-0.0436834,0.0827516,"outcome",TRUE,"reported","qpwChM","textfile"
"rs4439706",15,46837346,"C","T",0.0484685,0.219045,0.188612,0.0955855,"outcome",TRUE,"reported","qpwChM","textfile"
"rs9446392",6,71448236,"C","T",0.0641712,0.049338,-0.337117,0.182128,"outcome",TRUE,"reported","qpwChM","textfile"
"rs9533798",13,44228369,"C","G",0.766948,0.36454,-0.0244331,0.0824415,"outcome",TRUE,"reported","qpwChM","textfile"
