"SNP","chr.outcome","pos.outcome","effect_allele.outcome","other_allele.outcome","pval.outcome","eaf.outcome","beta.outcome","se.outcome","outcome","mr_keep.outcome","pval_origin.outcome","id.outcome","data_source.outcome"
"rs10454657",13,75017686,"T","C",0.385599,0.584753,-0.0702318,0.0809471,"outcome",TRUE,"reported","HVKc7k","textfile"
"rs10824300",10,52251905,"G","A",0.851617,0.553218,-0.0148743,0.0795179,"outcome",TRUE,"reported","HVKc7k","textfile"
"rs10851734",15,63924048,"G","A",0.55257,0.353871,0.049296,0.0830018,"outcome",TRUE,"reported","HVKc7k","textfile"
"rs10938815",4,20854730,"G","T",0.488133,0.438424,-0.055314,0.0797858,"outcome",TRUE,"reported","HVKc7k","textfile"
"rs1115509",17,21025641,"C","A",0.687847,0.984136,0.127378,0.317035,"outcome",TRUE,"reported","HVKc7k","textfile"
"rs11532668",7,23069414,"G","A",0.488685,0.255434,-0.0640344,0.0924817,"outcome",TRUE,"reported","HVKc7k","textfile"
"rs1173830",1,245395362,"T","C",0.180969,0.670109,0.113161,0.0845885,"outcome",TRUE,"reported","HVKc7k","textfile"
"rs13280205",8,5999590,"C","A",0.0608079,0.356726,0.155209,0.082783,"outcome",TRUE,"reported","HVKc7k","textfile"
"rs1379470",2,193130590,"T","A",0.893722,0.551647,-0.0106141,0.079449,"outcome",TRUE,"reported","HVKc7k","textfile"
"rs1438564",3,81013467,"T","C",0.333047,0.755615,-0.0894859,0.0924446,"outcome",TRUE,"reported","HVKc7k","textfile"
"rs17248331",8,106951580,"C","T",0.821664,0.468971,-0.0178583,0.0792275,"outcome",TRUE,"reported","HVKc7k","textfile"
"rs2058473",12,5984760,"G","A",0.937205,0.383396,0.00639934,0.0812278,"outcome",TRUE,"reported","HVKc7k","textfile"
"rs2118096",3,161807270,"C","A",0.864928,0.3175,-0.0145172,0.0853431,"outcome",TRUE,"reported","HVKc7k","textfile"
"rs219918",12,13947195,"G","C",0.134774,0.969891,0.345587,0.231079,"outcome",TRUE,"reported","HVKc7k","textfile"
"rs2272663",8,144354636,"A","G",0.0721872,0.487137,-0.142328,0.0791615,"outcome",TRUE,"reported","HVKc7k","textfile"
"rs2325727",6,2013665,"T","C",0.0707343,0.432609,0.144254,0.0798226,"outcome",TRUE,"reported","HVKc7k","textfile"
"rs2351174",14,60546519,"T","G",0.385541,0.710078,0.076234,0.0878545,"outcome",TRUE,"reported","HVKc7k","textfile"
"rs2364598",12,53401581,"A","C",0.521616,0.10336,0.0836553,0.130537,"outcome",TRUE,"reported","HVKc7k","textfile"
"rs4470135",16,59156290,"C","A",0.397849,0.462439,0.0671892,0.0794698,"outcome",TRUE,"reported","HVKc7k","textfile"
"rs4653629",1,225332353,"T","C",0.599371,0.592134,0.0423503,0.0806206,"outcome",TRUE,"reported","HVKc7k","textfile"
"rs4717222",7,64879916,"A","C",0.519928,0.490926,-0.0508138,0.0789701,"outcome",TRUE,"reported","HVKc7k","textfile"
"rs527793",11,70664119,"T","G",0.782954,0.102499,-0.0362848,0.131718,"outcome",TRUE,"reported","HVKc7k","textfile"
"rs6017596",20,37239816,"T","C",0.252895,0.456028,0.0911363,0.0797102,"outcome",TRUE,"reported","HVKc7k","textfile"
"rs6539409",12,108034210,"G","T",0.95183,0.34909,-0.00500797,0.0829012,"outcome",TRUE,"reported","HVKc7k","textfile"
"rs6910731",6,23415234,"A","G",0.658102,0.379584,-0.0359921,0.0813316,"outcome",TRUE,"reported","HVKc7k","textfile"
"rs7562418",2,7203028,"A","C",0.0450537,0.533975,0.158828,0.0792494,"outcome",TRUE,"reported","HVKc7k","textfile"
"rs7661472",4,141142532,"A","C",0.983844,0.451055,-0.00161407,0.0797065,"outcome",TRUE,"reported","HVKc7k","textfile"
"rs7670890",4,79848239,"A","G",0.176988,0.694509,0.116418,0.08623,"outcome",TRUE,"reported","HVKc7k","textfile"
"rs7814638",8,40355674,"A","G",0.46064,0.0839499,0.105635,0.143176,"outcome",TRUE,"reported","HVKc7k","textfile"
"rs7837792",8,122773037,"T","C",0.89575,0.611523,-0.010629,0.0811176,"outcome",TRUE,"reported","HVKc7k","textfile"
"rs7915877",10,76968209,"C","T",0.152826,0.378824,0.1166,0.0815597,"outcome",TRUE,"reported","HVKc7k","textfile"
"rs9391679",6,30260875,"A","C",0.972669,0.243918,0.00315771,0.092166,"outcome",TRUE,"reported","HVKc7k","textfile"
"rs940511",6,81636889,"G","A",0.752168,0.510159,0.0250188,0.079228,"outcome",TRUE,"reported","HVKc7k","textfile"
"rs960381",7,49519117,"C","A",0.978883,0.343323,-0.00219766,0.0830286,"outcome",TRUE,"reported","HVKc7k","textfile"
"rs9674799",17,2081246,"G","A",0.976949,0.221098,0.00277475,0.0960325,"outcome",TRUE,"reported","HVKc7k","textfile"
