"SNP","chr.outcome","pos.outcome","effect_allele.outcome","other_allele.outcome","pval.outcome","eaf.outcome","beta.outcome","se.outcome","outcome","mr_keep.outcome","pval_origin.outcome","id.outcome","data_source.outcome"
"rs10183099",2,151388573,"G","A",0.311596,0.384207,0.0821056,0.0811418,"outcome",TRUE,"reported","ZcHn9S","textfile"
"rs10501294",11,43064860,"C","T",0.440032,0.128248,0.0909263,0.117759,"outcome",TRUE,"reported","ZcHn9S","textfile"
"rs10512634",5,35987449,"A","G",0.0049187,0.130163,0.29677,0.105525,"outcome",TRUE,"reported","ZcHn9S","textfile"
"rs10747856",12,59868335,"G","A",0.266428,0.475647,0.0882365,0.0793975,"outcome",TRUE,"reported","ZcHn9S","textfile"
"rs10954090",7,125889940,"T","C",0.552136,0.111187,0.0747554,0.125732,"outcome",TRUE,"reported","ZcHn9S","textfile"
"rs11075967",16,73120150,"T","C",0.240083,0.583986,0.0944218,0.0803741,"outcome",TRUE,"reported","ZcHn9S","textfile"
"rs11183620",12,46818587,"G","A",0.482419,0.642713,0.0584939,0.083275,"outcome",TRUE,"reported","ZcHn9S","textfile"
"rs11784679",8,22973637,"G","T",0.958935,0.170735,0.00544219,0.105693,"outcome",TRUE,"reported","ZcHn9S","textfile"
"rs11802885",1,113354250,"A","T",0.366228,0.42202,-0.0723155,0.0800339,"outcome",TRUE,"reported","ZcHn9S","textfile"
"rs11848063",14,46766242,"G","A",0.438542,0.351189,-0.0645314,0.0833031,"outcome",TRUE,"reported","ZcHn9S","textfile"
"rs11963846",6,112168244,"T","A",0.217867,0.405407,-0.0990322,0.0803689,"outcome",TRUE,"reported","ZcHn9S","textfile"
"rs12243290",10,65178823,"G","A",0.416653,0.116928,-0.0995899,0.122611,"outcome",TRUE,"reported","ZcHn9S","textfile"
"rs1394836",3,192736944,"T","C",0.256424,0.565475,-0.0907846,0.0799946,"outcome",TRUE,"reported","ZcHn9S","textfile"
"rs1615586",2,160886874,"G","T",0.492336,0.272066,0.0607044,0.0884134,"outcome",TRUE,"reported","ZcHn9S","textfile"
"rs175866",6,150904385,"T","G",0.25502,0.657773,-0.0948527,0.0833327,"outcome",TRUE,"reported","ZcHn9S","textfile"
"rs1888182",1,54502217,"T","C",0.298231,0.435283,0.0835855,0.0803526,"outcome",TRUE,"reported","ZcHn9S","textfile"
"rs1928871",9,12350794,"C","G",0.138316,0.48033,0.117463,0.079255,"outcome",TRUE,"reported","ZcHn9S","textfile"
"rs2185865",6,18828010,"C","A",0.806733,0.0878402,0.034275,0.140102,"outcome",TRUE,"reported","ZcHn9S","textfile"
"rs2518802",22,18987832,"C","A",0.291029,0.100269,0.139382,0.132007,"outcome",TRUE,"reported","ZcHn9S","textfile"
"rs2935623",5,2767442,"G","A",0.674916,0.472151,-0.0331667,0.0790793,"outcome",TRUE,"reported","ZcHn9S","textfile"
"rs4580644",4,15783578,"T","C",0.112419,0.474142,0.125559,0.0790965,"outcome",TRUE,"reported","ZcHn9S","textfile"
"rs4978836",9,109576701,"A","G",0.120345,0.377766,0.126564,0.0814794,"outcome",TRUE,"reported","ZcHn9S","textfile"
"rs535633",11,93092572,"A","G",0.173604,0.611901,0.110456,0.081175,"outcome",TRUE,"reported","ZcHn9S","textfile"
"rs6085132",20,5363418,"C","T",0.997795,0.0182226,-0.000805522,0.291475,"outcome",TRUE,"reported","ZcHn9S","textfile"
"rs6769362",3,99577593,"C","G",0.618713,0.643054,0.0411418,0.082668,"outcome",TRUE,"reported","ZcHn9S","textfile"
"rs6798346",3,73028893,"G","A",0.948795,0.402095,-0.00516808,0.0804739,"outcome",TRUE,"reported","ZcHn9S","textfile"
"rs7029664",9,129286674,"C","T",0.415551,0.495167,0.0652512,0.080145,"outcome",TRUE,"reported","ZcHn9S","textfile"
"rs7208186",17,10777573,"C","T",0.282873,0.152914,0.118524,0.110369,"outcome",TRUE,"reported","ZcHn9S","textfile"
"rs7296105",12,117404744,"C","A",0.244578,0.0552591,-0.200801,0.172566,"outcome",TRUE,"reported","ZcHn9S","textfile"
"rs7560860",2,42270539,"G","A",0.125102,0.613064,-0.124467,0.0811547,"outcome",TRUE,"reported","ZcHn9S","textfile"
"rs7858706",9,75351774,"C","T",0.581491,0.519547,-0.0436669,0.0792203,"outcome",TRUE,"reported","ZcHn9S","textfile"
"rs893175",16,49269907,"A","C",0.750715,0.614325,-0.0259475,0.0816736,"outcome",TRUE,"reported","ZcHn9S","textfile"
"rs9360494",6,71775502,"C","T",0.796064,0.504466,0.0204407,0.0790914,"outcome",TRUE,"reported","ZcHn9S","textfile"
"rs9540462",13,65526548,"G","T",0.997471,0.142427,-0.000359514,0.113407,"outcome",TRUE,"reported","ZcHn9S","textfile"
