"SNP","chr.outcome","pos.outcome","effect_allele.outcome","other_allele.outcome","pval.outcome","eaf.outcome","beta.outcome","se.outcome","outcome","mr_keep.outcome","pval_origin.outcome","id.outcome","data_source.outcome"
"rs10164524",2,210799609,"G","A",0.144354,0.345969,-0.121595,0.0832973,"outcome",TRUE,"reported","M2IdjS","textfile"
"rs10234187",7,11177155,"T","C",0.191549,0.329796,0.109826,0.0840931,"outcome",TRUE,"reported","M2IdjS","textfile"
"rs10477454",5,110300850,"T","C",0.1485,0.0102783,-0.560319,0.387804,"outcome",TRUE,"reported","M2IdjS","textfile"
"rs10489008",4,31716662,"C","A",0.671305,0.527264,0.0334779,0.0788907,"outcome",TRUE,"reported","M2IdjS","textfile"
"rs10504742",8,81876132,"T","A",0.157857,0.570013,0.112961,0.0799828,"outcome",TRUE,"reported","M2IdjS","textfile"
"rs10858075",1,115334901,"T","C",0.96136,0.324905,0.00407535,0.0841205,"outcome",TRUE,"reported","M2IdjS","textfile"
"rs10901047",9,130448288,"C","T",0.402606,0.432842,0.0670625,0.0801248,"outcome",TRUE,"reported","M2IdjS","textfile"
"rs11119951",1,212492448,"T","C",0.366861,0.178333,-0.0931863,0.103268,"outcome",TRUE,"reported","M2IdjS","textfile"
"rs11993007",8,28450394,"A","G",0.277406,0.297102,-0.0937199,0.0862851,"outcome",TRUE,"reported","M2IdjS","textfile"
"rs12147171",14,20061290,"C","G",0.920193,0.101049,-0.0132736,0.132483,"outcome",TRUE,"reported","M2IdjS","textfile"
"rs12701265",7,32931624,"A","G",0.51345,0.382619,0.0533688,0.0816691,"outcome",TRUE,"reported","M2IdjS","textfile"
"rs13105113",4,135606691,"C","A",0.63834,0.177211,0.0485997,0.103399,"outcome",TRUE,"reported","M2IdjS","textfile"
"rs1437588",15,96266553,"G","A",0.520633,0.448289,0.0510385,0.0794535,"outcome",TRUE,"reported","M2IdjS","textfile"
"rs1509820",2,210521760,"A","G",0.683441,0.483866,0.0322756,0.0791512,"outcome",TRUE,"reported","M2IdjS","textfile"
"rs1511589",12,83667652,"A","G",0.416566,0.304235,-0.0700857,0.0862707,"outcome",TRUE,"reported","M2IdjS","textfile"
"rs1610360",9,12385710,"T","A",0.670863,0.231455,0.0398912,0.0938698,"outcome",TRUE,"reported","M2IdjS","textfile"
"rs16841570",4,8014437,"C","T",0.281973,0.0704226,0.167459,0.155646,"outcome",TRUE,"reported","M2IdjS","textfile"
"rs17142889",5,117705314,"T","G",0.0792191,0.103491,0.227085,0.129376,"outcome",TRUE,"reported","M2IdjS","textfile"
"rs17681684",17,9889451,"A","G",0.149558,0.321136,0.12232,0.0848801,"outcome",TRUE,"reported","M2IdjS","textfile"
"rs17821771",7,33933637,"T","G",0.961359,0.249894,0.00442368,0.0913066,"outcome",TRUE,"reported","M2IdjS","textfile"
"rs1920325",3,104147346,"C","T",0.858943,0.370256,0.0145674,0.0819682,"outcome",TRUE,"reported","M2IdjS","textfile"
"rs1935815",10,95871735,"A","T",0.164702,0.308549,-0.118728,0.0854511,"outcome",TRUE,"reported","M2IdjS","textfile"
"rs229084",21,26879010,"G","A",0.886175,0.429897,0.0114126,0.079727,"outcome",TRUE,"reported","M2IdjS","textfile"
"rs2350885",8,110220908,"T","A",0.167212,0.656378,-0.115282,0.0834643,"outcome",TRUE,"reported","M2IdjS","textfile"
"rs2487410",6,69837760,"C","T",0.201617,0.488907,0.101146,0.0792086,"outcome",TRUE,"reported","M2IdjS","textfile"
"rs2506864",6,140720162,"G","T",0.534627,0.531276,0.0491911,0.079218,"outcome",TRUE,"reported","M2IdjS","textfile"
"rs310101",1,153068094,"G","A",0.521401,0.0724848,-0.0983254,0.153349,"outcome",TRUE,"reported","M2IdjS","textfile"
"rs4768769",12,47029249,"T","C",0.122137,0.69945,0.13311,0.086107,"outcome",TRUE,"reported","M2IdjS","textfile"
"rs539904",18,24505387,"A","G",0.247069,0.699045,-0.0999054,0.0863116,"outcome",TRUE,"reported","M2IdjS","textfile"
"rs6040877",20,11776119,"G","A",0.630761,0.682358,0.0407417,0.0847626,"outcome",TRUE,"reported","M2IdjS","textfile"
"rs682103",5,54099108,"C","T",0.759485,0.301478,0.0263195,0.0859672,"outcome",TRUE,"reported","M2IdjS","textfile"
"rs6889120",5,158666332,"C","T",0.405974,0.0309625,-0.190877,0.229696,"outcome",TRUE,"reported","M2IdjS","textfile"
"rs6994363",8,11267553,"G","A",0.919006,0.0812866,0.0145451,0.143039,"outcome",TRUE,"reported","M2IdjS","textfile"
"rs758186",17,12597341,"T","C",0.541497,0.610102,-0.0494885,0.0810554,"outcome",TRUE,"reported","M2IdjS","textfile"
"rs7597477",2,104209873,"G","A",0.0853316,0.0353006,-0.367079,0.21335,"outcome",TRUE,"reported","M2IdjS","textfile"
"rs7615965",3,171323675,"C","T",0.936634,0.252784,0.00723272,0.0909768,"outcome",TRUE,"reported","M2IdjS","textfile"
"rs8021336",14,32264259,"A","G",0.642729,0.329504,0.0390115,0.0840971,"outcome",TRUE,"reported","M2IdjS","textfile"
"rs8033140",15,67906403,"T","C",0.312779,0.342235,0.0838508,0.0830693,"outcome",TRUE,"reported","M2IdjS","textfile"
"rs9354336",6,65899701,"C","T",0.0569364,0.1558,-0.207436,0.108959,"outcome",TRUE,"reported","M2IdjS","textfile"
"rs9400834",6,115354294,"C","T",0.450201,0.380205,0.0613845,0.0812953,"outcome",TRUE,"reported","M2IdjS","textfile"
