"SNP","chr.outcome","pos.outcome","effect_allele.outcome","other_allele.outcome","pval.outcome","eaf.outcome","beta.outcome","se.outcome","outcome","mr_keep.outcome","pval_origin.outcome","id.outcome","data_source.outcome"
"rs1019595",10,80826194,"C","T",0.342743,0.0521309,-0.170516,0.179725,"outcome",TRUE,"reported","CDLWbf","textfile"
"rs12371604",12,21238402,"C","T",0.121997,0.341272,0.129154,0.0835164,"outcome",TRUE,"reported","CDLWbf","textfile"
"rs12496969",3,24749819,"G","A",0.634268,0.30694,-0.0409125,0.0859999,"outcome",TRUE,"reported","CDLWbf","textfile"
"rs17428569",11,70708240,"T","A",0.844852,0.478925,-0.0154971,0.0791916,"outcome",TRUE,"reported","CDLWbf","textfile"
"rs1891053",10,15683672,"G","A",0.0105565,0.997739,-1.32756,0.519179,"outcome",TRUE,"reported","CDLWbf","textfile"
"rs2760277",3,130927759,"G","A",0.913216,0.118128,0.0133841,0.12281,"outcome",TRUE,"reported","CDLWbf","textfile"
"rs280194",2,120981244,"T","C",0.110406,0.68319,0.135379,0.0848044,"outcome",TRUE,"reported","CDLWbf","textfile"
"rs4738000",8,69606791,"T","A",0.653317,0.480069,-0.0354948,0.0790251,"outcome",TRUE,"reported","CDLWbf","textfile"
"rs4944238",11,79624547,"A","G",0.429942,0.833252,0.0842175,0.1067,"outcome",TRUE,"reported","CDLWbf","textfile"
"rs4964090",12,64550289,"G","A",0.111933,0.481882,-0.126522,0.0795953,"outcome",TRUE,"reported","CDLWbf","textfile"
"rs6503066",17,7862910,"C","T",0.472255,0.92833,0.112853,0.156998,"outcome",TRUE,"reported","CDLWbf","textfile"
"rs6759896",2,233302326,"A","G",0.433385,0.514157,-0.0619955,0.0791351,"outcome",TRUE,"reported","CDLWbf","textfile"
"rs6823453",4,84549816,"A","G",0.998774,0.195026,0.000153099,0.0996537,"outcome",TRUE,"reported","CDLWbf","textfile"
"rs6837370",4,55262213,"A","G",0.470161,0.128512,0.0857839,0.118779,"outcome",TRUE,"reported","CDLWbf","textfile"
"rs7045137",9,114106482,"G","A",0.115424,0.577753,-0.125749,0.0798776,"outcome",TRUE,"reported","CDLWbf","textfile"
"rs741382",2,216817524,"T","C",0.930303,0.146097,-0.00985551,0.112682,"outcome",TRUE,"reported","CDLWbf","textfile"
"rs7440035",4,181561820,"G","T",0.542753,0.207705,-0.0594737,0.0977133,"outcome",TRUE,"reported","CDLWbf","textfile"
"rs887829",2,233759924,"T","C",0.37135,0.394024,0.0723056,0.0808837,"outcome",TRUE,"reported","CDLWbf","textfile"
