"SNP","chr.outcome","pos.outcome","effect_allele.outcome","other_allele.outcome","pval.outcome","eaf.outcome","beta.outcome","se.outcome","outcome","mr_keep.outcome","pval_origin.outcome","id.outcome","data_source.outcome"
"rs10516056",5,169041532,"T","C",0.12841,0.202393,0.150942,0.0992775,"outcome",TRUE,"reported","JTiU6l","textfile"
"rs10881427",1,106630043,"T","G",0.798722,0.550177,0.0202935,0.0795821,"outcome",TRUE,"reported","JTiU6l","textfile"
"rs10953038",7,91228259,"C","T",0.451424,0.205544,0.0735117,0.0976195,"outcome",TRUE,"reported","JTiU6l","textfile"
"rs11781043",8,97849616,"C","T",0.427203,0.388864,0.0645223,0.0812635,"outcome",TRUE,"reported","JTiU6l","textfile"
"rs12646122",4,155325050,"T","C",0.145832,0.0957848,0.198084,0.136195,"outcome",TRUE,"reported","JTiU6l","textfile"
"rs17708932",9,14383288,"A","G",0.00428825,0.0561985,0.422427,0.147901,"outcome",TRUE,"reported","JTiU6l","textfile"
"rs2742351",2,178677172,"G","C",0.0223116,0.82183,-0.238261,0.104271,"outcome",TRUE,"reported","JTiU6l","textfile"
"rs3753556",1,175193587,"C","T",0.276395,0.575403,0.0874326,0.0803274,"outcome",TRUE,"reported","JTiU6l","textfile"
"rs5764174",22,43638054,"T","C",0.188265,0.323401,0.111422,0.0846846,"outcome",TRUE,"reported","JTiU6l","textfile"
"rs6466265",7,78530931,"G","A",0.978431,0.24173,0.00250117,0.0925134,"outcome",TRUE,"reported","JTiU6l","textfile"
"rs7868774",9,135125097,"A","G",0.410551,0.208468,-0.0804706,0.0977861,"outcome",TRUE,"reported","JTiU6l","textfile"
"rs8113773",19,29859232,"A","G",0.485018,0.456509,0.0554977,0.0794807,"outcome",TRUE,"reported","JTiU6l","textfile"
"rs825278",2,221696547,"C","T",0.610086,0.939981,-0.0854816,0.167627,"outcome",TRUE,"reported","JTiU6l","textfile"
"rs988694",2,132869636,"G","A",0.0595484,0.46211,-0.149592,0.0793958,"outcome",TRUE,"reported","JTiU6l","textfile"
"rs9953702",18,22971001,"G","A",0.130561,0.598445,0.121936,0.0806509,"outcome",TRUE,"reported","JTiU6l","textfile"
