"SNP","chr.outcome","pos.outcome","effect_allele.outcome","other_allele.outcome","pval.outcome","eaf.outcome","beta.outcome","se.outcome","outcome","mr_keep.outcome","pval_origin.outcome","id.outcome","data_source.outcome"
"rs10432570",2,240965056,"A","G",0.501509,0.0698562,-0.104175,0.154995,"outcome",TRUE,"reported","1UV2Pk","textfile"
"rs10497174",2,156070261,"T","C",0.445492,0.278829,-0.0679286,0.0890341,"outcome",TRUE,"reported","1UV2Pk","textfile"
"rs11151406",18,67990909,"A","T",0.0354324,0.933578,0.336879,0.160161,"outcome",TRUE,"reported","1UV2Pk","textfile"
"rs1260326",2,27508073,"C","T",0.0385381,0.649919,0.171942,0.0831002,"outcome",TRUE,"reported","1UV2Pk","textfile"
"rs12737843",1,167041138,"C","T",0.665806,0.201216,-0.0425801,0.0985857,"outcome",TRUE,"reported","1UV2Pk","textfile"
"rs17041868",2,111137143,"C","T",0.332339,0.0424705,-0.190916,0.19694,"outcome",TRUE,"reported","1UV2Pk","textfile"
"rs1751956",10,29293069,"G","T",0.919299,0.106437,-0.0129241,0.127562,"outcome",TRUE,"reported","1UV2Pk","textfile"
"rs17602430",12,46791735,"T","C",0.807194,0.0776817,-0.036064,0.147774,"outcome",TRUE,"reported","1UV2Pk","textfile"
"rs1832664",13,72413065,"C","T",0.725585,0.6004,0.0284106,0.0809407,"outcome",TRUE,"reported","1UV2Pk","textfile"
"rs192598",16,82852528,"A","C",0.865385,0.268882,-0.015117,0.0891737,"outcome",TRUE,"reported","1UV2Pk","textfile"
"rs2085545",16,17260942,"T","G",0.361484,0.276471,-0.080689,0.0884224,"outcome",TRUE,"reported","1UV2Pk","textfile"
"rs2657879",12,56471554,"G","A",0.375204,0.181853,-0.090761,0.10235,"outcome",TRUE,"reported","1UV2Pk","textfile"
"rs35592",16,16047966,"C","T",0.823608,0.301617,-0.0191444,0.0858853,"outcome",TRUE,"reported","1UV2Pk","textfile"
"rs4587207",6,30799168,"G","A",0.933963,0.149252,-0.00915789,0.110523,"outcome",TRUE,"reported","1UV2Pk","textfile"
"rs4880550",10,2059669,"T","C",0.296459,0.160376,0.112434,0.10769,"outcome",TRUE,"reported","1UV2Pk","textfile"
"rs4981468",14,23328310,"G","A",0.276998,0.968348,-0.247579,0.227745,"outcome",TRUE,"reported","1UV2Pk","textfile"
"rs6488270",12,10197988,"A","G",0.544653,0.365999,-0.0498117,0.0822257,"outcome",TRUE,"reported","1UV2Pk","textfile"
"rs7068278",10,97597385,"T","G",0.198344,0.204184,-0.126567,0.0983976,"outcome",TRUE,"reported","1UV2Pk","textfile"
"rs832404",5,56971604,"T","C",0.51918,0.881072,0.0790555,0.122641,"outcome",TRUE,"reported","1UV2Pk","textfile"
"rs849039",8,5520578,"T","G",0.020602,0.63553,0.191329,0.0826406,"outcome",TRUE,"reported","1UV2Pk","textfile"
"rs9436667",1,62940214,"T","C",0.697124,0.113447,-0.0488536,0.125521,"outcome",TRUE,"reported","1UV2Pk","textfile"
