"SNP","chr.outcome","pos.outcome","effect_allele.outcome","other_allele.outcome","pval.outcome","eaf.outcome","beta.outcome","se.outcome","outcome","mr_keep.outcome","pval_origin.outcome","id.outcome","data_source.outcome"
"rs10013737",4,37389409,"G","A",0.321618,0.304002,0.0855419,0.0863066,"outcome",TRUE,"reported","xZKgF4","textfile"
"rs10498270",14,20638368,"A","G",0.704451,0.58486,-0.0303664,0.0800552,"outcome",TRUE,"reported","xZKgF4","textfile"
"rs10774085",12,2951058,"C","A",0.45498,0.342785,0.0625432,0.0837103,"outcome",TRUE,"reported","xZKgF4","textfile"
"rs11023332",11,14762564,"C","G",0.39978,0.411811,-0.0676108,0.0802964,"outcome",TRUE,"reported","xZKgF4","textfile"
"rs11165454",1,95638740,"T","C",0.544831,0.622108,-0.0495688,0.081861,"outcome",TRUE,"reported","xZKgF4","textfile"
"rs11199176",10,120108699,"A","C",0.862167,0.603779,-0.0140645,0.0810092,"outcome",TRUE,"reported","xZKgF4","textfile"
"rs11776904",8,117148967,"C","G",0.655949,0.160238,-0.047919,0.107559,"outcome",TRUE,"reported","xZKgF4","textfile"
"rs12192718",6,111247948,"A","T",0.779252,0.102421,-0.0367182,0.130999,"outcome",TRUE,"reported","xZKgF4","textfile"
"rs12276109",11,33067041,"T","C",0.690513,0.324065,-0.0337752,0.0848282,"outcome",TRUE,"reported","xZKgF4","textfile"
"rs12429206",13,50871978,"G","A",0.846449,0.599999,-0.0157871,0.0815232,"outcome",TRUE,"reported","xZKgF4","textfile"
"rs12546042",8,144344210,"T","C",0.0294286,0.376559,-0.177873,0.0816795,"outcome",TRUE,"reported","xZKgF4","textfile"
"rs1340971",6,69826766,"C","T",0.84557,0.323751,0.0164714,0.0845667,"outcome",TRUE,"reported","xZKgF4","textfile"
"rs1418942",20,59589251,"C","A",0.778203,0.34374,-0.0234838,0.0833763,"outcome",TRUE,"reported","xZKgF4","textfile"
"rs1512342",4,148329631,"T","C",0.247973,0.38481,0.0934477,0.0808871,"outcome",TRUE,"reported","xZKgF4","textfile"
"rs151743",3,60422131,"T","C",0.331468,0.490057,-0.0784427,0.0807721,"outcome",TRUE,"reported","xZKgF4","textfile"
"rs1560792",7,48396712,"G","A",0.705422,0.528271,-0.0300227,0.079423,"outcome",TRUE,"reported","xZKgF4","textfile"
"rs17558863",18,7862991,"G","A",0.95988,0.0361164,0.010555,0.209824,"outcome",TRUE,"reported","xZKgF4","textfile"
"rs17593458",3,179478491,"G","C",0.479192,0.0643744,-0.114676,0.162063,"outcome",TRUE,"reported","xZKgF4","textfile"
"rs17616555",14,83039382,"A","G",0.01322,0.126155,0.295921,0.119429,"outcome",TRUE,"reported","xZKgF4","textfile"
"rs17720371",7,22352144,"T","C",0.322702,0.421681,0.0794825,0.0803731,"outcome",TRUE,"reported","xZKgF4","textfile"
"rs1864151",16,87608387,"C","A",0.0250663,0.484333,0.177868,0.0793919,"outcome",TRUE,"reported","xZKgF4","textfile"
"rs2111718",2,171431827,"G","A",0.560321,0.170782,0.0612743,0.105216,"outcome",TRUE,"reported","xZKgF4","textfile"
"rs2250515",10,86649135,"T","G",0.0110818,0.5435,0.196322,0.0772889,"outcome",TRUE,"reported","xZKgF4","textfile"
"rs2254174",10,70775251,"T","C",0.78038,0.852313,0.031173,0.111802,"outcome",TRUE,"reported","xZKgF4","textfile"
"rs2396461",2,227179944,"T","C",0.410102,0.236103,0.0770105,0.0934917,"outcome",TRUE,"reported","xZKgF4","textfile"
"rs2504282",6,77645716,"G","A",0.889168,0.0673626,0.0220197,0.158009,"outcome",TRUE,"reported","xZKgF4","textfile"
"rs2933568",4,4782853,"C","T",0.0625158,0.734417,-0.167217,0.0897753,"outcome",TRUE,"reported","xZKgF4","textfile"
"rs322614",11,29734000,"A","G",0.292423,0.450391,-0.0839502,0.0797382,"outcome",TRUE,"reported","xZKgF4","textfile"
"rs353620",11,35152589,"G","A",0.249281,0.329395,0.0969652,0.0841641,"outcome",TRUE,"reported","xZKgF4","textfile"
"rs3819535",12,2327718,"T","C",0.019463,0.544841,0.18609,0.0796434,"outcome",TRUE,"reported","xZKgF4","textfile"
"rs3936152",8,134482499,"T","C",0.317043,0.576099,0.0804586,0.0804141,"outcome",TRUE,"reported","xZKgF4","textfile"
"rs4487134",2,42879989,"T","G",0.837789,0.395681,-0.0167013,0.08158,"outcome",TRUE,"reported","xZKgF4","textfile"
"rs4572660",20,12948340,"G","T",0.512642,0.518041,-0.0521215,0.0796076,"outcome",TRUE,"reported","xZKgF4","textfile"
"rs4777924",15,93596411,"A","T",0.727721,0.515533,-0.0276011,0.0792776,"outcome",TRUE,"reported","xZKgF4","textfile"
"rs5010651",3,30863019,"C","T",0.256834,0.368068,-0.0927481,0.0817952,"outcome",TRUE,"reported","xZKgF4","textfile"
"rs5751902",22,24600663,"T","C",0.728987,0.401432,0.0279503,0.0806708,"outcome",TRUE,"reported","xZKgF4","textfile"
"rs6456786",6,27448052,"C","T",0.204876,0.561875,0.100873,0.0795667,"outcome",TRUE,"reported","xZKgF4","textfile"
"rs8013373",14,62605681,"A","G",0.174458,0.411475,-0.109226,0.0804306,"outcome",TRUE,"reported","xZKgF4","textfile"
"rs8132248",21,17306301,"T","C",0.582622,0.124382,-0.066064,0.120213,"outcome",TRUE,"reported","xZKgF4","textfile"
"rs848767",22,49322140,"T","C",0.706012,0.0677329,-0.0598867,0.158759,"outcome",TRUE,"reported","xZKgF4","textfile"
"rs875740",16,16029191,"A","C",0.341159,0.584766,-0.0761605,0.0800108,"outcome",TRUE,"reported","xZKgF4","textfile"
"rs9310707",3,2290420,"A","G",0.22878,0.406433,0.0967981,0.0804301,"outcome",TRUE,"reported","xZKgF4","textfile"
"rs956966",2,102971117,"G","A",0.886136,0.522504,-0.0113642,0.0793617,"outcome",TRUE,"reported","xZKgF4","textfile"
"rs9895157",17,1368941,"T","C",0.237224,0.668059,0.0991565,0.083892,"outcome",TRUE,"reported","xZKgF4","textfile"
"rs9940990",16,71797440,"A","T",0.856721,0.370935,0.0147778,0.0818489,"outcome",TRUE,"reported","xZKgF4","textfile"
