"SNP","chr.outcome","pos.outcome","effect_allele.outcome","other_allele.outcome","pval.outcome","eaf.outcome","beta.outcome","se.outcome","outcome","mr_keep.outcome","pval_origin.outcome","id.outcome","data_source.outcome"
"rs10874852",1,94398936,"A","C",0.0666577,0.0888513,-0.256307,0.139755,"outcome",TRUE,"reported","oMtmUh","textfile"
"rs11250123",8,11235855,"A","G",0.0988508,0.0278675,-0.398433,0.241409,"outcome",TRUE,"reported","oMtmUh","textfile"
"rs4673167",2,226666464,"G","A",0.149304,0.0518356,0.259463,0.179933,"outcome",TRUE,"reported","oMtmUh","textfile"
"rs4694292",4,70304807,"T","C",0.440752,0.0995525,0.101876,0.132147,"outcome",TRUE,"reported","oMtmUh","textfile"
