"SNP","chr.outcome","pos.outcome","effect_allele.outcome","other_allele.outcome","pval.outcome","eaf.outcome","beta.outcome","se.outcome","outcome","mr_keep.outcome","pval_origin.outcome","id.outcome","data_source.outcome"
"rs10878072",12,63663035,"G","A",0.010861,0.379158,0.198202,0.0778136,"outcome",TRUE,"reported","yxorZX","textfile"
"rs11260728",1,16332350,"C","G",0.613619,0.51966,-0.0398611,0.0789463,"outcome",TRUE,"reported","yxorZX","textfile"
"rs113515",22,43160916,"G","C",0.145535,0.368697,-0.119239,0.0819236,"outcome",TRUE,"reported","yxorZX","textfile"
"rs11595079",10,86059325,"T","G",0.74969,0.145939,0.0360693,0.113053,"outcome",TRUE,"reported","yxorZX","textfile"
"rs1433818",9,18798715,"T","C",0.0899353,0.0584036,-0.288601,0.170191,"outcome",TRUE,"reported","yxorZX","textfile"
"rs1587235",12,130324000,"A","G",0.922506,0.399067,0.00787395,0.0809431,"outcome",TRUE,"reported","yxorZX","textfile"
"rs16948294",15,93621666,"A","T",0.53301,0.122638,0.0753208,0.120819,"outcome",TRUE,"reported","yxorZX","textfile"
"rs1824583",11,99193320,"G","A",0.0982449,0.220216,0.158009,0.0955648,"outcome",TRUE,"reported","yxorZX","textfile"
"rs2113305",16,79018100,"G","T",0.614005,0.681428,-0.0427977,0.0848549,"outcome",TRUE,"reported","yxorZX","textfile"
"rs2145985",9,96412249,"T","C",0.0387106,0.133439,-0.240398,0.116289,"outcome",TRUE,"reported","yxorZX","textfile"
"rs2247330",12,96030344,"C","T",0.942268,0.374939,0.00589984,0.0814675,"outcome",TRUE,"reported","yxorZX","textfile"
"rs275721",15,39823719,"C","A",0.992049,0.55626,0.000796018,0.0798752,"outcome",TRUE,"reported","yxorZX","textfile"
"rs2900071",5,113195268,"C","T",0.964935,0.758187,-0.00404297,0.0919647,"outcome",TRUE,"reported","yxorZX","textfile"
"rs2939707",4,37526708,"C","A",0.412662,0.413053,0.065736,0.0802424,"outcome",TRUE,"reported","yxorZX","textfile"
"rs3793568",9,109386264,"T","A",0.00842714,0.72495,0.233192,0.0885162,"outcome",TRUE,"reported","yxorZX","textfile"
"rs4147184",10,105397803,"A","G",0.146511,0.69701,-0.125655,0.086541,"outcome",TRUE,"reported","yxorZX","textfile"
"rs4676313",2,107067991,"C","T",0.635071,0.0987964,0.0626665,0.13204,"outcome",TRUE,"reported","yxorZX","textfile"
"rs4776752",15,66159461,"A","G",0.173655,0.202346,0.133846,0.0983763,"outcome",TRUE,"reported","yxorZX","textfile"
"rs6459467",6,16287961,"A","G",0.393691,0.506434,0.0673851,0.0790031,"outcome",TRUE,"reported","yxorZX","textfile"
"rs6567408",18,63984471,"G","C",0.184714,0.716576,-0.116929,0.0881562,"outcome",TRUE,"reported","yxorZX","textfile"
"rs7644390",3,122271381,"A","T",0.249967,0.370706,-0.0943636,0.0820247,"outcome",TRUE,"reported","yxorZX","textfile"
"rs9379061",6,6735679,"G","C",0.934527,0.0407097,0.0166435,0.202596,"outcome",TRUE,"reported","yxorZX","textfile"
