"SNP","chr.outcome","pos.outcome","effect_allele.outcome","other_allele.outcome","pval.outcome","eaf.outcome","beta.outcome","se.outcome","outcome","mr_keep.outcome","pval_origin.outcome","id.outcome","data_source.outcome"
"rs10153066",16,7207970,"T","G",0.153498,0.356859,-0.118006,0.082679,"outcome",TRUE,"reported","lYMF6a","textfile"
"rs10937433",3,190459323,"C","G",0.083672,0.52435,0.136841,0.0791096,"outcome",TRUE,"reported","lYMF6a","textfile"
"rs11943623",4,85633795,"A","G",0.384267,0.12972,-0.102293,0.11757,"outcome",TRUE,"reported","lYMF6a","textfile"
"rs12151827",2,134915817,"C","T",0.272695,0.169458,-0.115427,0.105233,"outcome",TRUE,"reported","lYMF6a","textfile"
"rs12190141",6,159741407,"G","A",0.219049,0.0366665,0.261945,0.213126,"outcome",TRUE,"reported","lYMF6a","textfile"
"rs12569219",1,203793862,"A","C",0.887698,0.147806,-0.0158101,0.111956,"outcome",TRUE,"reported","lYMF6a","textfile"
"rs152727",5,78990428,"C","T",0.435505,0.869438,-0.092877,0.119103,"outcome",TRUE,"reported","lYMF6a","textfile"
"rs1535039",6,29443655,"C","T",0.268875,0.0524581,-0.192705,0.17429,"outcome",TRUE,"reported","lYMF6a","textfile"
"rs164372",5,161194036,"C","T",0.278108,0.242721,0.10002,0.0922201,"outcome",TRUE,"reported","lYMF6a","textfile"
"rs16876394",5,79050946,"C","T",0.691519,0.0921329,0.0545998,0.137602,"outcome",TRUE,"reported","lYMF6a","textfile"
"rs17595065",18,55407631,"G","A",0.430902,0.0156895,-0.245307,0.311443,"outcome",TRUE,"reported","lYMF6a","textfile"
"rs2396726",7,114381355,"T","C",0.58781,0.509323,0.0428808,0.0791141,"outcome",TRUE,"reported","lYMF6a","textfile"
"rs3797248",5,54213356,"A","G",0.81992,0.20136,-0.0225975,0.0992653,"outcome",TRUE,"reported","lYMF6a","textfile"
"rs4327704",6,60952885,"C","A",0.37811,0.0426792,0.172301,0.195488,"outcome",TRUE,"reported","lYMF6a","textfile"
"rs4646359",17,17567295,"T","C",0.136515,0.483097,0.117776,0.0791028,"outcome",TRUE,"reported","lYMF6a","textfile"
"rs495360",12,218255,"A","C",0.0658916,0.527592,0.14715,0.0800096,"outcome",TRUE,"reported","lYMF6a","textfile"
"rs7126003",11,10866886,"T","C",0.742626,0.599731,0.0265319,0.0807968,"outcome",TRUE,"reported","lYMF6a","textfile"
"rs715",2,210678331,"C","T",0.413028,0.313956,0.0703543,0.0859472,"outcome",TRUE,"reported","lYMF6a","textfile"
"rs7668550",4,103463199,"T","G",0.838733,0.0100921,-0.0803848,0.394984,"outcome",TRUE,"reported","lYMF6a","textfile"
"rs7781104",7,145461394,"C","T",0.632071,0.790266,0.0468563,0.097859,"outcome",TRUE,"reported","lYMF6a","textfile"
"rs7896866",10,99580071,"A","C",0.699623,0.379925,-0.0314757,0.0815792,"outcome",TRUE,"reported","lYMF6a","textfile"
"rs9462856",6,42958286,"C","T",0.917556,0.447821,-0.00829317,0.0801177,"outcome",TRUE,"reported","lYMF6a","textfile"
"rs9886534",8,40819136,"T","C",0.180152,0.435154,0.106975,0.0798152,"outcome",TRUE,"reported","lYMF6a","textfile"
