"SNP","chr.outcome","pos.outcome","effect_allele.outcome","other_allele.outcome","pval.outcome","eaf.outcome","beta.outcome","se.outcome","outcome","mr_keep.outcome","pval_origin.outcome","id.outcome","data_source.outcome"
"rs10404980",19,46255684,"G","A",0.255186,0.00695425,-0.548242,0.481826,"outcome",TRUE,"reported","ftzmY0","textfile"
"rs1466522",8,84608731,"C","T",0.240311,0.306167,0.101335,0.0863008,"outcome",TRUE,"reported","ftzmY0","textfile"
"rs4641759",16,62493080,"C","T",0.356408,0.359803,0.0756567,0.0820366,"outcome",TRUE,"reported","ftzmY0","textfile"
"rs6126354",20,51854046,"T","C",0.79441,0.547956,0.0207713,0.0797092,"outcome",TRUE,"reported","ftzmY0","textfile"
