"SNP","chr.outcome","pos.outcome","effect_allele.outcome","other_allele.outcome","pval.outcome","eaf.outcome","beta.outcome","se.outcome","outcome","mr_keep.outcome","pval_origin.outcome","id.outcome","data_source.outcome"
"rs10435813",9,5533450,"G","A",0.832014,0.194896,0.0212428,0.100146,"outcome",TRUE,"reported","rmI0kN","textfile"
"rs10514491",16,80281366,"C","T",0.634416,0.282446,0.0417526,0.0878041,"outcome",TRUE,"reported","rmI0kN","textfile"
"rs10848204",12,130766508,"C","T",0.28096,0.422168,0.0865278,0.0802546,"outcome",TRUE,"reported","rmI0kN","textfile"
"rs10967809",9,27248191,"G","C",0.260013,0.38717,-0.0915735,0.0813004,"outcome",TRUE,"reported","rmI0kN","textfile"
"rs1097296",1,226755787,"T","C",0.227919,0.335338,-0.101134,0.0838772,"outcome",TRUE,"reported","rmI0kN","textfile"
"rs11734565",4,68759889,"T","C",0.428424,0.0639465,0.126852,0.160188,"outcome",TRUE,"reported","rmI0kN","textfile"
"rs11895467",2,164609939,"G","T",0.547632,0.710019,-0.0523579,0.0870729,"outcome",TRUE,"reported","rmI0kN","textfile"
"rs11937702",4,139522362,"A","G",0.511687,0.0658106,-0.106059,0.161623,"outcome",TRUE,"reported","rmI0kN","textfile"
"rs1229590",18,56232156,"G","A",0.096241,0.418538,-0.13357,0.0803012,"outcome",TRUE,"reported","rmI0kN","textfile"
"rs12704178",7,85845646,"A","T",0.608648,0.440538,0.0409597,0.0799988,"outcome",TRUE,"reported","rmI0kN","textfile"
"rs1447842",3,77552939,"A","G",0.323074,0.498747,0.0780344,0.0789694,"outcome",TRUE,"reported","rmI0kN","textfile"
"rs16886123",5,19344111,"G","A",0.464536,0.0956544,0.097518,0.133331,"outcome",TRUE,"reported","rmI0kN","textfile"
"rs1846975",5,39544609,"A","G",0.306499,0.242114,0.0947092,0.0926165,"outcome",TRUE,"reported","rmI0kN","textfile"
"rs1866411",2,147511206,"C","A",0.351503,0.658194,0.0777767,0.0834802,"outcome",TRUE,"reported","rmI0kN","textfile"
"rs1938479",10,90538186,"C","T",0.302453,0.251097,0.0938243,0.0909867,"outcome",TRUE,"reported","rmI0kN","textfile"
"rs2049534",17,53040813,"C","T",0.142626,0.497699,0.116013,0.0791311,"outcome",TRUE,"reported","rmI0kN","textfile"
"rs2147618",13,21850943,"C","A",0.282325,0.494825,-0.0851449,0.0791964,"outcome",TRUE,"reported","rmI0kN","textfile"
"rs2286396",10,114300628,"C","T",0.769653,0.831615,0.030919,0.105587,"outcome",TRUE,"reported","rmI0kN","textfile"
"rs2421124",10,122716870,"C","G",0.879207,0.560234,-0.0121082,0.0796728,"outcome",TRUE,"reported","rmI0kN","textfile"
"rs2863202",1,67118652,"C","T",0.966872,0.673626,-0.00350764,0.0844569,"outcome",TRUE,"reported","rmI0kN","textfile"
"rs4646880",6,134916548,"A","G",0.454064,0.47592,0.059674,0.0797081,"outcome",TRUE,"reported","rmI0kN","textfile"
"rs4834846",4,12613650,"G","A",0.22345,0.452512,-0.0971049,0.0797639,"outcome",TRUE,"reported","rmI0kN","textfile"
"rs4848532",2,119010960,"T","C",0.114249,0.442105,0.125333,0.0793561,"outcome",TRUE,"reported","rmI0kN","textfile"
"rs511545",9,76696274,"T","C",0.189961,0.511989,-0.104055,0.0793888,"outcome",TRUE,"reported","rmI0kN","textfile"
"rs630782",11,107326810,"T","C",0.669044,0.469595,-0.0338787,0.0792559,"outcome",TRUE,"reported","rmI0kN","textfile"
"rs6661052",1,101859022,"A","T",0.401943,0.482342,-0.0662471,0.0790391,"outcome",TRUE,"reported","rmI0kN","textfile"
"rs6864461",5,89519905,"C","G",0.109656,0.291962,0.139164,0.0869912,"outcome",TRUE,"reported","rmI0kN","textfile"
"rs7002819",8,14187742,"T","C",0.832668,0.587913,-0.0170699,0.0807925,"outcome",TRUE,"reported","rmI0kN","textfile"
"rs7136574",12,119131856,"C","T",0.138718,0.599593,0.119613,0.080788,"outcome",TRUE,"reported","rmI0kN","textfile"
"rs7214330",17,68477321,"T","C",0.260472,0.164703,0.119519,0.106213,"outcome",TRUE,"reported","rmI0kN","textfile"
"rs754939",15,54659879,"A","T",0.0366522,0.581216,-0.168542,0.0806565,"outcome",TRUE,"reported","rmI0kN","textfile"
"rs7642054",3,29685473,"T","C",0.270942,0.559295,0.087716,0.0796769,"outcome",TRUE,"reported","rmI0kN","textfile"
"rs7809262",7,3101503,"A","G",0.39891,0.439157,-0.0672338,0.0797015,"outcome",TRUE,"reported","rmI0kN","textfile"
"rs8015724",14,22127318,"C","T",0.785981,0.597742,-0.0219297,0.0807622,"outcome",TRUE,"reported","rmI0kN","textfile"
"rs8079173",17,72079655,"A","G",0.0990604,0.231369,-0.155786,0.0944484,"outcome",TRUE,"reported","rmI0kN","textfile"
"rs899227",16,56353557,"G","A",0.919371,0.463147,-0.00804861,0.0795117,"outcome",TRUE,"reported","rmI0kN","textfile"
"rs9033",16,67148096,"G","A",0.467198,0.464396,0.0579848,0.0797539,"outcome",TRUE,"reported","rmI0kN","textfile"
"rs9513489",13,98782504,"C","T",0.783036,0.40032,-0.0224353,0.081475,"outcome",TRUE,"reported","rmI0kN","textfile"
