"SNP","chr.outcome","pos.outcome","effect_allele.outcome","other_allele.outcome","pval.outcome","eaf.outcome","beta.outcome","se.outcome","outcome","mr_keep.outcome","pval_origin.outcome","id.outcome","data_source.outcome"
"rs10012175",4,89411122,"T","C",0.521514,0.127469,0.0763163,0.119056,"outcome",TRUE,"reported","P73E0j","textfile"
"rs10800623",1,199303679,"A","G",0.389817,0.39435,-0.070266,0.0817094,"outcome",TRUE,"reported","P73E0j","textfile"
"rs10963172",9,17636443,"G","A",0.685124,0.0600189,0.0675398,0.166567,"outcome",TRUE,"reported","P73E0j","textfile"
"rs11192702",10,82149264,"A","G",0.534944,0.0229353,-0.166294,0.26801,"outcome",TRUE,"reported","P73E0j","textfile"
"rs11564710",11,2179099,"C","A",0.0373895,0.631944,0.170339,0.0818353,"outcome",TRUE,"reported","P73E0j","textfile"
"rs12131781",1,167081328,"G","A",0.931624,0.263527,0.00771042,0.089863,"outcome",TRUE,"reported","P73E0j","textfile"
"rs12538514",7,150889342,"C","G",0.0293826,0.368505,0.178692,0.0820322,"outcome",TRUE,"reported","P73E0j","textfile"
"rs12815706",12,47321595,"A","G",0.402161,0.439702,0.06752,0.0805952,"outcome",TRUE,"reported","P73E0j","textfile"
"rs339707",3,42682335,"T","G",0.369666,0.725551,0.0798587,0.0890188,"outcome",TRUE,"reported","P73E0j","textfile"
"rs6442530",3,15513915,"T","C",0.31578,0.256723,-0.0907248,0.0904384,"outcome",TRUE,"reported","P73E0j","textfile"
"rs6592988",7,52213737,"C","T",0.541279,0.904329,-0.0822085,0.134574,"outcome",TRUE,"reported","P73E0j","textfile"
"rs7253109",19,45581383,"T","G",0.720238,0.376446,-0.0292284,0.0816111,"outcome",TRUE,"reported","P73E0j","textfile"
"rs7514881",1,239179186,"C","G",0.330842,0.260333,-0.0872457,0.0897202,"outcome",TRUE,"reported","P73E0j","textfile"
"rs7751499",6,154649665,"G","A",0.490456,0.35279,-0.0569288,0.0825553,"outcome",TRUE,"reported","P73E0j","textfile"
"rs7908166",10,24040003,"G","A",0.120091,0.018591,0.454687,0.292518,"outcome",TRUE,"reported","P73E0j","textfile"
"rs9323203",14,50971259,"C","A",0.473405,0.29411,-0.0623908,0.0870227,"outcome",TRUE,"reported","P73E0j","textfile"
