"SNP","chr.outcome","pos.outcome","effect_allele.outcome","other_allele.outcome","pval.outcome","eaf.outcome","beta.outcome","se.outcome","outcome","mr_keep.outcome","pval_origin.outcome","id.outcome","data_source.outcome"
"rs10435813",9,5533450,"G","A",0.832014,0.194896,0.0212428,0.100146,"outcome",TRUE,"reported","rTURpP","textfile"
"rs10520198",4,171027940,"A","G",0.536447,0.0476516,0.114911,0.185881,"outcome",TRUE,"reported","rTURpP","textfile"
"rs10839561",11,6380368,"G","C",0.568633,0.0697218,-0.0879398,0.154262,"outcome",TRUE,"reported","rTURpP","textfile"
"rs1122530",9,84849437,"G","A",0.281476,0.123595,-0.130168,0.12086,"outcome",TRUE,"reported","rTURpP","textfile"
"rs11912450",22,21092790,"A","T",0.0394485,0.223096,0.19649,0.0954079,"outcome",TRUE,"reported","rTURpP","textfile"
"rs12116440",1,33013276,"T","C",0.826246,0.00659197,0.108045,0.492194,"outcome",TRUE,"reported","rTURpP","textfile"
"rs1216886",1,113194116,"A","G",0.463428,0.872699,-0.0865079,0.117984,"outcome",TRUE,"reported","rTURpP","textfile"
"rs12826254",12,130772575,"T","C",0.83027,0.139284,0.0243901,0.113784,"outcome",TRUE,"reported","rTURpP","textfile"
"rs1408276",6,121473320,"A","C",0.593856,0.968223,0.123398,0.231404,"outcome",TRUE,"reported","rTURpP","textfile"
"rs16883391",5,9697774,"A","C",0.557555,0.248689,-0.0536791,0.0915283,"outcome",TRUE,"reported","rTURpP","textfile"
"rs17031632",2,105727969,"G","A",0.946178,0.0993813,0.00894454,0.132499,"outcome",TRUE,"reported","rTURpP","textfile"
"rs170631",1,7792057,"G","C",0.420973,0.0789851,-0.117244,0.145692,"outcome",TRUE,"reported","rTURpP","textfile"
"rs17094565",1,73883113,"T","A",0.0655375,0.0749714,0.27487,0.149258,"outcome",TRUE,"reported","rTURpP","textfile"
"rs17145331",7,21768580,"C","T",0.57277,0.221903,-0.0537741,0.095348,"outcome",TRUE,"reported","rTURpP","textfile"
"rs17233321",5,81721322,"G","A",0.740224,0.065755,0.0532921,0.160733,"outcome",TRUE,"reported","rTURpP","textfile"
"rs1864609",7,137241672,"C","A",0.783455,0.196232,-0.0275468,0.100236,"outcome",TRUE,"reported","rTURpP","textfile"
"rs196885",8,24879374,"T","C",0.202944,0.81291,0.129101,0.101398,"outcome",TRUE,"reported","rTURpP","textfile"
"rs2471075",5,38118992,"A","G",0.335491,0.939527,0.163252,0.169505,"outcome",TRUE,"reported","rTURpP","textfile"
"rs2944772",8,140538320,"G","C",0.369426,0.213414,0.0866347,0.0965237,"outcome",TRUE,"reported","rTURpP","textfile"
"rs4519482",2,172098631,"T","A",0.235277,0.601797,0.0963572,0.0811857,"outcome",TRUE,"reported","rTURpP","textfile"
"rs6140831",20,9028242,"C","A",0.0560093,0.343174,-0.159204,0.0833109,"outcome",TRUE,"reported","rTURpP","textfile"
"rs686321",13,51851960,"T","C",0.119577,0.816586,0.16016,0.102894,"outcome",TRUE,"reported","rTURpP","textfile"
"rs6967282",7,151210108,"G","A",0.933152,0.209508,0.00816063,0.0972892,"outcome",TRUE,"reported","rTURpP","textfile"
"rs7069652",10,120204818,"A","C",0.916688,0.143596,0.0116977,0.111827,"outcome",TRUE,"reported","rTURpP","textfile"
"rs7134822",12,16046040,"A","G",0.403678,0.945004,0.144096,0.172555,"outcome",TRUE,"reported","rTURpP","textfile"
"rs7279224",21,39723314,"T","A",0.186394,0.34111,0.110767,0.0838302,"outcome",TRUE,"reported","rTURpP","textfile"
"rs7666900",4,139493179,"C","T",0.730513,0.896845,0.0451618,0.131115,"outcome",TRUE,"reported","rTURpP","textfile"
