"SNP","chr.outcome","pos.outcome","effect_allele.outcome","other_allele.outcome","pval.outcome","eaf.outcome","beta.outcome","se.outcome","outcome","mr_keep.outcome","pval_origin.outcome","id.outcome","data_source.outcome"
"rs10494270",1,151934697,"G","A",0.972728,0.251054,-0.00310919,0.0909451,"outcome",TRUE,"reported","gRGNGD","textfile"
"rs10945649",6,160007529,"A","T",0.995993,0.122334,-0.000618051,0.123081,"outcome",TRUE,"reported","gRGNGD","textfile"
"rs11605057",11,86993054,"C","T",0.792874,0.0794315,0.0382897,0.145821,"outcome",TRUE,"reported","gRGNGD","textfile"
"rs1185260",12,121951342,"G","A",0.517953,0.82292,-0.0672419,0.104008,"outcome",TRUE,"reported","gRGNGD","textfile"
"rs11858062",15,98113092,"C","T",0.319768,0.160159,-0.107808,0.108357,"outcome",TRUE,"reported","gRGNGD","textfile"
"rs11869714",17,50509946,"G","A",0.0666914,0.188703,-0.186299,0.101595,"outcome",TRUE,"reported","gRGNGD","textfile"
"rs12325299",16,86629647,"G","C",0.484808,0.295462,0.0607372,0.0869426,"outcome",TRUE,"reported","gRGNGD","textfile"
"rs12950972",17,76523218,"C","T",0.568303,0.420274,0.0458963,0.0804419,"outcome",TRUE,"reported","gRGNGD","textfile"
"rs1337278",13,85742718,"A","G",0.0102431,0.560672,0.199189,0.0775805,"outcome",TRUE,"reported","gRGNGD","textfile"
"rs1448817",4,110719897,"G","A",0.671137,0.352109,0.035216,0.0829415,"outcome",TRUE,"reported","gRGNGD","textfile"
"rs17386586",13,108633733,"A","C",0.261067,0.190097,-0.113187,0.100712,"outcome",TRUE,"reported","gRGNGD","textfile"
"rs2130791",10,70031595,"G","A",0.207513,0.237667,0.11697,0.0928014,"outcome",TRUE,"reported","gRGNGD","textfile"
"rs3778889",7,38392683,"T","C",0.65998,0.0570109,0.0742841,0.16885,"outcome",TRUE,"reported","gRGNGD","textfile"
"rs6477873",9,111999147,"C","T",0.233099,0.42281,0.0953114,0.0799315,"outcome",TRUE,"reported","gRGNGD","textfile"
"rs6952850",7,8615122,"G","A",0.971347,0.368768,-0.00294547,0.0820031,"outcome",TRUE,"reported","gRGNGD","textfile"
"rs7178596",15,38887120,"G","A",0.706793,0.56125,0.0300454,0.0798726,"outcome",TRUE,"reported","gRGNGD","textfile"
"rs7446718",5,12077571,"A","G",0.885901,0.815565,-0.0147002,0.102446,"outcome",TRUE,"reported","gRGNGD","textfile"
"rs7544738",1,37261647,"G","A",0.312702,0.643796,-0.0831959,0.0824073,"outcome",TRUE,"reported","gRGNGD","textfile"
"rs7660017",4,38298852,"A","G",0.875315,0.305326,-0.0134812,0.085916,"outcome",TRUE,"reported","gRGNGD","textfile"
"rs789195",12,70061232,"A","G",0.686573,0.779751,0.0384615,0.0953173,"outcome",TRUE,"reported","gRGNGD","textfile"
"rs9347123",6,166321165,"T","A",0.524928,0.511519,0.0502394,0.0790217,"outcome",TRUE,"reported","gRGNGD","textfile"
"rs943251",6,53631784,"G","T",0.744849,0.622125,-0.0265308,0.0815231,"outcome",TRUE,"reported","gRGNGD","textfile"
"rs9460599",6,21139527,"T","C",0.244814,0.2477,-0.106774,0.0918064,"outcome",TRUE,"reported","gRGNGD","textfile"
"rs9841498",3,183009309,"T","C",0.896622,0.255039,-0.0117957,0.0907858,"outcome",TRUE,"reported","gRGNGD","textfile"
