"SNP","chr.outcome","pos.outcome","effect_allele.outcome","other_allele.outcome","pval.outcome","eaf.outcome","beta.outcome","se.outcome","outcome","mr_keep.outcome","pval_origin.outcome","id.outcome","data_source.outcome"
"rs10975331",9,5877594,"T","C",0.545091,0.0586236,0.102514,0.169408,"outcome",TRUE,"reported","tVQWf8","textfile"
"rs11241933",5,127608649,"A","T",0.429264,0.188964,0.0795028,0.100579,"outcome",TRUE,"reported","tVQWf8","textfile"
"rs1153699",2,175058058,"T","G",0.088038,0.234531,-0.160489,0.0940821,"outcome",TRUE,"reported","tVQWf8","textfile"
"rs11949031",5,2370222,"A","G",0.33247,0.141592,0.112754,0.116343,"outcome",TRUE,"reported","tVQWf8","textfile"
"rs17022499",12,94507813,"A","T",0.201496,0.295161,0.111682,0.087436,"outcome",TRUE,"reported","tVQWf8","textfile"
"rs17403795",11,10559670,"A","G",0.801546,0.140046,-0.0283214,0.112679,"outcome",TRUE,"reported","tVQWf8","textfile"
"rs1898906",2,188027659,"A","G",0.110617,0.00803571,-0.713151,0.446997,"outcome",TRUE,"reported","tVQWf8","textfile"
"rs2032297",21,21083003,"G","C",0.38853,0.192763,-0.0864208,0.100223,"outcome",TRUE,"reported","tVQWf8","textfile"
"rs4632709",4,158324989,"C","T",0.98707,0.0415024,-0.00318942,0.196802,"outcome",TRUE,"reported","tVQWf8","textfile"
"rs4896370",6,138497700,"G","A",0.941868,0.654195,-0.00608618,0.0834614,"outcome",TRUE,"reported","tVQWf8","textfile"
"rs7184864",16,50154872,"A","G",0.709191,0.903609,-0.0500451,0.13419,"outcome",TRUE,"reported","tVQWf8","textfile"
"rs7961079",12,108729288,"G","A",0.694976,0.32562,0.0331458,0.0845318,"outcome",TRUE,"reported","tVQWf8","textfile"
"rs8137495",22,23630222,"G","A",0.515608,0.240928,0.0602841,0.0927263,"outcome",TRUE,"reported","tVQWf8","textfile"
