"SNP","chr.outcome","pos.outcome","effect_allele.outcome","other_allele.outcome","pval.outcome","eaf.outcome","beta.outcome","se.outcome","outcome","mr_keep.outcome","pval_origin.outcome","id.outcome","data_source.outcome"
"rs10132580",14,35649142,"T","G",0.770389,0.227506,-0.027625,0.0946492,"outcome",TRUE,"reported","VCpMc4","textfile"
"rs10279326",7,16115295,"C","T",0.711898,0.0368351,-0.0773075,0.209331,"outcome",TRUE,"reported","VCpMc4","textfile"
"rs10483826",14,70158570,"G","A",0.779875,0.172352,0.0290583,0.103972,"outcome",TRUE,"reported","VCpMc4","textfile"
"rs10937658",4,5681084,"A","G",0.554333,0.29508,-0.0513386,0.0868263,"outcome",TRUE,"reported","VCpMc4","textfile"
"rs11715915",3,49417897,"T","C",0.771267,0.437663,-0.0232601,0.0800091,"outcome",TRUE,"reported","VCpMc4","textfile"
"rs11874996",18,75814266,"T","C",0.809293,0.0146417,0.0786846,0.326035,"outcome",TRUE,"reported","VCpMc4","textfile"
"rs12042948",1,84383981,"G","A",0.972096,0.234621,0.00326622,0.0933749,"outcome",TRUE,"reported","VCpMc4","textfile"
"rs12444778",16,81739622,"C","T",0.0541764,0.917178,0.277179,0.143957,"outcome",TRUE,"reported","VCpMc4","textfile"
"rs12896482",14,44058065,"C","T",0.493975,0.0455293,0.130119,0.190232,"outcome",TRUE,"reported","VCpMc4","textfile"
"rs1379459",2,6580745,"C","T",0.890361,0.241237,-0.0127713,0.0926478,"outcome",TRUE,"reported","VCpMc4","textfile"
"rs1556988",9,4049357,"A","G",0.964565,0.809097,-0.00449827,0.101254,"outcome",TRUE,"reported","VCpMc4","textfile"
"rs1615157",3,13123283,"C","T",0.553117,0.344513,0.0494955,0.0834529,"outcome",TRUE,"reported","VCpMc4","textfile"
"rs17562832",18,35984039,"T","C",0.582044,0.067208,0.0866428,0.157417,"outcome",TRUE,"reported","VCpMc4","textfile"
"rs2422370",11,36846737,"G","A",0.668382,0.273258,0.0390903,0.0912539,"outcome",TRUE,"reported","VCpMc4","textfile"
"rs2705962",4,178358811,"G","A",0.791045,0.216031,-0.0253735,0.0957651,"outcome",TRUE,"reported","VCpMc4","textfile"
"rs6129758",20,41115281,"G","T",0.455795,0.101884,0.0977736,0.131101,"outcome",TRUE,"reported","VCpMc4","textfile"
"rs6543699",2,33177935,"A","G",0.578237,0.553571,-0.0442657,0.07962,"outcome",TRUE,"reported","VCpMc4","textfile"
"rs6924754",6,111862610,"A","G",0.37067,0.0870685,0.12554,0.140233,"outcome",TRUE,"reported","VCpMc4","textfile"
"rs7068714",10,85641640,"A","C",0.636401,0.221461,-0.0452137,0.0956427,"outcome",TRUE,"reported","VCpMc4","textfile"
"rs7914384",10,51879561,"T","C",0.397798,0.152422,-0.0919654,0.108763,"outcome",TRUE,"reported","VCpMc4","textfile"
"rs8046494",16,83185851,"G","A",0.365946,0.114964,-0.1132,0.125208,"outcome",TRUE,"reported","VCpMc4","textfile"
"rs905508",15,69279329,"T","C",0.926771,0.185723,-0.00934884,0.10172,"outcome",TRUE,"reported","VCpMc4","textfile"
"rs9396681",6,16492858,"T","C",0.934267,0.89249,0.0105682,0.128136,"outcome",TRUE,"reported","VCpMc4","textfile"
"rs9861011",3,131655958,"G","A",0.480206,0.389978,-0.0574682,0.081403,"outcome",TRUE,"reported","VCpMc4","textfile"
