"SNP","chr.outcome","pos.outcome","effect_allele.outcome","other_allele.outcome","pval.outcome","eaf.outcome","beta.outcome","se.outcome","outcome","mr_keep.outcome","pval_origin.outcome","id.outcome","data_source.outcome"
"rs16940342",16,23633265,"G","A",0.896439,0.202137,0.0128291,0.0985632,"outcome",TRUE,"reported","PdiJsa","textfile"
"rs17150563",7,27688230,"C","T",0.0374576,0.21794,0.199335,0.0958003,"outcome",TRUE,"reported","PdiJsa","textfile"
"rs2788445",10,29202797,"G","C",0.814628,0.483115,-0.018619,0.0794124,"outcome",TRUE,"reported","PdiJsa","textfile"
"rs4978089",9,26651366,"G","A",0.240708,0.747783,-0.106412,0.0907008,"outcome",TRUE,"reported","PdiJsa","textfile"
"rs684748",11,35483102,"G","C",0.0705586,0.105608,-0.235643,0.130311,"outcome",TRUE,"reported","PdiJsa","textfile"
"rs6904862",6,23375303,"C","T",0.744746,0.211234,-0.0314619,0.0966349,"outcome",TRUE,"reported","PdiJsa","textfile"
"rs729761",6,43836834,"G","T",0.184355,0.696475,0.115116,0.086719,"outcome",TRUE,"reported","PdiJsa","textfile"
"rs7844733",8,3683433,"T","C",0.0683188,0.171511,-0.191548,0.105079,"outcome",TRUE,"reported","PdiJsa","textfile"
"rs8105499",19,31533051,"A","C",0.388547,0.298806,0.0746921,0.0866241,"outcome",TRUE,"reported","PdiJsa","textfile"
