"SNP","chr.outcome","pos.outcome","effect_allele.outcome","other_allele.outcome","pval.outcome","eaf.outcome","beta.outcome","se.outcome","outcome","mr_keep.outcome","pval_origin.outcome","id.outcome","data_source.outcome"
"rs10186957",2,206622165,"T","C",0.108484,0.841146,0.17319,0.107904,"outcome",TRUE,"reported","p7O31M","textfile"
"rs10822248",10,63917035,"C","T",0.155944,0.21859,-0.135866,0.0957581,"outcome",TRUE,"reported","p7O31M","textfile"
"rs10899249",11,76669313,"T","C",0.417797,0.428313,-0.0650066,0.0802303,"outcome",TRUE,"reported","p7O31M","textfile"
"rs11947970",4,90143311,"T","C",0.462366,0.264608,-0.0660173,0.0898248,"outcome",TRUE,"reported","p7O31M","textfile"
"rs12416136",10,86953847,"A","C",0.429753,0.507704,-0.0627895,0.0795192,"outcome",TRUE,"reported","p7O31M","textfile"
"rs1260326",2,27508073,"C","T",0.0385381,0.649919,0.171942,0.0831002,"outcome",TRUE,"reported","p7O31M","textfile"
"rs1289240",14,86546883,"T","C",0.577758,0.528407,0.0439961,0.0790355,"outcome",TRUE,"reported","p7O31M","textfile"
"rs1929672",10,120107501,"T","C",0.977307,0.599711,-0.00230078,0.080883,"outcome",TRUE,"reported","p7O31M","textfile"
"rs1930038",9,27926757,"T","C",0.243525,0.638037,0.096136,0.0824337,"outcome",TRUE,"reported","p7O31M","textfile"
"rs2073867",17,28351934,"C","G",0.497887,0.450402,-0.0538568,0.0794562,"outcome",TRUE,"reported","p7O31M","textfile"
"rs2187375",18,49645913,"G","A",0.764411,0.82885,-0.0314564,0.104962,"outcome",TRUE,"reported","p7O31M","textfile"
"rs2285943",7,21543345,"T","G",0.102157,0.430676,0.130409,0.0797862,"outcome",TRUE,"reported","p7O31M","textfile"
"rs2451284",2,163103923,"C","T",0.402106,0.594668,0.0675977,0.0806786,"outcome",TRUE,"reported","p7O31M","textfile"
"rs2862982",2,82577682,"G","A",0.384514,0.10328,0.114016,0.131112,"outcome",TRUE,"reported","p7O31M","textfile"
"rs2980872",8,125404678,"A","G",0.748987,0.432067,0.0256872,0.0802784,"outcome",TRUE,"reported","p7O31M","textfile"
"rs3219095",1,226376181,"C","T",0.81781,0.154814,0.0254182,0.11034,"outcome",TRUE,"reported","p7O31M","textfile"
"rs400839",18,8660151,"T","C",0.235026,0.396731,-0.0962336,0.081038,"outcome",TRUE,"reported","p7O31M","textfile"
"rs4236893",8,130681809,"C","T",0.750734,0.775487,0.0301392,0.0948753,"outcome",TRUE,"reported","p7O31M","textfile"
"rs623068",4,24023418,"A","C",0.165737,0.947656,0.245538,0.177152,"outcome",TRUE,"reported","p7O31M","textfile"
"rs6679002",1,62734265,"T","G",0.776649,0.631098,-0.0233211,0.0822071,"outcome",TRUE,"reported","p7O31M","textfile"
"rs716140",6,66750738,"C","T",0.284159,0.482964,-0.0847888,0.0791662,"outcome",TRUE,"reported","p7O31M","textfile"
"rs7520876",1,118263355,"G","A",0.84495,0.042084,-0.0392441,0.200669,"outcome",TRUE,"reported","p7O31M","textfile"
"rs782378",2,123782728,"G","A",0.596879,0.385137,0.0429371,0.0811828,"outcome",TRUE,"reported","p7O31M","textfile"
"rs8025505",15,101527638,"T","C",0.188792,0.286481,-0.114807,0.0873613,"outcome",TRUE,"reported","p7O31M","textfile"
"rs8078118",17,4786743,"A","C",0.811694,0.421716,-0.0190369,0.0799064,"outcome",TRUE,"reported","p7O31M","textfile"
"rs964184",11,116778201,"C","G",0.57897,0.855706,0.0621443,0.111994,"outcome",TRUE,"reported","p7O31M","textfile"
"rs9855331",3,105612149,"T","A",0.690481,0.276457,-0.0352259,0.0884627,"outcome",TRUE,"reported","p7O31M","textfile"
"rs988143",8,71190651,"C","T",0.669331,0.544893,-0.0339579,0.0795142,"outcome",TRUE,"reported","p7O31M","textfile"
"rs998933",11,128091610,"C","T",0.874508,0.0394018,0.0322386,0.204126,"outcome",TRUE,"reported","p7O31M","textfile"
