"SNP","chr.outcome","pos.outcome","effect_allele.outcome","other_allele.outcome","pval.outcome","eaf.outcome","beta.outcome","se.outcome","outcome","mr_keep.outcome","pval_origin.outcome","id.outcome","data_source.outcome"
"rs10416177",19,43797391,"T","G",0.338061,0.621735,-0.0782436,0.0816736,"outcome",TRUE,"reported","GB6tXo","textfile"
"rs10512645",5,1850106,"G","A",0.771413,0.413746,0.0234404,0.0806824,"outcome",TRUE,"reported","GB6tXo","textfile"
"rs10787426",10,111968676,"C","T",0.748121,0.48539,-0.0255408,0.079537,"outcome",TRUE,"reported","GB6tXo","textfile"
"rs10945327",6,168903425,"G","A",0.444967,0.370573,-0.0624133,0.0817108,"outcome",TRUE,"reported","GB6tXo","textfile"
"rs11200954",10,84272997,"G","T",0.292772,0.0576504,0.179297,0.170424,"outcome",TRUE,"reported","GB6tXo","textfile"
"rs11734331",4,123450173,"G","A",0.00439279,0.620365,-0.220561,0.077431,"outcome",TRUE,"reported","GB6tXo","textfile"
"rs12230393",12,66852042,"C","A",0.666546,0.0687514,0.0673136,0.156219,"outcome",TRUE,"reported","GB6tXo","textfile"
"rs12671954",7,147137927,"G","A",0.771392,0.36868,-0.0238951,0.0822394,"outcome",TRUE,"reported","GB6tXo","textfile"
"rs1671347",8,13341841,"G","A",0.982686,0.966314,0.00470826,0.216952,"outcome",TRUE,"reported","GB6tXo","textfile"
"rs16985223",20,40823555,"C","T",0.345374,0.0484065,0.174523,0.184954,"outcome",TRUE,"reported","GB6tXo","textfile"
"rs1748947",14,95681498,"T","G",0.528106,0.845421,0.069097,0.109521,"outcome",TRUE,"reported","GB6tXo","textfile"
"rs243597",21,17785722,"G","C",0.82346,0.467735,-0.0177041,0.0793561,"outcome",TRUE,"reported","GB6tXo","textfile"
"rs2487411",6,69838732,"C","T",0.266611,0.670894,0.0936226,0.0842763,"outcome",TRUE,"reported","GB6tXo","textfile"
"rs300250",5,74583683,"A","G",0.135129,0.615475,0.121738,0.0814752,"outcome",TRUE,"reported","GB6tXo","textfile"
"rs3114834",7,109958104,"T","C",0.603935,0.121606,0.062891,0.121236,"outcome",TRUE,"reported","GB6tXo","textfile"
"rs4239564",19,27805597,"G","A",0.40287,0.739264,-0.0756411,0.0904251,"outcome",TRUE,"reported","GB6tXo","textfile"
"rs6464030",7,10575529,"T","C",0.900861,0.52863,-0.00983147,0.0789209,"outcome",TRUE,"reported","GB6tXo","textfile"
"rs7127507",11,27693337,"C","T",0.997652,0.347577,0.000244325,0.0830427,"outcome",TRUE,"reported","GB6tXo","textfile"
"rs7145793",14,64581724,"T","G",0.820437,0.00286476,0.178503,0.786416,"outcome",TRUE,"reported","GB6tXo","textfile"
"rs7766963",6,135111745,"C","T",0.767674,0.605729,-0.0239501,0.0810718,"outcome",TRUE,"reported","GB6tXo","textfile"
