"SNP","chr.outcome","pos.outcome","effect_allele.outcome","other_allele.outcome","pval.outcome","eaf.outcome","beta.outcome","se.outcome","outcome","mr_keep.outcome","pval_origin.outcome","id.outcome","data_source.outcome"
"rs10036528",5,110716700,"A","G",0.343755,0.123986,-0.114066,0.120479,"outcome",TRUE,"reported","Mh8LeP","textfile"
"rs10216545",8,67864392,"A","G",0.759388,0.425269,-0.0244286,0.0797583,"outcome",TRUE,"reported","Mh8LeP","textfile"
"rs10839972",11,8054627,"G","T",0.946472,0.795914,-0.00662998,0.0987517,"outcome",TRUE,"reported","Mh8LeP","textfile"
"rs12337470",9,8097415,"C","T",0.611349,0.143566,0.0570414,0.112253,"outcome",TRUE,"reported","Mh8LeP","textfile"
"rs13106354",4,167404971,"A","T",0.00383645,0.257481,0.241825,0.0836388,"outcome",TRUE,"reported","Mh8LeP","textfile"
"rs13216754",6,44685473,"A","G",0.816255,0.014154,0.0768656,0.330799,"outcome",TRUE,"reported","Mh8LeP","textfile"
"rs1614303",10,121637292,"T","G",0.904491,0.835469,-0.0128011,0.106684,"outcome",TRUE,"reported","Mh8LeP","textfile"
"rs2076799",13,36147045,"C","G",0.85536,0.0594634,0.0306403,0.168091,"outcome",TRUE,"reported","Mh8LeP","textfile"
"rs2259038",2,203449099,"A","G",0.126003,0.0308993,-0.351516,0.229741,"outcome",TRUE,"reported","Mh8LeP","textfile"
"rs2501242",13,70002296,"T","G",0.0843879,0.282207,0.152392,0.0883035,"outcome",TRUE,"reported","Mh8LeP","textfile"
"rs2941840",18,78766710,"A","G",0.612568,0.114181,-0.0634674,0.125328,"outcome",TRUE,"reported","Mh8LeP","textfile"
"rs4436910",2,237281890,"T","A",0.255451,0.195328,-0.114041,0.100282,"outcome",TRUE,"reported","Mh8LeP","textfile"
"rs5022234",13,81479281,"C","A",0.299091,0.38745,-0.0845913,0.0814644,"outcome",TRUE,"reported","Mh8LeP","textfile"
"rs5759809",22,23444583,"T","C",0.131547,0.117499,-0.187142,0.124097,"outcome",TRUE,"reported","Mh8LeP","textfile"
"rs641939",2,72384046,"G","A",0.369766,0.179242,-0.0922923,0.1029,"outcome",TRUE,"reported","Mh8LeP","textfile"
"rs806214",7,127596949,"A","G",0.345708,0.257507,-0.0854384,0.0906079,"outcome",TRUE,"reported","Mh8LeP","textfile"
"rs9374302",6,111919129,"A","G",0.980347,0.135569,0.00285046,0.11571,"outcome",TRUE,"reported","Mh8LeP","textfile"
"rs9878149",3,14360991,"G","A",0.707884,0.769348,-0.0352428,0.0940558,"outcome",TRUE,"reported","Mh8LeP","textfile"
