"SNP","chr.outcome","pos.outcome","effect_allele.outcome","other_allele.outcome","pval.outcome","eaf.outcome","beta.outcome","se.outcome","outcome","mr_keep.outcome","pval_origin.outcome","id.outcome","data_source.outcome"
"rs11020587",11,93909923,"A","G",0.294527,0.970753,0.248693,0.237248,"outcome",TRUE,"reported","SIE5UP","textfile"
"rs11062138",12,2171776,"A","G",0.907081,0.220419,0.0111056,0.0951464,"outcome",TRUE,"reported","SIE5UP","textfile"
"rs1159317",18,57320363,"C","G",0.593647,0.270776,-0.0475072,0.0890384,"outcome",TRUE,"reported","SIE5UP","textfile"
"rs13120638",4,185616318,"G","T",0.0412107,0.0736617,-0.310922,0.152308,"outcome",TRUE,"reported","SIE5UP","textfile"
"rs1813982",15,37502028,"T","C",0.91422,0.196355,-0.0106892,0.0992339,"outcome",TRUE,"reported","SIE5UP","textfile"
"rs2517897",6,29832324,"A","C",0.483635,0.149069,0.0775145,0.110661,"outcome",TRUE,"reported","SIE5UP","textfile"
"rs333383",4,172326876,"G","A",0.852782,0.15004,-0.0206754,0.111416,"outcome",TRUE,"reported","SIE5UP","textfile"
"rs4075155",8,56282058,"C","T",0.642327,0.295865,-0.0401248,0.0863924,"outcome",TRUE,"reported","SIE5UP","textfile"
"rs4816048",20,8169914,"C","G",0.409729,0.231015,-0.0772938,0.093761,"outcome",TRUE,"reported","SIE5UP","textfile"
"rs6130362",20,43387625,"C","G",0.46157,0.19438,-0.0741626,0.100728,"outcome",TRUE,"reported","SIE5UP","textfile"
"rs7160223",14,72432821,"A","T",0.0909117,0.519384,-0.134121,0.0793331,"outcome",TRUE,"reported","SIE5UP","textfile"
"rs7813124",8,133876956,"T","A",0.0567479,0.0156386,0.608859,0.31957,"outcome",TRUE,"reported","SIE5UP","textfile"
"rs7867387",9,79502026,"G","A",0.498027,0.0447184,0.130432,0.192492,"outcome",TRUE,"reported","SIE5UP","textfile"
"rs874758",10,86340332,"G","A",0.28128,0.813575,0.110421,0.102484,"outcome",TRUE,"reported","SIE5UP","textfile"
