"SNP","chr.outcome","pos.outcome","effect_allele.outcome","other_allele.outcome","pval.outcome","eaf.outcome","beta.outcome","se.outcome","outcome","mr_keep.outcome","pval_origin.outcome","id.outcome","data_source.outcome"
"rs10017961",4,140079183,"A","G",0.13194,0.280097,-0.132916,0.0882288,"outcome",TRUE,"reported","VN7hlU","textfile"
"rs11487092",7,108053295,"A","G",0.809087,0.00210624,-0.217858,0.901712,"outcome",TRUE,"reported","VN7hlU","textfile"
"rs16967757",16,64602610,"T","C",0.809337,0.283524,0.0210703,0.0873268,"outcome",TRUE,"reported","VN7hlU","textfile"
"rs1998053",14,100853697,"G","A",0.443044,0.874779,0.0916439,0.119474,"outcome",TRUE,"reported","VN7hlU","textfile"
"rs2365522",4,71910446,"A","C",0.760391,0.745709,-0.0277196,0.0908936,"outcome",TRUE,"reported","VN7hlU","textfile"
"rs4404993",9,19367828,"T","G",0.438876,0.228776,0.0728821,0.0941517,"outcome",TRUE,"reported","VN7hlU","textfile"
"rs488225",12,3120661,"G","A",0.0991334,0.62794,0.135138,0.0819478,"outcome",TRUE,"reported","VN7hlU","textfile"
"rs4917405",10,103878474,"C","T",0.651841,0.945507,-0.0781693,0.173246,"outcome",TRUE,"reported","VN7hlU","textfile"
"rs6434811",2,196001696,"T","C",0.234942,0.892364,0.152036,0.128006,"outcome",TRUE,"reported","VN7hlU","textfile"
"rs6657899",1,86238219,"T","G",0.484,0.0129137,-0.24735,0.353416,"outcome",TRUE,"reported","VN7hlU","textfile"
"rs7184992",16,27420689,"T","C",0.530933,0.3214,-0.0530327,0.0846381,"outcome",TRUE,"reported","VN7hlU","textfile"
"rs7240261",18,5428939,"T","C",0.812412,0.5329,0.0189336,0.0797824,"outcome",TRUE,"reported","VN7hlU","textfile"
