"SNP","chr.outcome","pos.outcome","effect_allele.outcome","other_allele.outcome","pval.outcome","eaf.outcome","beta.outcome","se.outcome","outcome","mr_keep.outcome","pval_origin.outcome","id.outcome","data_source.outcome"
"rs10490240",2,50134325,"G","A",0.554335,0.115043,-0.0732692,0.123917,"outcome",TRUE,"reported","ZBYUA3","textfile"
"rs10933558",2,241468063,"G","A",0.378058,0.175179,0.0923809,0.104802,"outcome",TRUE,"reported","ZBYUA3","textfile"
"rs11539202",11,34947565,"G","A",0.560675,0.248716,-0.0534019,0.0917814,"outcome",TRUE,"reported","ZBYUA3","textfile"
"rs11843722",13,94674198,"C","T",0.438683,0.052555,0.138619,0.178998,"outcome",TRUE,"reported","ZBYUA3","textfile"
"rs12119234",1,71832083,"T","C",0.574902,0.246026,-0.051847,0.0924443,"outcome",TRUE,"reported","ZBYUA3","textfile"
"rs12482635",21,37047482,"T","C",0.835651,0.31986,-0.017583,0.084754,"outcome",TRUE,"reported","ZBYUA3","textfile"
"rs12950008",17,12524015,"C","G",0.275406,0.489956,0.0865513,0.079354,"outcome",TRUE,"reported","ZBYUA3","textfile"
"rs1493749",12,44460621,"G","A",0.49764,0.77524,0.0651483,0.0960594,"outcome",TRUE,"reported","ZBYUA3","textfile"
"rs2044899",8,95072607,"A","C",0.0278927,0.355555,-0.182273,0.0828967,"outcome",TRUE,"reported","ZBYUA3","textfile"
"rs302121",7,83644459,"A","T",0.245901,0.71904,-0.102789,0.0885836,"outcome",TRUE,"reported","ZBYUA3","textfile"
"rs3904667",13,62912428,"A","T",0.665454,0.153088,0.0474641,0.10977,"outcome",TRUE,"reported","ZBYUA3","textfile"
"rs4970834",1,109272258,"T","C",0.765854,0.196076,-0.0297374,0.0998562,"outcome",TRUE,"reported","ZBYUA3","textfile"
"rs6455128",6,61987841,"C","A",0.803988,0.897938,-0.03249,0.130908,"outcome",TRUE,"reported","ZBYUA3","textfile"
"rs7288834",22,17351252,"T","G",0.168701,0.544757,0.10938,0.0794688,"outcome",TRUE,"reported","ZBYUA3","textfile"
"rs9572809",13,71850157,"C","A",0.478374,0.0745863,-0.107575,0.151745,"outcome",TRUE,"reported","ZBYUA3","textfile"
"rs9811522",3,5837679,"A","G",0.830822,0.148014,-0.0237477,0.111154,"outcome",TRUE,"reported","ZBYUA3","textfile"
"rs9818690",3,55194387,"C","T",0.983117,0.316834,0.00180708,0.0853947,"outcome",TRUE,"reported","ZBYUA3","textfile"
"rs9998852",4,125248997,"G","A",0.54917,0.275626,-0.0531304,0.088698,"outcome",TRUE,"reported","ZBYUA3","textfile"
