"SNP","chr.outcome","pos.outcome","effect_allele.outcome","other_allele.outcome","pval.outcome","eaf.outcome","beta.outcome","se.outcome","outcome","mr_keep.outcome","pval_origin.outcome","id.outcome","data_source.outcome"
"rs10194073",2,37890844,"C","A",0.034435,0.229375,-0.199632,0.0943914,"outcome",TRUE,"reported","dxIiJi","textfile"
"rs11058334",12,125796579,"A","G",0.305334,0.0349922,-0.219175,0.213816,"outcome",TRUE,"reported","dxIiJi","textfile"
"rs11656215",17,17549753,"T","C",0.303373,0.487732,0.0815321,0.0792169,"outcome",TRUE,"reported","dxIiJi","textfile"
"rs11930490",4,130882537,"G","A",0.0880866,0.184719,-0.174036,0.102039,"outcome",TRUE,"reported","dxIiJi","textfile"
"rs12039115",1,62529592,"T","C",0.34193,0.0917519,0.131494,0.138363,"outcome",TRUE,"reported","dxIiJi","textfile"
"rs1417497",13,87476206,"C","G",0.665586,0.054293,-0.0756535,0.175037,"outcome",TRUE,"reported","dxIiJi","textfile"
"rs17497383",1,82715966,"T","G",0.747376,0.0485011,0.0594143,0.184458,"outcome",TRUE,"reported","dxIiJi","textfile"
"rs17642749",10,117887745,"G","T",0.691363,0.0432654,0.0781208,0.196774,"outcome",TRUE,"reported","dxIiJi","textfile"
"rs2080224",7,19488981,"A","G",0.579217,0.917084,0.079855,0.144005,"outcome",TRUE,"reported","dxIiJi","textfile"
"rs2297615",14,20378362,"T","A",0.750957,0.248184,-0.0292049,0.0920192,"outcome",TRUE,"reported","dxIiJi","textfile"
"rs2824226",21,17085510,"G","A",0.947474,0.20094,0.00654826,0.099399,"outcome",TRUE,"reported","dxIiJi","textfile"
"rs3786284",18,12010647,"A","G",0.639909,0.165006,0.0502339,0.107377,"outcome",TRUE,"reported","dxIiJi","textfile"
"rs4293599",2,48717605,"G","C",0.536726,0.750028,0.0563761,0.0912572,"outcome",TRUE,"reported","dxIiJi","textfile"
"rs4487482",5,135866082,"G","A",0.761937,0.205202,0.029765,0.0982548,"outcome",TRUE,"reported","dxIiJi","textfile"
"rs4538138",2,146528347,"T","G",0.347491,0.230759,0.0885247,0.0942287,"outcome",TRUE,"reported","dxIiJi","textfile"
"rs4784175",16,62179134,"A","T",0.472965,0.864694,-0.0831553,0.11587,"outcome",TRUE,"reported","dxIiJi","textfile"
"rs715",2,210678331,"C","T",0.413028,0.313956,0.0703543,0.0859472,"outcome",TRUE,"reported","dxIiJi","textfile"
"rs7215931",17,31772106,"A","G",0.225196,0.223189,0.115584,0.095301,"outcome",TRUE,"reported","dxIiJi","textfile"
"rs7687295",4,181146783,"A","G",0.656257,0.0652804,0.0714413,0.160511,"outcome",TRUE,"reported","dxIiJi","textfile"
"rs8003323",14,70359449,"G","C",0.149387,0.0155073,-0.449887,0.312054,"outcome",TRUE,"reported","dxIiJi","textfile"
"rs8033100",15,71685107,"C","T",0.533765,0.121497,0.0753696,0.12112,"outcome",TRUE,"reported","dxIiJi","textfile"
"rs9321388",6,133063724,"A","G",0.300561,0.181594,0.10612,0.102508,"outcome",TRUE,"reported","dxIiJi","textfile"
"rs9663814",10,75978624,"A","G",0.43552,0.641953,-0.0642456,0.0823893,"outcome",TRUE,"reported","dxIiJi","textfile"
