"SNP","chr.outcome","pos.outcome","effect_allele.outcome","other_allele.outcome","pval.outcome","eaf.outcome","beta.outcome","se.outcome","outcome","mr_keep.outcome","pval_origin.outcome","id.outcome","data_source.outcome"
"rs10111368",8,133634155,"A","G",0.0711754,0.473207,0.143992,0.0798024,"outcome",TRUE,"reported","5Bya2e","textfile"
"rs10130689",14,50924753,"T","C",0.830696,0.175429,0.0222251,0.103948,"outcome",TRUE,"reported","5Bya2e","textfile"
"rs10239136",7,9531993,"T","C",0.43309,0.598716,-0.0634272,0.0809107,"outcome",TRUE,"reported","5Bya2e","textfile"
"rs10275028",7,34849610,"C","T",0.464372,0.302153,-0.0629812,0.086079,"outcome",TRUE,"reported","5Bya2e","textfile"
"rs1028981",21,20296171,"A","G",0.47239,0.361448,0.0589324,0.0820105,"outcome",TRUE,"reported","5Bya2e","textfile"
"rs10481187",8,131466872,"T","G",0.938475,0.369701,0.00633444,0.0820664,"outcome",TRUE,"reported","5Bya2e","textfile"
"rs10489008",4,31716662,"C","A",0.671305,0.527264,0.0334779,0.0788907,"outcome",TRUE,"reported","5Bya2e","textfile"
"rs10784558",12,66610103,"T","C",0.222524,0.370164,0.1002,0.0821419,"outcome",TRUE,"reported","5Bya2e","textfile"
"rs10789970",11,113903224,"T","C",0.72593,0.436379,0.0280455,0.0800054,"outcome",TRUE,"reported","5Bya2e","textfile"
"rs10802528",1,236343515,"G","T",0.238992,0.510765,0.093129,0.0790897,"outcome",TRUE,"reported","5Bya2e","textfile"
"rs10818924",9,124151583,"C","T",0.681635,0.295158,-0.0355332,0.086617,"outcome",TRUE,"reported","5Bya2e","textfile"
"rs10820588",9,103959923,"T","G",0.504593,0.539474,0.0529513,0.0793537,"outcome",TRUE,"reported","5Bya2e","textfile"
"rs10821585",10,59756829,"A","G",0.847817,0.451345,0.0152391,0.0794097,"outcome",TRUE,"reported","5Bya2e","textfile"
"rs10869018",9,71389562,"T","C",0.0144016,0.523996,0.19355,0.0790939,"outcome",TRUE,"reported","5Bya2e","textfile"
"rs10875102",1,97694002,"A","G",0.300294,0.381047,0.084811,0.0818795,"outcome",TRUE,"reported","5Bya2e","textfile"
"rs10920115",1,201102756,"G","T",0.709949,0.462739,-0.0299658,0.0805697,"outcome",TRUE,"reported","5Bya2e","textfile"
"rs10956672",8,132552156,"A","C",0.352532,0.51889,-0.0737293,0.0793053,"outcome",TRUE,"reported","5Bya2e","textfile"
"rs11085914",19,14867379,"G","T",0.992885,0.461085,0.000709245,0.0795352,"outcome",TRUE,"reported","5Bya2e","textfile"
"rs1109773",6,39321388,"C","G",0.827073,0.40374,-0.0176579,0.0808299,"outcome",TRUE,"reported","5Bya2e","textfile"
"rs1114130",4,100442359,"T","C",0.372996,0.3865,0.0725558,0.0814433,"outcome",TRUE,"reported","5Bya2e","textfile"
"rs11183620",12,46818587,"G","A",0.482419,0.642713,0.0584939,0.083275,"outcome",TRUE,"reported","5Bya2e","textfile"
"rs11223211",11,132794070,"A","G",0.993922,0.553854,0.000607611,0.0797632,"outcome",TRUE,"reported","5Bya2e","textfile"
"rs11589858",1,92321185,"T","G",0.869749,0.405026,-0.0132078,0.0805468,"outcome",TRUE,"reported","5Bya2e","textfile"
"rs11620955",14,65024537,"G","A",0.35087,0.584692,-0.0748083,0.0801887,"outcome",TRUE,"reported","5Bya2e","textfile"
"rs11620973",14,95551715,"G","A",0.857623,0.331433,-0.0150675,0.0839879,"outcome",TRUE,"reported","5Bya2e","textfile"
"rs11630130",15,25755404,"G","A",0.203713,0.856044,0.143207,0.112669,"outcome",TRUE,"reported","5Bya2e","textfile"
"rs11630705",15,83946048,"C","G",0.39867,0.474936,-0.067024,0.0794124,"outcome",TRUE,"reported","5Bya2e","textfile"
"rs11915024",3,59506754,"G","T",0.576323,0.545171,-0.0442546,0.0792011,"outcome",TRUE,"reported","5Bya2e","textfile"
"rs12201109",6,148919257,"A","G",0.251244,0.455168,0.0920804,0.0802561,"outcome",TRUE,"reported","5Bya2e","textfile"
"rs12215339",6,119865939,"C","T",0.335603,0.014367,-0.332513,0.345329,"outcome",TRUE,"reported","5Bya2e","textfile"
"rs12245254",10,130702291,"T","C",0.138923,0.371639,-0.121148,0.0818668,"outcome",TRUE,"reported","5Bya2e","textfile"
"rs12246131",10,45498334,"T","A",0.0741908,0.282341,0.156415,0.0876061,"outcome",TRUE,"reported","5Bya2e","textfile"
"rs1225019",3,131950233,"A","G",0.49656,0.653229,-0.0565709,0.0832031,"outcome",TRUE,"reported","5Bya2e","textfile"
"rs12356193",10,59653595,"G","A",0.905964,0.0957794,-0.0159027,0.134619,"outcome",TRUE,"reported","5Bya2e","textfile"
"rs1246267",9,84143154,"G","A",0.148721,0.470362,0.114294,0.0791478,"outcome",TRUE,"reported","5Bya2e","textfile"
"rs12484",7,2728992,"T","C",0.908942,0.410791,0.0091532,0.0800293,"outcome",TRUE,"reported","5Bya2e","textfile"
"rs1250070",2,215693010,"A","G",0.402428,0.383857,-0.0680709,0.0812988,"outcome",TRUE,"reported","5Bya2e","textfile"
"rs12510909",4,138285355,"C","T",0.0737989,0.498462,0.14157,0.0791842,"outcome",TRUE,"reported","5Bya2e","textfile"
"rs12709393",17,57214754,"G","T",0.859533,0.377439,-0.0144163,0.0814624,"outcome",TRUE,"reported","5Bya2e","textfile"
"rs12938026",17,70585865,"C","T",0.893369,0.271214,0.0119421,0.089092,"outcome",TRUE,"reported","5Bya2e","textfile"
"rs12980652",19,31776864,"A","T",0.0262204,0.0138577,0.744445,0.334893,"outcome",TRUE,"reported","5Bya2e","textfile"
"rs13162168",5,30222427,"G","A",0.846162,0.647519,0.0160361,0.0826524,"outcome",TRUE,"reported","5Bya2e","textfile"
"rs13182512",5,79277967,"T","A",0.693816,0.582258,0.0315588,0.0801633,"outcome",TRUE,"reported","5Bya2e","textfile"
"rs13231650",7,141699142,"C","T",0.0912998,0.603328,-0.137327,0.0813271,"outcome",TRUE,"reported","5Bya2e","textfile"
"rs13284789",9,135689825,"T","C",0.214322,0.260721,0.112315,0.0904475,"outcome",TRUE,"reported","5Bya2e","textfile"
"rs140572",22,45055846,"A","C",0.53546,0.520147,-0.0491371,0.0792926,"outcome",TRUE,"reported","5Bya2e","textfile"
"rs1424937",2,168709674,"A","G",0.0843005,0.499224,-0.136622,0.0791435,"outcome",TRUE,"reported","5Bya2e","textfile"
"rs1430435",3,169361405,"C","T",0.758733,0.529109,-0.0244455,0.0795896,"outcome",TRUE,"reported","5Bya2e","textfile"
"rs1446555",2,157252893,"C","A",0.190726,0.0674428,-0.208204,0.159124,"outcome",TRUE,"reported","5Bya2e","textfile"
"rs1449844",12,39127644,"G","C",0.376818,0.578862,-0.0707572,0.0800626,"outcome",TRUE,"reported","5Bya2e","textfile"
"rs1466788",1,110076108,"G","A",0.0513523,0.642789,0.160703,0.0824742,"outcome",TRUE,"reported","5Bya2e","textfile"
"rs1479614",5,51527504,"A","G",0.847791,0.605493,-0.0155691,0.0811156,"outcome",TRUE,"reported","5Bya2e","textfile"
"rs1507101",1,24924835,"A","G",0.386618,0.550086,-0.0688916,0.0795728,"outcome",TRUE,"reported","5Bya2e","textfile"
"rs1544412",7,26459348,"T","C",0.0555815,0.416865,-0.153905,0.0803977,"outcome",TRUE,"reported","5Bya2e","textfile"
"rs1610649",6,29801140,"C","T",0.349393,0.265178,-0.0836545,0.0893967,"outcome",TRUE,"reported","5Bya2e","textfile"
"rs17065231",13,75903948,"T","C",0.608815,0.102732,-0.0668859,0.130696,"outcome",TRUE,"reported","5Bya2e","textfile"
"rs17370344",1,164294573,"C","A",0.687543,0.310971,-0.0342525,0.0851649,"outcome",TRUE,"reported","5Bya2e","textfile"
"rs1760903",14,20384658,"A","G",0.493039,0.432931,0.0547944,0.0799355,"outcome",TRUE,"reported","5Bya2e","textfile"
"rs1812126",10,59459863,"T","C",0.733912,0.435518,0.0269781,0.0793648,"outcome",TRUE,"reported","5Bya2e","textfile"
"rs1866570",7,45126519,"G","C",0.523018,0.367436,-0.0526025,0.0823587,"outcome",TRUE,"reported","5Bya2e","textfile"
"rs1929425",9,12367988,"C","T",0.227799,0.516124,0.0955957,0.0792635,"outcome",TRUE,"reported","5Bya2e","textfile"
"rs1936602",10,90685496,"T","C",0.801785,0.390909,0.0203896,0.0812214,"outcome",TRUE,"reported","5Bya2e","textfile"
"rs2000364",13,82582981,"G","T",0.84095,0.516114,0.0158699,0.0790811,"outcome",TRUE,"reported","5Bya2e","textfile"
"rs2068985",8,113041569,"C","G",0.78608,0.387618,-0.0220104,0.0810985,"outcome",TRUE,"reported","5Bya2e","textfile"
"rs2114713",15,80236031,"G","T",0.887529,0.448485,0.0112515,0.0795543,"outcome",TRUE,"reported","5Bya2e","textfile"
"rs2130882",15,97970615,"C","T",0.58688,0.450688,-0.0434109,0.0798929,"outcome",TRUE,"reported","5Bya2e","textfile"
"rs2133813",13,26625285,"C","T",0.815699,0.528432,-0.0184808,0.0792894,"outcome",TRUE,"reported","5Bya2e","textfile"
"rs2170082",11,65687324,"G","A",0.424129,0.554998,-0.0639315,0.0799865,"outcome",TRUE,"reported","5Bya2e","textfile"
"rs2279014",2,218396453,"T","C",0.816091,0.330624,-0.0195509,0.0840622,"outcome",TRUE,"reported","5Bya2e","textfile"
"rs2286460",4,15962417,"A","G",0.770699,0.525535,-0.0231809,0.0795339,"outcome",TRUE,"reported","5Bya2e","textfile"
"rs2292871",2,237591047,"G","A",0.784621,0.330269,-0.0230234,0.0842415,"outcome",TRUE,"reported","5Bya2e","textfile"
"rs2309339",4,180428882,"G","C",0.850356,0.259972,-0.0170255,0.0902424,"outcome",TRUE,"reported","5Bya2e","textfile"
"rs2327855",20,14496529,"C","A",0.156727,0.412062,-0.114037,0.0805249,"outcome",TRUE,"reported","5Bya2e","textfile"
"rs2362839",18,45411287,"A","G",0.265239,0.58798,-0.0895838,0.0804097,"outcome",TRUE,"reported","5Bya2e","textfile"
"rs2396004",6,43388113,"G","A",0.250436,0.621036,-0.0935752,0.0814198,"outcome",TRUE,"reported","5Bya2e","textfile"
"rs2432560",16,58499805,"T","G",0.235733,0.689019,-0.100959,0.0851457,"outcome",TRUE,"reported","5Bya2e","textfile"
"rs2451996",19,35054059,"A","G",0.80994,0.591489,-0.0193723,0.0805488,"outcome",TRUE,"reported","5Bya2e","textfile"
"rs2492788",1,212670845,"C","T",0.264506,0.509781,0.0882274,0.0790706,"outcome",TRUE,"reported","5Bya2e","textfile"
"rs2504927",6,160439398,"T","C",0.539157,0.51053,0.0485743,0.0790998,"outcome",TRUE,"reported","5Bya2e","textfile"
"rs2508305",11,86699360,"C","T",0.614391,0.103364,0.065052,0.129119,"outcome",TRUE,"reported","5Bya2e","textfile"
"rs2544371",2,169370560,"G","A",0.428683,0.420929,0.0636087,0.0803702,"outcome",TRUE,"reported","5Bya2e","textfile"
"rs2577264",2,11796672,"G","A",0.0773553,0.623648,0.143732,0.0813776,"outcome",TRUE,"reported","5Bya2e","textfile"
"rs2595993",11,4943397,"A","C",0.556889,0.512202,0.0465132,0.0791758,"outcome",TRUE,"reported","5Bya2e","textfile"
"rs262273",2,180046836,"G","C",0.63763,0.645993,-0.0389866,0.0827714,"outcome",TRUE,"reported","5Bya2e","textfile"
"rs2702023",11,125595125,"G","C",0.795915,0.527426,-0.0204759,0.0791684,"outcome",TRUE,"reported","5Bya2e","textfile"
"rs2714684",7,79662054,"G","C",0.727657,0.356876,-0.0287805,0.0826448,"outcome",TRUE,"reported","5Bya2e","textfile"
"rs2789599",6,72395461,"A","G",0.478503,0.488003,0.0560813,0.0791314,"outcome",TRUE,"reported","5Bya2e","textfile"
"rs2793471",11,29366251,"C","T",0.149792,0.493845,0.1142,0.0792906,"outcome",TRUE,"reported","5Bya2e","textfile"
"rs288332",2,182760623,"A","G",0.36949,0.627235,-0.0734083,0.0817985,"outcome",TRUE,"reported","5Bya2e","textfile"
"rs294280",3,31090200,"T","C",0.0508382,0.37878,-0.158665,0.0812485,"outcome",TRUE,"reported","5Bya2e","textfile"
"rs2961253",7,15135802,"C","T",0.679127,0.508268,-0.0327654,0.0792094,"outcome",TRUE,"reported","5Bya2e","textfile"
"rs2962321",5,10577783,"T","C",0.943313,0.959783,-0.0143782,0.202205,"outcome",TRUE,"reported","5Bya2e","textfile"
"rs3127274",13,61183732,"T","C",0.109681,0.423844,-0.128376,0.0802536,"outcome",TRUE,"reported","5Bya2e","textfile"
"rs3128061",13,62269790,"G","T",0.680646,0.420499,-0.0330353,0.0802639,"outcome",TRUE,"reported","5Bya2e","textfile"
"rs3736438",17,47409285,"G","T",0.606781,0.552148,0.0407248,0.0791272,"outcome",TRUE,"reported","5Bya2e","textfile"
"rs378999",21,39062394,"T","C",0.0699826,0.604967,-0.146378,0.0807817,"outcome",TRUE,"reported","5Bya2e","textfile"
"rs3848713",20,45842037,"C","T",0.398202,0.666104,0.0709453,0.083975,"outcome",TRUE,"reported","5Bya2e","textfile"
"rs419291",5,132297662,"C","T",0.765329,0.506604,-0.0236052,0.0790818,"outcome",TRUE,"reported","5Bya2e","textfile"
"rs4284335",10,108129035,"A","G",0.889713,0.308853,-0.0118377,0.0853674,"outcome",TRUE,"reported","5Bya2e","textfile"
"rs4305127",17,33490856,"T","C",0.0924272,0.424234,0.137215,0.081543,"outcome",TRUE,"reported","5Bya2e","textfile"
"rs4436868",18,64291374,"C","T",0.463754,0.494312,0.0579489,0.0790918,"outcome",TRUE,"reported","5Bya2e","textfile"
"rs4504898",1,221658061,"T","C",0.415854,0.348154,0.0675044,0.0829665,"outcome",TRUE,"reported","5Bya2e","textfile"
"rs4531372",10,126569313,"A","G",0.827871,0.356716,0.0180276,0.0829109,"outcome",TRUE,"reported","5Bya2e","textfile"
"rs459625",6,133939538,"C","T",0.207863,0.471091,-0.0999588,0.0793662,"outcome",TRUE,"reported","5Bya2e","textfile"
"rs4633738",16,11648171,"A","C",0.454333,0.509815,0.0590019,0.0788573,"outcome",TRUE,"reported","5Bya2e","textfile"
"rs4634560",7,94703080,"C","T",0.47613,0.158952,0.0778003,0.109187,"outcome",TRUE,"reported","5Bya2e","textfile"
"rs4665406",2,28222571,"T","C",0.942073,0.450198,0.00576984,0.079404,"outcome",TRUE,"reported","5Bya2e","textfile"
"rs4669392",2,5480820,"G","A",0.581875,0.513947,0.0436565,0.0792821,"outcome",TRUE,"reported","5Bya2e","textfile"
"rs4672450",2,61717436,"T","C",0.539015,0.581925,-0.0493168,0.0802808,"outcome",TRUE,"reported","5Bya2e","textfile"
"rs4713396",6,11311897,"A","C",0.0463276,0.603842,0.161613,0.0811147,"outcome",TRUE,"reported","5Bya2e","textfile"
"rs4722438",7,3116179,"G","A",0.586917,0.517164,-0.0430674,0.0792689,"outcome",TRUE,"reported","5Bya2e","textfile"
"rs4764292",12,16784895,"T","C",0.794408,0.592321,-0.0210171,0.0806516,"outcome",TRUE,"reported","5Bya2e","textfile"
"rs4811828",20,57233991,"C","T",0.13972,0.101155,-0.192437,0.130304,"outcome",TRUE,"reported","5Bya2e","textfile"
"rs4860022",4,166772724,"T","C",0.429704,0.407743,0.063461,0.0803611,"outcome",TRUE,"reported","5Bya2e","textfile"
"rs4861126",4,41641040,"C","G",0.647527,0.466675,0.0362785,0.0793493,"outcome",TRUE,"reported","5Bya2e","textfile"
"rs4881523",10,756005,"C","T",0.664433,0.38405,-0.0353479,0.0814839,"outcome",TRUE,"reported","5Bya2e","textfile"
"rs4888504",16,76432072,"T","C",0.135601,0.348024,-0.123959,0.0830616,"outcome",TRUE,"reported","5Bya2e","textfile"
"rs4940563",18,62610482,"G","A",0.164153,0.493454,0.112519,0.080877,"outcome",TRUE,"reported","5Bya2e","textfile"
"rs496150",15,53118305,"G","A",0.535445,0.465588,0.0492285,0.0794372,"outcome",TRUE,"reported","5Bya2e","textfile"
"rs6471514",8,95088044,"T","C",0.0875467,0.518347,0.135593,0.0793645,"outcome",TRUE,"reported","5Bya2e","textfile"
"rs6506736",18,79180235,"G","A",0.000459558,0.483974,-0.268868,0.0767474,"outcome",TRUE,"reported","5Bya2e","textfile"
"rs6535870",4,152718773,"T","C",0.861417,0.717353,0.0152594,0.0874111,"outcome",TRUE,"reported","5Bya2e","textfile"
"rs6539588",12,81875278,"C","T",0.813472,0.68327,-0.0201647,0.0854622,"outcome",TRUE,"reported","5Bya2e","textfile"
"rs6554156",4,54176387,"C","T",0.658596,0.568354,0.0352456,0.0797679,"outcome",TRUE,"reported","5Bya2e","textfile"
"rs6596361",5,136976081,"C","T",0.693301,0.493608,0.0312105,0.0791385,"outcome",TRUE,"reported","5Bya2e","textfile"
"rs6602640",10,13185604,"T","G",0.935322,0.896843,-0.0106244,0.130922,"outcome",TRUE,"reported","5Bya2e","textfile"
"rs6709816",2,85116001,"A","G",0.236571,0.174537,-0.123981,0.104749,"outcome",TRUE,"reported","5Bya2e","textfile"
"rs6793266",3,175384549,"T","C",0.881004,0.479678,-0.0118605,0.0792301,"outcome",TRUE,"reported","5Bya2e","textfile"
"rs6852374",4,60504441,"A","G",0.350449,0.584257,0.0750226,0.0803482,"outcome",TRUE,"reported","5Bya2e","textfile"
"rs6862024",5,151049310,"A","G",0.488439,0.340303,-0.057855,0.0835096,"outcome",TRUE,"reported","5Bya2e","textfile"
"rs6866597",5,129541924,"G","T",0.495074,0.466518,0.0543724,0.0796946,"outcome",TRUE,"reported","5Bya2e","textfile"
"rs6908972",6,134363475,"T","G",0.763401,0.088083,-0.042503,0.141198,"outcome",TRUE,"reported","5Bya2e","textfile"
"rs700760",9,86319709,"T","G",0.424282,0.640953,-0.0659833,0.0825809,"outcome",TRUE,"reported","5Bya2e","textfile"
"rs7026148",9,112874308,"C","T",0.233179,0.625431,-0.0978618,0.0820843,"outcome",TRUE,"reported","5Bya2e","textfile"
"rs7038757",9,16222476,"C","T",0.159131,0.335728,0.117758,0.0836348,"outcome",TRUE,"reported","5Bya2e","textfile"
"rs7162803",15,59868745,"A","G",0.535,0.573282,0.0494862,0.0797662,"outcome",TRUE,"reported","5Bya2e","textfile"
"rs724752",7,98975672,"T","C",0.31066,0.330893,0.0851852,0.0840225,"outcome",TRUE,"reported","5Bya2e","textfile"
"rs729952",10,103593233,"T","G",0.888604,0.279033,-0.0123617,0.0882529,"outcome",TRUE,"reported","5Bya2e","textfile"
"rs735315",2,51104019,"C","T",0.000770974,0.422279,0.255932,0.076102,"outcome",TRUE,"reported","5Bya2e","textfile"
"rs7435034",4,87225115,"G","A",0.849659,0.76177,0.0176947,0.0933495,"outcome",TRUE,"reported","5Bya2e","textfile"
"rs7686890",4,177490277,"C","T",0.34485,0.629401,-0.0775559,0.0821022,"outcome",TRUE,"reported","5Bya2e","textfile"
"rs769809",3,3725528,"A","G",0.237693,0.652002,0.0977135,0.0827538,"outcome",TRUE,"reported","5Bya2e","textfile"
"rs7732790",5,104092730,"A","C",0.865949,0.541345,-0.0133548,0.0791128,"outcome",TRUE,"reported","5Bya2e","textfile"
"rs778423",1,56191140,"G","C",0.545206,0.439367,-0.0482428,0.0797457,"outcome",TRUE,"reported","5Bya2e","textfile"
"rs7929841",11,96462551,"C","T",0.521455,0.33485,-0.0538693,0.0840259,"outcome",TRUE,"reported","5Bya2e","textfile"
"rs7991989",13,37372995,"T","C",0.681891,0.624734,-0.0335832,0.0819335,"outcome",TRUE,"reported","5Bya2e","textfile"
"rs8043243",15,101231248,"T","C",0.957085,0.366101,-0.00441941,0.0821265,"outcome",TRUE,"reported","5Bya2e","textfile"
"rs8099879",19,17119477,"C","A",0.168016,0.667169,-0.117935,0.0855465,"outcome",TRUE,"reported","5Bya2e","textfile"
"rs8127674",21,41510076,"G","A",0.692413,0.380387,-0.0321583,0.0812935,"outcome",TRUE,"reported","5Bya2e","textfile"
"rs8179836",2,42676099,"C","G",0.611368,0.64337,0.0419151,0.0824904,"outcome",TRUE,"reported","5Bya2e","textfile"
"rs844016",12,101198911,"C","T",0.35969,0.509643,-0.0725585,0.0792161,"outcome",TRUE,"reported","5Bya2e","textfile"
"rs899584",5,26826690,"C","T",0.877711,0.70943,-0.0133341,0.086657,"outcome",TRUE,"reported","5Bya2e","textfile"
"rs9313491",5,157194894,"G","C",0.202112,0.409028,0.103083,0.0808139,"outcome",TRUE,"reported","5Bya2e","textfile"
"rs9383693",6,154153736,"T","C",0.887196,0.538927,0.0113172,0.0797808,"outcome",TRUE,"reported","5Bya2e","textfile"
"rs9415053",10,71816153,"C","G",0.649893,0.40468,-0.0364459,0.0802931,"outcome",TRUE,"reported","5Bya2e","textfile"
"rs9419445",10,2487134,"C","T",0.215754,0.3948,-0.100731,0.081373,"outcome",TRUE,"reported","5Bya2e","textfile"
"rs9557806",13,102110392,"A","G",0.665768,0.619866,0.0352775,0.0816677,"outcome",TRUE,"reported","5Bya2e","textfile"
"rs9613019",22,25778430,"C","T",0.0475872,0.551362,-0.157462,0.0794847,"outcome",TRUE,"reported","5Bya2e","textfile"
"rs968103",3,34193081,"C","T",0.407954,0.531816,0.0660274,0.0797914,"outcome",TRUE,"reported","5Bya2e","textfile"
"rs977041",2,229486132,"A","G",0.481547,0.457774,0.055828,0.0793219,"outcome",TRUE,"reported","5Bya2e","textfile"
"rs9838540",3,102267159,"C","A",0.273689,0.313391,-0.0934533,0.0853761,"outcome",TRUE,"reported","5Bya2e","textfile"
"rs9842133",3,179946314,"C","T",0.752688,0.402101,0.0254201,0.0806741,"outcome",TRUE,"reported","5Bya2e","textfile"
"rs9880736",3,79269838,"A","C",0.0523588,0.511164,0.153829,0.0792861,"outcome",TRUE,"reported","5Bya2e","textfile"
"rs989681",17,69546352,"C","T",0.750867,0.547939,0.0252719,0.0795973,"outcome",TRUE,"reported","5Bya2e","textfile"
"rs9942113",3,156514012,"A","C",0.0769609,0.40384,0.14309,0.0809058,"outcome",TRUE,"reported","5Bya2e","textfile"
"rs9947578",18,14773231,"G","A",0.0133986,0.397466,0.200463,0.0810608,"outcome",TRUE,"reported","5Bya2e","textfile"
"rs996408",12,99657225,"T","C",0.59091,0.526857,-0.0426699,0.0793831,"outcome",TRUE,"reported","5Bya2e","textfile"
