"SNP","chr.outcome","pos.outcome","effect_allele.outcome","other_allele.outcome","pval.outcome","eaf.outcome","beta.outcome","se.outcome","outcome","mr_keep.outcome","pval_origin.outcome","id.outcome","data_source.outcome"
"rs11174282",12,62014927,"T","C",0.555877,0.135129,0.0683498,0.116049,"outcome",TRUE,"reported","zs4rAB","textfile"
"rs13112235",4,95807413,"G","C",0.490794,0.570476,0.0552504,0.0801837,"outcome",TRUE,"reported","zs4rAB","textfile"
"rs17241253",8,128877942,"C","T",0.716379,0.109137,0.0458062,0.126083,"outcome",TRUE,"reported","zs4rAB","textfile"
"rs2126638",9,22962119,"A","G",0.493996,0.941778,0.116616,0.170499,"outcome",TRUE,"reported","zs4rAB","textfile"
"rs2257187",4,174537730,"T","A",0.0970287,0.448861,-0.131856,0.0794587,"outcome",TRUE,"reported","zs4rAB","textfile"
"rs2969612",4,126725610,"C","T",0.760976,0.8969,-0.0392229,0.128938,"outcome",TRUE,"reported","zs4rAB","textfile"
"rs3783141",13,25973892,"C","T",0.403749,0.141293,-0.0944795,0.113157,"outcome",TRUE,"reported","zs4rAB","textfile"
"rs7151608",14,39204657,"G","A",0.897131,0.167342,0.0136578,0.10564,"outcome",TRUE,"reported","zs4rAB","textfile"
"rs8048366",16,84941654,"A","G",0.183633,0.402301,-0.107363,0.0807449,"outcome",TRUE,"reported","zs4rAB","textfile"
"rs9915627",17,13772301,"A","C",0.396334,0.187268,0.0903194,0.106485,"outcome",TRUE,"reported","zs4rAB","textfile"
