"SNP","chr.outcome","pos.outcome","effect_allele.outcome","other_allele.outcome","pval.outcome","eaf.outcome","beta.outcome","se.outcome","outcome","mr_keep.outcome","pval_origin.outcome","id.outcome","data_source.outcome"
"rs10082580",11,88700694,"T","A",0.338341,0.929341,-0.147325,0.153872,"outcome",TRUE,"reported","CBXh3u","textfile"
"rs10508868",10,42729253,"G","A",0.542109,0.263042,0.055423,0.0909132,"outcome",TRUE,"reported","CBXh3u","textfile"
"rs10520795",15,95639001,"T","C",0.971774,0.0204994,-0.00989903,0.279764,"outcome",TRUE,"reported","CBXh3u","textfile"
"rs11084396",19,55354159,"T","C",0.815121,0.600084,0.0189492,0.0810403,"outcome",TRUE,"reported","CBXh3u","textfile"
"rs11563662",7,127291699,"A","G",0.590213,0.0167886,-0.166111,0.308455,"outcome",TRUE,"reported","CBXh3u","textfile"
"rs11615860",12,30022279,"A","G",0.215749,0.399728,-0.0997788,0.0806025,"outcome",TRUE,"reported","CBXh3u","textfile"
"rs11954603",5,137152692,"C","T",0.079409,0.00986362,0.692961,0.395048,"outcome",TRUE,"reported","CBXh3u","textfile"
"rs12220364",10,65475069,"G","A",0.375242,0.56605,-0.0710565,0.0801362,"outcome",TRUE,"reported","CBXh3u","textfile"
"rs12455580",18,77926067,"C","T",0.586473,0.671433,-0.0460269,0.0846154,"outcome",TRUE,"reported","CBXh3u","textfile"
"rs1260326",2,27508073,"C","T",0.0385381,0.649919,0.171942,0.0831002,"outcome",TRUE,"reported","CBXh3u","textfile"
"rs12616616",2,153162038,"A","G",0.394865,0.624137,-0.069441,0.0816159,"outcome",TRUE,"reported","CBXh3u","textfile"
"rs1440581",4,88305270,"C","T",0.412149,0.488603,0.0657102,0.0801229,"outcome",TRUE,"reported","CBXh3u","textfile"
"rs16870228",8,103179754,"A","G",0.0894953,0.167667,0.180478,0.106284,"outcome",TRUE,"reported","CBXh3u","textfile"
"rs17329328",2,35779144,"T","C",0.282941,0.381617,0.0897853,0.0836195,"outcome",TRUE,"reported","CBXh3u","textfile"
"rs1902781",8,128201766,"T","G",0.385817,0.483259,0.0687195,0.0792403,"outcome",TRUE,"reported","CBXh3u","textfile"
"rs2042324",5,107363573,"G","C",0.295034,0.452699,-0.0833098,0.0795593,"outcome",TRUE,"reported","CBXh3u","textfile"
"rs219908",12,13941242,"C","T",0.9472,0.592462,0.00531717,0.0802911,"outcome",TRUE,"reported","CBXh3u","textfile"
"rs2400078",10,14462770,"C","G",0.540258,0.576279,0.0488915,0.0798328,"outcome",TRUE,"reported","CBXh3u","textfile"
"rs2404519",5,26766317,"A","G",0.686259,0.161478,-0.043468,0.107611,"outcome",TRUE,"reported","CBXh3u","textfile"
"rs2825115",21,18784368,"C","T",0.60756,0.495188,0.0406255,0.0791057,"outcome",TRUE,"reported","CBXh3u","textfile"
"rs429946",5,141804353,"C","T",0.150252,0.958013,-0.281821,0.195893,"outcome",TRUE,"reported","CBXh3u","textfile"
"rs4570993",19,3656903,"T","C",0.106356,0.55284,-0.128615,0.0796481,"outcome",TRUE,"reported","CBXh3u","textfile"
"rs6596867",6,2012505,"C","A",0.0609607,0.44181,0.149123,0.079584,"outcome",TRUE,"reported","CBXh3u","textfile"
"rs6846111",4,129547880,"T","C",0.106652,0.1724,-0.169282,0.104921,"outcome",TRUE,"reported","CBXh3u","textfile"
"rs699530",1,90482369,"T","G",0.0235126,0.611773,-0.18439,0.0814082,"outcome",TRUE,"reported","CBXh3u","textfile"
"rs7006068",8,141646536,"T","C",0.96226,0.558313,0.00376292,0.0795244,"outcome",TRUE,"reported","CBXh3u","textfile"
"rs703147",1,158730942,"T","C",0.0641032,0.467997,0.146467,0.0791093,"outcome",TRUE,"reported","CBXh3u","textfile"
"rs7222769",17,55881015,"C","T",0.590086,0.0862778,-0.0757145,0.140547,"outcome",TRUE,"reported","CBXh3u","textfile"
"rs7405977",17,41122053,"T","C",0.796115,0.412974,-0.0207839,0.0804399,"outcome",TRUE,"reported","CBXh3u","textfile"
"rs7648992",3,40495525,"T","C",0.320022,0.404245,0.0802846,0.0807357,"outcome",TRUE,"reported","CBXh3u","textfile"
"rs7761964",6,134993127,"C","T",0.595776,0.418832,-0.0426152,0.0803325,"outcome",TRUE,"reported","CBXh3u","textfile"
"rs7796021",7,39721716,"C","G",0.238358,0.4276,-0.0940623,0.0797745,"outcome",TRUE,"reported","CBXh3u","textfile"
"rs7986369",13,47888988,"A","C",0.33964,0.319893,-0.0810582,0.0848886,"outcome",TRUE,"reported","CBXh3u","textfile"
"rs938391",3,121616299,"G","A",0.139337,0.602154,-0.119936,0.0811329,"outcome",TRUE,"reported","CBXh3u","textfile"
"rs963913",5,77174598,"A","G",0.733135,0.592124,-0.0274581,0.0805323,"outcome",TRUE,"reported","CBXh3u","textfile"
