"SNP","chr.outcome","pos.outcome","effect_allele.outcome","other_allele.outcome","pval.outcome","eaf.outcome","beta.outcome","se.outcome","outcome","mr_keep.outcome","pval_origin.outcome","id.outcome","data_source.outcome"
"rs10027133",4,18447130,"C","T",0.583768,0.233385,0.0514153,0.0938424,"outcome",TRUE,"reported","3bkgeS","textfile"
"rs12644208",4,117025864,"G","A",0.697227,0.428852,0.0309604,0.079576,"outcome",TRUE,"reported","3bkgeS","textfile"
"rs1355074",3,3354657,"G","A",0.539915,0.755625,0.0562207,0.0917228,"outcome",TRUE,"reported","3bkgeS","textfile"
"rs1509525",4,124534302,"A","G",0.800403,0.357779,0.0208497,0.0824665,"outcome",TRUE,"reported","3bkgeS","textfile"
"rs17075971",3,43742925,"A","G",0.797896,0.23707,-0.0239789,0.0936419,"outcome",TRUE,"reported","3bkgeS","textfile"
"rs17314234",4,155889603,"T","C",0.170153,0.0594427,0.228493,0.166575,"outcome",TRUE,"reported","3bkgeS","textfile"
"rs1937336",10,89062271,"T","A",0.650344,0.399635,-0.0366079,0.0807614,"outcome",TRUE,"reported","3bkgeS","textfile"
"rs2268365",2,169237659,"C","T",0.510074,0.122166,-0.0796883,0.120974,"outcome",TRUE,"reported","3bkgeS","textfile"
"rs6414862",5,33979940,"A","G",0.811371,0.726348,-0.0212369,0.0889849,"outcome",TRUE,"reported","3bkgeS","textfile"
"rs6546815",2,73278777,"T","A",0.321659,0.0960194,-0.135812,0.137038,"outcome",TRUE,"reported","3bkgeS","textfile"
"rs6960555",7,20310247,"A","T",0.546044,0.455645,-0.0480853,0.0796512,"outcome",TRUE,"reported","3bkgeS","textfile"
"rs7309949",12,127686803,"A","G",0.513104,0.00898278,0.272167,0.416149,"outcome",TRUE,"reported","3bkgeS","textfile"
"rs7553988",1,201451954,"G","A",0.702053,0.586467,0.0308222,0.0805704,"outcome",TRUE,"reported","3bkgeS","textfile"
"rs7573275",2,73325414,"A","G",0.901793,0.263171,0.0110948,0.089912,"outcome",TRUE,"reported","3bkgeS","textfile"
"rs9610113",22,34770999,"A","G",0.621327,0.412755,-0.0397139,0.0803971,"outcome",TRUE,"reported","3bkgeS","textfile"
