"SNP","chr.outcome","pos.outcome","effect_allele.outcome","other_allele.outcome","pval.outcome","eaf.outcome","beta.outcome","se.outcome","outcome","mr_keep.outcome","pval_origin.outcome","id.outcome","data_source.outcome"
"rs10513863",3,191100111,"A","G",0.216432,0.24146,0.113821,0.0920831,"outcome",TRUE,"reported","fpQzyN","textfile"
"rs12662536",6,33667630,"A","T",0.894223,0.308487,-0.0113716,0.0855252,"outcome",TRUE,"reported","fpQzyN","textfile"
"rs1490672",4,154483208,"T","C",0.754578,0.338303,-0.0262305,0.0839082,"outcome",TRUE,"reported","fpQzyN","textfile"
"rs315988",6,160239662,"C","T",0.945655,0.826486,0.00704788,0.103395,"outcome",TRUE,"reported","fpQzyN","textfile"
"rs369402",5,31696834,"A","G",0.686106,0.327337,0.0340079,0.0841476,"outcome",TRUE,"reported","fpQzyN","textfile"
"rs414540",5,128317864,"G","A",0.856122,0.123242,0.0218667,0.120602,"outcome",TRUE,"reported","fpQzyN","textfile"
"rs6094988",20,48147569,"C","G",0.815869,0.272557,0.0206803,0.0888094,"outcome",TRUE,"reported","fpQzyN","textfile"
"rs6108469",20,10323726,"A","G",0.639512,0.743042,-0.0426456,0.091049,"outcome",TRUE,"reported","fpQzyN","textfile"
