"SNP","chr.outcome","pos.outcome","effect_allele.outcome","other_allele.outcome","pval.outcome","eaf.outcome","beta.outcome","se.outcome","outcome","mr_keep.outcome","pval_origin.outcome","id.outcome","data_source.outcome"
"rs10400902",15,78939274,"G","A",0.936138,0.60473,-0.00650557,0.0811928,"outcome",TRUE,"reported","ebPdsX","textfile"
"rs10847782",12,129146948,"A","G",0.74767,0.244663,0.029827,0.0927127,"outcome",TRUE,"reported","ebPdsX","textfile"
"rs11535191",7,37707674,"G","A",0.996495,0.127053,-0.000524995,0.119511,"outcome",TRUE,"reported","ebPdsX","textfile"
"rs12466421",2,10191931,"G","A",0.124043,0.299034,-0.133685,0.0869201,"outcome",TRUE,"reported","ebPdsX","textfile"
"rs12660977",6,165175137,"T","G",0.82633,0.149983,-0.0245046,0.111684,"outcome",TRUE,"reported","ebPdsX","textfile"
"rs1343188",13,35892942,"T","C",0.301152,0.539227,0.0823994,0.0796926,"outcome",TRUE,"reported","ebPdsX","textfile"
"rs1878105",2,156901930,"T","C",0.0442609,0.0678361,0.32079,0.159469,"outcome",TRUE,"reported","ebPdsX","textfile"
"rs2102",10,69044152,"G","A",0.612814,0.945004,0.0869443,0.171806,"outcome",TRUE,"reported","ebPdsX","textfile"
"rs3892034",16,87539293,"T","A",0.0030288,0.281493,-0.262112,0.0884081,"outcome",TRUE,"reported","ebPdsX","textfile"
"rs4338651",13,108115759,"G","A",0.323116,0.985708,-0.33188,0.335886,"outcome",TRUE,"reported","ebPdsX","textfile"
"rs475322",1,53509763,"A","C",0.611346,0.074418,0.0768525,0.151239,"outcome",TRUE,"reported","ebPdsX","textfile"
"rs554900",2,44627602,"G","A",0.207802,0.990722,-0.519141,0.412137,"outcome",TRUE,"reported","ebPdsX","textfile"
"rs6739717",2,192866981,"C","T",0.738798,0.340589,-0.0278835,0.0836226,"outcome",TRUE,"reported","ebPdsX","textfile"
"rs7102716",11,80045617,"T","A",0.510282,0.233762,0.0614953,0.0934013,"outcome",TRUE,"reported","ebPdsX","textfile"
