"SNP","chr.outcome","pos.outcome","effect_allele.outcome","other_allele.outcome","pval.outcome","eaf.outcome","beta.outcome","se.outcome","outcome","mr_keep.outcome","pval_origin.outcome","id.outcome","data_source.outcome"
"rs10431948",16,90033163,"A","G",0.320928,0.555834,-0.0793438,0.079939,"outcome",TRUE,"reported","oKtbgw","textfile"
"rs10493278",1,60126649,"T","A",0.107825,0.179422,0.165677,0.10303,"outcome",TRUE,"reported","oKtbgw","textfile"
"rs11647589",16,20438294,"G","A",0.781696,0.294894,0.0240995,0.0869671,"outcome",TRUE,"reported","oKtbgw","textfile"
"rs11847947",14,98626846,"T","C",0.605103,0.283014,-0.0452822,0.0875733,"outcome",TRUE,"reported","oKtbgw","textfile"
"rs11983172",7,97965903,"A","G",0.765958,0.161936,-0.03217,0.108074,"outcome",TRUE,"reported","oKtbgw","textfile"
"rs2441128",5,65907437,"A","T",0.455714,0.258957,-0.0675919,0.0906151,"outcome",TRUE,"reported","oKtbgw","textfile"
"rs4772056",13,98241064,"C","G",0.00885829,0.871123,0.32429,0.123894,"outcome",TRUE,"reported","oKtbgw","textfile"
"rs584630",10,38049771,"C","A",0.784249,0.910525,-0.0380664,0.139037,"outcome",TRUE,"reported","oKtbgw","textfile"
"rs609236",11,95112611,"G","C",0.46151,0.807297,0.0743287,0.10094,"outcome",TRUE,"reported","oKtbgw","textfile"
"rs6851666",4,168670016,"T","A",0.799769,0.0745791,0.0379521,0.149627,"outcome",TRUE,"reported","oKtbgw","textfile"
"rs6891705",5,80138664,"C","A",0.242854,0.301596,0.101012,0.0864919,"outcome",TRUE,"reported","oKtbgw","textfile"
"rs7714560",5,20990285,"G","C",0.581866,0.483708,-0.0436334,0.0792382,"outcome",TRUE,"reported","oKtbgw","textfile"
"rs9355342",6,161301402,"G","A",0.762683,0.0419821,0.0603652,0.199912,"outcome",TRUE,"reported","oKtbgw","textfile"
"rs9402497",6,133254847,"A","G",0.31682,0.199906,0.0989281,0.0988278,"outcome",TRUE,"reported","oKtbgw","textfile"
"rs987313",17,56444937,"G","A",0.0691146,0.990401,-0.763602,0.420099,"outcome",TRUE,"reported","oKtbgw","textfile"
