"SNP","chr.outcome","pos.outcome","effect_allele.outcome","other_allele.outcome","pval.outcome","eaf.outcome","beta.outcome","se.outcome","outcome","mr_keep.outcome","pval_origin.outcome","id.outcome","data_source.outcome"
"rs10515641",5,150621625,"A","G",0.514406,0.215481,0.0629188,0.0965023,"outcome",TRUE,"reported","eiyHCG","textfile"
"rs10745735",12,95885967,"G","A",0.659579,0.108423,0.0561224,0.127408,"outcome",TRUE,"reported","eiyHCG","textfile"
"rs10981455",9,112604875,"A","G",0.21871,0.235555,0.116048,0.0943509,"outcome",TRUE,"reported","eiyHCG","textfile"
"rs11013865",10,18367236,"T","C",0.755238,0.23596,-0.0291494,0.0935052,"outcome",TRUE,"reported","eiyHCG","textfile"
"rs1151659",1,247674832,"C","T",0.257897,0.729961,0.101159,0.0894123,"outcome",TRUE,"reported","eiyHCG","textfile"
"rs11838539",13,48093882,"A","G",0.182342,0.0647834,-0.215519,0.161609,"outcome",TRUE,"reported","eiyHCG","textfile"
"rs12150754",18,71409146,"G","C",0.725536,0.299014,-0.0302838,0.0862614,"outcome",TRUE,"reported","eiyHCG","textfile"
"rs12637854",3,22384568,"T","A",0.497423,0.144701,0.0764471,0.112662,"outcome",TRUE,"reported","eiyHCG","textfile"
"rs12899069",15,70724044,"C","T",0.343662,0.319674,0.0810406,0.0855803,"outcome",TRUE,"reported","eiyHCG","textfile"
"rs159486",5,58879311,"T","C",0.933028,0.227941,-0.00796644,0.0947978,"outcome",TRUE,"reported","eiyHCG","textfile"
"rs16876152",6,47660524,"T","G",0.795008,0.235011,-0.0242735,0.0934267,"outcome",TRUE,"reported","eiyHCG","textfile"
"rs1791600",11,106556909,"T","C",0.792126,0.204924,0.0258647,0.0981393,"outcome",TRUE,"reported","eiyHCG","textfile"
"rs2317834",16,82288121,"G","T",0.478827,0.160197,-0.0766484,0.108231,"outcome",TRUE,"reported","eiyHCG","textfile"
"rs247616",16,56955678,"T","C",0.458566,0.278904,0.0652818,0.0880746,"outcome",TRUE,"reported","eiyHCG","textfile"
"rs310528",5,83557390,"G","A",0.173359,0.717644,0.119696,0.0879157,"outcome",TRUE,"reported","eiyHCG","textfile"
"rs310597",7,151175959,"G","A",0.457136,0.415416,0.0595274,0.080056,"outcome",TRUE,"reported","eiyHCG","textfile"
"rs3112496",2,135953494,"T","C",0.294345,0.149327,-0.116571,0.111165,"outcome",TRUE,"reported","eiyHCG","textfile"
"rs3131535",1,221408619,"A","G",0.645402,0.964126,-0.0988435,0.214802,"outcome",TRUE,"reported","eiyHCG","textfile"
"rs3765035",2,118992282,"G","A",0.155849,0.650719,0.117839,0.0830339,"outcome",TRUE,"reported","eiyHCG","textfile"
"rs4353947",4,32728103,"A","G",0.0288237,0.286611,-0.191747,0.0877205,"outcome",TRUE,"reported","eiyHCG","textfile"
"rs4386719",5,78224412,"C","T",0.935205,0.179375,-0.00838537,0.103143,"outcome",TRUE,"reported","eiyHCG","textfile"
"rs4515826",1,248708094,"T","G",0.424581,0.174741,0.083685,0.104803,"outcome",TRUE,"reported","eiyHCG","textfile"
"rs4672488",2,62273046,"G","A",0.329397,0.670512,0.0821,0.0841768,"outcome",TRUE,"reported","eiyHCG","textfile"
"rs4741625",9,1894517,"A","G",0.746083,0.233626,-0.0303085,0.0936,"outcome",TRUE,"reported","eiyHCG","textfile"
"rs4850051",2,4093489,"A","G",0.716081,0.165266,-0.0388915,0.106933,"outcome",TRUE,"reported","eiyHCG","textfile"
"rs4852620",2,70495814,"A","G",0.751772,0.119565,-0.0387394,0.122476,"outcome",TRUE,"reported","eiyHCG","textfile"
"rs6841005",4,25065755,"T","C",0.509373,0.276973,0.058265,0.0883052,"outcome",TRUE,"reported","eiyHCG","textfile"
"rs7283154",21,40910809,"T","C",0.414268,0.234477,-0.0763756,0.0935509,"outcome",TRUE,"reported","eiyHCG","textfile"
"rs7513165",1,204178058,"C","T",0.858235,0.219362,0.0170875,0.095663,"outcome",TRUE,"reported","eiyHCG","textfile"
"rs7561849",2,146977374,"A","G",0.365879,0.312138,-0.0773412,0.0855336,"outcome",TRUE,"reported","eiyHCG","textfile"
"rs8008040",14,21924631,"T","C",0.528392,0.644525,0.0522832,0.0829283,"outcome",TRUE,"reported","eiyHCG","textfile"
"rs8014112",14,24350147,"C","T",0.757215,0.729378,-0.0275724,0.0891908,"outcome",TRUE,"reported","eiyHCG","textfile"
"rs9382939",6,14091279,"T","C",0.474827,0.905649,-0.0976908,0.136698,"outcome",TRUE,"reported","eiyHCG","textfile"
"rs9394526",6,12090330,"A","G",0.0570177,0.0431069,-0.374167,0.196601,"outcome",TRUE,"reported","eiyHCG","textfile"
"rs9514739",13,107788669,"G","C",0.569157,0.088208,-0.0794025,0.139475,"outcome",TRUE,"reported","eiyHCG","textfile"
"rs969075",20,17811678,"C","T",0.26161,0.720474,-0.0990688,0.0882499,"outcome",TRUE,"reported","eiyHCG","textfile"
"rs9859467",3,118220677,"A","G",0.0938901,0.0720294,-0.25747,0.153693,"outcome",TRUE,"reported","eiyHCG","textfile"
