"SNP","chr.outcome","pos.outcome","effect_allele.outcome","other_allele.outcome","pval.outcome","eaf.outcome","beta.outcome","se.outcome","outcome","mr_keep.outcome","pval_origin.outcome","id.outcome","data_source.outcome"
"rs10520388",4,177882160,"T","G",0.849745,0.108558,0.0241393,0.127422,"outcome",TRUE,"reported","GzDnNi","textfile"
"rs16885269",5,56355995,"T","C",0.0823057,0.127934,0.204087,0.117463,"outcome",TRUE,"reported","GzDnNi","textfile"
"rs17683199",18,37658887,"A","G",0.226265,0.0288355,-0.282572,0.233524,"outcome",TRUE,"reported","GzDnNi","textfile"
"rs201060",6,6727165,"G","A",0.343808,0.0393646,-0.193713,0.204627,"outcome",TRUE,"reported","GzDnNi","textfile"
"rs2133896",12,99455122,"T","G",0.909743,0.03497,0.0244177,0.215395,"outcome",TRUE,"reported","GzDnNi","textfile"
"rs2345834",2,18383901,"T","C",0.989948,0.64498,-0.00104236,0.0827398,"outcome",TRUE,"reported","GzDnNi","textfile"
"rs2579931",6,101406757,"A","G",0.769274,0.0591242,-0.0493303,0.168176,"outcome",TRUE,"reported","GzDnNi","textfile"
"rs4296931",6,3211381,"G","A",0.788773,0.937293,-0.044169,0.164868,"outcome",TRUE,"reported","GzDnNi","textfile"
"rs7580111",2,38505460,"T","A",0.937887,0.593013,0.00632371,0.0811508,"outcome",TRUE,"reported","GzDnNi","textfile"
