"SNP","chr.outcome","pos.outcome","effect_allele.outcome","other_allele.outcome","pval.outcome","eaf.outcome","beta.outcome","se.outcome","outcome","mr_keep.outcome","pval_origin.outcome","id.outcome","data_source.outcome"
"rs1076302",8,1513656,"A","G",0.906937,0.217373,-0.0111866,0.095691,"outcome",TRUE,"reported","KjzMnz","textfile"
"rs11025430",11,20192409,"G","A",0.643573,0.581666,0.037099,0.080178,"outcome",TRUE,"reported","KjzMnz","textfile"
"rs1379617",4,83031709,"C","T",0.886972,0.208001,-0.0139292,0.0979988,"outcome",TRUE,"reported","KjzMnz","textfile"
"rs16876953",5,6141890,"A","G",0.451621,0.101859,-0.0986913,0.131114,"outcome",TRUE,"reported","KjzMnz","textfile"
"rs170555",1,210068271,"C","T",0.265475,0.501726,0.0880231,0.0790478,"outcome",TRUE,"reported","KjzMnz","textfile"
"rs17312926",12,12494968,"A","G",0.837591,0.422915,-0.016439,0.0801999,"outcome",TRUE,"reported","KjzMnz","textfile"
"rs1923140",1,33872103,"A","G",0.483245,0.478667,0.0553757,0.0789847,"outcome",TRUE,"reported","KjzMnz","textfile"
"rs1955742",14,36598622,"A","T",0.53634,0.652943,-0.0512554,0.0828895,"outcome",TRUE,"reported","KjzMnz","textfile"
"rs1978450",5,156553720,"A","C",0.358436,0.126421,-0.108712,0.118377,"outcome",TRUE,"reported","KjzMnz","textfile"
"rs2834399",21,34177177,"G","T",0.6108,0.546272,0.0406457,0.0798645,"outcome",TRUE,"reported","KjzMnz","textfile"
"rs309293",2,7049223,"C","T",0.762056,0.661984,-0.0253687,0.0837855,"outcome",TRUE,"reported","KjzMnz","textfile"
"rs382559",10,53545734,"A","G",0.80266,0.334162,-0.021006,0.0840555,"outcome",TRUE,"reported","KjzMnz","textfile"
"rs633114",10,127822848,"T","C",0.542373,0.416003,-0.0489043,0.0802725,"outcome",TRUE,"reported","KjzMnz","textfile"
"rs7260033",19,34645712,"T","C",0.995797,0.443702,-0.000418379,0.0794279,"outcome",TRUE,"reported","KjzMnz","textfile"
"rs7711255",5,141733707,"G","A",0.0960041,0.211787,-0.161041,0.0967478,"outcome",TRUE,"reported","KjzMnz","textfile"
"rs7738342",6,74701290,"A","G",0.638375,0.250685,-0.042809,0.0910886,"outcome",TRUE,"reported","KjzMnz","textfile"
"rs7788421",7,156784660,"G","A",0.683713,0.023612,-0.105211,0.25825,"outcome",TRUE,"reported","KjzMnz","textfile"
"rs7795076",7,49105412,"C","T",0.0741344,0.158514,0.193604,0.108414,"outcome",TRUE,"reported","KjzMnz","textfile"
