"SNP","chr.outcome","pos.outcome","effect_allele.outcome","other_allele.outcome","pval.outcome","eaf.outcome","beta.outcome","se.outcome","outcome","mr_keep.outcome","pval_origin.outcome","id.outcome","data_source.outcome"
"rs12954899",18,42002123,"G","A",0.517042,0.137863,0.0741309,0.114415,"outcome",TRUE,"reported","erI3aM","textfile"
"rs4690523",4,177440008,"C","T",0.310608,0.492708,-0.0802389,0.0791351,"outcome",TRUE,"reported","erI3aM","textfile"
"rs6854832",4,144520607,"T","C",0.517221,0.0954289,-0.0876468,0.135333,"outcome",TRUE,"reported","erI3aM","textfile"
"rs7150776",14,92647476,"T","C",0.663749,0.119304,-0.0531179,0.122182,"outcome",TRUE,"reported","erI3aM","textfile"
