"SNP","chr.outcome","pos.outcome","effect_allele.outcome","other_allele.outcome","pval.outcome","eaf.outcome","beta.outcome","se.outcome","outcome","mr_keep.outcome","pval_origin.outcome","id.outcome","data_source.outcome"
"rs10415535",19,6818690,"A","G",0.863336,0.193688,0.0174068,0.101126,"outcome",TRUE,"reported","j71oqp","textfile"
"rs11747325",5,154170804,"T","C",0.118933,0.229891,-0.148109,0.0949861,"outcome",TRUE,"reported","j71oqp","textfile"
"rs12197075",6,79802046,"G","C",0.500335,0.0434061,-0.130513,0.193651,"outcome",TRUE,"reported","j71oqp","textfile"
"rs12949918",17,42374255,"C","T",0.235034,0.419847,0.0951093,0.0800927,"outcome",TRUE,"reported","j71oqp","textfile"
"rs1598817",5,125541800,"G","T",0.787468,0.0366344,-0.0570738,0.211697,"outcome",TRUE,"reported","j71oqp","textfile"
"rs16959796",16,12518833,"C","T",0.382889,0.0618381,-0.144265,0.165331,"outcome",TRUE,"reported","j71oqp","textfile"
"rs2216140",13,71708275,"A","G",0.240905,0.0122734,0.437751,0.373276,"outcome",TRUE,"reported","j71oqp","textfile"
"rs7857624",9,75665026,"C","T",0.259153,0.0505263,0.201237,0.178339,"outcome",TRUE,"reported","j71oqp","textfile"
"rs8061140",16,72012562,"G","A",0.98804,0.0293355,0.00360877,0.240745,"outcome",TRUE,"reported","j71oqp","textfile"
"rs9904521",17,57555263,"G","A",0.733856,0.0358763,0.0716981,0.210876,"outcome",TRUE,"reported","j71oqp","textfile"
