"SNP","chr.outcome","pos.outcome","effect_allele.outcome","other_allele.outcome","pval.outcome","eaf.outcome","beta.outcome","se.outcome","outcome","mr_keep.outcome","pval_origin.outcome","id.outcome","data_source.outcome"
"rs10966194",9,24070849,"G","A",0.649637,0.343356,0.0378671,0.0833588,"outcome",TRUE,"reported","nqSj9d","textfile"
"rs11022215",11,12166836,"C","T",0.729778,0.0604824,0.0578803,0.167565,"outcome",TRUE,"reported","nqSj9d","textfile"
"rs11047488",12,24533125,"A","T",0.131205,0.135121,-0.174509,0.115617,"outcome",TRUE,"reported","nqSj9d","textfile"
"rs11597065",10,34923221,"C","T",0.346473,0.268605,0.0838499,0.0890643,"outcome",TRUE,"reported","nqSj9d","textfile"
"rs12314479",12,116351061,"C","G",0.362362,0.105296,0.117409,0.128897,"outcome",TRUE,"reported","nqSj9d","textfile"
"rs3113185",7,68317215,"C","T",0.466041,0.437776,-0.0580958,0.0796994,"outcome",TRUE,"reported","nqSj9d","textfile"
"rs4268384",1,247975229,"G","A",0.476796,0.958264,-0.139066,0.195464,"outcome",TRUE,"reported","nqSj9d","textfile"
"rs4332594",12,4312196,"T","C",0.95054,0.216564,0.00601131,0.096912,"outcome",TRUE,"reported","nqSj9d","textfile"
"rs4862124",4,182866289,"T","A",0.966945,0.0520994,0.00738939,0.178313,"outcome",TRUE,"reported","nqSj9d","textfile"
"rs4888946",16,79283533,"A","T",0.457761,0.822647,0.0768956,0.103558,"outcome",TRUE,"reported","nqSj9d","textfile"
"rs7084948",10,110559436,"C","T",0.045008,0.901455,0.266347,0.132869,"outcome",TRUE,"reported","nqSj9d","textfile"
