"SNP","chr.outcome","pos.outcome","effect_allele.outcome","other_allele.outcome","pval.outcome","eaf.outcome","beta.outcome","se.outcome","outcome","mr_keep.outcome","pval_origin.outcome","id.outcome","data_source.outcome"
"rs10254175",7,153054007,"C","T",0.168244,0.768116,0.129477,0.0939691,"outcome",TRUE,"reported","8G7hCL","textfile"
"rs10974528",9,4423789,"A","G",0.859368,0.148817,0.0196385,0.11084,"outcome",TRUE,"reported","8G7hCL","textfile"
"rs10980324",9,110319285,"C","T",0.806536,0.0478239,0.0448418,0.183105,"outcome",TRUE,"reported","8G7hCL","textfile"
"rs11935679",4,185562066,"A","G",0.217131,0.1922,0.124215,0.100644,"outcome",TRUE,"reported","8G7hCL","textfile"
"rs12629505",3,100185939,"A","G",0.0343471,0.35083,-0.176362,0.0833478,"outcome",TRUE,"reported","8G7hCL","textfile"
"rs1517397",2,71962120,"C","T",0.213104,0.651413,0.103278,0.0829492,"outcome",TRUE,"reported","8G7hCL","textfile"
"rs1552422",12,129188240,"A","G",0.289528,0.552777,0.0843865,0.0796733,"outcome",TRUE,"reported","8G7hCL","textfile"
"rs17655603",7,96913868,"C","T",0.316538,0.0429606,0.194929,0.194618,"outcome",TRUE,"reported","8G7hCL","textfile"
"rs1861007",7,55072058,"G","C",0.989172,0.842675,-0.0014751,0.108688,"outcome",TRUE,"reported","8G7hCL","textfile"
"rs1861371",12,97381156,"A","G",0.726845,0.11544,0.0433279,0.124033,"outcome",TRUE,"reported","8G7hCL","textfile"
"rs2473097",6,138093808,"C","T",0.29058,0.240916,0.0976887,0.0924337,"outcome",TRUE,"reported","8G7hCL","textfile"
"rs4665701",2,24479289,"C","T",0.323745,0.502578,-0.0779717,0.0790154,"outcome",TRUE,"reported","8G7hCL","textfile"
"rs6810964",4,165402154,"G","A",0.754392,0.391404,-0.025351,0.0810315,"outcome",TRUE,"reported","8G7hCL","textfile"
"rs8105530",19,55327904,"C","T",0.219528,0.48142,0.0970624,0.0790549,"outcome",TRUE,"reported","8G7hCL","textfile"
