"SNP","chr.outcome","pos.outcome","effect_allele.outcome","other_allele.outcome","pval.outcome","eaf.outcome","beta.outcome","se.outcome","outcome","mr_keep.outcome","pval_origin.outcome","id.outcome","data_source.outcome"
"rs1009184",10,107384704,"T","G",0.346594,0.505792,-0.0749446,0.0796253,"outcome",TRUE,"reported","nWf4P5","textfile"
"rs1030420",8,66448490,"T","C",0.409298,0.162814,-0.0881404,0.10682,"outcome",TRUE,"reported","nWf4P5","textfile"
"rs11856353",15,36679148,"C","T",0.161879,0.13551,0.16228,0.116016,"outcome",TRUE,"reported","nWf4P5","textfile"
"rs13332924",16,80362344,"A","C",0.336774,0.277454,-0.084777,0.088258,"outcome",TRUE,"reported","nWf4P5","textfile"
"rs1525549",7,3174218,"A","G",0.404983,0.123237,-0.100675,0.120895,"outcome",TRUE,"reported","nWf4P5","textfile"
"rs2333040",3,125042770,"G","A",0.572093,0.605656,-0.0457888,0.0810463,"outcome",TRUE,"reported","nWf4P5","textfile"
"rs2372342",3,43164470,"A","G",0.88347,0.959593,-0.0294902,0.2012,"outcome",TRUE,"reported","nWf4P5","textfile"
"rs2632020",11,19489340,"C","T",0.0957679,0.546487,-0.132002,0.079246,"outcome",TRUE,"reported","nWf4P5","textfile"
"rs4273762",7,39498028,"T","C",0.198851,0.0603224,-0.214645,0.167061,"outcome",TRUE,"reported","nWf4P5","textfile"
"rs4325745",2,227193076,"C","T",0.196921,0.440628,0.103059,0.0798674,"outcome",TRUE,"reported","nWf4P5","textfile"
"rs504192",4,110926566,"G","A",0.584254,0.147282,-0.060941,0.111373,"outcome",TRUE,"reported","nWf4P5","textfile"
"rs504899",7,80412622,"T","C",0.520419,0.0541803,0.111612,0.173661,"outcome",TRUE,"reported","nWf4P5","textfile"
"rs6024831",20,56363408,"G","A",0.0334003,0.125294,0.253159,0.119009,"outcome",TRUE,"reported","nWf4P5","textfile"
"rs6748268",2,70925720,"C","T",0.148232,0.348977,-0.120224,0.0831539,"outcome",TRUE,"reported","nWf4P5","textfile"
"rs6959584",7,106036059,"T","C",0.136256,0.219095,-0.143403,0.0962513,"outcome",TRUE,"reported","nWf4P5","textfile"
"rs7699551",4,116708318,"C","T",0.714518,0.351752,-0.0303011,0.082836,"outcome",TRUE,"reported","nWf4P5","textfile"
"rs8112502",19,52120069,"A","G",0.858869,0.104123,-0.0229585,0.129115,"outcome",TRUE,"reported","nWf4P5","textfile"
"rs9393768",6,26917840,"G","A",0.71985,0.706648,0.0310773,0.0866485,"outcome",TRUE,"reported","nWf4P5","textfile"
"rs9525877",13,43945195,"G","A",0.811327,0.239059,-0.0220558,0.0923938,"outcome",TRUE,"reported","nWf4P5","textfile"
"rs9604751",22,17507312,"A","G",0.0116041,0.232601,0.23915,0.094752,"outcome",TRUE,"reported","nWf4P5","textfile"
