"SNP","chr.outcome","pos.outcome","effect_allele.outcome","other_allele.outcome","pval.outcome","eaf.outcome","beta.outcome","se.outcome","outcome","mr_keep.outcome","pval_origin.outcome","id.outcome","data_source.outcome"
"rs11111705",12,103660177,"G","A",0.0268664,0.476374,0.175818,0.0794313,"outcome",TRUE,"reported","wsKlN3","textfile"
"rs11721313",3,34076746,"T","C",0.511414,0.0834504,-0.0941838,0.143434,"outcome",TRUE,"reported","wsKlN3","textfile"
"rs12584638",13,110748738,"G","A",0.554833,0.301689,0.0511701,0.0866504,"outcome",TRUE,"reported","wsKlN3","textfile"
"rs13336955",16,17272705,"T","C",0.808706,0.0555681,-0.0422145,0.174371,"outcome",TRUE,"reported","wsKlN3","textfile"
"rs1373765",18,52220230,"C","T",0.33061,0.340371,0.0810618,0.083321,"outcome",TRUE,"reported","wsKlN3","textfile"
"rs17579664",7,70663722,"T","G",0.648075,0.332352,0.0386486,0.0846742,"outcome",TRUE,"reported","wsKlN3","textfile"
"rs2442790",3,11498822,"T","C",0.406584,0.0338591,-0.187396,0.2258,"outcome",TRUE,"reported","wsKlN3","textfile"
"rs2543541",17,7731541,"A","T",0.151719,0.529287,0.114508,0.0798809,"outcome",TRUE,"reported","wsKlN3","textfile"
"rs269263",7,140630533,"T","C",0.408006,0.380698,0.0674551,0.0815259,"outcome",TRUE,"reported","wsKlN3","textfile"
"rs343836",5,121708909,"C","T",0.0599639,0.0353355,-0.402784,0.214127,"outcome",TRUE,"reported","wsKlN3","textfile"
"rs6008912",22,46566580,"G","A",0.900635,0.793245,-0.0122144,0.0978258,"outcome",TRUE,"reported","wsKlN3","textfile"
"rs7679137",4,72044019,"T","C",0.471483,0.980669,0.206208,0.286373,"outcome",TRUE,"reported","wsKlN3","textfile"
