"SNP","chr.outcome","pos.outcome","effect_allele.outcome","other_allele.outcome","pval.outcome","eaf.outcome","beta.outcome","se.outcome","outcome","mr_keep.outcome","pval_origin.outcome","id.outcome","data_source.outcome"
"rs10043",7,56106422,"C","A",0.0146181,0.805391,-0.244675,0.100207,"outcome",TRUE,"reported","ajOAHN","textfile"
"rs11643275",16,6752673,"G","C",0.15708,0.259375,-0.127612,0.0901878,"outcome",TRUE,"reported","ajOAHN","textfile"
"rs12446555",16,89732637,"T","G",0.757281,0.0831437,0.0445795,0.144246,"outcome",TRUE,"reported","ajOAHN","textfile"
"rs12552851",9,24488927,"C","T",0.257961,0.298297,0.0982875,0.0868859,"outcome",TRUE,"reported","ajOAHN","textfile"
"rs13357681",5,20439645,"T","C",0.62049,0.265827,0.0441538,0.0891714,"outcome",TRUE,"reported","ajOAHN","textfile"
"rs13440146",9,120919173,"T","G",0.950643,0.108475,0.00788926,0.127454,"outcome",TRUE,"reported","ajOAHN","textfile"
"rs17450296",5,109103690,"G","T",0.214248,0.128969,0.146227,0.117738,"outcome",TRUE,"reported","ajOAHN","textfile"
"rs1781619",6,153814833,"T","C",0.451697,0.73667,-0.067578,0.0897941,"outcome",TRUE,"reported","ajOAHN","textfile"
"rs1879207",2,17292993,"C","G",0.251375,0.171423,-0.120082,0.104691,"outcome",TRUE,"reported","ajOAHN","textfile"
"rs1939990",11,126939118,"C","T",0.887175,0.814678,-0.0144509,0.101853,"outcome",TRUE,"reported","ajOAHN","textfile"
"rs2043660",11,91277787,"A","T",0.0872569,0.765787,-0.159882,0.0934955,"outcome",TRUE,"reported","ajOAHN","textfile"
"rs2642169",4,58642340,"A","G",0.644058,0.584425,0.0371664,0.0804408,"outcome",TRUE,"reported","ajOAHN","textfile"
"rs2863060",3,177796926,"A","G",0.682007,0.263526,-0.0368081,0.0898361,"outcome",TRUE,"reported","ajOAHN","textfile"
"rs3778464",6,125177349,"C","T",0.324246,0.100769,0.129738,0.131611,"outcome",TRUE,"reported","ajOAHN","textfile"
"rs4510422",4,238151,"T","C",0.401599,0.286711,-0.0735244,0.0876576,"outcome",TRUE,"reported","ajOAHN","textfile"
"rs4976897",8,37850380,"T","C",0.877387,0.789977,0.0150373,0.0974658,"outcome",TRUE,"reported","ajOAHN","textfile"
"rs6012412",20,48398938,"G","A",0.475485,0.271774,-0.0632547,0.0886438,"outcome",TRUE,"reported","ajOAHN","textfile"
"rs7604529",2,102064141,"G","A",0.79858,0.0960261,0.0343607,0.13465,"outcome",TRUE,"reported","ajOAHN","textfile"
"rs7938161",11,5192046,"G","A",0.55848,0.534929,-0.0463796,0.0792678,"outcome",TRUE,"reported","ajOAHN","textfile"
"rs976547",13,91332086,"A","T",0.519983,0.504937,0.0509022,0.0791177,"outcome",TRUE,"reported","ajOAHN","textfile"
"rs9890574",17,40116074,"T","A",0.623507,0.327918,-0.0413622,0.08426,"outcome",TRUE,"reported","ajOAHN","textfile"
"rs9926816",16,55069813,"G","A",0.263323,0.12808,-0.132707,0.11864,"outcome",TRUE,"reported","ajOAHN","textfile"
