"SNP","chr.outcome","pos.outcome","effect_allele.outcome","other_allele.outcome","pval.outcome","eaf.outcome","beta.outcome","se.outcome","outcome","mr_keep.outcome","pval_origin.outcome","id.outcome","data_source.outcome"
"rs10005912",4,81176682,"G","T",0.338615,0.0637407,-0.157542,0.164637,"outcome",TRUE,"reported","cOGZS9","textfile"
"rs10015080",4,31901545,"C","A",0.324334,0.0536608,-0.173298,0.175832,"outcome",TRUE,"reported","cOGZS9","textfile"
"rs10068843",5,169505589,"A","C",0.724154,0.0662898,0.0553373,0.156802,"outcome",TRUE,"reported","cOGZS9","textfile"
"rs10421478",19,34942034,"T","C",0.301677,0.14095,-0.118025,0.114272,"outcome",TRUE,"reported","cOGZS9","textfile"
"rs10425230",19,19750873,"T","C",0.931982,0.0364003,0.0180234,0.211166,"outcome",TRUE,"reported","cOGZS9","textfile"
"rs10875231",1,99534456,"T","G",0.118032,0.298074,0.135491,0.0866818,"outcome",TRUE,"reported","cOGZS9","textfile"
"rs10900676",5,112176105,"G","C",0.733944,0.00552317,0.186907,0.549912,"outcome",TRUE,"reported","cOGZS9","textfile"
"rs10988783",9,99369071,"T","C",0.858814,0.0449423,-0.0339424,0.190812,"outcome",TRUE,"reported","cOGZS9","textfile"
"rs10998867",10,69578491,"G","A",0.433815,0.179124,0.081445,0.104059,"outcome",TRUE,"reported","cOGZS9","textfile"
"rs11127379",2,2072630,"A","G",0.499351,0.0911605,0.09313,0.137866,"outcome",TRUE,"reported","cOGZS9","textfile"
"rs11158062",14,55882121,"G","A",0.140639,0.541406,-0.118286,0.0802803,"outcome",TRUE,"reported","cOGZS9","textfile"
"rs11161725",1,86055201,"A","C",0.978984,0.0381182,0.00550372,0.208931,"outcome",TRUE,"reported","cOGZS9","textfile"
"rs11265416",1,160502023,"G","A",0.513801,0.0158961,-0.206434,0.316165,"outcome",TRUE,"reported","cOGZS9","textfile"
"rs1138253",19,4325436,"A","G",0.789045,0.424892,-0.0214279,0.0800894,"outcome",TRUE,"reported","cOGZS9","textfile"
"rs11612437",12,115583049,"A","G",0.0376626,0.00827708,0.915186,0.440309,"outcome",TRUE,"reported","cOGZS9","textfile"
"rs1165210",6,25800829,"C","T",0.968519,0.953786,-0.00751,0.190291,"outcome",TRUE,"reported","cOGZS9","textfile"
"rs11703458",22,47768729,"A","G",0.941741,0.0349556,0.0157467,0.215467,"outcome",TRUE,"reported","cOGZS9","textfile"
"rs11803192",1,5563623,"C","T",0.377932,0.14296,0.0996168,0.112981,"outcome",TRUE,"reported","cOGZS9","textfile"
"rs11819046",10,113265862,"T","C",0.117918,0.0499053,-0.28807,0.184238,"outcome",TRUE,"reported","cOGZS9","textfile"
"rs12238450",9,38284649,"G","A",0.539977,0.0374428,0.130666,0.213212,"outcome",TRUE,"reported","cOGZS9","textfile"
"rs12327976",2,115219065,"G","A",0.139788,0.0639047,0.236665,0.160279,"outcome",TRUE,"reported","cOGZS9","textfile"
"rs12622555",2,194372582,"T","C",0.125696,0.0303745,-0.351884,0.229795,"outcome",TRUE,"reported","cOGZS9","textfile"
"rs12684749",9,14238599,"G","A",0.313077,0.0406797,-0.203513,0.20174,"outcome",TRUE,"reported","cOGZS9","textfile"
"rs12983955",19,30239788,"A","G",0.739261,0.137718,-0.0382213,0.114837,"outcome",TRUE,"reported","cOGZS9","textfile"
"rs13007817",2,149076100,"A","G",0.981907,0.150354,0.00254061,0.112027,"outcome",TRUE,"reported","cOGZS9","textfile"
"rs13035089",2,179309102,"G","T",0.0388347,0.111832,0.259581,0.125648,"outcome",TRUE,"reported","cOGZS9","textfile"
"rs13041562",20,16202053,"C","T",0.580863,0.209235,-0.0535454,0.0969806,"outcome",TRUE,"reported","cOGZS9","textfile"
"rs1353529",3,82922586,"T","G",0.421498,0.515092,-0.0636232,0.0791506,"outcome",TRUE,"reported","cOGZS9","textfile"
"rs1382668",8,75222843,"G","A",0.753572,0.0182996,0.0921406,0.293505,"outcome",TRUE,"reported","cOGZS9","textfile"
"rs1429342",2,140925558,"G","A",0.0143648,0.00597763,1.29967,0.530912,"outcome",TRUE,"reported","cOGZS9","textfile"
"rs1462176",11,40142797,"C","T",0.909229,0.927008,0.0174829,0.153343,"outcome",TRUE,"reported","cOGZS9","textfile"
"rs1498721",3,134451214,"T","C",0.141577,0.937339,0.236652,0.160994,"outcome",TRUE,"reported","cOGZS9","textfile"
"rs1561803",7,52615822,"G","T",0.584903,0.0134179,-0.189859,0.347576,"outcome",TRUE,"reported","cOGZS9","textfile"
"rs1608368",8,3882543,"T","C",0.260386,0.0662019,0.178725,0.158799,"outcome",TRUE,"reported","cOGZS9","textfile"
"rs16828389",3,157844538,"T","C",0.507923,0.0412772,0.131232,0.198212,"outcome",TRUE,"reported","cOGZS9","textfile"
"rs16834234",2,192128884,"T","C",0.612164,0.0262753,-0.125065,0.246682,"outcome",TRUE,"reported","cOGZS9","textfile"
"rs16874680",6,14088812,"C","T",0.274572,0.077145,-0.162519,0.148746,"outcome",TRUE,"reported","cOGZS9","textfile"
"rs16947929",15,93388830,"A","G",0.335729,0.0167944,0.296046,0.307536,"outcome",TRUE,"reported","cOGZS9","textfile"
"rs16962386",16,60636107,"A","C",0.334291,0.109021,0.122819,0.127207,"outcome",TRUE,"reported","cOGZS9","textfile"
"rs16986678",21,30355696,"A","G",0.0270327,0.0695299,-0.34877,0.15774,"outcome",TRUE,"reported","cOGZS9","textfile"
"rs17025221",2,40137416,"A","T",0.950952,0.111681,0.00776087,0.12617,"outcome",TRUE,"reported","cOGZS9","textfile"
"rs17069415",3,63806503,"A","G",0.0895365,0.0293686,0.39974,0.23544,"outcome",TRUE,"reported","cOGZS9","textfile"
"rs17098098",12,62627928,"T","C",0.297985,0.165575,0.111281,0.106923,"outcome",TRUE,"reported","cOGZS9","textfile"
"rs17224513",7,132502137,"A","G",0.189228,0.06813,0.206518,0.157303,"outcome",TRUE,"reported","cOGZS9","textfile"
"rs17303404",15,61047970,"G","C",0.290176,0.0680991,0.167427,0.158288,"outcome",TRUE,"reported","cOGZS9","textfile"
"rs17488959",4,11414901,"T","G",0.976874,0.0359752,0.006114,0.210917,"outcome",TRUE,"reported","cOGZS9","textfile"
"rs17506661",1,182209026,"T","C",0.885815,0.0428133,-0.0278814,0.194158,"outcome",TRUE,"reported","cOGZS9","textfile"
"rs1790642",18,36422456,"G","A",0.3785,0.867759,0.102362,0.116232,"outcome",TRUE,"reported","cOGZS9","textfile"
"rs1792131",11,78653925,"A","G",0.202964,0.850361,0.141927,0.111476,"outcome",TRUE,"reported","cOGZS9","textfile"
"rs187090",2,142962203,"T","C",0.663045,0.00530574,-0.250605,0.575162,"outcome",TRUE,"reported","cOGZS9","textfile"
"rs1896703",5,11711945,"T","G",0.338235,0.0407653,0.194221,0.202809,"outcome",TRUE,"reported","cOGZS9","textfile"
"rs1954097",14,86159318,"T","C",0.507501,0.771344,-0.0621827,0.0938277,"outcome",TRUE,"reported","cOGZS9","textfile"
"rs2041389",12,126626700,"G","C",0.796431,0.95255,0.0484266,0.187723,"outcome",TRUE,"reported","cOGZS9","textfile"
"rs2155977",18,21875043,"T","C",0.22826,0.97544,0.308913,0.256391,"outcome",TRUE,"reported","cOGZS9","textfile"
"rs217763",11,16778300,"C","T",0.897837,0.626905,0.0105112,0.0818665,"outcome",TRUE,"reported","cOGZS9","textfile"
"rs2374150",4,113763825,"C","G",0.252256,0.0915459,-0.156678,0.13685,"outcome",TRUE,"reported","cOGZS9","textfile"
"rs2469235",15,77013151,"A","G",0.523757,0.955823,0.120674,0.189273,"outcome",TRUE,"reported","cOGZS9","textfile"
"rs2473138",6,144299009,"G","A",0.210358,0.0841744,-0.178997,0.142903,"outcome",TRUE,"reported","cOGZS9","textfile"
"rs2486578",10,739287,"G","A",0.78211,0.233638,0.0257468,0.0930931,"outcome",TRUE,"reported","cOGZS9","textfile"
"rs2493147",1,230687157,"T","C",0.853819,0.0736013,0.0279491,0.151692,"outcome",TRUE,"reported","cOGZS9","textfile"
"rs2623167",8,94249454,"C","A",0.729741,0.117334,0.0425568,0.123185,"outcome",TRUE,"reported","cOGZS9","textfile"
"rs268125",2,65420499,"C","G",0.938861,0.937742,-0.0126224,0.164566,"outcome",TRUE,"reported","cOGZS9","textfile"
"rs268424",8,15139786,"A","C",0.0998481,0.111933,-0.207516,0.126105,"outcome",TRUE,"reported","cOGZS9","textfile"
"rs276642",16,13083650,"G","A",0.341956,0.0908273,-0.131106,0.137961,"outcome",TRUE,"reported","cOGZS9","textfile"
"rs2861997",3,175157784,"G","A",0.530641,0.167047,0.0666496,0.106295,"outcome",TRUE,"reported","cOGZS9","textfile"
"rs28951670",2,51473217,"T","C",0.676162,0.115872,-0.0517515,0.123895,"outcome",TRUE,"reported","cOGZS9","textfile"
"rs3925748",17,32057342,"A","C",0.530666,0.174055,0.0649787,0.103636,"outcome",TRUE,"reported","cOGZS9","textfile"
"rs4141286",5,130283782,"C","G",0.417186,0.905109,-0.109731,0.135252,"outcome",TRUE,"reported","cOGZS9","textfile"
"rs4295303",4,43013588,"A","T",0.0196259,0.54484,0.185713,0.0795882,"outcome",TRUE,"reported","cOGZS9","textfile"
"rs4434498",6,120739796,"G","A",0.442308,0.39477,0.0622013,0.0809595,"outcome",TRUE,"reported","cOGZS9","textfile"
"rs4454728",11,131215034,"A","G",0.896838,0.0480144,-0.0241025,0.185894,"outcome",TRUE,"reported","cOGZS9","textfile"
"rs4488147",10,50837871,"T","C",0.431989,0.0120262,0.283014,0.360164,"outcome",TRUE,"reported","cOGZS9","textfile"
"rs463183",21,42855973,"A","G",0.0117593,0.0740633,0.338839,0.134498,"outcome",TRUE,"reported","cOGZS9","textfile"
"rs4733038",8,27236407,"C","A",0.305514,0.984471,-0.330245,0.322291,"outcome",TRUE,"reported","cOGZS9","textfile"
"rs4768766",12,46935996,"C","A",0.0944191,0.954774,0.317315,0.189721,"outcome",TRUE,"reported","cOGZS9","textfile"
"rs4875362",8,4576530,"T","G",0.866893,0.0787946,-0.0246402,0.147012,"outcome",TRUE,"reported","cOGZS9","textfile"
"rs4905451",14,96164233,"C","T",0.000518406,0.997588,-1.56614,0.451201,"outcome",TRUE,"reported","cOGZS9","textfile"
"rs600711",1,109231404,"A","G",0.430519,0.899179,-0.103865,0.131757,"outcome",TRUE,"reported","cOGZS9","textfile"
"rs6070814",20,59488632,"T","C",0.189789,0.0948354,-0.179572,0.136952,"outcome",TRUE,"reported","cOGZS9","textfile"
"rs6506569",18,8275859,"C","T",0.979064,0.505652,-0.00206652,0.078747,"outcome",TRUE,"reported","cOGZS9","textfile"
"rs665540",12,117738048,"T","G",0.161147,0.230151,-0.132444,0.0945203,"outcome",TRUE,"reported","cOGZS9","textfile"
"rs6783548",3,94340889,"C","T",0.861741,0.40739,-0.0140558,0.0807071,"outcome",TRUE,"reported","cOGZS9","textfile"
"rs7144659",14,40858889,"G","A",0.54247,0.0149763,0.199934,0.328255,"outcome",TRUE,"reported","cOGZS9","textfile"
"rs7454011",6,20866013,"G","T",0.855853,0.983378,0.0567865,0.312605,"outcome",TRUE,"reported","cOGZS9","textfile"
"rs7616688",3,40215596,"A","G",0.751453,0.0267034,-0.0772253,0.243825,"outcome",TRUE,"reported","cOGZS9","textfile"
"rs7688643",4,179398598,"T","C",0.462469,0.845568,-0.0809868,0.110218,"outcome",TRUE,"reported","cOGZS9","textfile"
"rs7692251",4,75189992,"G","A",0.297861,0.0413307,-0.20961,0.201348,"outcome",TRUE,"reported","cOGZS9","textfile"
"rs7701924",5,115370746,"A","G",0.057069,0.0781827,-0.278693,0.146466,"outcome",TRUE,"reported","cOGZS9","textfile"
"rs7708256",5,99223091,"T","C",0.918378,0.0288982,-0.0241143,0.235314,"outcome",TRUE,"reported","cOGZS9","textfile"
"rs771788",3,101993411,"A","G",0.86244,0.151647,-0.0191227,0.110365,"outcome",TRUE,"reported","cOGZS9","textfile"
"rs7751252",6,78252909,"C","T",0.779884,0.0613348,0.0456188,0.163233,"outcome",TRUE,"reported","cOGZS9","textfile"
"rs7755387",6,105788657,"T","G",0.376913,0.0678874,0.139454,0.157825,"outcome",TRUE,"reported","cOGZS9","textfile"
"rs7785951",7,150923707,"T","G",0.674958,0.0641753,0.0676616,0.161348,"outcome",TRUE,"reported","cOGZS9","textfile"
"rs7969423",12,23568710,"A","G",0.243822,0.221239,0.111434,0.0956115,"outcome",TRUE,"reported","cOGZS9","textfile"
"rs8118890",20,42028312,"G","A",0.65525,0.122623,-0.0538314,0.120568,"outcome",TRUE,"reported","cOGZS9","textfile"
"rs831541",2,73897401,"C","T",0.569266,0.818879,-0.0585361,0.102851,"outcome",TRUE,"reported","cOGZS9","textfile"
"rs836533",7,6434072,"T","A",0.862926,0.0069564,0.0806211,0.466961,"outcome",TRUE,"reported","cOGZS9","textfile"
"rs928907",22,19215550,"T","C",0.888209,0.0231229,-0.0372321,0.264863,"outcome",TRUE,"reported","cOGZS9","textfile"
"rs9341191",2,216656925,"T","C",0.751834,0.0452471,-0.0608322,0.192372,"outcome",TRUE,"reported","cOGZS9","textfile"
"rs945493",10,35792779,"A","G",0.872936,0.0549093,0.0278214,0.17396,"outcome",TRUE,"reported","cOGZS9","textfile"
"rs9497904",6,147954299,"G","A",0.00176954,0.597406,-0.238951,0.0764299,"outcome",TRUE,"reported","cOGZS9","textfile"
"rs9557045",13,98761449,"A","T",0.316531,0.116394,0.123764,0.123564,"outcome",TRUE,"reported","cOGZS9","textfile"
"rs9861255",3,39252313,"G","A",0.799446,0.0733418,0.0389111,0.153155,"outcome",TRUE,"reported","cOGZS9","textfile"
"rs997892",7,25221237,"C","A",0.816803,0.102929,-0.0302177,0.13044,"outcome",TRUE,"reported","cOGZS9","textfile"
"rs9999552",4,65538511,"G","A",0.6343,0.158057,0.0519117,0.109131,"outcome",TRUE,"reported","cOGZS9","textfile"
