"SNP","chr.outcome","pos.outcome","effect_allele.outcome","other_allele.outcome","pval.outcome","eaf.outcome","beta.outcome","se.outcome","outcome","mr_keep.outcome","pval_origin.outcome","id.outcome","data_source.outcome"
"rs1027175",3,176732330,"A","G",0.511325,0.91437,0.092614,0.141013,"outcome",TRUE,"reported","FPTyTG","textfile"
"rs1348656",3,145215733,"T","C",0.105187,0.81384,0.164873,0.10176,"outcome",TRUE,"reported","FPTyTG","textfile"
"rs1477025",16,49777522,"C","T",0.361973,0.39261,0.0736578,0.0807995,"outcome",TRUE,"reported","FPTyTG","textfile"
"rs16839086",2,207051125,"A","C",0.319434,0.27941,0.0878976,0.0882842,"outcome",TRUE,"reported","FPTyTG","textfile"
"rs1709851",2,239401967,"A","C",0.781905,0.678319,0.0234686,0.0847738,"outcome",TRUE,"reported","FPTyTG","textfile"
"rs3793900",10,86959076,"A","C",0.0466659,0.713096,-0.174181,0.0875578,"outcome",TRUE,"reported","FPTyTG","textfile"
"rs4680042",3,153249711,"T","A",0.695264,0.475745,0.031075,0.0793294,"outcome",TRUE,"reported","FPTyTG","textfile"
"rs6557244",6,152922823,"T","C",0.966239,0.964341,0.00909664,0.214922,"outcome",TRUE,"reported","FPTyTG","textfile"
"rs6738713",2,49500196,"C","T",0.0125661,0.0494223,-0.45631,0.182829,"outcome",TRUE,"reported","FPTyTG","textfile"
"rs9560579",13,90209434,"G","A",0.679099,0.55945,0.0330512,0.0798929,"outcome",TRUE,"reported","FPTyTG","textfile"
