"SNP","chr.outcome","pos.outcome","effect_allele.outcome","other_allele.outcome","pval.outcome","eaf.outcome","beta.outcome","se.outcome","outcome","mr_keep.outcome","pval_origin.outcome","id.outcome","data_source.outcome"
"rs1390947",9,73510675,"A","C",0.86155,0.433241,-0.0139221,0.0798279,"outcome",TRUE,"reported","jxcGSK","textfile"
"rs1398802",6,66487782,"T","G",0.367563,0.63456,0.0740143,0.0821426,"outcome",TRUE,"reported","jxcGSK","textfile"
"rs16934512",9,16358280,"C","A",0.977472,0.42935,0.00225684,0.0799222,"outcome",TRUE,"reported","jxcGSK","textfile"
"rs17091567",14,94897532,"T","C",0.377106,0.117454,-0.108196,0.122498,"outcome",TRUE,"reported","jxcGSK","textfile"
"rs17289436",8,122883028,"A","G",0.457206,0.496469,-0.0591145,0.0795132,"outcome",TRUE,"reported","jxcGSK","textfile"
"rs1864468",2,124393215,"A","G",0.515082,0.586116,-0.0521002,0.0800378,"outcome",TRUE,"reported","jxcGSK","textfile"
"rs2048428",19,56974160,"C","T",0.377107,0.890928,0.112141,0.126965,"outcome",TRUE,"reported","jxcGSK","textfile"
"rs2199680",12,21262562,"T","A",0.162276,0.298666,0.121243,0.0867598,"outcome",TRUE,"reported","jxcGSK","textfile"
"rs2847326",18,676228,"A","T",0.911792,0.264277,-0.00997958,0.0900859,"outcome",TRUE,"reported","jxcGSK","textfile"
"rs296381",19,47867845,"T","C",0.144974,0.848886,-0.162185,0.111275,"outcome",TRUE,"reported","jxcGSK","textfile"
"rs4393440",13,63769569,"C","T",0.558954,0.0611392,0.0973301,0.166548,"outcome",TRUE,"reported","jxcGSK","textfile"
"rs450940",20,19926754,"C","T",0.33489,0.502339,-0.0761295,0.078947,"outcome",TRUE,"reported","jxcGSK","textfile"
"rs480891",18,7468963,"G","A",0.610813,0.295391,0.0442676,0.0869844,"outcome",TRUE,"reported","jxcGSK","textfile"
"rs4953716",2,43047683,"T","A",0.442621,0.588759,0.0617849,0.0804727,"outcome",TRUE,"reported","jxcGSK","textfile"
"rs6603803",1,1881249,"G","A",0.33971,0.517298,0.0756965,0.079285,"outcome",TRUE,"reported","jxcGSK","textfile"
"rs6900835",6,133647871,"T","C",0.784121,0.214398,-0.0263406,0.0961499,"outcome",TRUE,"reported","jxcGSK","textfile"
"rs7610725",3,19915629,"G","A",0.115718,0.0132108,0.539365,0.342889,"outcome",TRUE,"reported","jxcGSK","textfile"
"rs878983",2,20077987,"T","C",0.293028,0.321008,-0.088936,0.0845799,"outcome",TRUE,"reported","jxcGSK","textfile"
"rs932412",6,16425172,"C","A",0.744797,0.572032,0.0260146,0.0799202,"outcome",TRUE,"reported","jxcGSK","textfile"
"rs9552597",13,22115988,"A","G",0.270946,0.264742,0.0987281,0.0896806,"outcome",TRUE,"reported","jxcGSK","textfile"
"rs9632722",7,99517945,"G","A",0.990563,0.151777,0.00129525,0.109511,"outcome",TRUE,"reported","jxcGSK","textfile"
"rs9972424",15,40073650,"G","A",0.298861,0.369436,0.0853327,0.0821391,"outcome",TRUE,"reported","jxcGSK","textfile"
