"SNP","chr.outcome","pos.outcome","effect_allele.outcome","other_allele.outcome","pval.outcome","eaf.outcome","beta.outcome","se.outcome","outcome","mr_keep.outcome","pval_origin.outcome","id.outcome","data_source.outcome"
"rs10443953",10,55671920,"A","G",0.590953,0.384336,-0.0435797,0.0810852,"outcome",TRUE,"reported","55hTEQ","textfile"
"rs10841406",12,19920160,"A","G",0.808724,0.288135,-0.021128,0.0872794,"outcome",TRUE,"reported","55hTEQ","textfile"
"rs10892951",11,123022626,"A","G",0.752191,0.346746,0.0263381,0.0834136,"outcome",TRUE,"reported","55hTEQ","textfile"
"rs11150606",16,31087690,"C","T",0.464431,0.0730416,-0.111231,0.152044,"outcome",TRUE,"reported","55hTEQ","textfile"
"rs11210537",1,41880052,"A","G",0.215747,0.315411,-0.105254,0.0850252,"outcome",TRUE,"reported","55hTEQ","textfile"
"rs11263804",17,36870383,"C","G",0.979089,0.287181,-0.00228938,0.0873427,"outcome",TRUE,"reported","55hTEQ","textfile"
"rs12208243",6,146533882,"G","A",0.336137,0.0712886,-0.148669,0.15457,"outcome",TRUE,"reported","55hTEQ","textfile"
"rs12536678",7,54350565,"C","G",0.351883,0.377346,-0.0756922,0.081307,"outcome",TRUE,"reported","55hTEQ","textfile"
"rs12639715",4,173924663,"C","T",0.761474,0.302843,0.0261475,0.08614,"outcome",TRUE,"reported","55hTEQ","textfile"
"rs12975371",19,53104815,"G","A",0.412016,0.437617,0.0653131,0.0796159,"outcome",TRUE,"reported","55hTEQ","textfile"
"rs13238296",7,90649550,"C","T",0.706083,0.321965,-0.0319671,0.0847661,"outcome",TRUE,"reported","55hTEQ","textfile"
"rs16909189",8,138466427,"T","C",0.327377,0.0642388,-0.156809,0.160106,"outcome",TRUE,"reported","55hTEQ","textfile"
"rs1799977",3,37012077,"G","A",0.384753,0.297945,-0.0751057,0.0864107,"outcome",TRUE,"reported","55hTEQ","textfile"
"rs2272588",14,77557371,"G","A",0.525232,0.502763,-0.0505085,0.0795031,"outcome",TRUE,"reported","55hTEQ","textfile"
"rs2555231",3,37571435,"T","C",0.276684,0.619675,-0.0885495,0.0814025,"outcome",TRUE,"reported","55hTEQ","textfile"
"rs2589314",13,43158568,"A","G",0.314816,0.468658,0.0796551,0.0792455,"outcome",TRUE,"reported","55hTEQ","textfile"
"rs2745001",16,1467727,"G","A",0.48281,0.561363,-0.0556431,0.0792873,"outcome",TRUE,"reported","55hTEQ","textfile"
"rs2946398",4,23909379,"C","T",0.610502,0.60308,0.0412854,0.0810539,"outcome",TRUE,"reported","55hTEQ","textfile"
"rs3796622",4,989272,"C","T",0.756605,0.730221,0.0276332,0.0891559,"outcome",TRUE,"reported","55hTEQ","textfile"
"rs3822742",5,139679432,"A","C",0.271373,0.326577,-0.0929188,0.0844789,"outcome",TRUE,"reported","55hTEQ","textfile"
"rs4972677",2,174513906,"C","G",0.11987,0.59749,0.12539,0.0806204,"outcome",TRUE,"reported","55hTEQ","textfile"
"rs6033014",20,11034811,"C","T",0.430755,0.633889,0.066216,0.084041,"outcome",TRUE,"reported","55hTEQ","textfile"
"rs629487",12,52629284,"G","T",0.904559,0.403321,0.00966706,0.0806234,"outcome",TRUE,"reported","55hTEQ","textfile"
"rs6462013",7,27394152,"G","A",0.583009,0.488239,-0.0433341,0.0789333,"outcome",TRUE,"reported","55hTEQ","textfile"
"rs6564154",16,74651691,"T","C",0.0219907,0.653482,-0.190408,0.0831281,"outcome",TRUE,"reported","55hTEQ","textfile"
"rs6905811",6,103761242,"T","C",0.155166,0.342345,0.1182,0.0831502,"outcome",TRUE,"reported","55hTEQ","textfile"
"rs697635",12,51888964,"A","G",0.417268,0.359406,-0.0670593,0.0826698,"outcome",TRUE,"reported","55hTEQ","textfile"
"rs7283743",21,41783028,"T","C",0.804341,0.090139,-0.0342835,0.138389,"outcome",TRUE,"reported","55hTEQ","textfile"
"rs7322113",13,26268070,"C","T",0.863104,0.00430492,0.10531,0.610761,"outcome",TRUE,"reported","55hTEQ","textfile"
"rs757202",7,25236805,"C","T",0.748828,0.51095,-0.0253165,0.0790684,"outcome",TRUE,"reported","55hTEQ","textfile"
"rs7652277",3,111224627,"T","G",0.184631,0.455946,-0.105018,0.0791618,"outcome",TRUE,"reported","55hTEQ","textfile"
"rs913416",9,14464746,"T","C",0.350253,0.567241,0.0747354,0.080008,"outcome",TRUE,"reported","55hTEQ","textfile"
"rs9302365",15,93253049,"A","C",0.62312,0.446608,0.0390913,0.0795455,"outcome",TRUE,"reported","55hTEQ","textfile"
"rs9408014",9,24883039,"T","A",0.839574,0.119148,0.0247986,0.1225,"outcome",TRUE,"reported","55hTEQ","textfile"
"rs9715724",4,8639970,"C","T",0.600855,0.537643,-0.0421945,0.0806516,"outcome",TRUE,"reported","55hTEQ","textfile"
