"SNP","chr.outcome","pos.outcome","effect_allele.outcome","other_allele.outcome","pval.outcome","eaf.outcome","beta.outcome","se.outcome","outcome","mr_keep.outcome","pval_origin.outcome","id.outcome","data_source.outcome"
"rs10886877",10,83665935,"C","T",0.921154,0.155302,-0.0109277,0.110402,"outcome",TRUE,"reported","4f2ofH","textfile"
"rs11824477",11,111232593,"T","C",0.254347,0.575401,-0.0912317,0.080038,"outcome",TRUE,"reported","4f2ofH","textfile"
"rs1484976",15,25594216,"T","C",0.284736,0.980626,-0.29848,0.279021,"outcome",TRUE,"reported","4f2ofH","textfile"
"rs17021783",3,28716248,"G","A",0.17103,0.0267641,0.341582,0.24953,"outcome",TRUE,"reported","4f2ofH","textfile"
"rs17682068",8,118386016,"G","A",0.919538,0.0836127,0.0142973,0.141536,"outcome",TRUE,"reported","4f2ofH","textfile"
"rs1951656",14,54063911,"T","C",0.940017,0.99099,-0.0312823,0.415718,"outcome",TRUE,"reported","4f2ofH","textfile"
"rs219633",21,26495740,"G","A",0.702173,0.865265,0.0444301,0.116191,"outcome",TRUE,"reported","4f2ofH","textfile"
"rs37058",16,58529295,"A","T",0.765743,0.141917,-0.0339099,0.113811,"outcome",TRUE,"reported","4f2ofH","textfile"
"rs3800052",6,1773063,"T","C",0.0949292,0.138553,-0.193851,0.116082,"outcome",TRUE,"reported","4f2ofH","textfile"
"rs7016707",8,41729304,"T","G",0.149179,0.102882,0.187805,0.1302,"outcome",TRUE,"reported","4f2ofH","textfile"
"rs735507",19,58208994,"G","A",0.282188,0.204756,0.105853,0.0984297,"outcome",TRUE,"reported","4f2ofH","textfile"
"rs7663798",4,140794276,"A","G",0.0215839,0.0729895,-0.34916,0.151966,"outcome",TRUE,"reported","4f2ofH","textfile"
"rs919028",4,98287180,"T","A",0.0969416,0.094469,-0.224637,0.135335,"outcome",TRUE,"reported","4f2ofH","textfile"
