"SNP","chr.outcome","pos.outcome","effect_allele.outcome","other_allele.outcome","pval.outcome","eaf.outcome","beta.outcome","se.outcome","outcome","mr_keep.outcome","pval_origin.outcome","id.outcome","data_source.outcome"
"rs10791723",11,104683975,"A","T",0.916174,0.293946,0.00914487,0.0868832,"outcome",TRUE,"reported","cHBh3p","textfile"
"rs11915650",3,175225081,"A","G",0.533785,0.145869,-0.0708218,0.113818,"outcome",TRUE,"reported","cHBh3p","textfile"
"rs12341812",9,17107469,"C","T",0.226594,0.0760775,-0.181395,0.150015,"outcome",TRUE,"reported","cHBh3p","textfile"
"rs12895893",14,26239423,"G","A",0.590522,0.152138,-0.0592951,0.110198,"outcome",TRUE,"reported","cHBh3p","textfile"
"rs13387835",2,106525851,"T","A",0.402822,0.0277214,0.202961,0.242605,"outcome",TRUE,"reported","cHBh3p","textfile"
"rs17777937",8,84025531,"T","C",0.32394,0.0525393,-0.173876,0.176274,"outcome",TRUE,"reported","cHBh3p","textfile"
"rs2059238",16,78224913,"C","A",0.547005,0.716408,0.0526922,0.0874916,"outcome",TRUE,"reported","cHBh3p","textfile"
"rs29456",5,66244019,"C","T",0.391096,0.743529,0.0777637,0.0906726,"outcome",TRUE,"reported","cHBh3p","textfile"
"rs3768372",1,226647931,"G","C",0.146379,0.145682,-0.163597,0.112636,"outcome",TRUE,"reported","cHBh3p","textfile"
"rs3846408",4,14130882,"G","C",0.273056,0.273501,-0.0970591,0.0885534,"outcome",TRUE,"reported","cHBh3p","textfile"
"rs4371296",2,141465217,"T","A",0.714281,0.537182,0.0290659,0.0793904,"outcome",TRUE,"reported","cHBh3p","textfile"
"rs4661452",1,13945612,"C","T",0.86927,0.115138,-0.0204137,0.124031,"outcome",TRUE,"reported","cHBh3p","textfile"
"rs7558224",2,238925834,"C","T",0.422797,0.233267,0.0750922,0.0936805,"outcome",TRUE,"reported","cHBh3p","textfile"
"rs946712",9,131513683,"A","C",0.427912,0.975233,0.200553,0.252978,"outcome",TRUE,"reported","cHBh3p","textfile"
