"SNP","chr.outcome","pos.outcome","effect_allele.outcome","other_allele.outcome","pval.outcome","eaf.outcome","beta.outcome","se.outcome","outcome","mr_keep.outcome","pval_origin.outcome","id.outcome","data_source.outcome"
"rs12340032",9,38282349,"T","G",0.962868,0.44483,0.00371812,0.0798659,"outcome",TRUE,"reported","q1OPS3","textfile"
"rs12764831",10,95237410,"A","G",0.207698,0.553729,-0.100177,0.0795106,"outcome",TRUE,"reported","q1OPS3","textfile"
"rs1321208",6,109523175,"T","C",0.65366,0.217155,0.043118,0.0960989,"outcome",TRUE,"reported","q1OPS3","textfile"
"rs1392786",3,112947695,"C","T",0.328292,0.500137,-0.0773703,0.0791463,"outcome",TRUE,"reported","q1OPS3","textfile"
"rs1400181",3,129115,"G","C",0.81659,0.480696,-0.018293,0.0788721,"outcome",TRUE,"reported","q1OPS3","textfile"
"rs16865409",3,190354953,"T","A",0.755402,0.198187,-0.0308517,0.0990348,"outcome",TRUE,"reported","q1OPS3","textfile"
"rs2035344",15,100149943,"G","A",0.198083,0.378404,0.105481,0.0819571,"outcome",TRUE,"reported","q1OPS3","textfile"
"rs4708792",6,158485912,"G","A",0.528055,0.817574,-0.0648529,0.102782,"outcome",TRUE,"reported","q1OPS3","textfile"
"rs6725791",2,69501020,"T","C",0.557663,0.413551,0.047193,0.0804907,"outcome",TRUE,"reported","q1OPS3","textfile"
"rs9565748",13,82162799,"T","G",0.0586746,0.623223,-0.15456,0.0817507,"outcome",TRUE,"reported","q1OPS3","textfile"
"rs9854875",3,111724156,"G","A",0.91885,0.67319,0.00861181,0.0845264,"outcome",TRUE,"reported","q1OPS3","textfile"
