"SNP","chr.outcome","pos.outcome","effect_allele.outcome","other_allele.outcome","pval.outcome","eaf.outcome","beta.outcome","se.outcome","outcome","mr_keep.outcome","pval_origin.outcome","id.outcome","data_source.outcome"
"rs2038607",14,29493589,"G","A",0.745674,0.215704,-0.0311429,0.0960168,"outcome",TRUE,"reported","DQa1PD","textfile"
"rs2081811",3,42892015,"G","A",0.965315,0.231006,-0.00406905,0.0935734,"outcome",TRUE,"reported","DQa1PD","textfile"
"rs3846406",4,14129855,"A","C",0.918774,0.52359,0.00804441,0.0788839,"outcome",TRUE,"reported","DQa1PD","textfile"
"rs4410790",7,17244953,"C","T",0.14597,0.664257,-0.122027,0.0839301,"outcome",TRUE,"reported","DQa1PD","textfile"
"rs884648",12,127445168,"C","G",0.024109,0.429795,0.181144,0.0803158,"outcome",TRUE,"reported","DQa1PD","textfile"
"rs9349565",6,51029258,"T","A",0.710518,0.948165,-0.0667705,0.179896,"outcome",TRUE,"reported","DQa1PD","textfile"
