"SNP","chr.outcome","pos.outcome","effect_allele.outcome","other_allele.outcome","pval.outcome","eaf.outcome","beta.outcome","se.outcome","outcome","mr_keep.outcome","pval_origin.outcome","id.outcome","data_source.outcome"
"rs10159475",10,16261375,"G","A",0.352635,0.171513,0.096987,0.104344,"outcome",TRUE,"reported","1Axa4D","textfile"
"rs1055689",20,44177079,"A","G",0.457513,0.325445,0.0630799,0.0849047,"outcome",TRUE,"reported","1Axa4D","textfile"
"rs10759811",9,115649561,"T","A",0.22656,0.427811,-0.096914,0.0801428,"outcome",TRUE,"reported","1Axa4D","textfile"
"rs10920539",1,202978591,"A","T",0.304581,0.645436,-0.0851334,0.0829228,"outcome",TRUE,"reported","1Axa4D","textfile"
"rs11623441",14,56941271,"C","T",0.60521,0.31392,0.0444128,0.0859174,"outcome",TRUE,"reported","1Axa4D","textfile"
"rs11647808",16,58736977,"A","C",0.9564,0.058273,0.00920498,0.168369,"outcome",TRUE,"reported","1Axa4D","textfile"
"rs12880087",14,44548422,"A","C",0.204617,0.0912244,0.17346,0.136743,"outcome",TRUE,"reported","1Axa4D","textfile"
"rs15676",9,128809748,"A","G",0.534347,0.776993,-0.0589813,0.0949193,"outcome",TRUE,"reported","1Axa4D","textfile"
"rs17073667",6,112291430,"A","G",0.716368,0.0594059,0.0615139,0.169311,"outcome",TRUE,"reported","1Axa4D","textfile"
"rs2511986",11,57464086,"C","G",0.736295,0.782645,0.0325112,0.0965399,"outcome",TRUE,"reported","1Axa4D","textfile"
"rs2689672",1,77241706,"G","T",0.0521243,0.274879,-0.172157,0.0886447,"outcome",TRUE,"reported","1Axa4D","textfile"
"rs2932525",5,143765694,"G","A",0.384507,0.139104,-0.0994588,0.11437,"outcome",TRUE,"reported","1Axa4D","textfile"
"rs314707",2,124814165,"A","G",0.915111,0.714954,-0.00933608,0.0875849,"outcome",TRUE,"reported","1Axa4D","textfile"
"rs4719964",7,3499888,"A","G",0.377461,0.189514,-0.0890094,0.100851,"outcome",TRUE,"reported","1Axa4D","textfile"
"rs6910570",6,105904735,"G","A",0.0813355,0.433293,-0.139117,0.0798152,"outcome",TRUE,"reported","1Axa4D","textfile"
"rs7727858",5,32924767,"G","A",0.371925,0.126694,-0.10676,0.119569,"outcome",TRUE,"reported","1Axa4D","textfile"
"rs7805747",7,151710715,"A","G",0.688218,0.195937,-0.0400999,0.0999312,"outcome",TRUE,"reported","1Axa4D","textfile"
"rs940008",17,27593865,"A","G",0.76446,0.524667,-0.023785,0.0793813,"outcome",TRUE,"reported","1Axa4D","textfile"
