"SNP","chr.outcome","pos.outcome","effect_allele.outcome","other_allele.outcome","pval.outcome","eaf.outcome","beta.outcome","se.outcome","outcome","mr_keep.outcome","pval_origin.outcome","id.outcome","data_source.outcome"
"rs17092360",14,56871874,"G","A",0.633571,0.0599903,-0.0787826,0.165264,"outcome",TRUE,"reported","RHkxjX","textfile"
"rs17498524",7,7911591,"C","T",0.920998,0.291787,-0.00865547,0.087273,"outcome",TRUE,"reported","RHkxjX","textfile"
"rs1772858",1,201312722,"A","G",0.75394,0.657737,-0.0261232,0.0833415,"outcome",TRUE,"reported","RHkxjX","textfile"
"rs3846242",4,160367917,"T","C",0.305553,0.52967,0.0814693,0.0795134,"outcome",TRUE,"reported","RHkxjX","textfile"
"rs4905425",14,96070943,"C","A",0.571662,0.545548,-0.044916,0.0794121,"outcome",TRUE,"reported","RHkxjX","textfile"
"rs7349940",6,151047780,"A","T",0.292922,0.147586,-0.117788,0.111995,"outcome",TRUE,"reported","RHkxjX","textfile"
"rs7697449",4,19897260,"C","T",0.543949,0.399468,-0.0493023,0.0812426,"outcome",TRUE,"reported","RHkxjX","textfile"
