"SNP","chr.outcome","pos.outcome","effect_allele.outcome","other_allele.outcome","pval.outcome","eaf.outcome","beta.outcome","se.outcome","outcome","mr_keep.outcome","pval_origin.outcome","id.outcome","data_source.outcome"
"rs10426971",19,21975365,"A","G",0.544804,0.484185,-0.0479628,0.0792034,"outcome",TRUE,"reported","p86qaG","textfile"
"rs11151740",18,72274647,"G","A",0.503438,0.282866,0.0584514,0.0873597,"outcome",TRUE,"reported","p86qaG","textfile"
"rs12707434",7,139088555,"G","A",0.364819,0.0316448,0.202927,0.223927,"outcome",TRUE,"reported","p86qaG","textfile"
"rs1292666",1,10848355,"C","T",0.764466,0.500966,0.0237623,0.0793075,"outcome",TRUE,"reported","p86qaG","textfile"
"rs13188217",5,170589662,"A","C",0.28921,0.395685,0.085673,0.0808346,"outcome",TRUE,"reported","p86qaG","textfile"
"rs13189579",5,32609423,"G","A",0.373368,0.0503574,-0.160525,0.180328,"outcome",TRUE,"reported","p86qaG","textfile"
"rs1382190",9,1818404,"G","A",0.0791134,0.0119991,-0.632772,0.360378,"outcome",TRUE,"reported","p86qaG","textfile"
"rs17185878",8,13167929,"G","A",0.671489,0.12906,-0.0500352,0.117978,"outcome",TRUE,"reported","p86qaG","textfile"
"rs17652614",3,7330232,"G","A",0.490578,0.445675,-0.0552412,0.0801304,"outcome",TRUE,"reported","p86qaG","textfile"
"rs17794361",6,132444530,"C","A",0.91319,0.170335,-0.011441,0.104948,"outcome",TRUE,"reported","p86qaG","textfile"
"rs200449",1,6666341,"A","G",0.979835,0.513657,0.0020055,0.0793457,"outcome",TRUE,"reported","p86qaG","textfile"
"rs2043769",2,200480009,"T","C",0.240553,0.83298,0.124975,0.106488,"outcome",TRUE,"reported","p86qaG","textfile"
"rs2201453",1,79574668,"G","A",0.330727,0.602908,-0.0782664,0.0804671,"outcome",TRUE,"reported","p86qaG","textfile"
"rs2203995",12,77473020,"G","A",0.668613,0.323683,0.0361211,0.0843847,"outcome",TRUE,"reported","p86qaG","textfile"
"rs2413113",22,32383240,"C","T",0.261771,0.439973,0.089146,0.0794374,"outcome",TRUE,"reported","p86qaG","textfile"
"rs2573124",16,87610311,"A","C",0.192588,0.505749,0.103375,0.0793384,"outcome",TRUE,"reported","p86qaG","textfile"
"rs2819322",1,162311238,"C","T",0.342464,0.577891,-0.0760641,0.0801259,"outcome",TRUE,"reported","p86qaG","textfile"
"rs3747115",22,24416409,"C","T",0.557734,0.501803,-0.0464239,0.0791931,"outcome",TRUE,"reported","p86qaG","textfile"
"rs37959",7,7962758,"T","C",0.632346,0.313451,-0.0409359,0.0855634,"outcome",TRUE,"reported","p86qaG","textfile"
"rs3799105",6,69694389,"C","A",0.756293,0.353371,0.0255991,0.0824839,"outcome",TRUE,"reported","p86qaG","textfile"
"rs3846286",4,88580095,"G","A",0.637431,0.0696425,-0.0730873,0.155078,"outcome",TRUE,"reported","p86qaG","textfile"
"rs4767788",12,119136405,"A","G",0.464835,0.39985,-0.0594635,0.0813556,"outcome",TRUE,"reported","p86qaG","textfile"
"rs4926707",1,56035077,"A","G",0.545068,0.445505,0.0482247,0.0796883,"outcome",TRUE,"reported","p86qaG","textfile"
"rs4985114",16,8685828,"G","C",0.137782,0.485393,-0.117535,0.0791963,"outcome",TRUE,"reported","p86qaG","textfile"
"rs6470195",8,123852248,"T","A",0.225324,0.140963,-0.146565,0.12088,"outcome",TRUE,"reported","p86qaG","textfile"
"rs6797094",3,181593797,"G","T",0.601474,0.354514,-0.0431662,0.0826493,"outcome",TRUE,"reported","p86qaG","textfile"
"rs6820313",4,139213505,"T","G",0.488721,0.581015,-0.0554295,0.0800605,"outcome",TRUE,"reported","p86qaG","textfile"
"rs6833720",4,19922968,"A","G",0.316202,0.445435,-0.0802288,0.0800452,"outcome",TRUE,"reported","p86qaG","textfile"
"rs6951006",7,155963951,"G","A",0.697317,0.427293,-0.0312857,0.0804374,"outcome",TRUE,"reported","p86qaG","textfile"
"rs715",2,210678331,"C","T",0.413028,0.313956,0.0703543,0.0859472,"outcome",TRUE,"reported","p86qaG","textfile"
"rs7574847",2,65024562,"A","G",0.650585,0.122253,-0.0553466,0.122191,"outcome",TRUE,"reported","p86qaG","textfile"
"rs7678928",4,88301675,"T","C",0.564156,0.417488,0.0467636,0.081091,"outcome",TRUE,"reported","p86qaG","textfile"
"rs7830772",8,59425572,"C","A",0.81887,0.0155177,0.0721417,0.315031,"outcome",TRUE,"reported","p86qaG","textfile"
"rs9827101",3,132015359,"A","C",0.970691,0.527509,0.00290956,0.0791913,"outcome",TRUE,"reported","p86qaG","textfile"
