"SNP","chr.outcome","pos.outcome","effect_allele.outcome","other_allele.outcome","pval.outcome","eaf.outcome","beta.outcome","se.outcome","outcome","mr_keep.outcome","pval_origin.outcome","id.outcome","data_source.outcome"
"rs17209311",13,39375983,"C","G",0.479995,0.19443,-0.0716527,0.101446,"outcome",TRUE,"reported","gjrbD1","textfile"
"rs2726698",8,49137825,"G","C",0.640652,0.204688,0.0457041,0.0979118,"outcome",TRUE,"reported","gjrbD1","textfile"
"rs521504",15,66057461,"C","T",0.0812138,0.923974,0.260975,0.149668,"outcome",TRUE,"reported","gjrbD1","textfile"
"rs6955908",7,157428464,"C","T",0.629077,0.563764,-0.0386202,0.0799548,"outcome",TRUE,"reported","gjrbD1","textfile"
"rs6999144",8,14094665,"C","T",0.494563,0.0913123,-0.0943043,0.13806,"outcome",TRUE,"reported","gjrbD1","textfile"
"rs7088140",10,53908993,"T","G",0.328933,0.619349,0.0797048,0.0816425,"outcome",TRUE,"reported","gjrbD1","textfile"
