"SNP","chr.outcome","pos.outcome","effect_allele.outcome","other_allele.outcome","pval.outcome","eaf.outcome","beta.outcome","se.outcome","outcome","mr_keep.outcome","pval_origin.outcome","id.outcome","data_source.outcome"
"rs10899433",11,78038182,"T","C",0.363639,0.499153,-0.0721663,0.0794386,"outcome",TRUE,"reported","tHE54g","textfile"
"rs11660053",18,51624882,"C","T",0.519723,0.138636,-0.0735275,0.114213,"outcome",TRUE,"reported","tHE54g","textfile"
"rs12895893",14,26239423,"G","A",0.590522,0.152138,-0.0592951,0.110198,"outcome",TRUE,"reported","tHE54g","textfile"
"rs1397829",4,23586373,"G","A",0.110375,0.53683,0.126857,0.0794587,"outcome",TRUE,"reported","tHE54g","textfile"
"rs17678706",10,123777175,"A","G",0.908137,0.267237,0.0105359,0.0913078,"outcome",TRUE,"reported","tHE54g","textfile"
"rs2059238",16,78224913,"C","A",0.547005,0.716408,0.0526922,0.0874916,"outcome",TRUE,"reported","tHE54g","textfile"
"rs2472297",15,74735539,"T","C",0.855637,0.248111,0.0166401,0.091464,"outcome",TRUE,"reported","tHE54g","textfile"
"rs27667",3,10335628,"T","G",0.908132,0.639179,0.00952829,0.0825712,"outcome",TRUE,"reported","tHE54g","textfile"
"rs6779362",3,197016259,"C","T",0.8649,0.286319,0.0149074,0.0876182,"outcome",TRUE,"reported","tHE54g","textfile"
"rs755677",17,72772634,"G","T",0.573107,0.16211,0.0610466,0.108338,"outcome",TRUE,"reported","tHE54g","textfile"
"rs7927424",11,133720654,"G","A",0.086862,0.972134,-0.419274,0.244876,"outcome",TRUE,"reported","tHE54g","textfile"
"rs8096497",18,4770396,"G","A",0.694964,0.874831,0.0485375,0.12378,"outcome",TRUE,"reported","tHE54g","textfile"
"rs915529",21,32354017,"A","G",0.320755,0.0126135,-0.360924,0.363503,"outcome",TRUE,"reported","tHE54g","textfile"
