"SNP","chr.outcome","pos.outcome","effect_allele.outcome","other_allele.outcome","pval.outcome","eaf.outcome","beta.outcome","se.outcome","outcome","mr_keep.outcome","pval_origin.outcome","id.outcome","data_source.outcome"
"rs10738265",9,1223322,"C","T",0.371563,0.900621,-0.117856,0.131896,"outcome",TRUE,"reported","Yio4bq","textfile"
"rs12590118",14,30388706,"G","T",0.385711,0.0313286,-0.198556,0.228904,"outcome",TRUE,"reported","Yio4bq","textfile"
"rs17107026",14,69495116,"C","T",0.455035,0.0418756,0.14624,0.195757,"outcome",TRUE,"reported","Yio4bq","textfile"
"rs17807835",12,83567110,"G","A",0.819682,0.123935,-0.0275669,0.120932,"outcome",TRUE,"reported","Yio4bq","textfile"
"rs2718107",7,129198818,"A","C",0.902293,0.486503,-0.00977287,0.0796062,"outcome",TRUE,"reported","Yio4bq","textfile"
"rs3807360",7,55424278,"A","G",0.87405,0.121813,-0.019219,0.121243,"outcome",TRUE,"reported","Yio4bq","textfile"
"rs795543",5,13798710,"T","C",0.949231,0.338684,0.00534381,0.083927,"outcome",TRUE,"reported","Yio4bq","textfile"
"rs9914239",17,28382894,"G","A",0.897687,0.120367,-0.0155517,0.120946,"outcome",TRUE,"reported","Yio4bq","textfile"
