"SNP","chr.outcome","pos.outcome","effect_allele.outcome","other_allele.outcome","pval.outcome","eaf.outcome","beta.outcome","se.outcome","outcome","mr_keep.outcome","pval_origin.outcome","id.outcome","data_source.outcome"
"rs17746543",4,54361273,"A","G",0.344359,0.422002,0.0756693,0.0800236,"outcome",TRUE,"reported","hRjTlj","textfile"
"rs2420201",2,72129241,"A","G",0.950749,0.0305267,-0.0141705,0.229422,"outcome",TRUE,"reported","hRjTlj","textfile"
"rs4338010",7,152927785,"T","C",0.541064,0.0690898,0.0953815,0.156055,"outcome",TRUE,"reported","hRjTlj","textfile"
"rs6585252",10,113963919,"G","C",0.764742,0.0455301,-0.056559,0.188996,"outcome",TRUE,"reported","hRjTlj","textfile"
"rs7856830",9,133592024,"T","C",0.840767,0.194549,-0.0201014,0.10005,"outcome",TRUE,"reported","hRjTlj","textfile"
"rs806784",12,32285255,"T","C",0.208017,0.64128,0.103751,0.0824052,"outcome",TRUE,"reported","hRjTlj","textfile"
"rs9301881",13,93453033,"C","T",0.684502,0.475496,-0.0322019,0.0792514,"outcome",TRUE,"reported","hRjTlj","textfile"
