"SNP","chr.outcome","pos.outcome","effect_allele.outcome","other_allele.outcome","pval.outcome","eaf.outcome","beta.outcome","se.outcome","outcome","mr_keep.outcome","pval_origin.outcome","id.outcome","data_source.outcome"
"rs11121663",1,10964338,"C","T",0.319008,0.365028,-0.0821925,0.0824814,"outcome",TRUE,"reported","Ydf5nK","textfile"
"rs12104496",2,211794815,"A","T",0.414975,0.143453,0.0927767,0.113813,"outcome",TRUE,"reported","Ydf5nK","textfile"
"rs1608165",4,57028551,"C","G",0.576469,0.218991,0.05344,0.0956764,"outcome",TRUE,"reported","Ydf5nK","textfile"
"rs16950349",18,47239712,"G","A",0.980614,0.123053,-0.00292141,0.120228,"outcome",TRUE,"reported","Ydf5nK","textfile"
"rs1851722",9,104599361,"A","G",0.0530664,0.24177,0.178855,0.0924611,"outcome",TRUE,"reported","Ydf5nK","textfile"
"rs2992907",13,95307647,"T","C",0.910463,0.671474,0.00946487,0.0841661,"outcome",TRUE,"reported","Ydf5nK","textfile"
"rs392488",5,19498281,"T","C",0.920546,0.219093,-0.00956344,0.0958774,"outcome",TRUE,"reported","Ydf5nK","textfile"
"rs4896923",6,147536383,"A","G",0.506729,0.554783,-0.0529718,0.0797842,"outcome",TRUE,"reported","Ydf5nK","textfile"
"rs6465368",7,92930686,"G","A",0.884599,0.9499,0.0262979,0.181187,"outcome",TRUE,"reported","Ydf5nK","textfile"
"rs6858711",4,47719257,"C","T",0.291924,0.0876528,-0.146551,0.139054,"outcome",TRUE,"reported","Ydf5nK","textfile"
"rs7432211",3,184101367,"C","T",0.931938,0.427337,0.00681248,0.0797645,"outcome",TRUE,"reported","Ydf5nK","textfile"
"rs7568568",2,169278705,"C","T",0.495102,0.0554123,0.119203,0.174729,"outcome",TRUE,"reported","Ydf5nK","textfile"
"rs7848609",9,109904047,"T","C",0.738224,0.0770911,-0.049685,0.148665,"outcome",TRUE,"reported","Ydf5nK","textfile"
