"SNP","chr.outcome","pos.outcome","effect_allele.outcome","other_allele.outcome","pval.outcome","eaf.outcome","beta.outcome","se.outcome","outcome","mr_keep.outcome","pval_origin.outcome","id.outcome","data_source.outcome"
"rs12583004",13,103427842,"T","C",0.289113,0.0589994,0.179,0.168857,"outcome",TRUE,"reported","hTOMe0","textfile"
"rs16859272",1,233599297,"A","G",0.43097,0.063849,-0.129043,0.163857,"outcome",TRUE,"reported","hTOMe0","textfile"
"rs174556",11,61813163,"T","C",0.257947,0.387144,-0.0915389,0.0809179,"outcome",TRUE,"reported","hTOMe0","textfile"
"rs17736501",15,26113081,"C","G",0.979595,0.0194276,0.00750306,0.29335,"outcome",TRUE,"reported","hTOMe0","textfile"
"rs179976",6,16359077,"T","C",0.650573,0.675563,-0.038427,0.0848341,"outcome",TRUE,"reported","hTOMe0","textfile"
"rs2068592",7,71391147,"A","G",0.754017,0.0131837,-0.106475,0.339799,"outcome",TRUE,"reported","hTOMe0","textfile"
"rs2290140",2,142118482,"G","A",0.525053,0.698441,0.0546342,0.0859601,"outcome",TRUE,"reported","hTOMe0","textfile"
"rs2364754",3,25966377,"G","A",0.630349,0.90436,0.0645576,0.13415,"outcome",TRUE,"reported","hTOMe0","textfile"
"rs4495505",9,115754406,"C","G",0.34694,0.492084,-0.0745139,0.0792246,"outcome",TRUE,"reported","hTOMe0","textfile"
"rs6468384",8,36914840,"A","C",0.982246,0.515143,0.00176077,0.0791249,"outcome",TRUE,"reported","hTOMe0","textfile"
"rs7005406",8,133594472,"C","T",0.367846,0.192599,0.0906452,0.100659,"outcome",TRUE,"reported","hTOMe0","textfile"
"rs703811",8,101088545,"T","C",0.159804,0.830874,0.148718,0.105794,"outcome",TRUE,"reported","hTOMe0","textfile"
"rs8107558",19,17773311,"T","C",0.424735,0.964633,-0.168877,0.211564,"outcome",TRUE,"reported","hTOMe0","textfile"
