"SNP","chr.outcome","pos.outcome","effect_allele.outcome","other_allele.outcome","pval.outcome","eaf.outcome","beta.outcome","se.outcome","outcome","mr_keep.outcome","pval_origin.outcome","id.outcome","data_source.outcome"
"rs10514476",16,79989944,"G","A",0.669175,0.511114,-0.0339366,0.0794249,"outcome",TRUE,"reported","9GR1sP","textfile"
"rs10766562",11,19483670,"T","C",0.124688,0.449255,0.121947,0.0794242,"outcome",TRUE,"reported","9GR1sP","textfile"
"rs10813358",9,30755628,"G","A",0.950369,0.555373,0.00495865,0.0796649,"outcome",TRUE,"reported","9GR1sP","textfile"
"rs11866744",16,61606497,"T","A",0.439325,0.458047,0.0615972,0.0796516,"outcome",TRUE,"reported","9GR1sP","textfile"
"rs12070179",1,153769961,"C","T",0.292071,0.0352485,0.229909,0.218215,"outcome",TRUE,"reported","9GR1sP","textfile"
"rs12984452",19,53518343,"T","C",0.425767,0.279773,0.0702087,0.0881514,"outcome",TRUE,"reported","9GR1sP","textfile"
"rs16955093",17,5789679,"T","C",0.058841,0.00562296,-1.04309,0.552079,"outcome",TRUE,"reported","9GR1sP","textfile"
"rs17169191",7,97869653,"T","A",0.116245,0.0456436,0.30111,0.191701,"outcome",TRUE,"reported","9GR1sP","textfile"
"rs1948095",11,98876285,"A","C",0.642089,0.844858,-0.0508381,0.109381,"outcome",TRUE,"reported","9GR1sP","textfile"
"rs226212",17,38880301,"A","G",0.379732,0.554125,0.0701345,0.0798444,"outcome",TRUE,"reported","9GR1sP","textfile"
"rs309873",4,48334803,"G","C",0.508747,0.895601,0.0870545,0.131743,"outcome",TRUE,"reported","9GR1sP","textfile"
"rs7108724",11,129350231,"G","A",0.406213,0.409575,-0.0666866,0.0802896,"outcome",TRUE,"reported","9GR1sP","textfile"
"rs7139744",13,40465049,"G","T",0.884829,0.71375,-0.0126886,0.0875976,"outcome",TRUE,"reported","9GR1sP","textfile"
"rs7171216",15,98349772,"T","G",0.953829,0.414009,0.00464728,0.0802642,"outcome",TRUE,"reported","9GR1sP","textfile"
"rs7809441",7,31116188,"A","G",0.74417,0.0702878,-0.0513574,0.157375,"outcome",TRUE,"reported","9GR1sP","textfile"
"rs9815713",3,153850342,"G","A",0.107256,0.102814,0.209167,0.129865,"outcome",TRUE,"reported","9GR1sP","textfile"
"rs9962219",18,63464228,"G","T",0.781991,0.002809,0.217121,0.784608,"outcome",TRUE,"reported","9GR1sP","textfile"
