"SNP","chr.outcome","pos.outcome","effect_allele.outcome","other_allele.outcome","pval.outcome","eaf.outcome","beta.outcome","se.outcome","outcome","mr_keep.outcome","pval_origin.outcome","id.outcome","data_source.outcome"
"rs1026775",3,140365596,"C","T",0.469174,0.549947,0.0575739,0.0795414,"outcome",TRUE,"reported","GqIFoO","textfile"
"rs10515456",5,132363977,"A","G",0.598471,0.0909953,0.0729654,0.138559,"outcome",TRUE,"reported","GqIFoO","textfile"
"rs11736691",4,153665441,"C","A",0.748807,0.0641115,-0.051811,0.161801,"outcome",TRUE,"reported","GqIFoO","textfile"
"rs12483707",21,20973703,"C","G",0.954532,0.370063,0.00466901,0.0818891,"outcome",TRUE,"reported","GqIFoO","textfile"
"rs12526152",6,38231712,"A","C",0.436097,0.0677237,-0.122787,0.157662,"outcome",TRUE,"reported","GqIFoO","textfile"
"rs12905081",15,58957801,"A","G",0.208398,0.569179,-0.100693,0.0800432,"outcome",TRUE,"reported","GqIFoO","textfile"
"rs1599081",15,31448720,"G","T",0.796718,0.262065,-0.0231429,0.0898416,"outcome",TRUE,"reported","GqIFoO","textfile"
"rs16904525",8,90421297,"T","C",0.0514505,0.0417135,0.383398,0.196846,"outcome",TRUE,"reported","GqIFoO","textfile"
"rs2912546",17,55745076,"C","T",0.630063,0.927867,0.0740899,0.153829,"outcome",TRUE,"reported","GqIFoO","textfile"
"rs4877694",9,78514275,"C","T",0.300037,0.729962,-0.0922272,0.088992,"outcome",TRUE,"reported","GqIFoO","textfile"
"rs7279572",21,19838280,"C","T",0.845988,0.0333723,0.0432632,0.222731,"outcome",TRUE,"reported","GqIFoO","textfile"
"rs7546527",1,65380881,"A","G",0.292636,0.0122197,-0.37644,0.357712,"outcome",TRUE,"reported","GqIFoO","textfile"
