"SNP","chr.outcome","pos.outcome","effect_allele.outcome","other_allele.outcome","pval.outcome","eaf.outcome","beta.outcome","se.outcome","outcome","mr_keep.outcome","pval_origin.outcome","id.outcome","data_source.outcome"
"rs11061544",12,131457416,"G","A",0.74643,0.0335579,-0.0715162,0.221172,"outcome",TRUE,"reported","qL5MVA","textfile"
"rs12803289",11,121350036,"A","G",0.157577,0.278792,-0.125106,0.0885226,"outcome",TRUE,"reported","qL5MVA","textfile"
"rs16828708",2,148513141,"G","A",0.00128313,0.202045,-0.328467,0.102017,"outcome",TRUE,"reported","qL5MVA","textfile"
"rs1799405",18,55276794,"T","A",0.547143,0.0219198,0.164905,0.273908,"outcome",TRUE,"reported","qL5MVA","textfile"
"rs2028973",6,25138399,"T","C",0.478289,0.0939881,0.0954147,0.134565,"outcome",TRUE,"reported","qL5MVA","textfile"
"rs225998",14,30021156,"C","A",0.1129,0.29692,0.136639,0.0861913,"outcome",TRUE,"reported","qL5MVA","textfile"
"rs2363698",12,73571263,"T","A",0.600761,0.237831,0.0485087,0.0926965,"outcome",TRUE,"reported","qL5MVA","textfile"
"rs2806302",13,99806090,"G","T",0.228949,0.35475,0.0997106,0.08288,"outcome",TRUE,"reported","qL5MVA","textfile"
"rs4904262",14,85598023,"C","T",0.210709,0.792769,-0.123147,0.0983905,"outcome",TRUE,"reported","qL5MVA","textfile"
"rs6871105",5,154388285,"A","G",0.865122,0.34952,-0.0140942,0.0829766,"outcome",TRUE,"reported","qL5MVA","textfile"
"rs746764",20,21490075,"T","C",0.87502,0.214304,0.0151698,0.0964474,"outcome",TRUE,"reported","qL5MVA","textfile"
"rs7607746",2,187623560,"T","C",0.039533,0.181942,0.210654,0.102329,"outcome",TRUE,"reported","qL5MVA","textfile"
