"SNP","chr.outcome","pos.outcome","effect_allele.outcome","other_allele.outcome","pval.outcome","eaf.outcome","beta.outcome","se.outcome","outcome","mr_keep.outcome","pval_origin.outcome","id.outcome","data_source.outcome"
"rs10063514",5,150186746,"T","C",0.254954,0.0387095,-0.230453,0.202436,"outcome",TRUE,"reported","3kQDqZ","textfile"
"rs10788823",1,152189172,"G","T",0.204192,0.869211,-0.150014,0.118149,"outcome",TRUE,"reported","3kQDqZ","textfile"
"rs12583004",13,103427842,"T","C",0.289113,0.0589994,0.179,0.168857,"outcome",TRUE,"reported","3kQDqZ","textfile"
"rs1808751",3,152364594,"A","G",0.753906,0.618597,-0.0256106,0.0816941,"outcome",TRUE,"reported","3kQDqZ","textfile"
"rs728634",11,27760660,"T","C",0.824294,0.0946781,0.0298907,0.134627,"outcome",TRUE,"reported","3kQDqZ","textfile"
"rs7773173",6,10956470,"C","G",0.930407,0.549162,-0.00694503,0.0795237,"outcome",TRUE,"reported","3kQDqZ","textfile"
"rs913342",9,135815881,"G","C",0.577234,0.769042,0.0523017,0.0938267,"outcome",TRUE,"reported","3kQDqZ","textfile"
