"SNP","chr.outcome","pos.outcome","effect_allele.outcome","other_allele.outcome","pval.outcome","eaf.outcome","beta.outcome","se.outcome","outcome","mr_keep.outcome","pval_origin.outcome","id.outcome","data_source.outcome"
"rs2263487",12,46857044,"C","T",0.062748,0.390048,-0.151818,0.0815798,"outcome",TRUE,"reported","AeYAMg","textfile"
"rs226783",16,14205415,"G","C",0.70198,0.43317,-0.0306387,0.0800701,"outcome",TRUE,"reported","AeYAMg","textfile"
"rs2277324",12,57619392,"A","G",0.468645,0.327218,-0.0612207,0.0844791,"outcome",TRUE,"reported","AeYAMg","textfile"
"rs2467042",2,198368741,"G","T",0.0147516,0.108695,-0.30789,0.126266,"outcome",TRUE,"reported","AeYAMg","textfile"
"rs2823491",21,15782437,"C","T",0.0685236,0.133931,0.212516,0.116668,"outcome",TRUE,"reported","AeYAMg","textfile"
"rs2826649",21,20990198,"G","T",0.759236,0.664855,0.025716,0.0839064,"outcome",TRUE,"reported","AeYAMg","textfile"
"rs3112726",16,2698698,"C","T",0.667395,0.590583,0.0347712,0.080915,"outcome",TRUE,"reported","AeYAMg","textfile"
"rs4344410",10,132481407,"A","C",0.758553,0.461926,-0.0243892,0.079345,"outcome",TRUE,"reported","AeYAMg","textfile"
"rs4778640",15,81311790,"G","A",0.653076,0.0156018,-0.14145,0.31469,"outcome",TRUE,"reported","AeYAMg","textfile"
"rs535902",6,73481822,"A","G",0.919913,0.952833,0.0187425,0.186412,"outcome",TRUE,"reported","AeYAMg","textfile"
"rs606114",1,201694973,"C","T",0.142283,0.850309,0.163421,0.111372,"outcome",TRUE,"reported","AeYAMg","textfile"
"rs764428",17,14275153,"T","C",0.861264,0.61209,0.0141919,0.0812053,"outcome",TRUE,"reported","AeYAMg","textfile"
"rs9494155",6,135147753,"C","A",0.426925,0.421896,0.0636985,0.0801779,"outcome",TRUE,"reported","AeYAMg","textfile"
