"SNP","chr.outcome","pos.outcome","effect_allele.outcome","other_allele.outcome","pval.outcome","eaf.outcome","beta.outcome","se.outcome","outcome","mr_keep.outcome","pval_origin.outcome","id.outcome","data_source.outcome"
"rs10491073",10,64058097,"T","C",0.653677,0.00808834,-0.200526,0.446945,"outcome",TRUE,"reported","sy9a2q","textfile"
"rs10501089",11,27767312,"T","C",0.930643,0.0947928,0.0117077,0.134515,"outcome",TRUE,"reported","sy9a2q","textfile"
"rs11844504",14,30344665,"G","C",0.785277,0.00384014,0.172129,0.631783,"outcome",TRUE,"reported","sy9a2q","textfile"
"rs11872932",18,43826259,"A","T",0.0446869,0.203562,0.198429,0.0988391,"outcome",TRUE,"reported","sy9a2q","textfile"
"rs1925409",1,66899406,"C","T",0.813945,0.581666,-0.0188702,0.080183,"outcome",TRUE,"reported","sy9a2q","textfile"
"rs2241216",16,49854399,"C","G",0.755506,0.28164,0.0276778,0.0888855,"outcome",TRUE,"reported","sy9a2q","textfile"
"rs8107558",19,17773311,"T","C",0.424735,0.964633,-0.168877,0.211564,"outcome",TRUE,"reported","sy9a2q","textfile"
