"SNP","chr.outcome","pos.outcome","effect_allele.outcome","other_allele.outcome","pval.outcome","eaf.outcome","beta.outcome","se.outcome","outcome","mr_keep.outcome","pval_origin.outcome","id.outcome","data_source.outcome"
"rs10211524",2,64980940,"A","G",0.720611,0.411744,-0.0287923,0.0805061,"outcome",TRUE,"reported","MMImhk","textfile"
"rs1021452",11,130561587,"C","T",0.758351,0.286572,-0.0267574,0.0869742,"outcome",TRUE,"reported","MMImhk","textfile"
"rs12100123",13,104372691,"A","G",0.105319,0.0661948,-0.258553,0.15964,"outcome",TRUE,"reported","MMImhk","textfile"
"rs1260326",2,27508073,"C","T",0.0385381,0.649919,0.171942,0.0831002,"outcome",TRUE,"reported","MMImhk","textfile"
"rs1261411",1,56552066,"T","C",0.48763,0.468512,-0.0550292,0.0792831,"outcome",TRUE,"reported","MMImhk","textfile"
"rs13336260",16,707459,"C","A",0.391256,0.316807,-0.0734188,0.0856354,"outcome",TRUE,"reported","MMImhk","textfile"
"rs2151539",13,92582798,"C","T",0.146813,0.205706,-0.144028,0.0992695,"outcome",TRUE,"reported","MMImhk","textfile"
"rs2846556",6,162575530,"G","T",0.427606,0.624554,0.0646065,0.0814407,"outcome",TRUE,"reported","MMImhk","textfile"
"rs4128864",1,240702047,"T","C",0.726588,0.0253861,0.0873437,0.24979,"outcome",TRUE,"reported","MMImhk","textfile"
"rs4280872",5,3057278,"A","G",0.319821,0.0393117,-0.20412,0.205182,"outcome",TRUE,"reported","MMImhk","textfile"
"rs4332039",7,24931455,"A","G",0.0174618,0.224031,-0.227199,0.0955886,"outcome",TRUE,"reported","MMImhk","textfile"
"rs4472601",9,29966806,"A","G",0.190775,0.416298,0.105021,0.0802732,"outcome",TRUE,"reported","MMImhk","textfile"
"rs505125",8,92499971,"C","G",0.592099,0.739194,-0.0481508,0.0898677,"outcome",TRUE,"reported","MMImhk","textfile"
"rs6053126",20,584249,"G","A",0.366167,0.652956,-0.0754652,0.0835091,"outcome",TRUE,"reported","MMImhk","textfile"
"rs6579773",5,150112444,"C","T",0.797873,0.0780351,0.037672,0.147098,"outcome",TRUE,"reported","MMImhk","textfile"
"rs7037931",9,107747623,"G","A",0.184949,0.589147,0.106289,0.0801778,"outcome",TRUE,"reported","MMImhk","textfile"
"rs7415896",1,5474381,"G","A",0.0962964,0.958475,0.328732,0.197665,"outcome",TRUE,"reported","MMImhk","textfile"
"rs7864694",9,12414681,"A","G",0.518163,0.34694,-0.053704,0.0831101,"outcome",TRUE,"reported","MMImhk","textfile"
"rs8071524",17,73433637,"A","G",0.963585,0.355869,0.00376512,0.0824678,"outcome",TRUE,"reported","MMImhk","textfile"
