"SNP","chr.outcome","pos.outcome","effect_allele.outcome","other_allele.outcome","pval.outcome","eaf.outcome","beta.outcome","se.outcome","outcome","mr_keep.outcome","pval_origin.outcome","id.outcome","data_source.outcome"
"rs11119860",1,212158952,"C","T",0.459184,0.492239,0.0583577,0.0788414,"outcome",TRUE,"reported","m2haNe","textfile"
"rs11854705",15,54168128,"A","G",0.761434,0.447068,-0.0241792,0.0796421,"outcome",TRUE,"reported","m2haNe","textfile"
"rs12119789",1,4763432,"A","G",0.0117303,0.552637,0.195005,0.0773781,"outcome",TRUE,"reported","m2haNe","textfile"
"rs12298661",12,76508310,"G","C",0.344951,0.175735,0.098232,0.104012,"outcome",TRUE,"reported","m2haNe","textfile"
"rs12473913",2,67189057,"A","C",0.978854,0.35107,-0.00218595,0.0824709,"outcome",TRUE,"reported","m2haNe","textfile"
"rs12596849",16,14112892,"A","G",0.283704,0.178658,-0.111215,0.103742,"outcome",TRUE,"reported","m2haNe","textfile"
"rs12703397",7,141625822,"C","T",0.528162,0.012769,-0.228982,0.362995,"outcome",TRUE,"reported","m2haNe","textfile"
"rs1382606",8,97569988,"A","G",0.0756728,0.440524,0.14136,0.0795782,"outcome",TRUE,"reported","m2haNe","textfile"
"rs1460542",10,43975661,"C","A",0.013035,0.849289,-0.249227,0.100381,"outcome",TRUE,"reported","m2haNe","textfile"
"rs1602068",4,117592799,"T","C",0.332465,0.503476,-0.0769184,0.079366,"outcome",TRUE,"reported","m2haNe","textfile"
"rs1655155",10,130876681,"C","T",0.384379,0.374347,-0.0716042,0.0823173,"outcome",TRUE,"reported","m2haNe","textfile"
"rs16864718",2,6106488,"A","T",0.775218,0.0229127,0.0778351,0.272573,"outcome",TRUE,"reported","m2haNe","textfile"
"rs17096124",14,29897406,"G","A",0.484259,0.0365898,-0.149035,0.213069,"outcome",TRUE,"reported","m2haNe","textfile"
"rs2041343",7,2690109,"C","T",0.912919,0.576093,-0.00883078,0.0807514,"outcome",TRUE,"reported","m2haNe","textfile"
"rs2389336",12,34101240,"A","T",0.845768,0.0301444,-0.0456229,0.23454,"outcome",TRUE,"reported","m2haNe","textfile"
"rs3844066",21,41734908,"C","T",0.498996,0.147203,0.0746961,0.110486,"outcome",TRUE,"reported","m2haNe","textfile"
"rs4076040",4,154270880,"T","A",0.31524,0.629268,0.082012,0.081662,"outcome",TRUE,"reported","m2haNe","textfile"
"rs4337809",5,62022866,"C","T",0.361442,0.553419,0.0726769,0.0796355,"outcome",TRUE,"reported","m2haNe","textfile"
"rs4569257",16,8561631,"G","A",0.894857,0.561451,0.0105513,0.0798371,"outcome",TRUE,"reported","m2haNe","textfile"
"rs5746800",22,19606913,"G","A",0.82889,0.571862,0.0172976,0.0800351,"outcome",TRUE,"reported","m2haNe","textfile"
"rs650455",11,57392165,"A","G",0.885726,0.0282738,-0.033802,0.235202,"outcome",TRUE,"reported","m2haNe","textfile"
"rs7118352",11,20957585,"G","A",0.0167969,0.212805,-0.231083,0.0966419,"outcome",TRUE,"reported","m2haNe","textfile"
"rs7680308",4,46951330,"G","A",0.59163,0.54908,0.0427697,0.0797235,"outcome",TRUE,"reported","m2haNe","textfile"
"rs7802565",7,23940201,"C","G",0.616798,0.0416384,-0.0992493,0.198343,"outcome",TRUE,"reported","m2haNe","textfile"
