"SNP","chr.outcome","pos.outcome","effect_allele.outcome","other_allele.outcome","pval.outcome","eaf.outcome","beta.outcome","se.outcome","outcome","mr_keep.outcome","pval_origin.outcome","id.outcome","data_source.outcome"
"rs12375763",9,81570220,"C","T",0.419801,0.0707739,-0.123683,0.153307,"outcome",TRUE,"reported","9WLQfB","textfile"
"rs17739309",2,126466768,"G","A",0.974309,0.148848,0.00357188,0.110914,"outcome",TRUE,"reported","9WLQfB","textfile"
"rs2100777",4,43906226,"A","C",0.285189,0.0711898,0.164281,0.153716,"outcome",TRUE,"reported","9WLQfB","textfile"
"rs3783200",13,46042327,"C","A",0.00840272,0.39239,-0.209639,0.0795459,"outcome",TRUE,"reported","9WLQfB","textfile"
"rs4884317",13,53017291,"A","G",0.80612,0.230145,0.0230185,0.0937867,"outcome",TRUE,"reported","9WLQfB","textfile"
"rs4998531",3,134409573,"C","T",0.220417,0.290525,0.106855,0.0871987,"outcome",TRUE,"reported","9WLQfB","textfile"
"rs7359707",18,25323377,"A","T",0.452195,0.295044,0.0653032,0.0868671,"outcome",TRUE,"reported","9WLQfB","textfile"
"rs789736",12,64144544,"T","G",0.992364,0.238616,0.000885789,0.0925557,"outcome",TRUE,"reported","9WLQfB","textfile"
