"SNP","chr.outcome","pos.outcome","effect_allele.outcome","other_allele.outcome","pval.outcome","eaf.outcome","beta.outcome","se.outcome","outcome","mr_keep.outcome","pval_origin.outcome","id.outcome","data_source.outcome"
"rs12936996",17,39509301,"A","G",0.283338,0.821821,-0.110659,0.103145,"outcome",TRUE,"reported","zN4dpV","textfile"
"rs17422462",5,120376828,"G","T",0.682732,0.151505,0.0450026,0.110101,"outcome",TRUE,"reported","zN4dpV","textfile"
"rs2964431",5,5239420,"A","C",0.538948,0.412229,0.0491917,0.0800639,"outcome",TRUE,"reported","zN4dpV","textfile"
"rs3130663",6,30698817,"G","A",0.867517,0.0133855,0.0577932,0.346453,"outcome",TRUE,"reported","zN4dpV","textfile"
"rs4347230",1,161104839,"A","G",0.728377,0.372033,0.0284198,0.0818338,"outcome",TRUE,"reported","zN4dpV","textfile"
"rs7295482",12,3330915,"G","A",0.115651,0.093988,0.213453,0.135673,"outcome",TRUE,"reported","zN4dpV","textfile"
