"SNP","chr.outcome","pos.outcome","effect_allele.outcome","other_allele.outcome","pval.outcome","eaf.outcome","beta.outcome","se.outcome","outcome","mr_keep.outcome","pval_origin.outcome","id.outcome","data_source.outcome"
"rs11188538",10,81138367,"G","A",0.882521,0.103582,-0.019416,0.13139,"outcome",TRUE,"reported","FsrOOi","textfile"
"rs11623007",14,86826411,"C","A",0.303699,0.528939,0.0816552,0.0793898,"outcome",TRUE,"reported","FsrOOi","textfile"
"rs12028243",1,247804310,"C","T",0.29133,0.952678,0.199479,0.189042,"outcome",TRUE,"reported","FsrOOi","textfile"
"rs12152460",3,184773464,"T","C",0.719298,0.16902,0.0380577,0.105893,"outcome",TRUE,"reported","FsrOOi","textfile"
"rs12961939",18,6997819,"C","A",0.688286,0.256752,0.0367104,0.0915057,"outcome",TRUE,"reported","FsrOOi","textfile"
"rs1742707",14,92235372,"G","T",0.189744,0.521238,0.103527,0.0789481,"outcome",TRUE,"reported","FsrOOi","textfile"
"rs1959400",14,83477976,"T","G",0.941003,0.519687,-0.00584437,0.0789675,"outcome",TRUE,"reported","FsrOOi","textfile"
"rs4415526",1,37606127,"C","T",0.960889,0.676218,0.00414677,0.0845615,"outcome",TRUE,"reported","FsrOOi","textfile"
"rs477580",1,229035529,"G","A",0.0325694,0.841313,-0.230872,0.108017,"outcome",TRUE,"reported","FsrOOi","textfile"
"rs6894183",5,137643016,"T","A",0.196084,0.240681,0.120312,0.0930638,"outcome",TRUE,"reported","FsrOOi","textfile"
"rs7151771",14,58113592,"A","G",0.000332706,0.469917,-0.274754,0.0765673,"outcome",TRUE,"reported","FsrOOi","textfile"
"rs818525",1,84732726,"C","T",0.00522745,0.794977,-0.251309,0.0899887,"outcome",TRUE,"reported","FsrOOi","textfile"
"rs921640",4,71553235,"G","A",0.55945,0.959746,-0.118581,0.203168,"outcome",TRUE,"reported","FsrOOi","textfile"
