"SNP","chr.outcome","pos.outcome","effect_allele.outcome","other_allele.outcome","pval.outcome","eaf.outcome","beta.outcome","se.outcome","outcome","mr_keep.outcome","pval_origin.outcome","id.outcome","data_source.outcome"
"rs10112981",8,113953014,"G","A",0.905602,0.70123,-0.010251,0.0864417,"outcome",TRUE,"reported","VRz3nL","textfile"
"rs10502069",11,106445884,"G","A",0.0113702,0.307262,0.217149,0.085792,"outcome",TRUE,"reported","VRz3nL","textfile"
"rs10503714",8,21993145,"G","A",0.104778,0.0853726,0.229483,0.141471,"outcome",TRUE,"reported","VRz3nL","textfile"
"rs11787088",8,48752943,"A","G",0.261976,0.0525068,0.197173,0.175775,"outcome",TRUE,"reported","VRz3nL","textfile"
"rs11934095",4,11882638,"G","A",0.566976,0.295381,0.0496465,0.0867173,"outcome",TRUE,"reported","VRz3nL","textfile"
"rs12191236",6,156983784,"G","C",0.0972322,0.319636,-0.140532,0.0847383,"outcome",TRUE,"reported","VRz3nL","textfile"
"rs12589229",14,91354331,"T","C",0.267561,0.335143,0.0930358,0.0839145,"outcome",TRUE,"reported","VRz3nL","textfile"
"rs12652381",5,170596538,"G","A",0.0138077,0.432646,-0.197744,0.0803108,"outcome",TRUE,"reported","VRz3nL","textfile"
"rs12703488",7,140009101,"A","G",0.688223,0.0396137,-0.0821402,0.204701,"outcome",TRUE,"reported","VRz3nL","textfile"
"rs16996393",20,9773187,"T","A",0.233287,0.293807,-0.103326,0.0866878,"outcome",TRUE,"reported","VRz3nL","textfile"
"rs1764963",13,85685160,"T","C",0.579301,0.574491,-0.0443892,0.0800661,"outcome",TRUE,"reported","VRz3nL","textfile"
"rs1944518",11,120973033,"T","C",0.792987,0.368823,0.0215572,0.0821434,"outcome",TRUE,"reported","VRz3nL","textfile"
"rs2160717",19,29331822,"T","C",0.244003,0.398059,-0.0940302,0.0807099,"outcome",TRUE,"reported","VRz3nL","textfile"
"rs2489774",1,208188182,"T","C",0.327049,0.065294,-0.157349,0.160548,"outcome",TRUE,"reported","VRz3nL","textfile"
"rs2642588",10,69706822,"G","T",0.91362,0.758305,0.0100185,0.0923587,"outcome",TRUE,"reported","VRz3nL","textfile"
"rs265487",10,81357506,"A","G",0.608162,0.521845,0.0405299,0.0790522,"outcome",TRUE,"reported","VRz3nL","textfile"
"rs2807592",9,124131157,"T","G",0.0971315,0.674218,0.140327,0.0845892,"outcome",TRUE,"reported","VRz3nL","textfile"
"rs2834059",21,33003153,"A","G",0.316548,0.386269,0.0813556,0.0812276,"outcome",TRUE,"reported","VRz3nL","textfile"
"rs3004261",10,42996144,"T","A",0.302203,0.594055,0.0829679,0.080417,"outcome",TRUE,"reported","VRz3nL","textfile"
"rs3872668",3,272746,"C","G",0.566514,0.350809,0.0478509,0.0834814,"outcome",TRUE,"reported","VRz3nL","textfile"
"rs4131290",5,177353681,"C","A",0.254131,0.298437,-0.0982912,0.0861922,"outcome",TRUE,"reported","VRz3nL","textfile"
"rs4399682",2,184026894,"T","A",0.689687,0.301164,-0.0342073,0.0856722,"outcome",TRUE,"reported","VRz3nL","textfile"
"rs4431081",3,111763201,"T","C",0.708727,0.448684,0.0296192,0.0792876,"outcome",TRUE,"reported","VRz3nL","textfile"
"rs4541491",4,81683758,"A","C",0.707708,0.621074,-0.0305416,0.081458,"outcome",TRUE,"reported","VRz3nL","textfile"
"rs4659612",1,235869990,"A","G",0.279536,0.797776,0.106006,0.0980303,"outcome",TRUE,"reported","VRz3nL","textfile"
"rs4759824",12,131002440,"C","T",0.67876,0.32793,0.0348076,0.0840448,"outcome",TRUE,"reported","VRz3nL","textfile"
"rs4788439",16,24920477,"T","C",0.001027,0.0610767,-0.633508,0.192965,"outcome",TRUE,"reported","VRz3nL","textfile"
"rs4808136",19,18508057,"A","G",0.0654154,0.392647,-0.149228,0.080996,"outcome",TRUE,"reported","VRz3nL","textfile"
"rs5994710",22,33286287,"A","G",0.189386,0.0991625,0.174161,0.132704,"outcome",TRUE,"reported","VRz3nL","textfile"
"rs6500418",16,48842193,"T","C",0.198559,0.467551,-0.102171,0.0794689,"outcome",TRUE,"reported","VRz3nL","textfile"
"rs6948277",7,10832352,"G","A",0.98581,0.986854,-0.00636494,0.357869,"outcome",TRUE,"reported","VRz3nL","textfile"
"rs722419",19,13249419,"C","A",0.322502,0.654817,-0.0824182,0.0833072,"outcome",TRUE,"reported","VRz3nL","textfile"
"rs744093",9,32700944,"G","A",0.43905,0.0604232,-0.127428,0.164679,"outcome",TRUE,"reported","VRz3nL","textfile"
"rs7544659",1,175677905,"G","A",0.706509,0.582353,0.0303316,0.0805518,"outcome",TRUE,"reported","VRz3nL","textfile"
"rs7760342",6,45227687,"T","A",0.0939031,0.528009,-0.132899,0.0793351,"outcome",TRUE,"reported","VRz3nL","textfile"
"rs7837995",8,11628311,"T","C",0.452912,0.557533,0.0604418,0.0805279,"outcome",TRUE,"reported","VRz3nL","textfile"
"rs9317855",13,69969469,"C","T",0.123261,0.611491,-0.125477,0.0814136,"outcome",TRUE,"reported","VRz3nL","textfile"
"rs9947181",18,48053858,"C","G",0.851408,0.0262149,-0.0463722,0.247553,"outcome",TRUE,"reported","VRz3nL","textfile"
