"SNP","chr.outcome","pos.outcome","effect_allele.outcome","other_allele.outcome","pval.outcome","eaf.outcome","beta.outcome","se.outcome","outcome","mr_keep.outcome","pval_origin.outcome","id.outcome","data_source.outcome"
"rs10494322",1,159367158,"C","T",0.183376,0.189645,0.133986,0.100708,"outcome",TRUE,"reported","YQegkQ","textfile"
"rs10828691",10,24725077,"G","A",0.124967,0.387139,0.12434,0.0810426,"outcome",TRUE,"reported","YQegkQ","textfile"
"rs11623335",14,56566358,"A","G",0.626369,0.827855,-0.052036,0.106884,"outcome",TRUE,"reported","YQegkQ","textfile"
"rs11787684",9,126527395,"C","T",0.648948,0.299252,-0.0393622,0.086468,"outcome",TRUE,"reported","YQegkQ","textfile"
"rs11853577",15,71219976,"C","T",0.788197,0.470549,0.0213254,0.0793791,"outcome",TRUE,"reported","YQegkQ","textfile"
"rs11921640",3,27006168,"T","A",0.398483,0.185424,-0.0864629,0.102404,"outcome",TRUE,"reported","YQegkQ","textfile"
"rs12134225",1,80990894,"A","G",0.720233,0.131307,-0.0418209,0.11677,"outcome",TRUE,"reported","YQegkQ","textfile"
"rs12534545",7,140495663,"A","G",0.776952,0.187782,0.0286689,0.101199,"outcome",TRUE,"reported","YQegkQ","textfile"
"rs12911284",15,100020595,"A","C",0.218516,0.681452,0.104584,0.0849942,"outcome",TRUE,"reported","YQegkQ","textfile"
"rs129986",16,3754240,"C","T",0.0445584,0.0188521,-0.591887,0.294647,"outcome",TRUE,"reported","YQegkQ","textfile"
"rs13431652",2,168896905,"C","T",0.23871,0.30991,-0.101158,0.0858572,"outcome",TRUE,"reported","YQegkQ","textfile"
"rs17130",19,5254959,"C","T",0.433736,0.318801,-0.0665973,0.0850739,"outcome",TRUE,"reported","YQegkQ","textfile"
"rs17473596",13,114331383,"T","C",0.721483,0.065618,0.0576504,0.161723,"outcome",TRUE,"reported","YQegkQ","textfile"
"rs17616642",2,58795075,"G","A",0.440974,0.192632,-0.077706,0.100845,"outcome",TRUE,"reported","YQegkQ","textfile"
"rs1857095",1,79780335,"T","C",0.858343,0.985151,-0.058715,0.328965,"outcome",TRUE,"reported","YQegkQ","textfile"
"rs2159491",7,48914190,"T","C",0.667206,0.7407,0.038856,0.0903657,"outcome",TRUE,"reported","YQegkQ","textfile"
"rs225569",12,125966172,"T","A",0.215985,0.571133,-0.0988529,0.0798956,"outcome",TRUE,"reported","YQegkQ","textfile"
"rs2497587",13,24987666,"A","G",0.325,0.114483,0.122252,0.124211,"outcome",TRUE,"reported","YQegkQ","textfile"
"rs2501894",1,210479472,"A","G",0.120535,0.12325,0.18554,0.119508,"outcome",TRUE,"reported","YQegkQ","textfile"
"rs300110",6,165942349,"G","A",0.562468,0.314229,-0.0495177,0.0854965,"outcome",TRUE,"reported","YQegkQ","textfile"
"rs4572706",22,49181696,"G","A",0.467351,0.785683,-0.0701896,0.0965738,"outcome",TRUE,"reported","YQegkQ","textfile"
"rs6604664",1,221695845,"C","G",0.0835988,0.20504,-0.168962,0.097656,"outcome",TRUE,"reported","YQegkQ","textfile"
"rs6732398",2,215879038,"C","T",0.757323,0.0387738,-0.0636918,0.206123,"outcome",TRUE,"reported","YQegkQ","textfile"
"rs6814228",4,14556678,"C","T",0.644579,0.210575,-0.0451786,0.0979363,"outcome",TRUE,"reported","YQegkQ","textfile"
"rs6883962",5,31124831,"T","C",0.673888,0.0737695,-0.0639289,0.151916,"outcome",TRUE,"reported","YQegkQ","textfile"
"rs741160",2,233796743,"G","A",0.0562639,0.166676,0.206524,0.108185,"outcome",TRUE,"reported","YQegkQ","textfile"
"rs7717177",5,119678776,"C","T",0.0020023,0.0265397,0.605502,0.195962,"outcome",TRUE,"reported","YQegkQ","textfile"
"rs7751392",6,148389686,"G","T",0.890626,0.827102,-0.0144736,0.105253,"outcome",TRUE,"reported","YQegkQ","textfile"
"rs831831",5,57094519,"G","A",0.16492,0.758317,-0.128158,0.0922857,"outcome",TRUE,"reported","YQegkQ","textfile"
"rs888977",5,167550275,"T","C",0.943526,0.267627,0.00636714,0.0898821,"outcome",TRUE,"reported","YQegkQ","textfile"
"rs9363753",6,67415362,"T","C",0.441986,0.180494,0.0792494,0.103076,"outcome",TRUE,"reported","YQegkQ","textfile"
"rs950156",13,97118183,"G","A",0.698699,0.7467,-0.0353841,0.0914134,"outcome",TRUE,"reported","YQegkQ","textfile"
"rs9511834",13,25619921,"C","A",0.936552,0.601677,0.00641342,0.0805669,"outcome",TRUE,"reported","YQegkQ","textfile"
"rs9548447",13,38758533,"T","G",0.149494,0.880815,0.17674,0.122624,"outcome",TRUE,"reported","YQegkQ","textfile"
"rs9804190",10,60080073,"T","C",0.0877526,0.20991,0.166792,0.0976892,"outcome",TRUE,"reported","YQegkQ","textfile"
"rs9837442",3,39377990,"T","A",0.173874,0.253335,-0.12461,0.0916344,"outcome",TRUE,"reported","YQegkQ","textfile"
"rs9915927",17,68633411,"T","G",0.70987,0.224657,0.0352146,0.0946553,"outcome",TRUE,"reported","YQegkQ","textfile"
"rs9927153",16,81436413,"T","C",0.822534,0.21506,0.0216118,0.0963577,"outcome",TRUE,"reported","YQegkQ","textfile"
