"SNP","chr.outcome","pos.outcome","effect_allele.outcome","other_allele.outcome","pval.outcome","eaf.outcome","beta.outcome","se.outcome","outcome","mr_keep.outcome","pval_origin.outcome","id.outcome","data_source.outcome"
"rs10508432",10,11783697,"G","A",0.514273,0.234137,0.0611081,0.0936954,"outcome",TRUE,"reported","CFYeY2","textfile"
"rs10746431",1,210609608,"A","G",0.390422,0.977189,-0.22683,0.264108,"outcome",TRUE,"reported","CFYeY2","textfile"
"rs1131718",10,133272250,"A","G",0.672984,0.885704,-0.052461,0.124298,"outcome",TRUE,"reported","CFYeY2","textfile"
"rs11564708",11,2185096,"G","C",0.383039,0.153075,-0.0955194,0.109502,"outcome",TRUE,"reported","CFYeY2","textfile"
"rs11580613",1,154319083,"T","C",0.384261,0.147858,-0.0970443,0.111536,"outcome",TRUE,"reported","CFYeY2","textfile"
"rs11722368",4,14932483,"T","C",0.561703,0.401367,0.0467289,0.0805237,"outcome",TRUE,"reported","CFYeY2","textfile"
"rs12603532",17,19338704,"T","C",0.967558,0.033785,0.00900127,0.221319,"outcome",TRUE,"reported","CFYeY2","textfile"
"rs12677067",8,59470850,"A","G",0.247518,0.3962,-0.0937729,0.0810904,"outcome",TRUE,"reported","CFYeY2","textfile"
"rs1499686",8,3465006,"G","A",0.143522,0.125974,0.174389,0.119216,"outcome",TRUE,"reported","CFYeY2","textfile"
"rs1545472",15,84894530,"A","G",0.956634,0.567369,-0.00436011,0.0801805,"outcome",TRUE,"reported","CFYeY2","textfile"
"rs1687134",6,47132974,"T","C",0.00855953,0.812433,0.272597,0.103682,"outcome",TRUE,"reported","CFYeY2","textfile"
"rs17212491",14,43728999,"A","G",0.220822,0.145627,-0.136968,0.111871,"outcome",TRUE,"reported","CFYeY2","textfile"
"rs214247",16,299221,"C","T",0.28948,0.340612,-0.0884763,0.0835263,"outcome",TRUE,"reported","CFYeY2","textfile"
"rs244763",19,34067707,"G","A",0.565735,0.664979,-0.047917,0.0834292,"outcome",TRUE,"reported","CFYeY2","textfile"
"rs3793126",6,32403842,"G","A",0.160846,0.201171,0.139292,0.0993357,"outcome",TRUE,"reported","CFYeY2","textfile"
"rs3800993",7,142101207,"T","C",0.454936,0.17351,-0.0785871,0.105174,"outcome",TRUE,"reported","CFYeY2","textfile"
"rs4556997",2,100198396,"A","C",0.147492,0.137433,0.167302,0.115504,"outcome",TRUE,"reported","CFYeY2","textfile"
"rs4671111",2,64903677,"T","C",0.243596,0.598818,-0.0945609,0.0810955,"outcome",TRUE,"reported","CFYeY2","textfile"
"rs4742351",9,7489720,"T","C",0.644162,0.325678,0.0392194,0.0849112,"outcome",TRUE,"reported","CFYeY2","textfile"
"rs4791715",17,8524830,"T","G",0.658279,0.547019,-0.0351011,0.0793622,"outcome",TRUE,"reported","CFYeY2","textfile"
"rs5027944",5,117807086,"T","C",0.262288,0.578891,-0.0899203,0.0802143,"outcome",TRUE,"reported","CFYeY2","textfile"
"rs5998272",22,32164058,"C","A",0.816783,0.0765785,-0.0343435,0.148234,"outcome",TRUE,"reported","CFYeY2","textfile"
"rs6139186",20,443554,"C","G",0.907274,0.446847,0.00923849,0.0793152,"outcome",TRUE,"reported","CFYeY2","textfile"
"rs618900",11,125480634,"G","C",0.72496,0.224013,0.0334361,0.0950324,"outcome",TRUE,"reported","CFYeY2","textfile"
"rs7570971",2,135080336,"A","C",0.714409,0.408423,-0.0300595,0.0821433,"outcome",TRUE,"reported","CFYeY2","textfile"
"rs7915784",10,27997811,"A","G",0.302746,0.0512796,-0.185649,0.180144,"outcome",TRUE,"reported","CFYeY2","textfile"
"rs9556974",13,98564048,"C","G",0.817516,0.361523,-0.019041,0.0825212,"outcome",TRUE,"reported","CFYeY2","textfile"
"rs9756306",3,165081291,"A","G",0.601564,0.281921,0.045652,0.0874304,"outcome",TRUE,"reported","CFYeY2","textfile"
