"SNP","chr.outcome","pos.outcome","effect_allele.outcome","other_allele.outcome","pval.outcome","eaf.outcome","beta.outcome","se.outcome","outcome","mr_keep.outcome","pval_origin.outcome","id.outcome","data_source.outcome"
"rs10973759",9,38360893,"G","A",0.428174,0.230874,0.074559,0.0941021,"outcome",TRUE,"reported","FgUa51","textfile"
"rs12470336",2,200136137,"T","A",0.606757,0.0354647,0.110685,0.215044,"outcome",TRUE,"reported","FgUa51","textfile"
"rs12629138",3,53339211,"T","G",0.460068,0.0323497,0.163807,0.22174,"outcome",TRUE,"reported","FgUa51","textfile"
"rs12699171",7,1706713,"G","A",0.814002,0.0403171,-0.0474811,0.201818,"outcome",TRUE,"reported","FgUa51","textfile"
"rs17267298",4,182809497,"C","T",0.105422,0.326566,0.136071,0.0840403,"outcome",TRUE,"reported","FgUa51","textfile"
"rs17318174",10,6912280,"A","G",0.52836,0.239535,-0.0586452,0.0930122,"outcome",TRUE,"reported","FgUa51","textfile"
"rs17559164",10,82115777,"T","C",0.682321,0.136047,-0.048175,0.117702,"outcome",TRUE,"reported","FgUa51","textfile"
"rs1869957",15,97231076,"T","C",0.894631,0.277137,0.0117066,0.0883868,"outcome",TRUE,"reported","FgUa51","textfile"
"rs2011920",10,69732879,"G","C",0.253204,0.89936,0.150544,0.131756,"outcome",TRUE,"reported","FgUa51","textfile"
"rs2165127",18,1843582,"A","G",0.675983,0.204341,-0.0410617,0.0982452,"outcome",TRUE,"reported","FgUa51","textfile"
"rs2295357",20,58997784,"T","G",0.885308,0.23651,0.0134717,0.0933955,"outcome",TRUE,"reported","FgUa51","textfile"
"rs2404571",3,161675181,"A","G",0.436494,0.904392,-0.105167,0.135154,"outcome",TRUE,"reported","FgUa51","textfile"
"rs254840",5,159248039,"G","A",0.343662,0.886626,-0.118358,0.124988,"outcome",TRUE,"reported","FgUa51","textfile"
"rs4431603",8,122526874,"A","G",0.590648,0.189218,-0.0543725,0.101083,"outcome",TRUE,"reported","FgUa51","textfile"
"rs6106307",20,2162109,"C","T",0.0138271,0.318652,-0.208795,0.0848163,"outcome",TRUE,"reported","FgUa51","textfile"
"rs6128265",20,58070378,"T","C",0.261766,0.00457001,-0.675729,0.602132,"outcome",TRUE,"reported","FgUa51","textfile"
"rs6552523",4,181799138,"T","C",0.648983,0.765208,0.0425115,0.0933956,"outcome",TRUE,"reported","FgUa51","textfile"
"rs6591040",11,103657841,"T","G",0.636318,0.652149,0.0393711,0.0832629,"outcome",TRUE,"reported","FgUa51","textfile"
"rs6821567",4,110948888,"G","C",0.558078,0.14895,-0.0649102,0.110825,"outcome",TRUE,"reported","FgUa51","textfile"
"rs7632086",3,176874868,"C","G",0.627035,0.810534,-0.0492171,0.10129,"outcome",TRUE,"reported","FgUa51","textfile"
"rs7701594",5,81183345,"C","T",0.192739,0.767037,-0.122295,0.0938909,"outcome",TRUE,"reported","FgUa51","textfile"
"rs780093",2,27519736,"C","T",0.0361385,0.647361,0.173592,0.0828454,"outcome",TRUE,"reported","FgUa51","textfile"
"rs9814648",3,3113545,"A","G",0.108188,0.232366,0.150954,0.0939708,"outcome",TRUE,"reported","FgUa51","textfile"
