"SNP","chr.outcome","pos.outcome","effect_allele.outcome","other_allele.outcome","pval.outcome","eaf.outcome","beta.outcome","se.outcome","outcome","mr_keep.outcome","pval_origin.outcome","id.outcome","data_source.outcome"
"rs10161318",12,107157530,"G","T",0.750922,0.0578709,-0.0533459,0.168059,"outcome",TRUE,"reported","08oYlK","textfile"
"rs11788042",9,79035465,"G","A",0.205692,0.75886,0.117708,0.0930133,"outcome",TRUE,"reported","08oYlK","textfile"
"rs12470565",2,239718418,"C","T",0.199089,0.414796,0.10335,0.0804816,"outcome",TRUE,"reported","08oYlK","textfile"
"rs1260326",2,27508073,"C","T",0.0385381,0.649919,0.171942,0.0831002,"outcome",TRUE,"reported","08oYlK","textfile"
"rs1509960",10,62860929,"A","C",0.251252,0.0603146,-0.189936,0.165549,"outcome",TRUE,"reported","08oYlK","textfile"
"rs17101344",14,33501626,"G","A",0.118683,0.260495,0.141009,0.0903717,"outcome",TRUE,"reported","08oYlK","textfile"
"rs17122565",12,48018627,"T","C",0.730922,0.361579,0.0284648,0.0827708,"outcome",TRUE,"reported","08oYlK","textfile"
"rs2067997",6,35503469,"C","T",0.0172978,0.0809423,0.345807,0.145278,"outcome",TRUE,"reported","08oYlK","textfile"
"rs2130909",4,186667323,"A","G",0.95511,0.295007,-0.00496451,0.0881942,"outcome",TRUE,"reported","08oYlK","textfile"
"rs2861960",2,79958388,"T","C",0.315341,0.847538,-0.11076,0.11031,"outcome",TRUE,"reported","08oYlK","textfile"
"rs304729",19,43580251,"A","G",0.933658,0.175625,0.00869622,0.104467,"outcome",TRUE,"reported","08oYlK","textfile"
"rs4388837",11,26701045,"G","T",0.572379,0.0150821,-0.182545,0.323346,"outcome",TRUE,"reported","08oYlK","textfile"
"rs4670465",2,35396578,"T","G",0.230678,0.547308,0.0950168,0.0792722,"outcome",TRUE,"reported","08oYlK","textfile"
"rs729253",2,117174661,"T","C",0.489501,0.617303,0.0562576,0.0814027,"outcome",TRUE,"reported","08oYlK","textfile"
"rs872745",16,82544750,"C","A",0.713975,0.528357,0.0290006,0.0791236,"outcome",TRUE,"reported","08oYlK","textfile"
"rs9389466",6,95797868,"T","A",0.91562,0.972559,-0.0256429,0.242024,"outcome",TRUE,"reported","08oYlK","textfile"
