"SNP","chr.outcome","pos.outcome","effect_allele.outcome","other_allele.outcome","pval.outcome","eaf.outcome","beta.outcome","se.outcome","outcome","mr_keep.outcome","pval_origin.outcome","id.outcome","data_source.outcome"
"rs11723606",4,184438124,"T","C",0.475746,0.220687,0.0687534,0.0964065,"outcome",TRUE,"reported","3zBnhw","textfile"
"rs11905775",20,17350601,"A","C",0.76442,0.245971,-0.027642,0.0922381,"outcome",TRUE,"reported","3zBnhw","textfile"
"rs12455580",18,77926067,"C","T",0.586473,0.671433,-0.0460269,0.0846154,"outcome",TRUE,"reported","3zBnhw","textfile"
"rs12498138",3,121740742,"A","G",0.129525,0.087021,-0.212895,0.140434,"outcome",TRUE,"reported","3zBnhw","textfile"
"rs12515486",5,25950995,"T","C",0.435059,0.170798,-0.0830491,0.106396,"outcome",TRUE,"reported","3zBnhw","textfile"
"rs1391874",11,88702571,"A","G",0.338358,0.92934,-0.147319,0.153872,"outcome",TRUE,"reported","3zBnhw","textfile"
"rs1440581",4,88305270,"C","T",0.412149,0.488603,0.0657102,0.0801229,"outcome",TRUE,"reported","3zBnhw","textfile"
"rs16948533",17,13795785,"G","A",0.368147,0.0424197,0.175776,0.195317,"outcome",TRUE,"reported","3zBnhw","textfile"
"rs17262575",7,154347308,"T","C",0.910399,0.157653,0.0122654,0.108992,"outcome",TRUE,"reported","3zBnhw","textfile"
"rs17528586",9,7294013,"A","G",0.105796,0.0310539,0.367321,0.227109,"outcome",TRUE,"reported","3zBnhw","textfile"
"rs1895981",12,113511536,"C","T",0.211343,0.13433,0.145289,0.116242,"outcome",TRUE,"reported","3zBnhw","textfile"
"rs209755",15,95196775,"C","G",0.0913398,0.279287,-0.150171,0.088944,"outcome",TRUE,"reported","3zBnhw","textfile"
"rs243180",14,89588345,"G","A",0.514815,0.243739,0.0598626,0.0919041,"outcome",TRUE,"reported","3zBnhw","textfile"
"rs703654",12,103719898,"G","A",0.0202862,0.105186,-0.298133,0.128449,"outcome",TRUE,"reported","3zBnhw","textfile"
"rs7814548",8,19540366,"T","G",0.345804,0.110522,-0.119723,0.126992,"outcome",TRUE,"reported","3zBnhw","textfile"
"rs791630",5,173706589,"A","G",0.920198,0.140954,0.0114468,0.114258,"outcome",TRUE,"reported","3zBnhw","textfile"
"rs819566",5,73466282,"C","T",0.470255,0.718929,-0.0633977,0.0878005,"outcome",TRUE,"reported","3zBnhw","textfile"
