"SNP","chr.outcome","pos.outcome","effect_allele.outcome","other_allele.outcome","pval.outcome","eaf.outcome","beta.outcome","se.outcome","outcome","mr_keep.outcome","pval_origin.outcome","id.outcome","data_source.outcome"
"rs10120252",9,80030647,"A","G",0.104155,0.828186,0.169686,0.10442,"outcome",TRUE,"reported","b9udFl","textfile"
"rs10232298",7,127579363,"G","A",0.71603,0.776586,-0.0345667,0.0950231,"outcome",TRUE,"reported","b9udFl","textfile"
"rs10847524",12,128086229,"A","G",0.368674,0.374378,0.0737852,0.0820784,"outcome",TRUE,"reported","b9udFl","textfile"
"rs11205537",1,48769414,"T","G",0.676507,0.07191,0.0638907,0.153129,"outcome",TRUE,"reported","b9udFl","textfile"
"rs12603646",17,8235325,"C","A",0.250343,0.250172,0.10516,0.0914823,"outcome",TRUE,"reported","b9udFl","textfile"
"rs12616674",2,139574455,"G","T",0.0882064,0.0190993,0.495523,0.29064,"outcome",TRUE,"reported","b9udFl","textfile"
"rs1582961",19,33571069,"T","C",0.123804,0.280057,0.135618,0.0881209,"outcome",TRUE,"reported","b9udFl","textfile"
"rs16849215",2,164044084,"G","C",0.185036,0.221366,-0.126213,0.0952256,"outcome",TRUE,"reported","b9udFl","textfile"
"rs17065343",13,21338349,"G","C",0.195297,0.0251958,0.324134,0.250283,"outcome",TRUE,"reported","b9udFl","textfile"
"rs1785007",11,115656886,"G","C",0.722134,0.778669,-0.0343556,0.0966108,"outcome",TRUE,"reported","b9udFl","textfile"
"rs2118838",2,195627868,"G","C",0.403617,0.155772,0.0914597,0.109509,"outcome",TRUE,"reported","b9udFl","textfile"
"rs2393374",12,118017954,"G","T",0.00938837,0.757185,0.241821,0.0930947,"outcome",TRUE,"reported","b9udFl","textfile"
"rs6832331",4,176092420,"C","G",0.229664,0.00503436,-0.687921,0.572682,"outcome",TRUE,"reported","b9udFl","textfile"
"rs6882058",5,3690947,"C","T",0.801842,0.216722,-0.0241344,0.0961667,"outcome",TRUE,"reported","b9udFl","textfile"
"rs9521664",13,110237555,"C","T",0.654097,0.037569,0.0934547,0.208568,"outcome",TRUE,"reported","b9udFl","textfile"
