"SNP","chr.outcome","pos.outcome","effect_allele.outcome","other_allele.outcome","pval.outcome","eaf.outcome","beta.outcome","se.outcome","outcome","mr_keep.outcome","pval_origin.outcome","id.outcome","data_source.outcome"
"rs1000137",7,157851460,"C","T",0.957456,0.499101,0.00420745,0.0788707,"outcome",TRUE,"reported","Vr9Cvf","textfile"
"rs12145936",1,79833148,"C","T",0.236038,0.510663,-0.0941007,0.0794134,"outcome",TRUE,"reported","Vr9Cvf","textfile"
"rs1260326",2,27508073,"C","T",0.0385381,0.649919,0.171942,0.0831002,"outcome",TRUE,"reported","Vr9Cvf","textfile"
"rs12830350",12,28739445,"T","G",0.753947,0.307461,-0.0268516,0.0856678,"outcome",TRUE,"reported","Vr9Cvf","textfile"
"rs1544542",12,126467221,"A","C",0.533852,0.437303,-0.0495605,0.0796617,"outcome",TRUE,"reported","Vr9Cvf","textfile"
"rs2378442",3,188727846,"A","T",0.16092,0.431807,-0.112311,0.0801087,"outcome",TRUE,"reported","Vr9Cvf","textfile"
"rs2584543",9,17466397,"A","G",0.0230277,0.0239733,0.576733,0.253735,"outcome",TRUE,"reported","Vr9Cvf","textfile"
"rs400511",4,31488770,"T","C",0.116073,0.623947,0.12839,0.0817003,"outcome",TRUE,"reported","Vr9Cvf","textfile"
"rs430508",5,73969860,"G","A",0.632734,0.52869,-0.0378772,0.0792606,"outcome",TRUE,"reported","Vr9Cvf","textfile"
"rs4774615",15,52241163,"A","G",0.272187,0.866717,0.128251,0.1168,"outcome",TRUE,"reported","Vr9Cvf","textfile"
"rs4821424",22,35605813,"A","G",0.120369,0.536232,0.123298,0.079382,"outcome",TRUE,"reported","Vr9Cvf","textfile"
"rs6089908",20,63417301,"T","C",0.0541976,0.537525,0.153638,0.0798011,"outcome",TRUE,"reported","Vr9Cvf","textfile"
"rs954050",7,98250914,"C","T",0.582563,0.487915,-0.0434544,0.0790591,"outcome",TRUE,"reported","Vr9Cvf","textfile"
