"SNP","chr.outcome","pos.outcome","effect_allele.outcome","other_allele.outcome","pval.outcome","eaf.outcome","beta.outcome","se.outcome","outcome","mr_keep.outcome","pval_origin.outcome","id.outcome","data_source.outcome"
"rs11220964",11,127539895,"A","G",0.322038,0.0121867,-0.366382,0.369979,"outcome",TRUE,"reported","DHs6lC","textfile"
"rs11773215",7,46801216,"A","G",0.430741,0.211681,-0.0766204,0.0972433,"outcome",TRUE,"reported","DHs6lC","textfile"
"rs12903092",15,25593059,"A","T",0.537653,0.0415203,-0.121393,0.196949,"outcome",TRUE,"reported","DHs6lC","textfile"
"rs2717871",7,25276706,"G","A",0.348722,0.210448,0.090748,0.0968421,"outcome",TRUE,"reported","DHs6lC","textfile"
"rs3112989",2,95079375,"A","G",0.386096,0.637295,0.0714323,0.0824168,"outcome",TRUE,"reported","DHs6lC","textfile"
"rs6016809",20,42494194,"C","T",0.93172,0.0421547,-0.0171454,0.200107,"outcome",TRUE,"reported","DHs6lC","textfile"
"rs7133595",12,129269970,"A","G",0.654326,0.346943,0.0371807,0.083037,"outcome",TRUE,"reported","DHs6lC","textfile"
"rs7628676",3,174984095,"G","A",0.802255,0.0581098,-0.0421612,0.168355,"outcome",TRUE,"reported","DHs6lC","textfile"
"rs8078549",17,64129007,"A","G",0.946557,0.07165,-0.010373,0.154752,"outcome",TRUE,"reported","DHs6lC","textfile"
"rs822406",5,155383027,"G","A",0.880812,0.913516,0.0212135,0.141479,"outcome",TRUE,"reported","DHs6lC","textfile"
