"SNP","chr.outcome","pos.outcome","effect_allele.outcome","other_allele.outcome","pval.outcome","eaf.outcome","beta.outcome","se.outcome","outcome","mr_keep.outcome","pval_origin.outcome","id.outcome","data_source.outcome"
"rs11627546",14,69899207,"C","A",0.816211,0.863496,-0.0267843,0.115241,"outcome",TRUE,"reported","1Po9Z5","textfile"
"rs17071035",4,181305646,"G","A",0.727244,0.134508,0.0405547,0.116271,"outcome",TRUE,"reported","1Po9Z5","textfile"
"rs17729999",8,95142680,"A","G",0.477243,0.0467291,-0.133735,0.188162,"outcome",TRUE,"reported","1Po9Z5","textfile"
"rs182119",5,6485250,"G","C",0.0248399,0.238704,-0.207821,0.0926166,"outcome",TRUE,"reported","1Po9Z5","textfile"
"rs188595",3,30715137,"A","C",0.328687,0.660546,-0.0819304,0.0838797,"outcome",TRUE,"reported","1Po9Z5","textfile"
"rs1889891",6,129492201,"T","C",0.558756,0.350752,0.048528,0.0829978,"outcome",TRUE,"reported","1Po9Z5","textfile"
"rs2073030",6,22569405,"T","A",0.726131,0.136472,-0.0404268,0.115414,"outcome",TRUE,"reported","1Po9Z5","textfile"
"rs2143069",6,163310005,"G","A",0.09769,0.694716,0.144138,0.0870317,"outcome",TRUE,"reported","1Po9Z5","textfile"
"rs2529488",7,111518805,"C","T",0.139982,0.103593,-0.191801,0.129959,"outcome",TRUE,"reported","1Po9Z5","textfile"
"rs4937147",11,126529523,"A","G",0.856594,0.222243,0.0172918,0.0956875,"outcome",TRUE,"reported","1Po9Z5","textfile"
"rs6005580",22,27708053,"G","A",0.960465,0.249489,0.00452978,0.0913823,"outcome",TRUE,"reported","1Po9Z5","textfile"
"rs7525018",1,97117915,"G","T",0.94617,0.396038,0.00547923,0.0811526,"outcome",TRUE,"reported","1Po9Z5","textfile"
"rs7998013",13,31597244,"A","G",0.572749,0.958943,-0.114733,0.203425,"outcome",TRUE,"reported","1Po9Z5","textfile"
"rs9296444",6,44652770,"C","T",0.831758,0.26055,-0.0191651,0.0902109,"outcome",TRUE,"reported","1Po9Z5","textfile"
"rs9313524",5,170760639,"C","T",0.453385,0.602282,-0.0605319,0.0807326,"outcome",TRUE,"reported","1Po9Z5","textfile"
"rs964184",11,116778201,"C","G",0.57897,0.855706,0.0621443,0.111994,"outcome",TRUE,"reported","1Po9Z5","textfile"
