"SNP","chr.outcome","pos.outcome","effect_allele.outcome","other_allele.outcome","pval.outcome","eaf.outcome","beta.outcome","se.outcome","outcome","mr_keep.outcome","pval_origin.outcome","id.outcome","data_source.outcome"
"rs10739647",9,124305084,"G","A",0.408706,0.592139,0.0664291,0.0804059,"outcome",TRUE,"reported","SkPOfU","textfile"
"rs10783765",12,55645241,"T","G",0.593317,0.73645,-0.0478129,0.0895312,"outcome",TRUE,"reported","SkPOfU","textfile"
"rs10878631",12,67570946,"A","G",0.642623,0.32274,-0.039337,0.0847716,"outcome",TRUE,"reported","SkPOfU","textfile"
"rs12026398",1,30393237,"C","T",0.00956445,0.163428,-0.284495,0.109793,"outcome",TRUE,"reported","SkPOfU","textfile"
"rs12641040",4,5531258,"G","A",0.0433371,0.199514,0.199942,0.0989593,"outcome",TRUE,"reported","SkPOfU","textfile"
"rs12713384",2,58396166,"A","G",0.107144,0.768749,0.151708,0.0941601,"outcome",TRUE,"reported","SkPOfU","textfile"
"rs1456959",9,20196468,"T","C",0.902217,0.395421,-0.00990602,0.0806273,"outcome",TRUE,"reported","SkPOfU","textfile"
"rs17260153",7,88352117,"C","T",0.408927,0.177437,0.0858092,0.103913,"outcome",TRUE,"reported","SkPOfU","textfile"
"rs17436977",7,98254147,"C","T",0.0855185,0.441407,0.13716,0.0797661,"outcome",TRUE,"reported","SkPOfU","textfile"
"rs17595468",4,119315090,"G","A",0.328473,0.167274,-0.103486,0.105901,"outcome",TRUE,"reported","SkPOfU","textfile"
"rs2014576",19,45765818,"A","G",0.608687,0.486704,-0.0406165,0.0793369,"outcome",TRUE,"reported","SkPOfU","textfile"
"rs2049974",22,36546276,"A","G",0.968384,0.319312,-0.0033752,0.0851574,"outcome",TRUE,"reported","SkPOfU","textfile"
"rs2173635",5,166222643,"T","C",0.235892,0.897919,-0.156964,0.132424,"outcome",TRUE,"reported","SkPOfU","textfile"
"rs2633998",12,95340425,"C","T",0.261871,0.950676,0.206824,0.184339,"outcome",TRUE,"reported","SkPOfU","textfile"
"rs2865986",4,98146756,"G","A",0.236753,0.1919,0.118755,0.100372,"outcome",TRUE,"reported","SkPOfU","textfile"
"rs3741298",11,116786845,"T","C",0.780311,0.768159,0.0261813,0.0938692,"outcome",TRUE,"reported","SkPOfU","textfile"
"rs4266604",7,52911031,"C","T",0.666267,0.271627,0.0382321,0.0886486,"outcome",TRUE,"reported","SkPOfU","textfile"
"rs4401869",8,122421187,"C","G",0.349944,0.510798,0.0738553,0.0790152,"outcome",TRUE,"reported","SkPOfU","textfile"
"rs4711151",6,27412322,"G","A",0.249785,0.551648,0.0912841,0.0793174,"outcome",TRUE,"reported","SkPOfU","textfile"
"rs6662425",1,4627973,"G","C",0.0946847,0.514695,0.132601,0.0793456,"outcome",TRUE,"reported","SkPOfU","textfile"
"rs7032741",9,134881091,"T","C",0.255107,0.102093,-0.148427,0.130424,"outcome",TRUE,"reported","SkPOfU","textfile"
"rs7152341",14,39415401,"A","G",0.456288,0.215326,0.0713746,0.0958084,"outcome",TRUE,"reported","SkPOfU","textfile"
"rs7504246",18,40270041,"G","A",0.828986,0.652114,-0.0179311,0.0830136,"outcome",TRUE,"reported","SkPOfU","textfile"
"rs7746531",6,44573198,"C","T",0.236847,0.069877,-0.18287,0.154594,"outcome",TRUE,"reported","SkPOfU","textfile"
"rs8094941",18,74141311,"C","A",0.814454,0.00874516,0.101524,0.432598,"outcome",TRUE,"reported","SkPOfU","textfile"
"rs9964067",18,49754040,"C","T",0.819246,0.335958,0.0191416,0.0837653,"outcome",TRUE,"reported","SkPOfU","textfile"
