"SNP","chr.outcome","pos.outcome","effect_allele.outcome","other_allele.outcome","pval.outcome","eaf.outcome","beta.outcome","se.outcome","outcome","mr_keep.outcome","pval_origin.outcome","id.outcome","data_source.outcome"
"rs12217249",10,3983452,"T","A",0.054285,0.0280535,-0.460403,0.239225,"outcome",TRUE,"reported","bpNnuO","textfile"
"rs1255463",10,63646401,"C","A",0.186788,0.700911,-0.114233,0.0865305,"outcome",TRUE,"reported","bpNnuO","textfile"
"rs13190937",6,28443467,"A","G",0.348856,0.224177,0.0885019,0.0944715,"outcome",TRUE,"reported","bpNnuO","textfile"
"rs13255263",8,78401138,"T","C",0.00623132,0.22218,-0.263543,0.0963469,"outcome",TRUE,"reported","bpNnuO","textfile"
"rs1520218",12,102348118,"A","C",0.791808,0.223752,-0.0250325,0.0948329,"outcome",TRUE,"reported","bpNnuO","textfile"
"rs2035247",16,7019055,"G","T",0.263122,0.144946,0.125929,0.112533,"outcome",TRUE,"reported","bpNnuO","textfile"
"rs2239068",12,2425300,"T","C",0.434612,0.69843,-0.0677781,0.0867479,"outcome",TRUE,"reported","bpNnuO","textfile"
"rs230943",17,15231955,"A","C",0.859397,0.425718,-0.0141919,0.0801163,"outcome",TRUE,"reported","bpNnuO","textfile"
"rs2314600",4,17138076,"A","C",0.609642,0.0132707,0.17683,0.346327,"outcome",TRUE,"reported","bpNnuO","textfile"
"rs307128",18,39924287,"G","A",0.999776,0.291924,-2.45014e-05,0.0872363,"outcome",TRUE,"reported","bpNnuO","textfile"
"rs3755750",3,122921694,"C","T",0.339838,0.632619,-0.0784498,0.0821907,"outcome",TRUE,"reported","bpNnuO","textfile"
"rs4719411",7,14558799,"T","G",0.280598,0.551637,-0.0860875,0.0797863,"outcome",TRUE,"reported","bpNnuO","textfile"
"rs4814176",20,12978750,"C","T",0.547429,0.658228,0.0501565,0.0833696,"outcome",TRUE,"reported","bpNnuO","textfile"
"rs6508364",18,25344527,"G","A",0.945591,0.920673,0.00990947,0.145205,"outcome",TRUE,"reported","bpNnuO","textfile"
"rs7157785",14,63768838,"T","G",0.765218,0.133742,-0.0349369,0.116988,"outcome",TRUE,"reported","bpNnuO","textfile"
"rs7214498",17,72684287,"G","T",0.572857,0.266562,0.0503668,0.0893265,"outcome",TRUE,"reported","bpNnuO","textfile"
"rs7499814",16,88018555,"A","C",0.174485,0.745367,-0.123522,0.0909633,"outcome",TRUE,"reported","bpNnuO","textfile"
"rs7512200",1,61513022,"G","A",0.135847,0.609274,0.121016,0.0811404,"outcome",TRUE,"reported","bpNnuO","textfile"
"rs7522439",1,17250899,"G","A",0.19757,0.105991,-0.165577,0.128503,"outcome",TRUE,"reported","bpNnuO","textfile"
"rs7778975",7,25553604,"T","C",0.473241,0.510988,0.056998,0.0794711,"outcome",TRUE,"reported","bpNnuO","textfile"
"rs897656",12,131742013,"T","A",0.957704,0.98998,-0.0216013,0.407301,"outcome",TRUE,"reported","bpNnuO","textfile"
"rs9418817",10,127052577,"C","T",0.543292,0.668313,0.0509987,0.0839012,"outcome",TRUE,"reported","bpNnuO","textfile"
