"SNP","chr.outcome","pos.outcome","effect_allele.outcome","other_allele.outcome","pval.outcome","eaf.outcome","beta.outcome","se.outcome","outcome","mr_keep.outcome","pval_origin.outcome","id.outcome","data_source.outcome"
"rs10031381",4,13300098,"G","A",0.370457,0.0478526,0.165068,0.184306,"outcome",TRUE,"reported","pSIzO9","textfile"
"rs10785056",12,73612621,"T","G",0.898589,0.105848,-0.0163657,0.128415,"outcome",TRUE,"reported","pSIzO9","textfile"
"rs10831643",11,11575313,"T","C",0.548648,0.536509,-0.0475299,0.0792446,"outcome",TRUE,"reported","pSIzO9","textfile"
"rs12248518",10,55976249,"T","C",0.403538,0.265063,0.0748761,0.0896377,"outcome",TRUE,"reported","pSIzO9","textfile"
"rs12375569",9,16805157,"G","A",0.865623,0.727206,0.0150509,0.088943,"outcome",TRUE,"reported","pSIzO9","textfile"
"rs12493507",3,139542776,"T","C",0.126939,0.137475,-0.174101,0.114068,"outcome",TRUE,"reported","pSIzO9","textfile"
"rs1260326",2,27508073,"C","T",0.0385381,0.649919,0.171942,0.0831002,"outcome",TRUE,"reported","pSIzO9","textfile"
"rs17806262",21,21614828,"T","C",0.350758,0.136199,0.107252,0.11494,"outcome",TRUE,"reported","pSIzO9","textfile"
"rs1915277",1,238911381,"A","T",0.697729,0.576553,-0.031177,0.080273,"outcome",TRUE,"reported","pSIzO9","textfile"
"rs2059405",12,45781686,"G","A",0.622768,0.132664,0.0574644,0.116814,"outcome",TRUE,"reported","pSIzO9","textfile"
"rs333063",8,19176512,"C","T",0.092045,0.950098,0.305428,0.181295,"outcome",TRUE,"reported","pSIzO9","textfile"
"rs354468",13,106260981,"C","T",0.0952533,0.890281,0.209656,0.12567,"outcome",TRUE,"reported","pSIzO9","textfile"
"rs4147977",17,68929769,"C","T",0.484634,0.473122,-0.0555743,0.0795204,"outcome",TRUE,"reported","pSIzO9","textfile"
"rs739167",22,37414738,"G","A",0.318392,0.148718,0.111187,0.111436,"outcome",TRUE,"reported","pSIzO9","textfile"
"rs7397059",12,109873111,"T","C",0.154194,0.63487,-0.118684,0.0832943,"outcome",TRUE,"reported","pSIzO9","textfile"
"rs815198",15,46593911,"T","C",0.0445338,0.442192,0.160093,0.0796867,"outcome",TRUE,"reported","pSIzO9","textfile"
