"SNP","chr.outcome","pos.outcome","effect_allele.outcome","other_allele.outcome","pval.outcome","eaf.outcome","beta.outcome","se.outcome","outcome","mr_keep.outcome","pval_origin.outcome","id.outcome","data_source.outcome"
"rs10153390",18,52433867,"T","G",0.0791845,0.512056,0.138688,0.0790046,"outcome",TRUE,"reported","bKSXBE","textfile"
"rs10221174",16,80890843,"T","C",0.880459,0.192785,0.0151239,0.100566,"outcome",TRUE,"reported","bKSXBE","textfile"
"rs10795164",10,4416626,"C","T",0.590623,0.0358983,0.116194,0.215999,"outcome",TRUE,"reported","bKSXBE","textfile"
"rs11160112",14,93308727,"C","T",0.851505,0.287519,0.0162825,0.0869803,"outcome",TRUE,"reported","bKSXBE","textfile"
"rs1159893",15,54818878,"T","A",0.390826,0.900953,-0.114049,0.132906,"outcome",TRUE,"reported","bKSXBE","textfile"
"rs11635023",15,24912904,"A","G",0.23702,0.515379,-0.0936805,0.0792245,"outcome",TRUE,"reported","bKSXBE","textfile"
"rs1277442",12,118167766,"C","A",0.489594,0.689473,-0.0592932,0.0858135,"outcome",TRUE,"reported","bKSXBE","textfile"
"rs1457613",12,13488701,"A","C",0.119843,0.896733,-0.201321,0.129431,"outcome",TRUE,"reported","bKSXBE","textfile"
"rs1664452",15,57391427,"A","T",0.453309,0.522296,0.0595257,0.079377,"outcome",TRUE,"reported","bKSXBE","textfile"
"rs2054299",18,67807837,"G","A",0.753071,0.69634,0.0271718,0.0863715,"outcome",TRUE,"reported","bKSXBE","textfile"
"rs2278441",19,29094343,"G","T",0.148381,0.650787,-0.119867,0.0829371,"outcome",TRUE,"reported","bKSXBE","textfile"
"rs4433392",1,115667088,"C","T",0.991143,0.628409,0.000912334,0.0821862,"outcome",TRUE,"reported","bKSXBE","textfile"
"rs4631845",11,99354817,"A","G",0.0690256,0.110377,-0.228199,0.125504,"outcome",TRUE,"reported","bKSXBE","textfile"
"rs493519",12,121959570,"C","T",0.520639,0.822842,-0.0667984,0.103989,"outcome",TRUE,"reported","bKSXBE","textfile"
"rs6470588",8,127877125,"C","A",0.941627,0.437516,0.0058268,0.0795741,"outcome",TRUE,"reported","bKSXBE","textfile"
"rs674635",5,39848787,"T","C",0.352143,0.0282652,-0.224492,0.241275,"outcome",TRUE,"reported","bKSXBE","textfile"
"rs6860069",5,177328840,"T","C",0.289636,0.298655,-0.0909431,0.0858828,"outcome",TRUE,"reported","bKSXBE","textfile"
"rs7377975",4,6198343,"G","A",0.193644,0.749803,0.118963,0.0915188,"outcome",TRUE,"reported","bKSXBE","textfile"
"rs7934036",11,65683549,"T","G",0.15837,0.449197,-0.112865,0.0800133,"outcome",TRUE,"reported","bKSXBE","textfile"
"rs967725",2,200498359,"T","A",0.333487,0.99385,-0.483468,0.499908,"outcome",TRUE,"reported","bKSXBE","textfile"
