"SNP","chr.outcome","pos.outcome","effect_allele.outcome","other_allele.outcome","pval.outcome","eaf.outcome","beta.outcome","se.outcome","outcome","mr_keep.outcome","pval_origin.outcome","id.outcome","data_source.outcome"
"rs10741500",11,88703041,"T","A",0.338358,0.92934,-0.14732,0.153872,"outcome",TRUE,"reported","YQQMG5","textfile"
"rs10947808",6,39355839,"C","T",0.0310728,0.207037,-0.211161,0.097935,"outcome",TRUE,"reported","YQQMG5","textfile"
"rs11136678",8,3920513,"G","A",0.444778,0.286081,-0.0669568,0.0876224,"outcome",TRUE,"reported","YQQMG5","textfile"
"rs11564087",9,129331908,"T","C",0.845775,0.0401324,-0.039312,0.202105,"outcome",TRUE,"reported","YQQMG5","textfile"
"rs12455580",18,77926067,"C","T",0.586473,0.671433,-0.0460269,0.0846154,"outcome",TRUE,"reported","YQQMG5","textfile"
"rs1440581",4,88305270,"C","T",0.412149,0.488603,0.0657102,0.0801229,"outcome",TRUE,"reported","YQQMG5","textfile"
"rs17411832",5,107376048,"C","A",0.730621,0.211836,-0.0331836,0.0963796,"outcome",TRUE,"reported","YQQMG5","textfile"
"rs276166",4,154697390,"T","G",0.431662,0.10422,0.104306,0.132646,"outcome",TRUE,"reported","YQQMG5","textfile"
"rs2933405",12,31132167,"G","A",0.786357,0.862474,0.0311952,0.115093,"outcome",TRUE,"reported","YQQMG5","textfile"
"rs320265",9,102096958,"T","C",0.225263,0.152998,0.132488,0.109255,"outcome",TRUE,"reported","YQQMG5","textfile"
"rs3798221",6,160577116,"T","G",0.95648,0.240594,0.00508409,0.0931647,"outcome",TRUE,"reported","YQQMG5","textfile"
"rs4941615",13,47885766,"T","C",0.153069,0.165233,-0.152259,0.106566,"outcome",TRUE,"reported","YQQMG5","textfile"
"rs6569976",6,134903615,"A","C",0.516531,0.536152,0.0517049,0.079705,"outcome",TRUE,"reported","YQQMG5","textfile"
"rs791623",5,173711431,"T","G",0.964384,0.161749,0.00480749,0.107665,"outcome",TRUE,"reported","YQQMG5","textfile"
"rs9388375",6,124795352,"C","G",0.738668,0.396933,0.0270385,0.0810465,"outcome",TRUE,"reported","YQQMG5","textfile"
