"SNP","chr.outcome","pos.outcome","effect_allele.outcome","other_allele.outcome","pval.outcome","eaf.outcome","beta.outcome","se.outcome","outcome","mr_keep.outcome","pval_origin.outcome","id.outcome","data_source.outcome"
"rs12143106",1,242083541,"C","T",0.875501,0.346841,-0.012961,0.0827252,"outcome",TRUE,"reported","outmI6","textfile"
"rs13057057",22,47472731,"T","C",0.130288,0.013992,0.503126,0.332543,"outcome",TRUE,"reported","outmI6","textfile"
"rs2031504",1,106515729,"T","G",0.490425,0.397478,0.0558412,0.0809724,"outcome",TRUE,"reported","outmI6","textfile"
"rs4351",17,63492371,"A","G",0.67975,0.43927,0.032929,0.079769,"outcome",TRUE,"reported","outmI6","textfile"
"rs495828",9,133279294,"G","T",0.294701,0.776902,0.0992132,0.0946812,"outcome",TRUE,"reported","outmI6","textfile"
