"SNP","chr.outcome","pos.outcome","effect_allele.outcome","other_allele.outcome","pval.outcome","eaf.outcome","beta.outcome","se.outcome","outcome","mr_keep.outcome","pval_origin.outcome","id.outcome","data_source.outcome"
"rs10425252",19,53312388,"T","C",0.0638763,0.573034,-0.148071,0.079907,"outcome",TRUE,"reported","yVJJ7z","textfile"
"rs1188835",6,138888622,"C","T",0.376638,0.439157,-0.0706709,0.0799347,"outcome",TRUE,"reported","yVJJ7z","textfile"
"rs12501542",4,116587489,"C","A",0.428976,0.140783,0.0901925,0.114031,"outcome",TRUE,"reported","yVJJ7z","textfile"
"rs17157875",10,2220931,"T","A",0.874146,0.0488898,0.029262,0.184741,"outcome",TRUE,"reported","yVJJ7z","textfile"
"rs2347322",3,16645695,"G","A",0.11618,0.080238,0.228752,0.145608,"outcome",TRUE,"reported","yVJJ7z","textfile"
"rs2485904",6,76084386,"A","C",0.549494,0.155824,0.0651233,0.108807,"outcome",TRUE,"reported","yVJJ7z","textfile"
"rs273914",5,132324738,"T","A",0.459274,0.499802,-0.0584643,0.0790013,"outcome",TRUE,"reported","yVJJ7z","textfile"
"rs486786",3,62830428,"G","T",0.475513,0.463233,0.0567841,0.0795809,"outcome",TRUE,"reported","yVJJ7z","textfile"
"rs6738800",2,127169416,"A","G",0.806808,0.12792,0.0291359,0.119143,"outcome",TRUE,"reported","yVJJ7z","textfile"
