"SNP","chr.outcome","pos.outcome","effect_allele.outcome","other_allele.outcome","pval.outcome","eaf.outcome","beta.outcome","se.outcome","outcome","mr_keep.outcome","pval_origin.outcome","id.outcome","data_source.outcome"
"rs12155900",8,73130931,"T","C",0.0297208,0.106231,-0.276767,0.12732,"outcome",TRUE,"reported","Hmocp2","textfile"
"rs12355427",10,10102187,"A","G",0.982442,0.359092,0.00181315,0.0823892,"outcome",TRUE,"reported","Hmocp2","textfile"
"rs12637114",3,176317482,"T","C",0.840283,0.552831,0.0160639,0.0797089,"outcome",TRUE,"reported","Hmocp2","textfile"
"rs12970549",18,55934033,"G","A",0.561343,0.183145,-0.0591489,0.101832,"outcome",TRUE,"reported","Hmocp2","textfile"
"rs13415138",2,46854412,"T","C",0.144301,0.347905,0.12151,0.0832283,"outcome",TRUE,"reported","Hmocp2","textfile"
"rs1471834",15,64916028,"A","G",0.339591,0.706161,0.0831347,0.0870545,"outcome",TRUE,"reported","Hmocp2","textfile"
"rs17042584",3,5451403,"G","T",0.0934717,0.308647,-0.145321,0.0866366,"outcome",TRUE,"reported","Hmocp2","textfile"
"rs1821685",4,29309522,"C","T",0.717808,0.671894,-0.030547,0.0845266,"outcome",TRUE,"reported","Hmocp2","textfile"
"rs2032995",3,189514806,"T","G",0.296546,0.786112,-0.101262,0.0970065,"outcome",TRUE,"reported","Hmocp2","textfile"
"rs4637923",9,79382045,"T","C",0.0206552,0.205768,-0.226907,0.0980486,"outcome",TRUE,"reported","Hmocp2","textfile"
"rs4784054",16,58742410,"A","G",0.474793,0.0835406,-0.102275,0.143101,"outcome",TRUE,"reported","Hmocp2","textfile"
"rs4799200",18,78789058,"A","G",0.330684,0.0812826,0.140685,0.144628,"outcome",TRUE,"reported","Hmocp2","textfile"
"rs4872094",8,23238364,"C","T",0.704962,0.18091,-0.0388931,0.10272,"outcome",TRUE,"reported","Hmocp2","textfile"
"rs4952029",2,31026239,"G","C",0.0306062,0.939164,-0.357432,0.165313,"outcome",TRUE,"reported","Hmocp2","textfile"
"rs6966840",7,151415640,"G","A",0.0216162,0.233616,0.215292,0.0937259,"outcome",TRUE,"reported","Hmocp2","textfile"
"rs747902",12,108993802,"A","G",0.0202488,0.620177,0.19015,0.0819009,"outcome",TRUE,"reported","Hmocp2","textfile"
"rs7689395",4,114911396,"T","C",0.0232579,0.123719,0.274475,0.120958,"outcome",TRUE,"reported","Hmocp2","textfile"
"rs9467632",6,25889478,"G","A",0.479836,0.0568761,0.119325,0.16888,"outcome",TRUE,"reported","Hmocp2","textfile"
