"SNP","chr.outcome","pos.outcome","effect_allele.outcome","other_allele.outcome","pval.outcome","eaf.outcome","beta.outcome","se.outcome","outcome","mr_keep.outcome","pval_origin.outcome","id.outcome","data_source.outcome"
"rs12615551",2,118342014,"G","A",0.144121,0.0480863,-0.268942,0.184129,"outcome",TRUE,"reported","ttKTLz","textfile"
"rs2215015",14,72131234,"T","C",0.378858,0.287816,-0.076883,0.0873667,"outcome",TRUE,"reported","ttKTLz","textfile"
"rs2243617",10,17643728,"G","A",0.665491,0.155368,-0.0476346,0.110178,"outcome",TRUE,"reported","ttKTLz","textfile"
"rs4452760",8,91669355,"A","G",0.659294,0.596195,-0.0356191,0.0807895,"outcome",TRUE,"reported","ttKTLz","textfile"
"rs6534307",4,121652401,"T","G",0.617017,0.918925,0.0717101,0.143397,"outcome",TRUE,"reported","ttKTLz","textfile"
"rs7989427",13,94423995,"A","T",0.405643,0.065877,0.133053,0.159999,"outcome",TRUE,"reported","ttKTLz","textfile"
"rs8101881",19,32873722,"T","C",0.485983,0.677574,-0.0590635,0.0847747,"outcome",TRUE,"reported","ttKTLz","textfile"
