"SNP","chr.outcome","pos.outcome","effect_allele.outcome","other_allele.outcome","pval.outcome","eaf.outcome","beta.outcome","se.outcome","outcome","mr_keep.outcome","pval_origin.outcome","id.outcome","data_source.outcome"
"rs10162458",14,77638845,"C","T",0.581369,0.285534,-0.0483223,0.0876381,"outcome",TRUE,"reported","iMJ0FV","textfile"
"rs109843",5,98985233,"A","T",0.793277,0.392582,-0.0213521,0.0814788,"outcome",TRUE,"reported","iMJ0FV","textfile"
"rs11222082",11,99966526,"G","C",0.0929266,0.0784935,0.24735,0.147218,"outcome",TRUE,"reported","iMJ0FV","textfile"
"rs11776902",8,4313456,"A","G",0.255286,0.547089,-0.0905569,0.0796032,"outcome",TRUE,"reported","iMJ0FV","textfile"
"rs12406448",1,10046717,"C","T",0.598884,0.00447165,-0.307844,0.585249,"outcome",TRUE,"reported","iMJ0FV","textfile"
"rs12498629",4,45784790,"T","C",0.691062,0.338696,-0.033394,0.0840284,"outcome",TRUE,"reported","iMJ0FV","textfile"
"rs12871836",13,98095958,"A","C",0.782945,0.443412,0.02204,0.0800046,"outcome",TRUE,"reported","iMJ0FV","textfile"
"rs12996267",2,23073658,"G","C",0.527778,0.341467,-0.0528827,0.0837545,"outcome",TRUE,"reported","iMJ0FV","textfile"
"rs13278849",8,26857357,"A","G",0.714348,0.803197,-0.0365264,0.099793,"outcome",TRUE,"reported","iMJ0FV","textfile"
"rs13395555",2,85749113,"C","T",0.288608,0.56228,0.0849653,0.0800669,"outcome",TRUE,"reported","iMJ0FV","textfile"
"rs1389052",3,103289527,"T","C",0.0498643,0.731324,0.174704,0.0890837,"outcome",TRUE,"reported","iMJ0FV","textfile"
"rs1457192",8,4825153,"A","G",0.98578,0.261329,0.00160181,0.0898737,"outcome",TRUE,"reported","iMJ0FV","textfile"
"rs1630999",3,10263867,"C","G",0.315799,0.448482,0.0797436,0.0794949,"outcome",TRUE,"reported","iMJ0FV","textfile"
"rs17118209",14,47221033,"C","T",0.483669,0.0663619,0.111288,0.158888,"outcome",TRUE,"reported","iMJ0FV","textfile"
"rs17589032",11,37661871,"T","G",0.391507,0.0148169,0.282957,0.330215,"outcome",TRUE,"reported","iMJ0FV","textfile"
"rs1769582",14,34032628,"G","A",0.785945,0.770123,-0.0257162,0.0946908,"outcome",TRUE,"reported","iMJ0FV","textfile"
"rs1876088",2,51115271,"A","C",0.010637,0.653476,0.21241,0.0831543,"outcome",TRUE,"reported","iMJ0FV","textfile"
"rs2256490",21,44667160,"T","A",0.608188,0.75085,-0.0466767,0.0910477,"outcome",TRUE,"reported","iMJ0FV","textfile"
"rs227375",4,102696866,"C","T",0.905878,0.572943,-0.00949415,0.080296,"outcome",TRUE,"reported","iMJ0FV","textfile"
"rs2286707",7,22988991,"T","G",0.481936,0.225372,-0.0667158,0.0948756,"outcome",TRUE,"reported","iMJ0FV","textfile"
"rs2434210",16,10205333,"A","T",0.0841763,0.831431,0.182362,0.105598,"outcome",TRUE,"reported","iMJ0FV","textfile"
"rs2514587",8,118587453,"A","G",0.734091,0.722991,-0.0301715,0.088821,"outcome",TRUE,"reported","iMJ0FV","textfile"
"rs2781537",9,69463677,"C","T",0.77574,0.378181,0.0232003,0.0814405,"outcome",TRUE,"reported","iMJ0FV","textfile"
"rs2870925",12,66919402,"G","C",0.943787,0.392869,0.00570496,0.0809094,"outcome",TRUE,"reported","iMJ0FV","textfile"
"rs302149",7,18247315,"G","A",0.542198,0.0237334,0.162363,0.26639,"outcome",TRUE,"reported","iMJ0FV","textfile"
"rs328370",16,73763109,"T","G",0.293437,0.783663,0.100768,0.0959133,"outcome",TRUE,"reported","iMJ0FV","textfile"
"rs3742766",14,75669203,"A","G",0.106455,0.0328782,0.354892,0.219838,"outcome",TRUE,"reported","iMJ0FV","textfile"
"rs3789299",9,116364691,"C","G",0.169716,0.405493,0.110428,0.0804214,"outcome",TRUE,"reported","iMJ0FV","textfile"
"rs3845671",2,128799116,"G","C",0.223985,0.595023,0.0977335,0.080373,"outcome",TRUE,"reported","iMJ0FV","textfile"
"rs4298477",8,40790365,"C","T",0.201581,0.415226,0.102561,0.0803104,"outcome",TRUE,"reported","iMJ0FV","textfile"
"rs446125",20,44638624,"G","T",0.270492,0.794891,0.107674,0.0977143,"outcome",TRUE,"reported","iMJ0FV","textfile"
"rs4666048",2,28262577,"A","G",0.0854693,0.718302,-0.151373,0.0880182,"outcome",TRUE,"reported","iMJ0FV","textfile"
"rs4878628",9,35766564,"T","C",0.923038,0.238678,-0.00896936,0.0928438,"outcome",TRUE,"reported","iMJ0FV","textfile"
"rs571139",11,116366300,"A","G",0.305985,0.40644,-0.0825423,0.0806327,"outcome",TRUE,"reported","iMJ0FV","textfile"
"rs598236",19,6009434,"C","T",0.304098,0.21224,0.0996605,0.0969756,"outcome",TRUE,"reported","iMJ0FV","textfile"
"rs624947",11,68373314,"A","G",0.572721,0.772379,0.0536709,0.095153,"outcome",TRUE,"reported","iMJ0FV","textfile"
"rs625676",11,131954605,"T","C",0.935767,0.69547,0.00695172,0.0862583,"outcome",TRUE,"reported","iMJ0FV","textfile"
"rs6441104",3,156963652,"A","G",0.745688,0.177283,-0.0336165,0.103649,"outcome",TRUE,"reported","iMJ0FV","textfile"
"rs6513545",20,60897111,"G","A",0.537936,0.426936,-0.049379,0.0801689,"outcome",TRUE,"reported","iMJ0FV","textfile"
"rs6874723",5,175494167,"T","C",0.600098,0.425984,-0.0419606,0.0800378,"outcome",TRUE,"reported","iMJ0FV","textfile"
"rs6919834",6,105653594,"T","C",0.484991,0.156511,0.0759975,0.108833,"outcome",TRUE,"reported","iMJ0FV","textfile"
"rs711995",3,194640198,"T","C",0.474232,0.434443,-0.0569268,0.07955,"outcome",TRUE,"reported","iMJ0FV","textfile"
"rs727233",12,4971754,"G","A",0.379236,0.264521,0.079069,0.0899222,"outcome",TRUE,"reported","iMJ0FV","textfile"
"rs7541235",1,81299659,"T","G",0.909228,0.687864,0.00979082,0.0858754,"outcome",TRUE,"reported","iMJ0FV","textfile"
"rs7547566",1,203043577,"G","C",0.940816,0.599914,-0.00601636,0.0810342,"outcome",TRUE,"reported","iMJ0FV","textfile"
"rs7677906",4,177776053,"T","C",0.650918,0.484857,-0.0358041,0.0791273,"outcome",TRUE,"reported","iMJ0FV","textfile"
"rs7800932",7,153922977,"T","G",0.967756,0.500451,-0.00321033,0.0794186,"outcome",TRUE,"reported","iMJ0FV","textfile"
"rs8180794",7,126079078,"G","A",0.0284984,0.50383,-0.173749,0.0793244,"outcome",TRUE,"reported","iMJ0FV","textfile"
"rs892857",11,78996321,"C","T",0.288962,0.372273,-0.0871965,0.0822296,"outcome",TRUE,"reported","iMJ0FV","textfile"
"rs922048",18,59209154,"T","A",0.80036,0.696579,0.0217822,0.0861361,"outcome",TRUE,"reported","iMJ0FV","textfile"
"rs9539356",13,61889198,"C","A",0.513121,0.274281,0.0580055,0.0886953,"outcome",TRUE,"reported","iMJ0FV","textfile"
"rs9547604",13,36554488,"A","G",0.695594,0.228978,-0.0368377,0.0941477,"outcome",TRUE,"reported","iMJ0FV","textfile"
