"SNP","chr.outcome","pos.outcome","effect_allele.outcome","other_allele.outcome","pval.outcome","eaf.outcome","beta.outcome","se.outcome","outcome","mr_keep.outcome","pval_origin.outcome","id.outcome","data_source.outcome"
"rs1012455",1,80273858,"G","A",0.00241279,0.443734,0.230741,0.0760501,"outcome",TRUE,"reported","j8ZJL0","textfile"
"rs10451238",17,13825432,"A","G",0.948719,0.879181,-0.00783618,0.12184,"outcome",TRUE,"reported","j8ZJL0","textfile"
"rs10508477",10,14556741,"C","G",0.279174,0.552762,0.0859877,0.0794582,"outcome",TRUE,"reported","j8ZJL0","textfile"
"rs10877921",12,62846892,"A","G",0.12554,0.159111,0.16862,0.11007,"outcome",TRUE,"reported","j8ZJL0","textfile"
"rs10917314",1,22826790,"C","T",0.412891,0.544253,-0.0649029,0.0792642,"outcome",TRUE,"reported","j8ZJL0","textfile"
"rs10938307",4,43779822,"C","T",0.454774,0.578614,-0.0597539,0.0799406,"outcome",TRUE,"reported","j8ZJL0","textfile"
"rs1284408",18,13548431,"G","T",0.437548,0.475237,-0.0617283,0.0795119,"outcome",TRUE,"reported","j8ZJL0","textfile"
"rs12995493",2,28428638,"G","A",0.411048,0.468858,0.0652759,0.0794062,"outcome",TRUE,"reported","j8ZJL0","textfile"
"rs17699658",3,71207158,"T","C",0.628552,0.289277,0.0424523,0.0877535,"outcome",TRUE,"reported","j8ZJL0","textfile"
"rs2202185",14,78997437,"A","G",0.950987,0.260226,0.00555832,0.0904263,"outcome",TRUE,"reported","j8ZJL0","textfile"
"rs2268943",1,58575384,"A","T",0.865093,0.0545084,-0.0296212,0.17435,"outcome",TRUE,"reported","j8ZJL0","textfile"
"rs2322487",6,164522381,"T","A",0.4536,0.428739,-0.0597434,0.0797188,"outcome",TRUE,"reported","j8ZJL0","textfile"
"rs2405867",5,80592631,"A","G",0.172328,0.196465,-0.136508,0.100024,"outcome",TRUE,"reported","j8ZJL0","textfile"
"rs2671471",10,63993149,"A","G",0.605717,0.141341,-0.0591725,0.114632,"outcome",TRUE,"reported","j8ZJL0","textfile"
"rs2761165",13,99814461,"T","A",0.598395,0.5848,0.0422857,0.0802827,"outcome",TRUE,"reported","j8ZJL0","textfile"
"rs278815",18,78506696,"T","C",0.028013,0.940281,-0.365692,0.166443,"outcome",TRUE,"reported","j8ZJL0","textfile"
"rs2863821",5,130099058,"G","A",0.682823,0.511473,0.0326103,0.0798072,"outcome",TRUE,"reported","j8ZJL0","textfile"
"rs3104893",8,95511383,"C","T",0.792153,0.504868,0.0208771,0.0792249,"outcome",TRUE,"reported","j8ZJL0","textfile"
"rs3213827",2,15997115,"A","G",0.882574,0.627217,-0.0121202,0.0820551,"outcome",TRUE,"reported","j8ZJL0","textfile"
"rs3734747",6,107598598,"A","G",0.0370382,0.277833,-0.184897,0.0886651,"outcome",TRUE,"reported","j8ZJL0","textfile"
"rs3798343",6,35389916,"G","C",0.188626,0.0398123,-0.266039,0.202364,"outcome",TRUE,"reported","j8ZJL0","textfile"
"rs4279521",7,75823266,"C","A",0.50178,0.546594,0.0534412,0.079562,"outcome",TRUE,"reported","j8ZJL0","textfile"
"rs4702556",5,8506929,"T","C",0.102822,0.463948,0.129328,0.079278,"outcome",TRUE,"reported","j8ZJL0","textfile"
"rs5768188",22,47932321,"G","A",0.439713,0.0266244,0.19084,0.246984,"outcome",TRUE,"reported","j8ZJL0","textfile"
"rs625842",2,12688847,"C","A",0.207242,0.47076,0.100147,0.0794069,"outcome",TRUE,"reported","j8ZJL0","textfile"
"rs6450714",5,29730708,"A","G",0.695045,0.974704,0.0978705,0.249659,"outcome",TRUE,"reported","j8ZJL0","textfile"
"rs6861890",5,55889536,"T","C",0.0348289,0.489675,-0.166556,0.0789236,"outcome",TRUE,"reported","j8ZJL0","textfile"
"rs715",2,210678331,"C","T",0.413028,0.313956,0.0703543,0.0859472,"outcome",TRUE,"reported","j8ZJL0","textfile"
"rs7990504",13,42025867,"C","A",0.537256,0.18193,-0.0631095,0.10229,"outcome",TRUE,"reported","j8ZJL0","textfile"
"rs8056954",16,56896317,"T","G",0.528367,0.198228,-0.0620587,0.0984277,"outcome",TRUE,"reported","j8ZJL0","textfile"
"rs9375450",6,126664205,"A","G",0.234729,0.473725,0.0938292,0.0789632,"outcome",TRUE,"reported","j8ZJL0","textfile"
"rs942358",13,107527314,"C","T",0.951903,0.901304,0.00798626,0.132404,"outcome",TRUE,"reported","j8ZJL0","textfile"
"rs957671",20,42814852,"G","A",0.978295,0.0815855,0.00395159,0.145246,"outcome",TRUE,"reported","j8ZJL0","textfile"
"rs9668088",12,94887628,"T","C",0.617115,0.432294,0.0399788,0.0799665,"outcome",TRUE,"reported","j8ZJL0","textfile"
"rs9789183",18,5877870,"C","T",0.186708,0.392201,-0.106765,0.0808591,"outcome",TRUE,"reported","j8ZJL0","textfile"
