"SNP","chr.outcome","pos.outcome","effect_allele.outcome","other_allele.outcome","pval.outcome","eaf.outcome","beta.outcome","se.outcome","outcome","mr_keep.outcome","pval_origin.outcome","id.outcome","data_source.outcome"
"rs1054634",11,1734995,"G","A",0.141329,0.10877,-0.185184,0.125902,"outcome",TRUE,"reported","v6VFBY","textfile"
"rs11117784",1,217178064,"C","T",0.4088,0.470938,0.0656216,0.0794444,"outcome",TRUE,"reported","v6VFBY","textfile"
"rs11134486",5,168056660,"C","T",0.903839,0.136465,0.013859,0.114715,"outcome",TRUE,"reported","v6VFBY","textfile"
"rs11157393",14,22081624,"C","T",0.565563,0.404519,0.0463852,0.0807263,"outcome",TRUE,"reported","v6VFBY","textfile"
"rs11675864",2,207824453,"C","T",0.141673,0.215693,-0.142017,0.0966374,"outcome",TRUE,"reported","v6VFBY","textfile"
"rs11865472",16,1134967,"A","G",0.637457,0.495107,0.0373509,0.0792579,"outcome",TRUE,"reported","v6VFBY","textfile"
"rs13160919",5,129218502,"G","A",0.916358,0.0927747,-0.0144469,0.137561,"outcome",TRUE,"reported","v6VFBY","textfile"
"rs1472923",4,126529120,"T","C",0.896413,0.1666,-0.0137613,0.105699,"outcome",TRUE,"reported","v6VFBY","textfile"
"rs2820865",1,163484121,"C","T",0.607875,0.227777,0.0482586,0.0940513,"outcome",TRUE,"reported","v6VFBY","textfile"
"rs4073054",1,161230697,"A","C",0.976735,0.611276,-0.0023656,0.081118,"outcome",TRUE,"reported","v6VFBY","textfile"
"rs6078040",20,1178751,"C","T",0.715621,0.0601042,-0.0611989,0.167982,"outcome",TRUE,"reported","v6VFBY","textfile"
"rs628238",18,3519663,"C","A",0.42714,0.768812,-0.0747403,0.0941201,"outcome",TRUE,"reported","v6VFBY","textfile"
"rs6890028",5,3094613,"T","C",0.742458,0.235857,0.0305403,0.0929403,"outcome",TRUE,"reported","v6VFBY","textfile"
"rs710719",12,69675839,"C","G",0.353706,0.304983,-0.0795628,0.0857891,"outcome",TRUE,"reported","v6VFBY","textfile"
"rs805780",7,123575795,"C","A",0.262979,0.177715,0.115513,0.103194,"outcome",TRUE,"reported","v6VFBY","textfile"
