"SNP","chr.outcome","pos.outcome","effect_allele.outcome","other_allele.outcome","pval.outcome","eaf.outcome","beta.outcome","se.outcome","outcome","mr_keep.outcome","pval_origin.outcome","id.outcome","data_source.outcome"
"rs10208071",2,191740901,"A","G",0.511232,0.662651,-0.0551894,0.0840122,"outcome",TRUE,"reported","KXd3Eu","textfile"
"rs10810813",9,17603498,"A","G",0.0466928,0.155407,0.218931,0.110066,"outcome",TRUE,"reported","KXd3Eu","textfile"
"rs11065301",12,120866565,"T","C",0.845646,0.400588,0.0158118,0.0812207,"outcome",TRUE,"reported","KXd3Eu","textfile"
"rs11776015",8,13351159,"C","T",0.762423,0.101597,-0.0398347,0.131772,"outcome",TRUE,"reported","KXd3Eu","textfile"
"rs13163520",5,18662577,"G","A",0.687352,0.183713,-0.0410011,0.101879,"outcome",TRUE,"reported","KXd3Eu","textfile"
"rs1929842",9,104871342,"C","G",0.114134,0.188449,-0.159108,0.100709,"outcome",TRUE,"reported","KXd3Eu","textfile"
"rs2186912",18,5556698,"A","G",0.722312,0.0529244,-0.0628373,0.176822,"outcome",TRUE,"reported","KXd3Eu","textfile"
"rs2280289",2,237575086,"G","A",0.629908,0.151546,-0.0532733,0.110558,"outcome",TRUE,"reported","KXd3Eu","textfile"
"rs249462",5,4996301,"A","T",0.457568,0.307471,-0.0641639,0.0863744,"outcome",TRUE,"reported","KXd3Eu","textfile"
"rs2818310",9,118977295,"T","C",0.821957,0.772105,-0.0211461,0.0939707,"outcome",TRUE,"reported","KXd3Eu","textfile"
"rs603424",10,100315722,"A","G",0.499249,0.116341,-0.0833873,0.123414,"outcome",TRUE,"reported","KXd3Eu","textfile"
"rs774211",12,56527155,"C","T",0.495957,0.139188,-0.0776265,0.114011,"outcome",TRUE,"reported","KXd3Eu","textfile"
"rs9477741",6,18425472,"C","G",0.0808463,0.00456922,-1.01912,0.583754,"outcome",TRUE,"reported","KXd3Eu","textfile"
