"SNP","chr.outcome","pos.outcome","effect_allele.outcome","other_allele.outcome","pval.outcome","eaf.outcome","beta.outcome","se.outcome","outcome","mr_keep.outcome","pval_origin.outcome","id.outcome","data_source.outcome"
"rs10999482",10,70719189,"G","T",0.221169,0.278185,0.107786,0.0881015,"outcome",TRUE,"reported","UyVhIH","textfile"
"rs1523437",3,63310667,"A","G",0.156641,0.863455,0.162392,0.114646,"outcome",TRUE,"reported","UyVhIH","textfile"
"rs16823145",1,184428781,"G","A",0.873526,0.0773712,-0.0234361,0.147229,"outcome",TRUE,"reported","UyVhIH","textfile"
"rs17723514",18,65887009,"G","A",0.17616,0.355187,0.111429,0.0823771,"outcome",TRUE,"reported","UyVhIH","textfile"
"rs1868259",11,121907372,"G","A",0.690623,0.504275,0.031481,0.0790962,"outcome",TRUE,"reported","UyVhIH","textfile"
"rs2363820",7,140507341,"G","C",0.55795,0.513733,-0.0464849,0.0793407,"outcome",TRUE,"reported","UyVhIH","textfile"
"rs2689327",3,154378029,"A","G",0.177469,0.755786,0.124015,0.0919594,"outcome",TRUE,"reported","UyVhIH","textfile"
"rs310271",8,23787153,"A","G",0.306594,0.285653,0.0896338,0.0876705,"outcome",TRUE,"reported","UyVhIH","textfile"
"rs6595543",5,124763327,"A","G",0.93683,0.513184,-0.00633524,0.0799346,"outcome",TRUE,"reported","UyVhIH","textfile"
"rs9510021",13,22183216,"A","C",0.497848,0.52621,-0.0538921,0.0795009,"outcome",TRUE,"reported","UyVhIH","textfile"
