"SNP","chr.outcome","pos.outcome","effect_allele.outcome","other_allele.outcome","pval.outcome","eaf.outcome","beta.outcome","se.outcome","outcome","mr_keep.outcome","pval_origin.outcome","id.outcome","data_source.outcome"
"rs10817879",9,116375885,"C","T",0.86804,0.447278,0.0132294,0.0796237,"outcome",TRUE,"reported","AIMaG3","textfile"
"rs11106514",12,92335467,"G","A",0.641007,0.0512084,-0.083741,0.17959,"outcome",TRUE,"reported","AIMaG3","textfile"
"rs11236928",11,70622282,"C","G",0.359938,0.216066,0.0879857,0.0961084,"outcome",TRUE,"reported","AIMaG3","textfile"
"rs12516773",5,57738826,"G","A",0.396681,0.463678,0.0673789,0.079497,"outcome",TRUE,"reported","AIMaG3","textfile"
"rs12583752",13,110056227,"A","C",0.138581,0.166248,0.160494,0.108362,"outcome",TRUE,"reported","AIMaG3","textfile"
"rs1534979",20,2350867,"C","T",0.626571,0.696333,-0.0420557,0.0864347,"outcome",TRUE,"reported","AIMaG3","textfile"
"rs17260469",9,20209703,"C","T",0.861121,0.158175,-0.0189514,0.108326,"outcome",TRUE,"reported","AIMaG3","textfile"
"rs17755177",2,187104359,"A","T",0.173389,0.555985,-0.108918,0.0800048,"outcome",TRUE,"reported","AIMaG3","textfile"
"rs17756479",4,7321521,"G","C",0.836468,0.248583,-0.0188715,0.0914258,"outcome",TRUE,"reported","AIMaG3","textfile"
"rs2007443",15,49564980,"A","T",0.337873,0.12517,0.114294,0.119259,"outcome",TRUE,"reported","AIMaG3","textfile"
"rs2034360",2,46159159,"T","C",0.793732,0.838809,0.0283512,0.108431,"outcome",TRUE,"reported","AIMaG3","textfile"
"rs2049216",3,105626006,"G","C",0.316974,0.829492,0.105188,0.105115,"outcome",TRUE,"reported","AIMaG3","textfile"
"rs4075958",5,177357511,"A","G",0.232249,0.278332,-0.104779,0.0877116,"outcome",TRUE,"reported","AIMaG3","textfile"
"rs4302786",7,126693062,"T","A",0.744953,0.981856,0.0947633,0.29131,"outcome",TRUE,"reported","AIMaG3","textfile"
"rs4765356",12,124186008,"A","G",0.69512,0.909999,-0.0544875,0.139029,"outcome",TRUE,"reported","AIMaG3","textfile"
"rs4798481",18,6693108,"A","G",0.469138,0.159687,-0.0777908,0.107463,"outcome",TRUE,"reported","AIMaG3","textfile"
"rs4811661",20,56185459,"C","T",0.519141,0.659734,-0.0537382,0.0833575,"outcome",TRUE,"reported","AIMaG3","textfile"
"rs5995601",22,22170474,"G","A",0.325601,0.129836,0.115618,0.117616,"outcome",TRUE,"reported","AIMaG3","textfile"
"rs6832163",4,113986863,"G","A",0.848071,0.792824,0.0187248,0.0977391,"outcome",TRUE,"reported","AIMaG3","textfile"
"rs7945891",11,73759049,"A","G",0.800022,0.0350373,0.0540197,0.213248,"outcome",TRUE,"reported","AIMaG3","textfile"
"rs7988423",13,51883246,"T","C",0.0850041,0.972267,0.411244,0.238768,"outcome",TRUE,"reported","AIMaG3","textfile"
"rs8137744",22,44301400,"G","A",0.989153,0.564411,-0.00108888,0.0800922,"outcome",TRUE,"reported","AIMaG3","textfile"
