"SNP","chr.outcome","pos.outcome","effect_allele.outcome","other_allele.outcome","pval.outcome","eaf.outcome","beta.outcome","se.outcome","outcome","mr_keep.outcome","pval_origin.outcome","id.outcome","data_source.outcome"
"rs10209735",2,180922918,"A","G",0.977596,0.853296,0.00314977,0.112158,"outcome",TRUE,"reported","Hz8p1N","textfile"
"rs10227139",7,156977742,"C","T",0.492977,0.462254,0.0543418,0.0792638,"outcome",TRUE,"reported","Hz8p1N","textfile"
"rs1050457",19,731144,"G","A",0.769938,0.448159,-0.0232212,0.0794009,"outcome",TRUE,"reported","Hz8p1N","textfile"
"rs10802883",1,240520189,"A","G",0.807077,0.411278,0.0196724,0.0805594,"outcome",TRUE,"reported","Hz8p1N","textfile"
"rs11891474",2,129852009,"G","A",0.846133,0.00732345,0.0914799,0.471411,"outcome",TRUE,"reported","Hz8p1N","textfile"
"rs13127926",4,117379728,"G","A",0.957396,0.460892,-0.00426332,0.0798056,"outcome",TRUE,"reported","Hz8p1N","textfile"
"rs13222124",7,53002693,"G","A",0.227244,0.0482503,0.221518,0.183454,"outcome",TRUE,"reported","Hz8p1N","textfile"
"rs16936280",8,69675864,"G","A",0.466035,0.455638,-0.0581384,0.0797569,"outcome",TRUE,"reported","Hz8p1N","textfile"
"rs17109682",14,20288118,"G","C",0.0912557,0.0303382,0.392844,0.232616,"outcome",TRUE,"reported","Hz8p1N","textfile"
"rs17463576",4,44885776,"A","G",0.962675,0.526718,0.00370501,0.079173,"outcome",TRUE,"reported","Hz8p1N","textfile"
"rs1760904",14,20383870,"G","A",0.424014,0.449912,0.0637426,0.0797303,"outcome",TRUE,"reported","Hz8p1N","textfile"
"rs1800775",16,56961324,"A","C",0.280906,0.499471,0.0853184,0.0791241,"outcome",TRUE,"reported","Hz8p1N","textfile"
"rs2223810",6,103407178,"C","A",0.647679,0.186844,0.0463444,0.101413,"outcome",TRUE,"reported","Hz8p1N","textfile"
"rs2365435",12,74022782,"A","T",0.800487,0.551436,0.0200558,0.0793607,"outcome",TRUE,"reported","Hz8p1N","textfile"
"rs2895714",8,81321040,"A","G",0.453586,0.775857,-0.0713625,0.0952199,"outcome",TRUE,"reported","Hz8p1N","textfile"
"rs2920043",8,105767101,"C","A",0.513322,0.354118,0.0542266,0.0829567,"outcome",TRUE,"reported","Hz8p1N","textfile"
"rs4073054",1,161230697,"A","C",0.976735,0.611276,-0.0023656,0.081118,"outcome",TRUE,"reported","Hz8p1N","textfile"
"rs4697525",4,25017003,"T","C",0.13426,0.505572,-0.119275,0.0796491,"outcome",TRUE,"reported","Hz8p1N","textfile"
"rs4937602",11,131150759,"G","A",0.0761991,0.609813,-0.144434,0.0814548,"outcome",TRUE,"reported","Hz8p1N","textfile"
"rs575528",1,81097564,"G","A",0.778553,0.519528,0.0222902,0.0792665,"outcome",TRUE,"reported","Hz8p1N","textfile"
"rs5758064",22,40757875,"C","T",0.100489,0.579119,-0.131693,0.0801789,"outcome",TRUE,"reported","Hz8p1N","textfile"
"rs6475805",9,24658727,"C","T",0.76034,0.442213,0.0243886,0.0799539,"outcome",TRUE,"reported","Hz8p1N","textfile"
"rs6566995",18,58654117,"T","C",0.647077,0.470031,-0.0364587,0.0796341,"outcome",TRUE,"reported","Hz8p1N","textfile"
"rs7144509",14,52556889,"A","G",0.272901,0.438365,-0.0873009,0.0796245,"outcome",TRUE,"reported","Hz8p1N","textfile"
"rs7160179",14,80518069,"C","G",0.40247,0.87329,-0.0994748,0.118816,"outcome",TRUE,"reported","Hz8p1N","textfile"
"rs7242260",18,897562,"C","A",0.225553,0.12046,-0.147232,0.121489,"outcome",TRUE,"reported","Hz8p1N","textfile"
"rs746764",20,21490075,"T","C",0.87502,0.214304,0.0151698,0.0964474,"outcome",TRUE,"reported","Hz8p1N","textfile"
"rs7467889",9,101985584,"T","C",0.382439,0.396916,-0.0704545,0.080666,"outcome",TRUE,"reported","Hz8p1N","textfile"
"rs7523745",1,181305279,"C","T",0.485509,0.570793,-0.0557562,0.0799405,"outcome",TRUE,"reported","Hz8p1N","textfile"
"rs7731057",5,31442995,"C","T",0.56228,0.258095,-0.0525679,0.0907191,"outcome",TRUE,"reported","Hz8p1N","textfile"
