"SNP","chr.outcome","pos.outcome","effect_allele.outcome","other_allele.outcome","pval.outcome","eaf.outcome","beta.outcome","se.outcome","outcome","mr_keep.outcome","pval_origin.outcome","id.outcome","data_source.outcome"
"rs10078652",5,104781996,"C","T",0.447856,0.207202,-0.0739399,0.0974181,"outcome",TRUE,"reported","f6sNan","textfile"
"rs10151267",14,62595202,"T","C",0.0185691,0.455461,-0.187535,0.0796644,"outcome",TRUE,"reported","f6sNan","textfile"
"rs11864324",16,4231390,"G","T",0.696306,0.31069,0.0336056,0.0860996,"outcome",TRUE,"reported","f6sNan","textfile"
"rs12665495",6,129784686,"G","A",0.395888,0.101488,0.111866,0.131763,"outcome",TRUE,"reported","f6sNan","textfile"
"rs12946796",17,57238704,"G","A",0.935836,0.146119,-0.00903153,0.112186,"outcome",TRUE,"reported","f6sNan","textfile"
"rs13025976",2,47365948,"A","T",0.747297,0.808597,-0.0327619,0.10168,"outcome",TRUE,"reported","f6sNan","textfile"
"rs13049280",21,39222730,"G","C",0.667973,0.235299,0.0401101,0.0935118,"outcome",TRUE,"reported","f6sNan","textfile"
"rs13073181",3,56538426,"G","C",0.809602,0.657008,-0.0201242,0.0835237,"outcome",TRUE,"reported","f6sNan","textfile"
"rs13095561",3,126238762,"C","T",0.0790806,0.30556,-0.150679,0.0858063,"outcome",TRUE,"reported","f6sNan","textfile"
"rs1429219",2,5797101,"A","G",0.70194,0.0381465,-0.0788472,0.206027,"outcome",TRUE,"reported","f6sNan","textfile"
"rs17526006",15,83563614,"A","G",0.64916,0.204587,0.044497,0.0978108,"outcome",TRUE,"reported","f6sNan","textfile"
"rs2123489",8,112428609,"G","A",0.622683,0.207388,0.0477598,0.0970626,"outcome",TRUE,"reported","f6sNan","textfile"
"rs2211843",21,37811882,"T","G",0.396451,0.233172,-0.0796004,0.0938708,"outcome",TRUE,"reported","f6sNan","textfile"
"rs2934216",5,52926678,"A","G",0.412341,0.758134,0.0757532,0.0924067,"outcome",TRUE,"reported","f6sNan","textfile"
"rs3751834",16,78982511,"G","A",0.430914,0.084945,0.11171,0.141831,"outcome",TRUE,"reported","f6sNan","textfile"
"rs4073054",1,161230697,"A","C",0.976735,0.611276,-0.0023656,0.081118,"outcome",TRUE,"reported","f6sNan","textfile"
"rs4623423",8,14833416,"G","C",0.676994,0.440003,0.0332329,0.0797779,"outcome",TRUE,"reported","f6sNan","textfile"
"rs6681770",1,242643648,"G","A",0.59843,0.206862,-0.0512343,0.0972815,"outcome",TRUE,"reported","f6sNan","textfile"
"rs6688960",1,213618078,"G","A",0.465016,0.00329077,-0.523686,0.716776,"outcome",TRUE,"reported","f6sNan","textfile"
"rs6767775",3,84107954,"G","A",0.73423,0.497621,0.0269761,0.0794574,"outcome",TRUE,"reported","f6sNan","textfile"
"rs7181047",15,66858383,"T","C",0.00226642,0.318638,0.244301,0.0800227,"outcome",TRUE,"reported","f6sNan","textfile"
"rs8057091",16,6852147,"C","T",0.757693,0.666661,-0.0258613,0.0838255,"outcome",TRUE,"reported","f6sNan","textfile"
