"SNP","chr.outcome","pos.outcome","effect_allele.outcome","other_allele.outcome","pval.outcome","eaf.outcome","beta.outcome","se.outcome","outcome","mr_keep.outcome","pval_origin.outcome","id.outcome","data_source.outcome"
"rs11576061",1,153002693,"A","G",0.915636,0.120243,-0.0128628,0.121424,"outcome",TRUE,"reported","O84ekX","textfile"
"rs11642383",16,81454753,"G","A",0.373047,0.196273,-0.0885907,0.0994529,"outcome",TRUE,"reported","O84ekX","textfile"
"rs13420395",2,54831583,"A","G",0.942604,0.100497,0.0094376,0.131082,"outcome",TRUE,"reported","O84ekX","textfile"
"rs1421165",3,177915845,"C","T",0.255577,0.271386,0.100957,0.0887992,"outcome",TRUE,"reported","O84ekX","textfile"
"rs1456374",4,116063680,"T","C",0.0176958,0.593536,0.190851,0.0804629,"outcome",TRUE,"reported","O84ekX","textfile"
"rs17141888",10,6815728,"G","C",0.699525,0.0218676,0.106176,0.275094,"outcome",TRUE,"reported","O84ekX","textfile"
"rs2269713",6,31173350,"G","A",0.673609,0.0557467,-0.0721116,0.171205,"outcome",TRUE,"reported","O84ekX","textfile"
"rs2694777",10,116099987,"G","A",0.853969,0.206131,-0.0181538,0.0986317,"outcome",TRUE,"reported","O84ekX","textfile"
"rs4287862",22,22132342,"G","A",0.954749,0.843734,-0.00616489,0.108643,"outcome",TRUE,"reported","O84ekX","textfile"
"rs6012418",20,48407759,"A","G",0.197033,0.15775,0.14085,0.109182,"outcome",TRUE,"reported","O84ekX","textfile"
"rs6941976",6,157087549,"T","G",0.387405,0.122752,-0.104299,0.120669,"outcome",TRUE,"reported","O84ekX","textfile"
"rs7184060",16,54487737,"A","G",0.936118,0.174485,-0.00838121,0.104568,"outcome",TRUE,"reported","O84ekX","textfile"
"rs7811011",7,32361262,"C","G",0.582962,0.0193693,0.155538,0.283277,"outcome",TRUE,"reported","O84ekX","textfile"
