"SNP","chr.outcome","pos.outcome","effect_allele.outcome","other_allele.outcome","pval.outcome","eaf.outcome","beta.outcome","se.outcome","outcome","mr_keep.outcome","pval_origin.outcome","id.outcome","data_source.outcome"
"rs1070645",6,61257867,"C","T",0.941462,0.869036,0.00858773,0.116948,"outcome",TRUE,"reported","E5mNYZ","textfile"
"rs11030066",11,27596943,"T","C",0.692858,0.0748969,0.0590509,0.149503,"outcome",TRUE,"reported","E5mNYZ","textfile"
"rs11856508",15,80638401,"C","T",0.607598,0.00672236,0.25757,0.501591,"outcome",TRUE,"reported","E5mNYZ","textfile"
"rs11890704",2,233795021,"C","T",0.342444,0.109085,-0.120591,0.127025,"outcome",TRUE,"reported","E5mNYZ","textfile"
"rs12337498",9,113269360,"T","C",0.121285,0.277349,0.136915,0.0883662,"outcome",TRUE,"reported","E5mNYZ","textfile"
"rs12768523",10,120992699,"T","C",0.0807886,0.162896,0.187777,0.107539,"outcome",TRUE,"reported","E5mNYZ","textfile"
"rs12965690",18,14121618,"C","T",0.293464,0.207088,0.102338,0.0974136,"outcome",TRUE,"reported","E5mNYZ","textfile"
"rs13117091",4,76805435,"A","G",0.525733,0.140016,0.0725591,0.11435,"outcome",TRUE,"reported","E5mNYZ","textfile"
"rs13149458",4,96944792,"T","C",0.0907256,0.0328744,-0.376153,0.222368,"outcome",TRUE,"reported","E5mNYZ","textfile"
"rs17046742",2,24942956,"A","G",0.909809,0.104738,0.0147195,0.12994,"outcome",TRUE,"reported","E5mNYZ","textfile"
"rs17304995",3,53036739,"G","A",0.917643,0.266919,-0.00919478,0.088922,"outcome",TRUE,"reported","E5mNYZ","textfile"
"rs17531033",4,113518675,"C","G",0.67165,0.263604,-0.0379276,0.0894762,"outcome",TRUE,"reported","E5mNYZ","textfile"
"rs1994851",8,61465045,"G","A",0.645302,0.899675,0.0608048,0.132099,"outcome",TRUE,"reported","E5mNYZ","textfile"
"rs322129",19,11290429,"T","C",0.480589,0.211464,-0.0681432,0.0966083,"outcome",TRUE,"reported","E5mNYZ","textfile"
"rs3762660",3,98506816,"G","T",0.694712,0.092608,-0.0532895,0.13578,"outcome",TRUE,"reported","E5mNYZ","textfile"
"rs3849097",5,16367746,"G","T",0.0289321,0.20583,0.213749,0.0978518,"outcome",TRUE,"reported","E5mNYZ","textfile"
"rs4462847",20,24918423,"G","T",0.764511,0.319772,0.025454,0.0849709,"outcome",TRUE,"reported","E5mNYZ","textfile"
"rs4739066",8,63191534,"G","A",0.420793,0.0929033,-0.108739,0.135072,"outcome",TRUE,"reported","E5mNYZ","textfile"
"rs4814176",20,12978750,"C","T",0.547429,0.658228,0.0501565,0.0833696,"outcome",TRUE,"reported","E5mNYZ","textfile"
"rs4902243",14,63767525,"G","A",0.765387,0.133727,-0.034912,0.116992,"outcome",TRUE,"reported","E5mNYZ","textfile"
"rs4949008",10,42388721,"G","A",0.316524,0.333029,-0.0844246,0.0842877,"outcome",TRUE,"reported","E5mNYZ","textfile"
"rs6498634",16,16894426,"T","G",0.307356,0.772024,0.0964526,0.0944886,"outcome",TRUE,"reported","E5mNYZ","textfile"
