"SNP","chr.outcome","pos.outcome","effect_allele.outcome","other_allele.outcome","pval.outcome","eaf.outcome","beta.outcome","se.outcome","outcome","mr_keep.outcome","pval_origin.outcome","id.outcome","data_source.outcome"
"rs10124314",9,122621918,"T","C",0.629705,0.185331,-0.0489592,0.101545,"outcome",TRUE,"reported","tqiCEU","textfile"
"rs10467207",12,45153953,"G","A",0.959726,0.131906,-0.00593045,0.11744,"outcome",TRUE,"reported","tqiCEU","textfile"
"rs10489529",1,36698486,"A","G",0.243463,0.121499,-0.141647,0.121442,"outcome",TRUE,"reported","tqiCEU","textfile"
"rs11068516",12,117493562,"A","C",0.33487,0.203566,0.0950221,0.0985348,"outcome",TRUE,"reported","tqiCEU","textfile"
"rs1107270",6,22851803,"T","C",0.101912,0.76631,0.152576,0.0932812,"outcome",TRUE,"reported","tqiCEU","textfile"
"rs11631900",15,98128937,"T","C",0.14728,0.35007,-0.120324,0.0830277,"outcome",TRUE,"reported","tqiCEU","textfile"
"rs11855284",15,58396988,"C","T",0.934912,0.212497,0.00784305,0.0960381,"outcome",TRUE,"reported","tqiCEU","textfile"
"rs11915489",3,53672564,"C","T",0.93482,0.177465,-0.00843457,0.103134,"outcome",TRUE,"reported","tqiCEU","textfile"
"rs12523450",5,135858534,"G","A",0.77847,0.205876,0.0275859,0.098061,"outcome",TRUE,"reported","tqiCEU","textfile"
"rs1323688",10,93280838,"T","C",0.0490264,0.319075,-0.167249,0.0849685,"outcome",TRUE,"reported","tqiCEU","textfile"
"rs1330292",9,133009419,"G","T",0.8443,0.173907,0.0204577,0.104165,"outcome",TRUE,"reported","tqiCEU","textfile"
"rs1379560",5,114309729,"T","C",0.569118,0.308443,0.0491537,0.0863329,"outcome",TRUE,"reported","tqiCEU","textfile"
"rs2159022",7,102873551,"C","T",0.860266,0.160502,0.019086,0.108421,"outcome",TRUE,"reported","tqiCEU","textfile"
"rs2213261",3,97044304,"C","T",0.660745,0.0856548,0.0619775,0.141216,"outcome",TRUE,"reported","tqiCEU","textfile"
"rs2287011",2,200656749,"A","G",0.0559384,0.295843,0.166843,0.0872832,"outcome",TRUE,"reported","tqiCEU","textfile"
"rs2531899",17,59929832,"A","G",0.450787,0.178837,-0.0774973,0.102767,"outcome",TRUE,"reported","tqiCEU","textfile"
"rs2876814",13,84342723,"G","T",0.0324511,0.803671,-0.214383,0.100235,"outcome",TRUE,"reported","tqiCEU","textfile"
"rs445925",19,44912383,"A","G",0.0513961,0.0733256,0.293576,0.150694,"outcome",TRUE,"reported","tqiCEU","textfile"
"rs453766",19,11296163,"G","C",0.54389,0.270561,-0.0537859,0.088618,"outcome",TRUE,"reported","tqiCEU","textfile"
"rs4832148",2,85207417,"T","C",0.746744,0.769306,0.030584,0.0947064,"outcome",TRUE,"reported","tqiCEU","textfile"
"rs4899091",14,62675234,"G","A",0.786694,0.212548,-0.0262027,0.0968293,"outcome",TRUE,"reported","tqiCEU","textfile"
"rs6126354",20,51854046,"T","C",0.79441,0.547956,0.0207713,0.0797092,"outcome",TRUE,"reported","tqiCEU","textfile"
"rs660240",1,109275216,"C","T",0.163071,0.786818,-0.135082,0.0968454,"outcome",TRUE,"reported","tqiCEU","textfile"
"rs6894193",5,175062785,"T","G",0.99951,0.811015,-6.25025e-05,0.101873,"outcome",TRUE,"reported","tqiCEU","textfile"
"rs708161",12,26940038,"G","A",0.501569,0.314264,-0.0576075,0.0857226,"outcome",TRUE,"reported","tqiCEU","textfile"
"rs7200721",16,59756719,"A","G",0.633924,0.886019,-0.0591743,0.124261,"outcome",TRUE,"reported","tqiCEU","textfile"
"rs723078",11,113323241,"G","C",0.890247,0.0425166,0.0266093,0.192833,"outcome",TRUE,"reported","tqiCEU","textfile"
"rs7956757",12,28570071,"T","C",0.978642,0.76963,-0.00252143,0.0941856,"outcome",TRUE,"reported","tqiCEU","textfile"
"rs807531",6,24548744,"T","C",0.692386,0.919411,-0.0578456,0.146215,"outcome",TRUE,"reported","tqiCEU","textfile"
"rs9518163",13,87710380,"G","A",0.91756,0.251595,-0.00951119,0.0918886,"outcome",TRUE,"reported","tqiCEU","textfile"
"rs9520114",13,106594891,"A","G",0.0701617,0.337279,0.151399,0.0836059,"outcome",TRUE,"reported","tqiCEU","textfile"
"rs9836183",3,111222838,"C","T",0.397036,0.696876,-0.0728717,0.0860425,"outcome",TRUE,"reported","tqiCEU","textfile"
"rs984326",16,7722232,"A","G",0.10579,0.383102,-0.131548,0.0813324,"outcome",TRUE,"reported","tqiCEU","textfile"
