"SNP","chr.outcome","pos.outcome","effect_allele.outcome","other_allele.outcome","pval.outcome","eaf.outcome","beta.outcome","se.outcome","outcome","mr_keep.outcome","pval_origin.outcome","id.outcome","data_source.outcome"
"rs10237924",7,89046601,"G","A",0.138011,0.331699,0.124786,0.0841309,"outcome",TRUE,"reported","Ad1Vl4","textfile"
"rs10501071",11,27003973,"G","A",0.385965,0.227569,0.0814643,0.0939657,"outcome",TRUE,"reported","Ad1Vl4","textfile"
"rs10824944",10,53202864,"A","C",0.247729,0.218906,0.109888,0.0950683,"outcome",TRUE,"reported","Ad1Vl4","textfile"
"rs11183846",12,47322510,"G","A",0.620718,0.0792691,-0.0736465,0.148831,"outcome",TRUE,"reported","Ad1Vl4","textfile"
"rs11236675",11,76272710,"T","C",0.341811,0.30859,0.081985,0.0862462,"outcome",TRUE,"reported","Ad1Vl4","textfile"
"rs11825181",11,116755542,"A","G",0.523721,0.0690854,0.0991223,0.155457,"outcome",TRUE,"reported","Ad1Vl4","textfile"
"rs11960972",6,168579726,"G","A",0.129088,0.0311213,0.351098,0.231335,"outcome",TRUE,"reported","Ad1Vl4","textfile"
"rs2130722",9,114285608,"T","C",0.508512,0.0572318,-0.113418,0.171545,"outcome",TRUE,"reported","Ad1Vl4","textfile"
"rs4797120",18,3725189,"C","G",0.0120445,0.428449,0.200847,0.0799923,"outcome",TRUE,"reported","Ad1Vl4","textfile"
"rs503905",11,111520037,"C","G",0.0676488,0.690364,0.156297,0.0855328,"outcome",TRUE,"reported","Ad1Vl4","textfile"
"rs5997236",22,27364125,"C","T",0.205394,0.554664,-0.101077,0.079819,"outcome",TRUE,"reported","Ad1Vl4","textfile"
"rs7490538",13,23084629,"C","T",0.867239,0.186716,-0.0170212,0.101822,"outcome",TRUE,"reported","Ad1Vl4","textfile"
"rs7804260",7,12568637,"A","G",0.446394,0.355874,0.0628549,0.0825473,"outcome",TRUE,"reported","Ad1Vl4","textfile"
"rs804441",12,119519347,"T","C",0.965146,0.367462,-0.00358199,0.0819744,"outcome",TRUE,"reported","Ad1Vl4","textfile"
"rs9827772",3,113555717,"G","A",0.843314,0.0098428,0.0837541,0.423737,"outcome",TRUE,"reported","Ad1Vl4","textfile"
