"SNP","chr.outcome","pos.outcome","effect_allele.outcome","other_allele.outcome","pval.outcome","eaf.outcome","beta.outcome","se.outcome","outcome","mr_keep.outcome","pval_origin.outcome","id.outcome","data_source.outcome"
"rs10280608",7,95925604,"C","A",0.0983467,0.218782,0.158142,0.0956741,"outcome",TRUE,"reported","V9lqTl","textfile"
"rs10518972",15,58358156,"T","C",0.773426,0.0752821,0.0428229,0.148745,"outcome",TRUE,"reported","V9lqTl","textfile"
"rs10774496",12,119390980,"A","G",0.945089,0.167874,-0.00728727,0.105804,"outcome",TRUE,"reported","V9lqTl","textfile"
"rs10865016",2,98372841,"A","G",0.530286,0.177228,-0.0650137,0.103596,"outcome",TRUE,"reported","V9lqTl","textfile"
"rs10954322",7,131636280,"T","C",0.452921,0.0266451,0.185758,0.247494,"outcome",TRUE,"reported","V9lqTl","textfile"
"rs12527048",6,50699255,"T","C",0.182975,0.0290388,-0.318775,0.239383,"outcome",TRUE,"reported","V9lqTl","textfile"
"rs17651499",4,31640277,"G","A",0.815187,0.0677493,0.0374882,0.160385,"outcome",TRUE,"reported","V9lqTl","textfile"
"rs2484454",10,82706128,"A","G",0.089452,0.933495,-0.268571,0.158142,"outcome",TRUE,"reported","V9lqTl","textfile"
"rs2524082",6,31273984,"T","A",0.585948,0.545614,-0.043298,0.0794872,"outcome",TRUE,"reported","V9lqTl","textfile"
"rs2708754",19,53522718,"G","A",0.281441,0.537788,-0.0855595,0.0794359,"outcome",TRUE,"reported","V9lqTl","textfile"
"rs6024969",20,56580492,"C","T",0.294795,0.00991098,-0.411745,0.393014,"outcome",TRUE,"reported","V9lqTl","textfile"
"rs6450853",5,31678132,"A","G",0.589693,0.689599,0.0461294,0.0855387,"outcome",TRUE,"reported","V9lqTl","textfile"
"rs6957252",7,89807815,"C","T",0.521971,0.339179,0.0535048,0.0835608,"outcome",TRUE,"reported","V9lqTl","textfile"
"rs6997473",8,58493664,"G","A",0.134489,0.0966694,-0.202263,0.135146,"outcome",TRUE,"reported","V9lqTl","textfile"
"rs7276515",21,37331017,"T","C",0.805103,0.871712,-0.0290915,0.1179,"outcome",TRUE,"reported","V9lqTl","textfile"
"rs7539563",1,19722592,"G","T",0.133985,0.781863,-0.143966,0.0960689,"outcome",TRUE,"reported","V9lqTl","textfile"
"rs9549759",13,113376612,"T","C",0.595904,0.445084,-0.0424402,0.0800304,"outcome",TRUE,"reported","V9lqTl","textfile"
