"SNP","chr.outcome","pos.outcome","effect_allele.outcome","other_allele.outcome","pval.outcome","eaf.outcome","beta.outcome","se.outcome","outcome","mr_keep.outcome","pval_origin.outcome","id.outcome","data_source.outcome"
"rs1013612",7,124160244,"G","A",0.787898,0.557129,-0.0215656,0.0801571,"outcome",TRUE,"reported","PyuUSE","textfile"
"rs11043286",12,122010528,"T","C",0.447302,0.0263151,-0.187219,0.246366,"outcome",TRUE,"reported","PyuUSE","textfile"
"rs11242955",6,4515317,"G","A",0.838857,0.460253,0.0161353,0.0793449,"outcome",TRUE,"reported","PyuUSE","textfile"
"rs11650196",17,11763815,"A","G",0.765685,0.170668,-0.0315495,0.105862,"outcome",TRUE,"reported","PyuUSE","textfile"
"rs12591854",15,38850563,"A","G",0.754635,0.0378082,0.065731,0.210317,"outcome",TRUE,"reported","PyuUSE","textfile"
"rs1458095",11,81274505,"T","C",0.551601,0.1339,-0.0695365,0.116797,"outcome",TRUE,"reported","PyuUSE","textfile"
"rs17788495",20,47562636,"G","A",0.121795,0.0979347,0.20621,0.133272,"outcome",TRUE,"reported","PyuUSE","textfile"
"rs2002614",17,62711442,"A","G",0.49154,0.0196994,0.19879,0.288996,"outcome",TRUE,"reported","PyuUSE","textfile"
"rs2166764",3,126258679,"C","T",0.265626,0.546827,-0.088641,0.0796278,"outcome",TRUE,"reported","PyuUSE","textfile"
"rs2494523",1,159828516,"T","C",0.0275734,0.484057,-0.174632,0.0792594,"outcome",TRUE,"reported","PyuUSE","textfile"
"rs289999",7,25524818,"T","C",0.539131,0.586698,-0.0493037,0.0802825,"outcome",TRUE,"reported","PyuUSE","textfile"
"rs404632",19,3114547,"C","T",0.539768,0.870235,-0.0725424,0.118308,"outcome",TRUE,"reported","PyuUSE","textfile"
"rs4144140",13,37868903,"T","C",0.0917128,0.534757,-0.133923,0.0794125,"outcome",TRUE,"reported","PyuUSE","textfile"
"rs426434",17,30598335,"T","C",0.443059,0.0947018,0.103463,0.134887,"outcome",TRUE,"reported","PyuUSE","textfile"
"rs4324578",4,44361872,"G","C",0.709202,0.356391,-0.0309337,0.0829483,"outcome",TRUE,"reported","PyuUSE","textfile"
"rs6497490",16,20466152,"T","G",0.83038,0.827152,0.0226869,0.105908,"outcome",TRUE,"reported","PyuUSE","textfile"
"rs6705705",2,170185935,"C","G",0.0795408,0.525232,-0.138977,0.0792635,"outcome",TRUE,"reported","PyuUSE","textfile"
"rs7809234",7,50542681,"T","A",0.818329,0.0933616,0.0312685,0.13613,"outcome",TRUE,"reported","PyuUSE","textfile"
"rs792935",9,119249751,"C","A",0.989451,0.824107,-0.00137375,0.103906,"outcome",TRUE,"reported","PyuUSE","textfile"
"rs9319010",13,84017064,"A","G",0.241048,0.0440098,0.225688,0.192506,"outcome",TRUE,"reported","PyuUSE","textfile"
