"SNP","chr.outcome","pos.outcome","effect_allele.outcome","other_allele.outcome","pval.outcome","eaf.outcome","beta.outcome","se.outcome","outcome","mr_keep.outcome","pval_origin.outcome","id.outcome","data_source.outcome"
"rs10031835",4,135166429,"C","T",0.620217,0.392412,-0.0401515,0.0810253,"outcome",TRUE,"reported","raqIbs","textfile"
"rs1564485",1,53155956,"T","A",0.14778,0.507567,-0.114234,0.0789227,"outcome",TRUE,"reported","raqIbs","textfile"
"rs3847067",7,100902995,"A","C",0.828033,0.258835,0.0196468,0.090444,"outcome",TRUE,"reported","raqIbs","textfile"
"rs527140",11,57732662,"G","A",0.909086,0.297136,0.00991086,0.0867915,"outcome",TRUE,"reported","raqIbs","textfile"
"rs9379897",6,26601298,"C","T",0.211621,0.0929508,-0.168807,0.135141,"outcome",TRUE,"reported","raqIbs","textfile"
"rs9489956",6,120460200,"C","T",0.430184,0.230878,-0.0739707,0.093767,"outcome",TRUE,"reported","raqIbs","textfile"
