"SNP","chr.outcome","pos.outcome","effect_allele.outcome","other_allele.outcome","pval.outcome","eaf.outcome","beta.outcome","se.outcome","outcome","mr_keep.outcome","pval_origin.outcome","id.outcome","data_source.outcome"
"rs11891974",2,175687379,"A","G",0.542945,0.254024,-0.0554517,0.0911488,"outcome",TRUE,"reported","FTLVHo","textfile"
"rs12216333",6,109561788,"T","G",0.921246,0.19677,-0.00987712,0.0999059,"outcome",TRUE,"reported","FTLVHo","textfile"
"rs17046195",3,6865980,"C","A",0.258275,0.0819053,-0.162849,0.144054,"outcome",TRUE,"reported","FTLVHo","textfile"
"rs4692675",4,168887461,"C","T",0.318057,0.968359,0.228168,0.228521,"outcome",TRUE,"reported","FTLVHo","textfile"
"rs6486548",12,130521919,"C","G",0.364555,0.838965,0.0988827,0.109055,"outcome",TRUE,"reported","FTLVHo","textfile"
"rs7289147",22,32237746,"T","G",0.442385,0.301182,-0.0660442,0.0859756,"outcome",TRUE,"reported","FTLVHo","textfile"
"rs934668",17,77754686,"C","T",0.323984,0.256595,0.0891294,0.090367,"outcome",TRUE,"reported","FTLVHo","textfile"
