"SNP","chr.outcome","pos.outcome","effect_allele.outcome","other_allele.outcome","pval.outcome","eaf.outcome","beta.outcome","se.outcome","outcome","mr_keep.outcome","pval_origin.outcome","id.outcome","data_source.outcome"
"rs10097949",8,139579986,"G","A",0.591248,0.0788476,0.0782726,0.145752,"outcome",TRUE,"reported","QRlYsj","textfile"
"rs10512185",9,87436476,"T","C",0.958923,0.66717,-0.00435877,0.0846271,"outcome",TRUE,"reported","QRlYsj","textfile"
"rs11914582",3,189734422,"C","T",0.283208,0.62552,-0.0889105,0.0828507,"outcome",TRUE,"reported","QRlYsj","textfile"
"rs12447958",16,6031911,"G","A",0.479338,0.326584,0.059621,0.0842857,"outcome",TRUE,"reported","QRlYsj","textfile"
"rs12779976",10,45547484,"G","A",0.919766,0.0763279,0.0148598,0.147522,"outcome",TRUE,"reported","QRlYsj","textfile"
"rs13163920",5,6759601,"T","C",0.462701,0.335518,-0.0618502,0.0842178,"outcome",TRUE,"reported","QRlYsj","textfile"
"rs2257061",7,24700558,"C","T",0.334794,0.352948,0.0796717,0.082604,"outcome",TRUE,"reported","QRlYsj","textfile"
"rs2303010",5,180325031,"T","C",0.762356,0.0297391,-0.0721263,0.238522,"outcome",TRUE,"reported","QRlYsj","textfile"
"rs306472",19,55981866,"C","T",0.485714,0.831585,0.0735247,0.105466,"outcome",TRUE,"reported","QRlYsj","textfile"
"rs3766606",1,7962137,"T","G",0.673719,0.265588,-0.0376653,0.0894559,"outcome",TRUE,"reported","QRlYsj","textfile"
"rs576266",11,116617416,"C","T",0.385151,0.177637,0.0903836,0.104075,"outcome",TRUE,"reported","QRlYsj","textfile"
"rs7132285",12,1667051,"T","C",0.724962,0.0918753,0.048664,0.138314,"outcome",TRUE,"reported","QRlYsj","textfile"
"rs7216075",17,33699360,"A","G",0.566726,0.277553,-0.0505981,0.0883224,"outcome",TRUE,"reported","QRlYsj","textfile"
"rs7332927",13,100767462,"G","A",0.981033,0.0195489,0.00697893,0.293551,"outcome",TRUE,"reported","QRlYsj","textfile"
"rs7993666",13,22060697,"C","T",0.788061,0.816715,-0.027484,0.102236,"outcome",TRUE,"reported","QRlYsj","textfile"
"rs8031609",15,100216898,"G","T",0.686509,0.18993,0.0406303,0.10067,"outcome",TRUE,"reported","QRlYsj","textfile"
"rs892429",4,188618790,"A","G",0.927748,0.911335,0.0128121,0.141292,"outcome",TRUE,"reported","QRlYsj","textfile"
"rs9572687",13,71210489,"G","A",0.517438,0.260911,-0.058358,0.0901559,"outcome",TRUE,"reported","QRlYsj","textfile"
