"SNP","chr.outcome","pos.outcome","effect_allele.outcome","other_allele.outcome","pval.outcome","eaf.outcome","beta.outcome","se.outcome","outcome","mr_keep.outcome","pval_origin.outcome","id.outcome","data_source.outcome"
"rs11030392",11,28627124,"A","G",0.422958,0.374037,-0.0655548,0.0818105,"outcome",TRUE,"reported","5oCVnu","textfile"
"rs12470532",2,46511707,"C","T",0.0259627,0.448857,-0.177648,0.0797783,"outcome",TRUE,"reported","5oCVnu","textfile"
"rs12661239",6,68389617,"G","A",0.0174812,0.354014,-0.196315,0.0826094,"outcome",TRUE,"reported","5oCVnu","textfile"
"rs1701843",7,113368768,"A","G",0.327932,0.677513,-0.0827513,0.0845879,"outcome",TRUE,"reported","5oCVnu","textfile"
"rs17709912",5,17469581,"G","A",0.65045,0.251745,0.0413019,0.0911467,"outcome",TRUE,"reported","5oCVnu","textfile"
"rs2997201",10,28148438,"A","G",0.780202,0.539131,0.0221341,0.0793177,"outcome",TRUE,"reported","5oCVnu","textfile"
"rs472847",18,58116665,"T","C",0.634046,0.427231,-0.0381484,0.0801373,"outcome",TRUE,"reported","5oCVnu","textfile"
"rs4774192",15,54810189,"C","T",0.397074,0.900963,-0.11238,0.132703,"outcome",TRUE,"reported","5oCVnu","textfile"
"rs715",2,210678331,"C","T",0.413028,0.313956,0.0703543,0.0859472,"outcome",TRUE,"reported","5oCVnu","textfile"
"rs780245",1,233561784,"T","C",0.824727,0.170354,-0.0231862,0.104692,"outcome",TRUE,"reported","5oCVnu","textfile"
"rs7948073",11,67607713,"G","T",0.276985,0.422313,0.0870958,0.0801164,"outcome",TRUE,"reported","5oCVnu","textfile"
"rs8057910",16,19468388,"T","C",0.819923,0.0688211,-0.0355249,0.156055,"outcome",TRUE,"reported","5oCVnu","textfile"
"rs805936",20,39630125,"G","A",0.335742,0.00601774,-0.492019,0.51113,"outcome",TRUE,"reported","5oCVnu","textfile"
"rs840381",5,34022256,"C","T",0.984397,0.308424,0.00167413,0.0856061,"outcome",TRUE,"reported","5oCVnu","textfile"
