"SNP","chr.outcome","pos.outcome","effect_allele.outcome","other_allele.outcome","pval.outcome","eaf.outcome","beta.outcome","se.outcome","outcome","mr_keep.outcome","pval_origin.outcome","id.outcome","data_source.outcome"
"rs10900120",10,44870113,"G","A",0.990762,0.227581,0.00109092,0.0942238,"outcome",TRUE,"reported","nfdHwZ","textfile"
"rs1145077",15,45391597,"T","G",0.0697124,0.412596,-0.145898,0.0804392,"outcome",TRUE,"reported","nfdHwZ","textfile"
"rs1230164",4,99064872,"C","G",0.660627,0.751192,0.0403251,0.0918465,"outcome",TRUE,"reported","nfdHwZ","textfile"
"rs12820743",12,105390671,"G","A",0.386241,0.503391,-0.0684852,0.0790407,"outcome",TRUE,"reported","nfdHwZ","textfile"
"rs3111102",5,51837111,"A","G",0.259413,0.0854264,-0.159615,0.14153,"outcome",TRUE,"reported","nfdHwZ","textfile"
"rs3817670",7,108230849,"T","C",0.508423,0.0695334,0.102961,0.155696,"outcome",TRUE,"reported","nfdHwZ","textfile"
"rs4906527",14,44402504,"C","G",0.533023,0.534179,-0.0495285,0.0794493,"outcome",TRUE,"reported","nfdHwZ","textfile"
"rs715",2,210678331,"C","T",0.413028,0.313956,0.0703543,0.0859472,"outcome",TRUE,"reported","nfdHwZ","textfile"
"rs7319920",13,35292907,"A","G",0.690082,0.163156,-0.0427903,0.107313,"outcome",TRUE,"reported","nfdHwZ","textfile"
