"SNP","chr.outcome","pos.outcome","effect_allele.outcome","other_allele.outcome","pval.outcome","eaf.outcome","beta.outcome","se.outcome","outcome","mr_keep.outcome","pval_origin.outcome","id.outcome","data_source.outcome"
"rs10215516",7,66793093,"A","G",0.821225,0.596131,-0.0181927,0.0805093,"outcome",TRUE,"reported","hOsfEJ","textfile"
"rs13287132",9,110715500,"G","A",0.789674,0.255625,-0.0243064,0.0911266,"outcome",TRUE,"reported","hOsfEJ","textfile"
"rs199576",20,19976547,"T","A",0.772241,0.439268,-0.0231374,0.0799372,"outcome",TRUE,"reported","hOsfEJ","textfile"
"rs249619",12,97776895,"T","C",0.0567231,0.573217,0.15199,0.0797664,"outcome",TRUE,"reported","hOsfEJ","textfile"
"rs3848289",16,66972935,"A","G",0.135295,0.0409659,-0.295435,0.197808,"outcome",TRUE,"reported","hOsfEJ","textfile"
"rs4738080",8,70217578,"G","A",0.26651,0.934207,-0.17608,0.158468,"outcome",TRUE,"reported","hOsfEJ","textfile"
"rs4918207",10,106168546,"T","C",0.266076,0.340468,0.0929723,0.0835973,"outcome",TRUE,"reported","hOsfEJ","textfile"
"rs550866",16,9305037,"T","G",0.126722,0.380871,-0.123587,0.080926,"outcome",TRUE,"reported","hOsfEJ","textfile"
"rs7659567",4,100358901,"A","G",0.0610914,0.216579,0.180607,0.096435,"outcome",TRUE,"reported","hOsfEJ","textfile"
"rs887829",2,233759924,"T","C",0.37135,0.394024,0.0723056,0.0808837,"outcome",TRUE,"reported","hOsfEJ","textfile"
