"SNP","chr.outcome","pos.outcome","effect_allele.outcome","other_allele.outcome","pval.outcome","eaf.outcome","beta.outcome","se.outcome","outcome","mr_keep.outcome","pval_origin.outcome","id.outcome","data_source.outcome"
"rs10117043",9,68973440,"T","G",0.215856,0.173151,-0.129017,0.104246,"outcome",TRUE,"reported","pcABDL","textfile"
"rs10953489",7,106012649,"C","T",0.591312,0.196806,-0.0533,0.0992672,"outcome",TRUE,"reported","pcABDL","textfile"
"rs1105769",5,119395372,"C","A",0.54868,0.617565,-0.0488426,0.0814395,"outcome",TRUE,"reported","pcABDL","textfile"
"rs11078249",17,14483040,"C","T",0.0248348,0.397282,-0.181907,0.0810652,"outcome",TRUE,"reported","pcABDL","textfile"
"rs1234223",10,87915833,"C","G",0.943195,0.0926344,-0.00965493,0.1355,"outcome",TRUE,"reported","pcABDL","textfile"
"rs1317833",10,86180047,"G","A",0.382747,0.44066,-0.0701102,0.0803237,"outcome",TRUE,"reported","pcABDL","textfile"
"rs1401635",11,27672444,"G","C",0.998993,0.668933,-0.000105951,0.083963,"outcome",TRUE,"reported","pcABDL","textfile"
"rs17359373",2,5807709,"T","C",0.605352,0.234362,-0.0484577,0.0937797,"outcome",TRUE,"reported","pcABDL","textfile"
"rs2041992",19,46021213,"T","C",0.539934,0.23432,0.0574017,0.0936539,"outcome",TRUE,"reported","pcABDL","textfile"
"rs210331",14,53591609,"G","A",0.566414,0.222038,0.0547395,0.0954748,"outcome",TRUE,"reported","pcABDL","textfile"
"rs2114588",2,230249738,"A","G",0.428743,0.281389,-0.0696412,0.0880036,"outcome",TRUE,"reported","pcABDL","textfile"
"rs2235396",6,11762728,"A","G",0.0270209,0.630322,0.183459,0.0829673,"outcome",TRUE,"reported","pcABDL","textfile"
"rs2253834",20,23407179,"C","T",0.584034,0.410693,-0.0440018,0.0803682,"outcome",TRUE,"reported","pcABDL","textfile"
"rs2422239",2,118271503,"A","G",0.791484,0.48615,-0.0209307,0.0791677,"outcome",TRUE,"reported","pcABDL","textfile"
"rs2982376",1,11330279,"C","T",0.811536,0.542296,-0.019,0.0796831,"outcome",TRUE,"reported","pcABDL","textfile"
"rs4236964",8,69326878,"T","C",0.223421,0.442805,0.0970293,0.0796967,"outcome",TRUE,"reported","pcABDL","textfile"
"rs4860118",4,62669319,"C","T",0.636514,0.0286886,0.11275,0.238586,"outcome",TRUE,"reported","pcABDL","textfile"
"rs498494",3,190189164,"C","G",0.547839,0.823802,0.0626306,0.10421,"outcome",TRUE,"reported","pcABDL","textfile"
"rs552279",1,115526418,"G","A",0.631611,0.395349,-0.0389737,0.0812869,"outcome",TRUE,"reported","pcABDL","textfile"
"rs6699475",1,57905637,"A","G",0.769419,0.386453,-0.0238306,0.0812958,"outcome",TRUE,"reported","pcABDL","textfile"
"rs7095787",10,83919360,"A","T",0.553738,0.796876,-0.0582411,0.0983521,"outcome",TRUE,"reported","pcABDL","textfile"
"rs7121554",11,112177328,"T","C",0.831693,0.256005,-0.0191812,0.0902517,"outcome",TRUE,"reported","pcABDL","textfile"
"rs7275210",21,40736309,"A","T",0.449269,0.366508,-0.0622379,0.0822561,"outcome",TRUE,"reported","pcABDL","textfile"
"rs734567",19,16904797,"C","T",0.132629,0.415907,-0.12107,0.0805088,"outcome",TRUE,"reported","pcABDL","textfile"
"rs7428286",3,95679214,"A","G",0.822487,0.00361509,0.140643,0.626898,"outcome",TRUE,"reported","pcABDL","textfile"
"rs757704",7,8500606,"A","G",0.341776,0.49358,-0.0756455,0.0795714,"outcome",TRUE,"reported","pcABDL","textfile"
"rs7929077",11,122698538,"A","G",0.931622,0.500436,-0.00678922,0.0791242,"outcome",TRUE,"reported","pcABDL","textfile"
"rs8124907",20,62338071,"G","A",0.419768,0.170206,0.084871,0.105191,"outcome",TRUE,"reported","pcABDL","textfile"
"rs908690",2,214585187,"T","C",0.468776,0.858852,-0.0824507,0.113808,"outcome",TRUE,"reported","pcABDL","textfile"
"rs9471691",6,12410923,"C","T",0.900451,0.405255,0.0100459,0.0803082,"outcome",TRUE,"reported","pcABDL","textfile"
"rs9608300",22,24584338,"C","G",0.179155,0.0341239,0.297034,0.221113,"outcome",TRUE,"reported","pcABDL","textfile"
