"SNP","chr.outcome","pos.outcome","effect_allele.outcome","other_allele.outcome","pval.outcome","eaf.outcome","beta.outcome","se.outcome","outcome","mr_keep.outcome","pval_origin.outcome","id.outcome","data_source.outcome"
"rs10495696",2,19494045,"G","A",0.0116464,0.095137,0.34005,0.134797,"outcome",TRUE,"reported","M1qSe8","textfile"
"rs11893386",2,113086733,"C","T",0.382715,0.156567,0.0951256,0.108976,"outcome",TRUE,"reported","M1qSe8","textfile"
"rs12522646",5,56445344,"C","T",0.26964,0.269866,-0.0985852,0.0893069,"outcome",TRUE,"reported","M1qSe8","textfile"
"rs12728857",1,44645688,"G","A",0.992188,0.516197,-0.000776816,0.0793347,"outcome",TRUE,"reported","M1qSe8","textfile"
"rs13115084",4,4545196,"G","A",0.870355,0.222275,-0.0154683,0.0947767,"outcome",TRUE,"reported","M1qSe8","textfile"
"rs1545442",7,37948689,"C","T",0.350892,0.129884,0.110307,0.118246,"outcome",TRUE,"reported","M1qSe8","textfile"
"rs1562445",11,22345740,"A","G",0.457414,0.213076,0.0718916,0.0967438,"outcome",TRUE,"reported","M1qSe8","textfile"
"rs17694346",2,186755907,"C","A",0.892748,0.0248128,-0.0348508,0.258483,"outcome",TRUE,"reported","M1qSe8","textfile"
"rs2016976",1,214750260,"T","C",0.690318,0.310655,-0.0342948,0.0860763,"outcome",TRUE,"reported","M1qSe8","textfile"
"rs281499",2,46191467,"G","A",0.906929,0.364191,0.00963184,0.0823847,"outcome",TRUE,"reported","M1qSe8","textfile"
"rs4148088",21,42208825,"G","C",0.82633,0.0957044,0.029555,0.134702,"outcome",TRUE,"reported","M1qSe8","textfile"
"rs559135",9,117540564,"C","T",0.645409,0.883829,0.0572995,0.124523,"outcome",TRUE,"reported","M1qSe8","textfile"
"rs6890263",5,116079739,"C","T",0.467059,0.0939346,0.0988109,0.135865,"outcome",TRUE,"reported","M1qSe8","textfile"
"rs7397233",12,84076915,"A","G",0.297123,0.173662,0.109456,0.104981,"outcome",TRUE,"reported","M1qSe8","textfile"
"rs8081052",17,8988278,"A","G",0.962654,0.131448,0.00554051,0.118326,"outcome",TRUE,"reported","M1qSe8","textfile"
"rs845251",1,7422986,"A","C",0.792109,0.904656,0.0355016,0.134694,"outcome",TRUE,"reported","M1qSe8","textfile"
