"SNP","chr.outcome","pos.outcome","effect_allele.outcome","other_allele.outcome","pval.outcome","eaf.outcome","beta.outcome","se.outcome","outcome","mr_keep.outcome","pval_origin.outcome","id.outcome","data_source.outcome"
"rs10926975",1,243234480,"T","C",0.509537,0.244012,0.0609949,0.0924786,"outcome",TRUE,"reported","8uAJge","textfile"
"rs10976932",9,8303735,"G","A",0.565773,0.223353,-0.0545788,0.0950372,"outcome",TRUE,"reported","8uAJge","textfile"
"rs11713161",3,30911677,"G","A",0.810755,0.160466,-0.0257798,0.107662,"outcome",TRUE,"reported","8uAJge","textfile"
"rs12052126",19,52683826,"T","C",0.539051,0.0780986,-0.0909302,0.148035,"outcome",TRUE,"reported","8uAJge","textfile"
"rs13179336",5,27225669,"A","T",0.396468,0.224156,0.0808124,0.0953037,"outcome",TRUE,"reported","8uAJge","textfile"
"rs13293620",9,30193933,"T","C",0.0820673,0.0463513,-0.331332,0.19055,"outcome",TRUE,"reported","8uAJge","textfile"
"rs13378579",13,65174037,"A","C",0.138973,0.0307368,-0.341534,0.230825,"outcome",TRUE,"reported","8uAJge","textfile"
"rs13378814",13,103615823,"C","T",0.299532,0.0145093,-0.351024,0.338357,"outcome",TRUE,"reported","8uAJge","textfile"
"rs1470963",8,114788743,"G","A",0.44422,0.385238,-0.062273,0.0813933,"outcome",TRUE,"reported","8uAJge","textfile"
"rs2314026",5,155182824,"G","A",0.722237,0.069695,-0.0560425,0.157658,"outcome",TRUE,"reported","8uAJge","textfile"
"rs2710833",4,168488807,"C","T",0.590671,0.865927,-0.062752,0.116669,"outcome",TRUE,"reported","8uAJge","textfile"
"rs4602889",8,15298403,"A","G",0.590209,0.79489,-0.0529653,0.098351,"outcome",TRUE,"reported","8uAJge","textfile"
"rs6003971",22,20379205,"G","T",0.173397,0.0898735,-0.187923,0.138039,"outcome",TRUE,"reported","8uAJge","textfile"
"rs6920798",6,111526074,"G","A",0.561034,0.305585,-0.0499801,0.0859788,"outcome",TRUE,"reported","8uAJge","textfile"
"rs7127674",11,6496323,"A","G",0.205879,0.0270249,-0.311632,0.246353,"outcome",TRUE,"reported","8uAJge","textfile"
"rs7932167",11,620599,"T","G",0.651832,0.787854,0.0437249,0.0969043,"outcome",TRUE,"reported","8uAJge","textfile"
"rs9572772",13,71724941,"T","G",0.364215,0.00639873,0.462069,0.509244,"outcome",TRUE,"reported","8uAJge","textfile"
"rs9607409",22,21933639,"A","G",0.813124,0.116009,-0.0293404,0.124115,"outcome",TRUE,"reported","8uAJge","textfile"
