"SNP","chr.outcome","pos.outcome","effect_allele.outcome","other_allele.outcome","pval.outcome","eaf.outcome","beta.outcome","se.outcome","outcome","mr_keep.outcome","pval_origin.outcome","id.outcome","data_source.outcome"
"rs11603058",11,110200540,"A","T",0.774654,0.0245259,0.0730064,0.255006,"outcome",TRUE,"reported","YVc5wd","textfile"
"rs13398058",2,226384520,"A","G",0.80495,0.668245,-0.0207982,0.0842216,"outcome",TRUE,"reported","YVc5wd","textfile"
"rs241323",1,228781304,"G","A",0.262064,0.874879,-0.134758,0.120156,"outcome",TRUE,"reported","YVc5wd","textfile"
"rs4677337",3,73719369,"A","G",0.725329,0.432763,-0.0279148,0.0794512,"outcome",TRUE,"reported","YVc5wd","textfile"
