"SNP","chr.outcome","pos.outcome","effect_allele.outcome","other_allele.outcome","pval.outcome","eaf.outcome","beta.outcome","se.outcome","outcome","mr_keep.outcome","pval_origin.outcome","id.outcome","data_source.outcome"
"rs10495052",1,217264584,"G","A",0.93825,0.0146353,-0.0257599,0.332519,"outcome",TRUE,"reported","qXLdLN","textfile"
"rs10799701",1,21494497,"G","A",0.772869,0.54167,0.0230149,0.0797399,"outcome",TRUE,"reported","qXLdLN","textfile"
"rs11564552",19,48088926,"A","G",0.700122,0.36778,-0.0315878,0.082013,"outcome",TRUE,"reported","qXLdLN","textfile"
"rs11933242",4,68267260,"A","G",0.392577,0.330342,-0.0721182,0.0843533,"outcome",TRUE,"reported","qXLdLN","textfile"
"rs12206258",6,1709469,"C","T",0.352484,0.322259,-0.0785317,0.0844624,"outcome",TRUE,"reported","qXLdLN","textfile"
"rs13105073",4,110267569,"T","A",0.0287085,0.0218816,0.577008,0.263779,"outcome",TRUE,"reported","qXLdLN","textfile"
"rs16828992",3,118799578,"A","C",0.798072,0.0436324,0.0499649,0.195295,"outcome",TRUE,"reported","qXLdLN","textfile"
"rs2274629",10,95346708,"A","G",0.461133,0.289737,-0.063949,0.0867713,"outcome",TRUE,"reported","qXLdLN","textfile"
"rs2327511",6,12090098,"A","T",0.0617007,0.195081,-0.186913,0.100037,"outcome",TRUE,"reported","qXLdLN","textfile"
"rs388600",3,10160527,"A","C",0.629625,0.90004,-0.06364,0.131964,"outcome",TRUE,"reported","qXLdLN","textfile"
"rs4699296",4,96779809,"A","G",0.253918,0.196918,-0.113121,0.0991519,"outcome",TRUE,"reported","qXLdLN","textfile"
"rs4957657",5,112603940,"T","C",0.51234,0.153523,-0.072509,0.110667,"outcome",TRUE,"reported","qXLdLN","textfile"
"rs6879079",5,143488712,"T","G",0.427009,0.844208,-0.0863602,0.108722,"outcome",TRUE,"reported","qXLdLN","textfile"
