"SNP","chr.outcome","pos.outcome","effect_allele.outcome","other_allele.outcome","pval.outcome","eaf.outcome","beta.outcome","se.outcome","outcome","mr_keep.outcome","pval_origin.outcome","id.outcome","data_source.outcome"
"rs11125947",2,63106966,"T","C",0.319647,0.251249,-0.0909461,0.0913861,"outcome",TRUE,"reported","hR8Pnt","textfile"
"rs11758777",6,153477553,"C","T",0.852813,0.315599,0.0158521,0.0854416,"outcome",TRUE,"reported","hR8Pnt","textfile"
"rs12445174",16,8201745,"C","A",0.669024,0.178531,0.0440523,0.10305,"outcome",TRUE,"reported","hR8Pnt","textfile"
"rs13142707",4,157565410,"T","G",0.599065,0.0486538,0.0967974,0.184114,"outcome",TRUE,"reported","hR8Pnt","textfile"
"rs1431844",18,42491183,"T","C",0.589807,0.0281761,0.130317,0.241724,"outcome",TRUE,"reported","hR8Pnt","textfile"
"rs1927938",9,71306963,"C","T",0.192555,0.829478,-0.137243,0.105324,"outcome",TRUE,"reported","hR8Pnt","textfile"
"rs2197296",6,160147965,"A","G",0.154646,0.228582,-0.135162,0.0949633,"outcome",TRUE,"reported","hR8Pnt","textfile"
"rs400120",12,52437556,"G","A",0.871868,0.320227,0.0136865,0.0848579,"outcome",TRUE,"reported","hR8Pnt","textfile"
"rs4674858",2,224051703,"T","C",0.288509,0.0118975,-0.381004,0.358964,"outcome",TRUE,"reported","hR8Pnt","textfile"
"rs6752425",2,158467050,"C","T",0.717323,0.885272,-0.0447025,0.123475,"outcome",TRUE,"reported","hR8Pnt","textfile"
"rs7531679",1,160664551,"G","T",0.358123,0.0799506,-0.135388,0.14733,"outcome",TRUE,"reported","hR8Pnt","textfile"
