"SNP","chr.outcome","pos.outcome","effect_allele.outcome","other_allele.outcome","pval.outcome","eaf.outcome","beta.outcome","se.outcome","outcome","mr_keep.outcome","pval_origin.outcome","id.outcome","data_source.outcome"
"rs10278040",7,99543750,"A","G",0.887918,0.130358,0.0164653,0.116826,"outcome",TRUE,"reported","AeprV1","textfile"
"rs10785657",12,47108937,"G","A",0.173795,0.919256,0.197298,0.14506,"outcome",TRUE,"reported","AeprV1","textfile"
"rs12371604",12,21238402,"C","T",0.121997,0.341272,0.129154,0.0835164,"outcome",TRUE,"reported","AeprV1","textfile"
"rs1474102",2,140398560,"T","C",0.141489,0.321276,-0.124709,0.0848203,"outcome",TRUE,"reported","AeprV1","textfile"
"rs16958654",16,11779302,"C","T",0.951708,0.0647511,0.00971429,0.160401,"outcome",TRUE,"reported","AeprV1","textfile"
"rs17523627",10,95145957,"T","A",0.386638,0.113064,-0.107761,0.124475,"outcome",TRUE,"reported","AeprV1","textfile"
"rs17638060",4,27375630,"T","G",0.996688,0.283647,0.000365729,0.0880934,"outcome",TRUE,"reported","AeprV1","textfile"
"rs182420",19,47868938,"T","C",0.566374,0.777768,-0.0549753,0.0958759,"outcome",TRUE,"reported","AeprV1","textfile"
"rs2525554",7,99968784,"A","G",0.891599,0.558725,-0.0108441,0.0795721,"outcome",TRUE,"reported","AeprV1","textfile"
"rs349022",2,222101208,"T","C",0.95304,0.700701,-0.00507812,0.0862312,"outcome",TRUE,"reported","AeprV1","textfile"
"rs4439540",11,5350917,"G","A",0.701711,0.254756,-0.0348592,0.0910131,"outcome",TRUE,"reported","AeprV1","textfile"
"rs6595423",5,122977839,"C","T",0.637485,0.140499,-0.0541246,0.114861,"outcome",TRUE,"reported","AeprV1","textfile"
"rs6963509",7,98727560,"G","C",0.313107,0.962087,0.206063,0.204281,"outcome",TRUE,"reported","AeprV1","textfile"
"rs7152358",14,50136157,"G","A",0.608729,0.0745418,0.0775933,0.151583,"outcome",TRUE,"reported","AeprV1","textfile"
"rs7859457",9,127440317,"C","T",0.738127,0.67441,0.0282374,0.0844584,"outcome",TRUE,"reported","AeprV1","textfile"
"rs807019",10,101013083,"C","T",0.167013,0.841767,-0.150564,0.108957,"outcome",TRUE,"reported","AeprV1","textfile"
"rs9676475",19,9067101,"T","C",0.820759,0.149501,0.0250802,0.110696,"outcome",TRUE,"reported","AeprV1","textfile"
"rs9742609",13,30770849,"G","A",0.782087,0.0263475,0.0683044,0.246942,"outcome",TRUE,"reported","AeprV1","textfile"
"rs9824080",3,13255674,"T","C",0.219772,0.179379,0.125812,0.102525,"outcome",TRUE,"reported","AeprV1","textfile"
