"SNP","chr.outcome","pos.outcome","effect_allele.outcome","other_allele.outcome","pval.outcome","eaf.outcome","beta.outcome","se.outcome","outcome","mr_keep.outcome","pval_origin.outcome","id.outcome","data_source.outcome"
"rs10072432",5,163413086,"T","C",0.625394,0.0471071,-0.0916164,0.187654,"outcome",TRUE,"reported","H4nPc7","textfile"
"rs10995717",10,63952635,"T","G",0.507804,0.0275413,0.158116,0.238751,"outcome",TRUE,"reported","H4nPc7","textfile"
"rs11158090",14,56318289,"G","A",0.276518,0.757613,0.100417,0.0922806,"outcome",TRUE,"reported","H4nPc7","textfile"
"rs11227132",11,65155584,"G","A",0.879435,0.0147183,0.050208,0.331002,"outcome",TRUE,"reported","H4nPc7","textfile"
"rs12540531",7,48887013,"A","C",0.269462,0.117332,0.135443,0.12265,"outcome",TRUE,"reported","H4nPc7","textfile"
"rs12759216",1,163570172,"G","A",0.0448332,0.0849606,-0.284195,0.141657,"outcome",TRUE,"reported","H4nPc7","textfile"
"rs1418200",1,233503786,"T","C",0.945178,0.0451847,0.0133708,0.194448,"outcome",TRUE,"reported","H4nPc7","textfile"
"rs17180489",14,72418763,"C","G",0.0637368,0.110277,0.234886,0.12669,"outcome",TRUE,"reported","H4nPc7","textfile"
"rs2073779",22,20090340,"C","T",0.141379,0.0877042,0.207057,0.14079,"outcome",TRUE,"reported","H4nPc7","textfile"
"rs2277503",14,64805062,"A","G",0.815352,0.0352377,0.0496827,0.212749,"outcome",TRUE,"reported","H4nPc7","textfile"
"rs2838057",21,41550890,"A","C",0.713474,0.915277,0.0520581,0.141773,"outcome",TRUE,"reported","H4nPc7","textfile"
"rs3123713",10,43029074,"A","G",0.43288,0.0798517,0.114461,0.145946,"outcome",TRUE,"reported","H4nPc7","textfile"
"rs3742253",13,99962942,"C","G",0.0414954,0.207586,-0.198212,0.0972322,"outcome",TRUE,"reported","H4nPc7","textfile"
"rs3794836",18,77007773,"A","G",0.0277824,0.0452336,-0.414803,0.188517,"outcome",TRUE,"reported","H4nPc7","textfile"
"rs4384785",2,106505510,"A","G",0.060213,0.0644989,0.303497,0.161501,"outcome",TRUE,"reported","H4nPc7","textfile"
"rs626720",4,89191292,"A","G",0.760132,0.0833858,-0.0435084,0.142507,"outcome",TRUE,"reported","H4nPc7","textfile"
"rs6994108",8,28455763,"A","G",0.887476,0.0164156,-0.0442778,0.312919,"outcome",TRUE,"reported","H4nPc7","textfile"
"rs7039553",9,22471833,"C","T",0.239274,0.257708,0.105995,0.0900705,"outcome",TRUE,"reported","H4nPc7","textfile"
"rs7165202",15,49854385,"C","T",0.625822,0.0459374,-0.0922541,0.189194,"outcome",TRUE,"reported","H4nPc7","textfile"
"rs7315595",12,80550232,"G","T",0.2682,0.162125,-0.118884,0.107372,"outcome",TRUE,"reported","H4nPc7","textfile"
"rs737853",22,19873634,"G","A",0.970479,0.394853,-0.00300703,0.0812556,"outcome",TRUE,"reported","H4nPc7","textfile"
"rs749429",11,20564257,"G","T",0.352984,0.0848592,0.132084,0.142207,"outcome",TRUE,"reported","H4nPc7","textfile"
"rs7638353",3,151878612,"A","C",0.841097,0.342186,0.0167725,0.083657,"outcome",TRUE,"reported","H4nPc7","textfile"
"rs7789832",7,110688686,"T","C",0.353755,0.0488628,-0.169816,0.183124,"outcome",TRUE,"reported","H4nPc7","textfile"
"rs7797678",7,95884081,"T","C",0.454429,0.0128329,-0.264654,0.353791,"outcome",TRUE,"reported","H4nPc7","textfile"
