"SNP","chr.outcome","pos.outcome","effect_allele.outcome","other_allele.outcome","pval.outcome","eaf.outcome","beta.outcome","se.outcome","outcome","mr_keep.outcome","pval_origin.outcome","id.outcome","data_source.outcome"
"rs1015592",2,59473505,"T","C",0.441471,0.718588,-0.0675569,0.0877691,"outcome",TRUE,"reported","Ht0L2V","textfile"
"rs10185968",2,235324421,"T","C",0.0291065,0.0344423,-0.478329,0.219211,"outcome",TRUE,"reported","Ht0L2V","textfile"
"rs10493831",1,89725644,"G","T",0.406825,0.269298,-0.0738674,0.0890512,"outcome",TRUE,"reported","Ht0L2V","textfile"
"rs11754288",6,25776721,"A","G",0.164351,0.353501,-0.115319,0.0829283,"outcome",TRUE,"reported","Ht0L2V","textfile"
"rs12458645",18,14921928,"T","C",0.026168,0.0934381,-0.303418,0.136447,"outcome",TRUE,"reported","Ht0L2V","textfile"
"rs12509714",4,10105467,"G","C",0.973473,0.574505,0.00266365,0.080104,"outcome",TRUE,"reported","Ht0L2V","textfile"
"rs12655321",5,176562115,"A","G",0.221964,0.550213,-0.097443,0.0797848,"outcome",TRUE,"reported","Ht0L2V","textfile"
"rs17521564",10,94874553,"G","A",0.402389,0.181365,-0.0855436,0.102158,"outcome",TRUE,"reported","Ht0L2V","textfile"
"rs2125644",12,46228563,"A","G",0.911383,0.0359157,-0.0241985,0.217427,"outcome",TRUE,"reported","Ht0L2V","textfile"
"rs2553679",8,67729320,"A","T",0.44719,0.928898,-0.11661,0.153413,"outcome",TRUE,"reported","Ht0L2V","textfile"
"rs2813524",6,152189822,"G","A",0.767779,0.387164,0.0239981,0.0812719,"outcome",TRUE,"reported","Ht0L2V","textfile"
"rs4482789",4,36215380,"G","T",0.38944,0.937865,0.141097,0.163946,"outcome",TRUE,"reported","Ht0L2V","textfile"
"rs6947392",7,7948581,"C","T",0.698208,0.782006,-0.0371912,0.0959178,"outcome",TRUE,"reported","Ht0L2V","textfile"
"rs7776941",7,26480097,"C","T",0.0707506,0.230587,0.169327,0.0937023,"outcome",TRUE,"reported","Ht0L2V","textfile"
