"SNP","chr.outcome","pos.outcome","effect_allele.outcome","other_allele.outcome","pval.outcome","eaf.outcome","beta.outcome","se.outcome","outcome","mr_keep.outcome","pval_origin.outcome","id.outcome","data_source.outcome"
"rs10735937",12,66660102,"C","T",0.862392,0.820127,-0.0178677,0.103084,"outcome",TRUE,"reported","46mTjd","textfile"
"rs10989419",9,101171831,"T","C",0.662569,0.164751,0.0461793,0.105826,"outcome",TRUE,"reported","46mTjd","textfile"
"rs1171614",10,59709780,"C","T",0.986788,0.841347,0.00178781,0.107966,"outcome",TRUE,"reported","46mTjd","textfile"
"rs12615875",2,72854662,"A","T",0.401816,0.205302,-0.0820498,0.0978668,"outcome",TRUE,"reported","46mTjd","textfile"
"rs13184373",5,30721062,"T","C",0.0823607,0.155618,0.191413,0.110188,"outcome",TRUE,"reported","46mTjd","textfile"
"rs13257229",8,21170533,"T","C",0.464894,0.341196,0.0615959,0.0842841,"outcome",TRUE,"reported","46mTjd","textfile"
"rs1348656",3,145215733,"T","C",0.105187,0.81384,0.164873,0.10176,"outcome",TRUE,"reported","46mTjd","textfile"
"rs1655902",6,29949078,"A","G",0.959443,0.742254,0.00463162,0.0910794,"outcome",TRUE,"reported","46mTjd","textfile"
"rs17065805",8,1200705,"C","T",0.126038,0.0382575,0.3156,0.206286,"outcome",TRUE,"reported","46mTjd","textfile"
"rs2228070",19,38466199,"T","C",0.336632,0.325933,0.0814689,0.0847893,"outcome",TRUE,"reported","46mTjd","textfile"
"rs274567",5,132378717,"T","C",0.757059,0.491873,0.0244634,0.0790814,"outcome",TRUE,"reported","46mTjd","textfile"
"rs2764907",1,58891200,"G","C",0.525954,0.888512,-0.0805917,0.127077,"outcome",TRUE,"reported","46mTjd","textfile"
"rs4976950",8,142215784,"A","C",0.26671,0.0237314,-0.28932,0.260491,"outcome",TRUE,"reported","46mTjd","textfile"
"rs6583751",10,91079019,"G","C",0.20285,0.42024,-0.101974,0.0800754,"outcome",TRUE,"reported","46mTjd","textfile"
"rs662138",6,160143444,"G","C",0.466913,0.147225,0.0811056,0.111484,"outcome",TRUE,"reported","46mTjd","textfile"
"rs6810706",4,18748594,"A","G",0.697132,0.60649,0.0314179,0.0807252,"outcome",TRUE,"reported","46mTjd","textfile"
"rs7332276",13,107234517,"T","G",0.986736,0.526575,-0.00132985,0.0799912,"outcome",TRUE,"reported","46mTjd","textfile"
"rs9289719",3,146265901,"T","G",0.0232959,0.775237,0.215626,0.0950502,"outcome",TRUE,"reported","46mTjd","textfile"
