"SNP","chr.outcome","pos.outcome","effect_allele.outcome","other_allele.outcome","pval.outcome","eaf.outcome","beta.outcome","se.outcome","outcome","mr_keep.outcome","pval_origin.outcome","id.outcome","data_source.outcome"
"rs1036244",19,56240413,"C","T",0.819522,0.406981,-0.0183885,0.0805948,"outcome",TRUE,"reported","4oSwOc","textfile"
"rs12853559",13,71174048,"A","G",0.235825,0.0651296,0.189046,0.159467,"outcome",TRUE,"reported","4oSwOc","textfile"
"rs1552425",16,55197284,"A","T",0.303582,0.594551,-0.0830173,0.0806947,"outcome",TRUE,"reported","4oSwOc","textfile"
"rs1574228",10,5270347,"G","A",0.160227,0.303197,-0.120884,0.0860806,"outcome",TRUE,"reported","4oSwOc","textfile"
"rs17010170",1,221489632,"G","C",0.416059,0.0399767,-0.163463,0.200993,"outcome",TRUE,"reported","4oSwOc","textfile"
"rs17101404",14,103241544,"A","G",0.967614,0.0482459,-0.00768413,0.189258,"outcome",TRUE,"reported","4oSwOc","textfile"
"rs17389253",10,77034649,"C","T",0.592313,0.0839472,0.0762011,0.142302,"outcome",TRUE,"reported","4oSwOc","textfile"
"rs17631990",10,18808113,"T","C",0.0493458,0.0634732,0.317147,0.16135,"outcome",TRUE,"reported","4oSwOc","textfile"
"rs2817479",1,245810554,"T","G",0.537563,0.486773,-0.0501303,0.0813141,"outcome",TRUE,"reported","4oSwOc","textfile"
"rs3749572",4,169096518,"T","C",0.795888,0.0134483,-0.0877934,0.339399,"outcome",TRUE,"reported","4oSwOc","textfile"
"rs4625783",17,82128519,"C","T",0.622416,0.551998,-0.0390178,0.0792356,"outcome",TRUE,"reported","4oSwOc","textfile"
"rs4641779",17,66287208,"C","A",0.573766,0.809931,-0.0568209,0.101012,"outcome",TRUE,"reported","4oSwOc","textfile"
"rs4775770",15,48652366,"G","A",0.728721,0.861984,0.0397887,0.114722,"outcome",TRUE,"reported","4oSwOc","textfile"
"rs6691915",1,37251117,"G","A",0.0931237,0.742351,-0.151873,0.0904461,"outcome",TRUE,"reported","4oSwOc","textfile"
"rs6699507",1,209779001,"C","T",0.759336,0.238787,0.028531,0.0931313,"outcome",TRUE,"reported","4oSwOc","textfile"
"rs6919482",6,12606240,"T","C",0.553989,0.00672932,-0.293823,0.496496,"outcome",TRUE,"reported","4oSwOc","textfile"
"rs6942571",7,4047926,"A","T",0.445879,0.0526632,-0.134274,0.176143,"outcome",TRUE,"reported","4oSwOc","textfile"
"rs718377",5,103926242,"A","G",0.151258,0.35705,0.118545,0.0826035,"outcome",TRUE,"reported","4oSwOc","textfile"
"rs7204324",16,58716965,"T","A",0.951758,0.0580554,0.010196,0.168529,"outcome",TRUE,"reported","4oSwOc","textfile"
"rs7728541",5,90337089,"A","G",0.421863,0.00618433,0.388611,0.483832,"outcome",TRUE,"reported","4oSwOc","textfile"
"rs8024",1,201876447,"A","C",0.680429,0.296846,0.0357513,0.0868008,"outcome",TRUE,"reported","4oSwOc","textfile"
"rs9870255",3,41195090,"C","G",0.164499,0.457439,0.110249,0.0793103,"outcome",TRUE,"reported","4oSwOc","textfile"
"rs9973135",18,78098172,"T","C",0.743642,0.0343432,-0.0721254,0.220544,"outcome",TRUE,"reported","4oSwOc","textfile"
