"SNP","chr.outcome","pos.outcome","effect_allele.outcome","other_allele.outcome","pval.outcome","eaf.outcome","beta.outcome","se.outcome","outcome","mr_keep.outcome","pval_origin.outcome","id.outcome","data_source.outcome"
"rs10906914",10,15507613,"C","A",0.833619,0.406374,-0.016943,0.080657,"outcome",TRUE,"reported","HPVpqs","textfile"
"rs1357743",7,113283253,"T","G",0.944725,0.60171,0.00560283,0.080811,"outcome",TRUE,"reported","HPVpqs","textfile"
"rs6926138",6,39170561,"C","T",0.636283,0.333866,0.0397321,0.0840176,"outcome",TRUE,"reported","HPVpqs","textfile"
"rs7342491",14,84460267,"T","C",0.0184854,0.0179424,-0.685317,0.290913,"outcome",TRUE,"reported","HPVpqs","textfile"
"rs7429997",3,71186831,"T","C",0.728932,0.322,0.0293063,0.0845666,"outcome",TRUE,"reported","HPVpqs","textfile"
"rs9863850",3,100874422,"G","A",0.586971,0.286338,0.0475576,0.0875459,"outcome",TRUE,"reported","HPVpqs","textfile"
