"SNP","chr.outcome","pos.outcome","effect_allele.outcome","other_allele.outcome","pval.outcome","eaf.outcome","beta.outcome","se.outcome","outcome","mr_keep.outcome","pval_origin.outcome","id.outcome","data_source.outcome"
"rs10022462",4,88322666,"T","C",0.562578,0.415777,0.0465244,0.0803509,"outcome",TRUE,"reported","oNJZ8Z","textfile"
"rs10211524",2,64980940,"A","G",0.720611,0.411744,-0.0287923,0.0805061,"outcome",TRUE,"reported","oNJZ8Z","textfile"
"rs10790077",11,115471174,"C","T",0.304161,0.414567,-0.082965,0.0807406,"outcome",TRUE,"reported","oNJZ8Z","textfile"
"rs1152592",14,64209380,"G","A",0.411136,0.368531,0.0676574,0.0823188,"outcome",TRUE,"reported","oNJZ8Z","textfile"
"rs11879267",19,3763120,"G","A",0.350676,0.773532,0.0883356,0.0946507,"outcome",TRUE,"reported","oNJZ8Z","textfile"
"rs11885653",2,33975731,"T","C",0.477134,0.524662,-0.0564622,0.0794214,"outcome",TRUE,"reported","oNJZ8Z","textfile"
"rs11954900",5,133998297,"C","T",0.661203,0.119898,-0.052901,0.120709,"outcome",TRUE,"reported","oNJZ8Z","textfile"
"rs13256255",8,67884779,"A","G",0.440506,0.12422,0.0916512,0.118821,"outcome",TRUE,"reported","oNJZ8Z","textfile"
"rs1334592",10,16405005,"T","C",0.185264,0.543219,-0.10584,0.0798962,"outcome",TRUE,"reported","oNJZ8Z","textfile"
"rs1420426",7,37187725,"A","G",0.442986,0.652985,-0.0637146,0.0830525,"outcome",TRUE,"reported","oNJZ8Z","textfile"
"rs16826003",2,133508247,"C","T",0.0726089,0.065298,-0.286249,0.159446,"outcome",TRUE,"reported","oNJZ8Z","textfile"
"rs17668963",6,84101410,"A","C",0.774981,0.0229572,-0.0749557,0.262206,"outcome",TRUE,"reported","oNJZ8Z","textfile"
"rs17763479",10,75343430,"A","C",0.070215,0.0825745,-0.262589,0.145035,"outcome",TRUE,"reported","oNJZ8Z","textfile"
"rs1864774",11,83488233,"T","C",0.800314,0.632682,-0.0207575,0.0820647,"outcome",TRUE,"reported","oNJZ8Z","textfile"
"rs192812",3,161774043,"T","C",0.622403,0.365985,0.0402904,0.0818168,"outcome",TRUE,"reported","oNJZ8Z","textfile"
"rs2018507",10,86403494,"A","G",0.14336,0.408539,0.11795,0.0806006,"outcome",TRUE,"reported","oNJZ8Z","textfile"
"rs2635351",4,117560250,"A","C",0.623751,0.627707,0.0402915,0.0821369,"outcome",TRUE,"reported","oNJZ8Z","textfile"
"rs2651929",1,3184789,"C","T",0.170915,0.308733,0.117728,0.0859789,"outcome",TRUE,"reported","oNJZ8Z","textfile"
"rs2853187",8,117388453,"A","T",0.864186,0.647977,0.0141975,0.0830028,"outcome",TRUE,"reported","oNJZ8Z","textfile"
"rs37379",5,35045721,"G","A",0.892775,0.896667,0.0175943,0.130527,"outcome",TRUE,"reported","oNJZ8Z","textfile"
"rs3961919",2,112485744,"A","G",0.0905024,0.564446,0.135925,0.0802984,"outcome",TRUE,"reported","oNJZ8Z","textfile"
"rs405945",7,108201288,"T","C",0.922011,0.439626,-0.00779114,0.0795819,"outcome",TRUE,"reported","oNJZ8Z","textfile"
"rs4315324",16,48632064,"G","A",0.089652,0.58536,0.136139,0.0802124,"outcome",TRUE,"reported","oNJZ8Z","textfile"
"rs4685337",3,16432825,"T","C",0.173267,0.497347,-0.109187,0.0801794,"outcome",TRUE,"reported","oNJZ8Z","textfile"
"rs4717210",7,64778319,"G","A",0.857416,0.866737,0.0209069,0.116366,"outcome",TRUE,"reported","oNJZ8Z","textfile"
"rs4722590",7,26315262,"A","C",0.482171,0.430923,-0.0562779,0.080075,"outcome",TRUE,"reported","oNJZ8Z","textfile"
"rs4815285",20,24613633,"A","G",0.898199,0.418943,-0.0102891,0.0804241,"outcome",TRUE,"reported","oNJZ8Z","textfile"
"rs4900883",14,49165162,"C","G",0.761779,0.455083,-0.0240759,0.0794203,"outcome",TRUE,"reported","oNJZ8Z","textfile"
"rs597467",7,51884239,"T","C",0.977325,0.433684,0.00225662,0.079394,"outcome",TRUE,"reported","oNJZ8Z","textfile"
"rs6425496",1,178692494,"T","C",0.917792,0.539269,-0.00817867,0.0792386,"outcome",TRUE,"reported","oNJZ8Z","textfile"
"rs6486771",12,129096716,"C","T",0.0274132,0.673236,-0.1855,0.084105,"outcome",TRUE,"reported","oNJZ8Z","textfile"
"rs6844227",4,169999726,"T","C",0.329306,0.486015,0.0775774,0.0795248,"outcome",TRUE,"reported","oNJZ8Z","textfile"
"rs6970514",7,148452424,"G","A",0.179245,0.0604462,0.225636,0.167998,"outcome",TRUE,"reported","oNJZ8Z","textfile"
"rs6972344",7,136137967,"T","C",0.73658,0.392756,-0.0271938,0.0808415,"outcome",TRUE,"reported","oNJZ8Z","textfile"
"rs7286668",22,35046758,"C","A",0.637353,0.113671,-0.0584961,0.124089,"outcome",TRUE,"reported","oNJZ8Z","textfile"
"rs7310323",12,60098753,"C","A",0.7571,0.500856,0.0244094,0.0789202,"outcome",TRUE,"reported","oNJZ8Z","textfile"
"rs755403",4,6387915,"C","T",0.51819,0.491495,-0.0513214,0.0794279,"outcome",TRUE,"reported","oNJZ8Z","textfile"
"rs758132",15,92184922,"C","A",0.71629,0.579247,0.029118,0.0801221,"outcome",TRUE,"reported","oNJZ8Z","textfile"
"rs7582468",2,33723260,"C","A",0.315143,0.551293,-0.0797772,0.0794207,"outcome",TRUE,"reported","oNJZ8Z","textfile"
"rs7856243",9,8955339,"A","T",0.127299,0.585998,0.122313,0.0802136,"outcome",TRUE,"reported","oNJZ8Z","textfile"
"rs860354",17,44032676,"A","T",0.200936,0.567675,0.102171,0.0798903,"outcome",TRUE,"reported","oNJZ8Z","textfile"
"rs9323955",14,96828598,"G","A",0.4852,0.553789,0.0555279,0.079557,"outcome",TRUE,"reported","oNJZ8Z","textfile"
"rs9821422",3,88369970,"T","G",0.377353,0.487082,0.0700267,0.0793249,"outcome",TRUE,"reported","oNJZ8Z","textfile"
