"SNP","chr.outcome","pos.outcome","effect_allele.outcome","other_allele.outcome","pval.outcome","eaf.outcome","beta.outcome","se.outcome","outcome","mr_keep.outcome","pval_origin.outcome","id.outcome","data_source.outcome"
"rs11111501",12,103220670,"T","C",0.532274,0.140818,-0.070768,0.113312,"outcome",TRUE,"reported","iyEbjI","textfile"
"rs1123227",7,42456896,"C","A",0.845075,0.229262,-0.0186209,0.0952934,"outcome",TRUE,"reported","iyEbjI","textfile"
"rs11578",20,58678219,"T","C",0.60754,0.298906,0.0442291,0.0861178,"outcome",TRUE,"reported","iyEbjI","textfile"
"rs11942622",4,12358694,"G","T",0.0126468,0.0110741,0.972859,0.390148,"outcome",TRUE,"reported","iyEbjI","textfile"
"rs12349613",9,114845526,"T","C",0.225866,0.0157107,0.384625,0.317589,"outcome",TRUE,"reported","iyEbjI","textfile"
"rs13203202",6,25582543,"C","T",0.437284,0.373873,0.0635724,0.0818403,"outcome",TRUE,"reported","iyEbjI","textfile"
"rs16917276",10,62471076,"A","G",0.619323,0.0357881,-0.105141,0.211632,"outcome",TRUE,"reported","iyEbjI","textfile"
"rs1992854",3,126190763,"C","T",0.17048,0.612483,-0.111232,0.0811518,"outcome",TRUE,"reported","iyEbjI","textfile"
"rs229914",6,134002790,"G","A",0.349817,0.378993,0.0768176,0.0821628,"outcome",TRUE,"reported","iyEbjI","textfile"
"rs2474711",10,33152089,"C","G",0.00414009,0.616187,0.230952,0.0805472,"outcome",TRUE,"reported","iyEbjI","textfile"
"rs3012739",9,131778919,"A","G",0.593852,0.397374,-0.0432065,0.0810227,"outcome",TRUE,"reported","iyEbjI","textfile"
"rs329319",5,134570919,"G","A",0.302427,0.57512,0.0831472,0.0806281,"outcome",TRUE,"reported","iyEbjI","textfile"
"rs4761007",12,127440345,"C","T",0.617924,0.352354,0.0413474,0.0828945,"outcome",TRUE,"reported","iyEbjI","textfile"
"rs491847",12,100955262,"A","G",0.430722,0.226247,0.0749059,0.0950636,"outcome",TRUE,"reported","iyEbjI","textfile"
"rs583776",6,10465938,"C","T",0.866041,0.423755,0.0135515,0.0803343,"outcome",TRUE,"reported","iyEbjI","textfile"
"rs6951820",7,154590073,"G","A",0.00117311,0.599918,-0.248195,0.0764775,"outcome",TRUE,"reported","iyEbjI","textfile"
"rs715",2,210678331,"C","T",0.413028,0.313956,0.0703543,0.0859472,"outcome",TRUE,"reported","iyEbjI","textfile"
"rs7582822",2,171178408,"A","G",0.767354,0.30985,0.0254536,0.086039,"outcome",TRUE,"reported","iyEbjI","textfile"
"rs7608258",2,142092529,"G","A",0.879061,0.715702,0.0133071,0.0874549,"outcome",TRUE,"reported","iyEbjI","textfile"
"rs7709785",5,116070700,"C","T",0.61368,0.761205,0.0468773,0.0928579,"outcome",TRUE,"reported","iyEbjI","textfile"
"rs804895",16,81066108,"C","T",0.30576,0.879301,-0.124429,0.121494,"outcome",TRUE,"reported","iyEbjI","textfile"
"rs8082170",17,64318022,"T","C",0.0306789,0.124568,-0.258834,0.119763,"outcome",TRUE,"reported","iyEbjI","textfile"
"rs8453",1,114716978,"T","G",0.671781,0.174534,-0.0443212,0.104604,"outcome",TRUE,"reported","iyEbjI","textfile"
"rs952045",9,70546965,"C","T",0.742592,0.0505073,0.0587644,0.178929,"outcome",TRUE,"reported","iyEbjI","textfile"
"rs983498",7,53046059,"G","C",0.972334,0.232637,-0.00326124,0.0940337,"outcome",TRUE,"reported","iyEbjI","textfile"
