"SNP","chr.outcome","pos.outcome","effect_allele.outcome","other_allele.outcome","pval.outcome","eaf.outcome","beta.outcome","se.outcome","outcome","mr_keep.outcome","pval_origin.outcome","id.outcome","data_source.outcome"
"rs12079356",1,101802255,"G","A",0.756173,0.303359,-0.0270548,0.0871298,"outcome",TRUE,"reported","JqBhIb","textfile"
"rs17058047",8,27875495,"A","G",0.0742233,0.0895949,-0.247085,0.138405,"outcome",TRUE,"reported","JqBhIb","textfile"
"rs1771525",1,245604672,"C","G",0.951036,0.419553,0.00493089,0.0802997,"outcome",TRUE,"reported","JqBhIb","textfile"
"rs2574985",10,50369726,"G","A",0.351087,0.716314,-0.0823057,0.0882651,"outcome",TRUE,"reported","JqBhIb","textfile"
"rs2575043",8,31426984,"T","A",0.614683,0.710387,0.043799,0.0870064,"outcome",TRUE,"reported","JqBhIb","textfile"
"rs2761735",9,9796116,"C","T",0.582581,0.205902,-0.0539883,0.0982284,"outcome",TRUE,"reported","JqBhIb","textfile"
"rs4694161",4,73328609,"G","A",0.903258,0.963472,-0.025715,0.211564,"outcome",TRUE,"reported","JqBhIb","textfile"
"rs4787294",16,24991029,"T","A",0.00632601,0.0674593,-0.483711,0.177159,"outcome",TRUE,"reported","JqBhIb","textfile"
"rs4931472",12,31232741,"G","A",0.195123,0.614332,-0.107673,0.0831083,"outcome",TRUE,"reported","JqBhIb","textfile"
"rs6829935",4,16859889,"C","T",0.102864,0.66749,0.137117,0.0840627,"outcome",TRUE,"reported","JqBhIb","textfile"
"rs780241",1,233547763,"A","G",0.913286,0.236234,0.0101187,0.0929218,"outcome",TRUE,"reported","JqBhIb","textfile"
"rs9284892",3,5645987,"T","C",0.613964,0.05092,-0.0919188,0.182225,"outcome",TRUE,"reported","JqBhIb","textfile"
