"SNP","chr.outcome","pos.outcome","effect_allele.outcome","other_allele.outcome","pval.outcome","eaf.outcome","beta.outcome","se.outcome","outcome","mr_keep.outcome","pval_origin.outcome","id.outcome","data_source.outcome"
"rs11126153",2,67775413,"A","G",0.268513,0.726878,0.0981409,0.0886955,"outcome",TRUE,"reported","Jj4NaQ","textfile"
"rs1539549",13,35877744,"T","C",0.683759,0.332699,-0.0342753,0.0841442,"outcome",TRUE,"reported","Jj4NaQ","textfile"
"rs1572603",1,46806731,"A","G",0.874245,0.115236,0.0199261,0.1259,"outcome",TRUE,"reported","Jj4NaQ","textfile"
"rs16846919",1,227067342,"C","T",0.497198,0.263624,0.0609136,0.0897232,"outcome",TRUE,"reported","Jj4NaQ","textfile"
"rs2903593",19,30826389,"C","G",0.693094,0.581133,-0.0316775,0.0802655,"outcome",TRUE,"reported","Jj4NaQ","textfile"
"rs602609",11,85688641,"G","A",0.874699,0.986421,0.0543819,0.34486,"outcome",TRUE,"reported","Jj4NaQ","textfile"
"rs7499321",16,10176457,"C","T",0.751805,0.677147,0.0268231,0.0848133,"outcome",TRUE,"reported","Jj4NaQ","textfile"
