"SNP","chr.outcome","pos.outcome","effect_allele.outcome","other_allele.outcome","pval.outcome","eaf.outcome","beta.outcome","se.outcome","outcome","mr_keep.outcome","pval_origin.outcome","id.outcome","data_source.outcome"
"rs10095671",8,132366416,"C","T",0.0443149,0.0827687,0.288823,0.143614,"outcome",TRUE,"reported","NFzDMP","textfile"
"rs11161521",1,75750645,"C","T",0.893025,0.255695,-0.0122001,0.0907223,"outcome",TRUE,"reported","NFzDMP","textfile"
"rs11224138",11,134972320,"T","C",0.250631,0.163278,0.122784,0.106879,"outcome",TRUE,"reported","NFzDMP","textfile"
"rs1171615",10,59709332,"T","C",0.993257,0.841462,0.000912637,0.107991,"outcome",TRUE,"reported","NFzDMP","textfile"
"rs11753995",6,160154334,"A","G",0.707727,0.141527,0.0425155,0.113402,"outcome",TRUE,"reported","NFzDMP","textfile"
"rs13106354",4,167404971,"A","T",0.00383645,0.257481,0.241825,0.0836388,"outcome",TRUE,"reported","NFzDMP","textfile"
"rs16852535",1,230745912,"A","G",0.839559,0.423812,0.0162565,0.0802959,"outcome",TRUE,"reported","NFzDMP","textfile"
"rs170734",5,98811337,"A","G",0.723254,0.842687,-0.038578,0.108943,"outcome",TRUE,"reported","NFzDMP","textfile"
"rs1998881",10,8821245,"T","C",0.741932,0.35953,0.0271716,0.0825143,"outcome",TRUE,"reported","NFzDMP","textfile"
"rs2070630",4,158723342,"C","G",0.345998,0.259963,-0.0850737,0.0902755,"outcome",TRUE,"reported","NFzDMP","textfile"
"rs272869",5,132342304,"G","A",0.734712,0.50718,-0.0267926,0.0790657,"outcome",TRUE,"reported","NFzDMP","textfile"
"rs2915420",9,101193268,"T","C",0.398666,0.21961,-0.0810548,0.0960357,"outcome",TRUE,"reported","NFzDMP","textfile"
"rs3769423",2,168015565,"A","C",0.0541664,0.0734946,-0.294103,0.152741,"outcome",TRUE,"reported","NFzDMP","textfile"
"rs658591",17,28283743,"T","G",0.96944,0.729777,0.00341916,0.0892476,"outcome",TRUE,"reported","NFzDMP","textfile"
"rs7745587",6,107689736,"G","A",0.0502354,0.340439,-0.163429,0.0834694,"outcome",TRUE,"reported","NFzDMP","textfile"
"rs7991563",13,43113877,"G","A",0.801224,0.185445,0.0256162,0.101747,"outcome",TRUE,"reported","NFzDMP","textfile"
