"SNP","chr.outcome","pos.outcome","effect_allele.outcome","other_allele.outcome","pval.outcome","eaf.outcome","beta.outcome","se.outcome","outcome","mr_keep.outcome","pval_origin.outcome","id.outcome","data_source.outcome"
"rs10879778",12,74438410,"T","C",0.588077,0.405707,0.0435536,0.0804129,"outcome",TRUE,"reported","kSftnF","textfile"
"rs2037458",4,58455371,"G","A",0.28448,0.312582,-0.0913965,0.0853926,"outcome",TRUE,"reported","kSftnF","textfile"
"rs4149121",12,20862112,"G","C",0.0985281,0.569907,-0.132081,0.0799508,"outcome",TRUE,"reported","kSftnF","textfile"
"rs992534",7,9042541,"A","T",0.0164373,0.494024,0.191466,0.0798088,"outcome",TRUE,"reported","kSftnF","textfile"
