"SNP","chr.outcome","pos.outcome","effect_allele.outcome","other_allele.outcome","pval.outcome","eaf.outcome","beta.outcome","se.outcome","outcome","mr_keep.outcome","pval_origin.outcome","id.outcome","data_source.outcome"
"rs1083801",3,7481811,"A","G",0.539999,0.782471,0.0591226,0.0964772,"outcome",TRUE,"reported","iep5jm","textfile"
"rs12046664",1,53450903,"A","G",0.212643,0.146774,-0.138695,0.111283,"outcome",TRUE,"reported","iep5jm","textfile"
"rs12604647",18,69490043,"C","A",0.00209373,0.791887,-0.27396,0.0890463,"outcome",TRUE,"reported","iep5jm","textfile"
"rs16885487",4,31639384,"A","G",0.601272,0.0288192,0.122981,0.235338,"outcome",TRUE,"reported","iep5jm","textfile"
"rs17768548",10,45557469,"C","T",0.147006,0.173558,-0.152724,0.105313,"outcome",TRUE,"reported","iep5jm","textfile"
"rs2164397",2,236882368,"C","G",0.528433,0.290111,-0.0548584,0.0870217,"outcome",TRUE,"reported","iep5jm","textfile"
"rs3780970",10,16781494,"T","C",0.931755,0.208931,0.00831693,0.0971189,"outcome",TRUE,"reported","iep5jm","textfile"
"rs4661470",1,14081307,"T","G",0.226272,0.286146,0.105567,0.087244,"outcome",TRUE,"reported","iep5jm","textfile"
"rs6094988",20,48147569,"C","G",0.815869,0.272557,0.0206803,0.0888094,"outcome",TRUE,"reported","iep5jm","textfile"
"rs708891",12,119543772,"C","T",0.278291,0.0853839,-0.154033,0.142075,"outcome",TRUE,"reported","iep5jm","textfile"
"rs715",2,210678331,"C","T",0.413028,0.313956,0.0703543,0.0859472,"outcome",TRUE,"reported","iep5jm","textfile"
"rs7271447",20,24586719,"A","G",0.965788,0.31973,-0.00364231,0.0849185,"outcome",TRUE,"reported","iep5jm","textfile"
"rs756506",22,26635034,"C","T",0.203947,0.493138,-0.100618,0.0792026,"outcome",TRUE,"reported","iep5jm","textfile"
"rs878947",1,212510223,"G","A",0.976409,0.287945,0.00258154,0.0873005,"outcome",TRUE,"reported","iep5jm","textfile"
"rs9894902",17,53803920,"G","A",0.274268,0.825953,0.113554,0.103865,"outcome",TRUE,"reported","iep5jm","textfile"
