"SNP","chr.outcome","pos.outcome","effect_allele.outcome","other_allele.outcome","pval.outcome","eaf.outcome","beta.outcome","se.outcome","outcome","mr_keep.outcome","pval_origin.outcome","id.outcome","data_source.outcome"
"rs10757367",9,22889401,"T","C",0.283308,0.847496,-0.118601,0.110541,"outcome",TRUE,"reported","CFnqoq","textfile"
"rs1105842",7,151667178,"A","C",0.784919,0.144564,-0.0309086,0.113254,"outcome",TRUE,"reported","CFnqoq","textfile"
"rs11709500",3,42739824,"A","G",0.387484,0.333516,0.0724434,0.0838282,"outcome",TRUE,"reported","CFnqoq","textfile"
"rs12456097",18,45300277,"G","A",0.0394648,0.310067,-0.175251,0.0851015,"outcome",TRUE,"reported","CFnqoq","textfile"
"rs1602290",4,44290484,"G","A",0.6346,0.811884,0.0482109,0.101441,"outcome",TRUE,"reported","CFnqoq","textfile"
"rs2044048",8,97163815,"G","A",0.313549,0.753743,0.0925741,0.0918572,"outcome",TRUE,"reported","CFnqoq","textfile"
"rs2078391",9,70111681,"T","G",0.22952,0.40977,-0.0967492,0.0805172,"outcome",TRUE,"reported","CFnqoq","textfile"
"rs4870490",6,156806691,"A","G",0.456019,0.0527146,0.130208,0.174677,"outcome",TRUE,"reported","CFnqoq","textfile"
"rs7645550",3,179250846,"T","C",0.440626,0.360658,-0.0637747,0.0827023,"outcome",TRUE,"reported","CFnqoq","textfile"
"rs7793797",7,25195307,"T","A",0.954369,0.325665,0.00481113,0.0840802,"outcome",TRUE,"reported","CFnqoq","textfile"
"rs7991229",13,110439648,"G","T",0.115931,0.373136,0.12805,0.0814522,"outcome",TRUE,"reported","CFnqoq","textfile"
"rs803294",7,91714742,"G","C",0.736029,0.672215,0.0285755,0.0847645,"outcome",TRUE,"reported","CFnqoq","textfile"
"rs9297619",8,120473973,"G","A",0.513937,0.904992,-0.0872384,0.133654,"outcome",TRUE,"reported","CFnqoq","textfile"
"rs9551641",13,29302202,"T","C",0.733415,0.112828,-0.0424206,0.124552,"outcome",TRUE,"reported","CFnqoq","textfile"
