"SNP","chr.outcome","pos.outcome","effect_allele.outcome","other_allele.outcome","pval.outcome","eaf.outcome","beta.outcome","se.outcome","outcome","mr_keep.outcome","pval_origin.outcome","id.outcome","data_source.outcome"
"rs1001972",21,40775836,"C","G",0.377254,0.831457,-0.0936124,0.10602,"outcome",TRUE,"reported","MTqG2G","textfile"
"rs10040689",5,149717648,"A","T",0.371605,0.596758,0.0722506,0.080865,"outcome",TRUE,"reported","MTqG2G","textfile"
"rs10426856",19,32605500,"G","A",0.0682999,0.113919,-0.225458,0.123672,"outcome",TRUE,"reported","MTqG2G","textfile"
"rs1042725",12,65964567,"T","C",0.698585,0.476377,0.0306752,0.0792167,"outcome",TRUE,"reported","MTqG2G","textfile"
"rs10812054",9,24495243,"G","A",0.316882,0.5095,0.07969,0.0796196,"outcome",TRUE,"reported","MTqG2G","textfile"
"rs10923895",1,119731507,"C","T",0.920506,0.0073608,0.0461719,0.46266,"outcome",TRUE,"reported","MTqG2G","textfile"
"rs1163251",1,119667132,"C","T",0.931761,0.37736,0.00697165,0.0814158,"outcome",TRUE,"reported","MTqG2G","textfile"
"rs11982782",7,94434388,"A","T",0.481713,0.1412,0.0802471,0.11406,"outcome",TRUE,"reported","MTqG2G","textfile"
"rs12992925",2,178995679,"A","G",0.31774,0.639211,0.0826519,0.0827254,"outcome",TRUE,"reported","MTqG2G","textfile"
"rs13033420",2,98141860,"T","C",0.965219,0.501149,0.00345662,0.0792702,"outcome",TRUE,"reported","MTqG2G","textfile"
"rs17154498",7,107827680,"A","C",0.680599,0.283978,0.0360918,0.0876768,"outcome",TRUE,"reported","MTqG2G","textfile"
"rs1874795",11,81018616,"G","A",0.794246,0.679857,-0.0222252,0.0852192,"outcome",TRUE,"reported","MTqG2G","textfile"
"rs197442",5,117525654,"G","A",0.589215,0.366686,0.0444056,0.0822367,"outcome",TRUE,"reported","MTqG2G","textfile"
"rs2269713",6,31173350,"G","A",0.673609,0.0557467,-0.0721116,0.171205,"outcome",TRUE,"reported","MTqG2G","textfile"
"rs2277251",10,31707314,"T","G",0.691434,0.559552,-0.0316843,0.0798274,"outcome",TRUE,"reported","MTqG2G","textfile"
"rs342563",5,16187315,"G","A",0.0509965,0.433031,-0.15668,0.0802864,"outcome",TRUE,"reported","MTqG2G","textfile"
"rs403636",5,1438239,"C","A",0.331729,0.896532,0.127434,0.131289,"outcome",TRUE,"reported","MTqG2G","textfile"
"rs4241779",4,183679448,"G","A",0.623156,0.467322,0.0389181,0.0792013,"outcome",TRUE,"reported","MTqG2G","textfile"
"rs4663379",2,234301151,"G","A",0.551666,0.119085,-0.0727084,0.122144,"outcome",TRUE,"reported","MTqG2G","textfile"
"rs4947534",7,56011401,"C","T",0.25454,0.8096,0.114773,0.100731,"outcome",TRUE,"reported","MTqG2G","textfile"
"rs580333",10,82883895,"A","G",0.0903421,0.55271,0.134811,0.0796007,"outcome",TRUE,"reported","MTqG2G","textfile"
"rs6431176",2,126775503,"C","T",0.454309,0.657668,0.0623402,0.0833144,"outcome",TRUE,"reported","MTqG2G","textfile"
"rs6564181",16,74872007,"G","A",0.739333,0.673351,-0.0281223,0.0845182,"outcome",TRUE,"reported","MTqG2G","textfile"
"rs6668589",1,119728454,"C","T",0.731284,0.259528,0.0310982,0.0905549,"outcome",TRUE,"reported","MTqG2G","textfile"
"rs6740983",2,114156031,"C","T",0.689622,0.242308,0.0370218,0.0927007,"outcome",TRUE,"reported","MTqG2G","textfile"
"rs7022371",9,111838794,"T","C",0.75205,0.598896,-0.0255931,0.0810071,"outcome",TRUE,"reported","MTqG2G","textfile"
"rs715",2,210678331,"C","T",0.413028,0.313956,0.0703543,0.0859472,"outcome",TRUE,"reported","MTqG2G","textfile"
"rs7908297",10,5209739,"A","G",0.475852,0.141285,-0.0808332,0.113372,"outcome",TRUE,"reported","MTqG2G","textfile"
"rs841845",1,42939042,"C","T",0.897506,0.200954,0.012697,0.0985698,"outcome",TRUE,"reported","MTqG2G","textfile"
"rs921516",1,195885507,"A","G",0.0047127,0.543294,0.219215,0.0775697,"outcome",TRUE,"reported","MTqG2G","textfile"
"rs9373846",6,106330509,"G","A",0.928819,0.226523,-0.00843317,0.0944043,"outcome",TRUE,"reported","MTqG2G","textfile"
"rs941348",3,22072198,"T","C",0.802853,0.199925,-0.0248989,0.0997327,"outcome",TRUE,"reported","MTqG2G","textfile"
"rs9874508",3,126183574,"A","G",0.729651,0.469321,-0.0274212,0.0793459,"outcome",TRUE,"reported","MTqG2G","textfile"
