"SNP","chr.outcome","pos.outcome","effect_allele.outcome","other_allele.outcome","pval.outcome","eaf.outcome","beta.outcome","se.outcome","outcome","mr_keep.outcome","pval_origin.outcome","id.outcome","data_source.outcome"
"rs10211524",2,64980940,"A","G",0.720611,0.411744,-0.0287923,0.0805061,"outcome",TRUE,"reported","LYeEex","textfile"
"rs11183620",12,46818587,"G","A",0.482419,0.642713,0.0584939,0.083275,"outcome",TRUE,"reported","LYeEex","textfile"
"rs11652554",17,4435669,"T","C",0.539144,0.418809,-0.049484,0.0805786,"outcome",TRUE,"reported","LYeEex","textfile"
"rs11704957",22,26269838,"A","C",0.0553898,0.0387398,0.39052,0.203842,"outcome",TRUE,"reported","LYeEex","textfile"
"rs11893991",2,44667003,"G","A",0.874262,0.585574,-0.012688,0.0801785,"outcome",TRUE,"reported","LYeEex","textfile"
"rs12406028",1,55511004,"G","C",0.646127,0.559521,0.0365961,0.0797043,"outcome",TRUE,"reported","LYeEex","textfile"
"rs1260326",2,27508073,"C","T",0.0385381,0.649919,0.171942,0.0831002,"outcome",TRUE,"reported","LYeEex","textfile"
"rs1289671",1,117077314,"A","G",0.352372,0.524263,0.0738186,0.079375,"outcome",TRUE,"reported","LYeEex","textfile"
"rs1376492",11,96458952,"T","A",0.522271,0.334888,-0.0537461,0.0839981,"outcome",TRUE,"reported","LYeEex","textfile"
"rs1440327",18,70383220,"T","C",0.327533,0.455865,0.0782063,0.0798761,"outcome",TRUE,"reported","LYeEex","textfile"
"rs1472935",4,23336374,"A","T",0.370845,0.44746,0.0712353,0.0796021,"outcome",TRUE,"reported","LYeEex","textfile"
"rs1566951",9,73700239,"T","C",0.564057,0.408323,0.0465215,0.0806507,"outcome",TRUE,"reported","LYeEex","textfile"
"rs17106647",1,81532342,"T","C",0.900661,0.0175487,0.037182,0.297869,"outcome",TRUE,"reported","LYeEex","textfile"
"rs17520130",4,21322568,"C","T",0.0690892,0.416569,-0.146096,0.0803679,"outcome",TRUE,"reported","LYeEex","textfile"
"rs1850267",3,8110628,"T","C",0.0729155,0.533168,0.141972,0.0791653,"outcome",TRUE,"reported","LYeEex","textfile"
"rs2064272",20,8532320,"A","G",0.811245,0.271702,0.021294,0.0891631,"outcome",TRUE,"reported","LYeEex","textfile"
"rs211962",21,17579604,"C","T",0.727584,0.517236,-0.0277776,0.0797423,"outcome",TRUE,"reported","LYeEex","textfile"
"rs2295689",14,23049582,"G","A",0.640373,0.437198,-0.0372508,0.079736,"outcome",TRUE,"reported","LYeEex","textfile"
"rs4317609",8,116454770,"G","A",0.0117228,0.669368,-0.212288,0.0842286,"outcome",TRUE,"reported","LYeEex","textfile"
"rs465152",3,6877392,"G","A",0.943889,0.41287,0.0056506,0.0802837,"outcome",TRUE,"reported","LYeEex","textfile"
"rs485878",11,125907161,"A","G",0.359469,0.428255,-0.0733555,0.0800494,"outcome",TRUE,"reported","LYeEex","textfile"
"rs4980554",11,69466459,"G","A",0.187226,0.409002,-0.106464,0.0807264,"outcome",TRUE,"reported","LYeEex","textfile"
"rs6053126",20,584249,"G","A",0.366167,0.652956,-0.0754652,0.0835091,"outcome",TRUE,"reported","LYeEex","textfile"
"rs6461542",7,21261809,"T","A",0.488944,0.606951,-0.056083,0.081046,"outcome",TRUE,"reported","LYeEex","textfile"
"rs6497167",15,94082153,"G","T",0.538018,0.363043,-0.0513876,0.0834469,"outcome",TRUE,"reported","LYeEex","textfile"
"rs651158",6,35938612,"G","A",0.728417,0.379241,0.0284005,0.0817909,"outcome",TRUE,"reported","LYeEex","textfile"
"rs6706043",2,176787865,"G","T",0.0228992,0.478597,-0.179893,0.07907,"outcome",TRUE,"reported","LYeEex","textfile"
"rs6839120",4,81444342,"G","A",0.0837279,0.327756,0.145772,0.0842883,"outcome",TRUE,"reported","LYeEex","textfile"
"rs6962350",7,144827131,"T","G",0.636775,0.338342,0.039398,0.083433,"outcome",TRUE,"reported","LYeEex","textfile"
"rs703462",10,105083666,"C","G",0.480656,0.2499,0.0642318,0.0910769,"outcome",TRUE,"reported","LYeEex","textfile"
"rs7191435",16,12269178,"T","C",0.870847,0.530846,-0.0128816,0.0792311,"outcome",TRUE,"reported","LYeEex","textfile"
"rs7712111",5,169275487,"G","A",0.0690287,0.403516,0.147168,0.0809401,"outcome",TRUE,"reported","LYeEex","textfile"
"rs7791060",7,32357657,"G","A",0.820402,0.0298455,0.0522254,0.23004,"outcome",TRUE,"reported","LYeEex","textfile"
"rs785896",9,76564945,"G","A",0.275393,0.45402,-0.0868831,0.0796561,"outcome",TRUE,"reported","LYeEex","textfile"
"rs890230",8,6802981,"C","T",0.624742,0.571983,-0.0390442,0.0798221,"outcome",TRUE,"reported","LYeEex","textfile"
"rs9367164",6,42798146,"G","A",0.470284,0.354573,0.05977,0.0827821,"outcome",TRUE,"reported","LYeEex","textfile"
"rs9582849",13,104307154,"G","A",0.305925,0.240659,-0.0949486,0.0927405,"outcome",TRUE,"reported","LYeEex","textfile"
"rs9866434",3,188260010,"T","A",0.805758,0.583258,-0.0197416,0.0802824,"outcome",TRUE,"reported","LYeEex","textfile"
"rs9876174",3,31394639,"C","T",0.696878,0.122844,0.0470341,0.120743,"outcome",TRUE,"reported","LYeEex","textfile"
