"SNP","chr.outcome","pos.outcome","effect_allele.outcome","other_allele.outcome","pval.outcome","eaf.outcome","beta.outcome","se.outcome","outcome","mr_keep.outcome","pval_origin.outcome","id.outcome","data_source.outcome"
"rs1009343",12,4892427,"C","A",0.586126,0.0857863,0.0776898,0.142692,"outcome",TRUE,"reported","IFSJxH","textfile"
"rs10098688",8,67876258,"C","A",0.604655,0.502537,-0.0407821,0.078773,"outcome",TRUE,"reported","IFSJxH","textfile"
"rs11728793",4,82570382,"C","T",0.65331,0.316857,0.0382988,0.0852657,"outcome",TRUE,"reported","IFSJxH","textfile"
"rs12539054",7,52459009,"T","C",0.125326,0.167105,0.162564,0.106057,"outcome",TRUE,"reported","IFSJxH","textfile"
"rs1508782",5,108665621,"A","C",0.837774,0.129881,0.0240165,0.117301,"outcome",TRUE,"reported","IFSJxH","textfile"
"rs35350",12,115170925,"A","G",0.0998068,0.979818,-0.47596,0.289198,"outcome",TRUE,"reported","IFSJxH","textfile"
"rs4129516",7,49041228,"C","T",0.821976,0.290094,0.0197526,0.0877877,"outcome",TRUE,"reported","IFSJxH","textfile"
"rs4612338",8,83599255,"G","A",0.16146,0.860475,-0.158992,0.113552,"outcome",TRUE,"reported","IFSJxH","textfile"
"rs4755163",11,42619586,"A","G",0.750665,0.495252,-0.0251864,0.0792613,"outcome",TRUE,"reported","IFSJxH","textfile"
"rs603424",10,100315722,"A","G",0.499249,0.116341,-0.0833873,0.123414,"outcome",TRUE,"reported","IFSJxH","textfile"
"rs6075489",20,19228326,"G","A",0.626589,0.252927,0.0444152,0.0912891,"outcome",TRUE,"reported","IFSJxH","textfile"
"rs7100861",10,30973140,"T","C",0.936955,0.604297,0.00640719,0.0810036,"outcome",TRUE,"reported","IFSJxH","textfile"
"rs8088457",18,13929779,"A","G",0.665739,0.0271878,-0.104251,0.241319,"outcome",TRUE,"reported","IFSJxH","textfile"
"rs9888349",12,2044652,"C","T",0.463626,0.251312,0.066983,0.0913958,"outcome",TRUE,"reported","IFSJxH","textfile"
