"SNP","chr.outcome","pos.outcome","effect_allele.outcome","other_allele.outcome","pval.outcome","eaf.outcome","beta.outcome","se.outcome","outcome","mr_keep.outcome","pval_origin.outcome","id.outcome","data_source.outcome"
"rs10011590",4,123552780,"T","C",0.134111,0.78791,-0.144581,0.0965105,"outcome",TRUE,"reported","5Mjtjn","textfile"
"rs1023115",1,160965029,"G","A",0.519429,0.37984,-0.0526179,0.081676,"outcome",TRUE,"reported","5Mjtjn","textfile"
"rs10505065",8,104770344,"T","C",0.813118,0.343228,0.019753,0.0835555,"outcome",TRUE,"reported","5Mjtjn","textfile"
"rs1054053",10,79922889,"G","A",0.749735,0.591684,-0.0256861,0.0805237,"outcome",TRUE,"reported","5Mjtjn","textfile"
"rs11895467",2,164609939,"G","T",0.547632,0.710019,-0.0523579,0.0870729,"outcome",TRUE,"reported","5Mjtjn","textfile"
"rs11933479",4,167246801,"T","G",0.0666884,0.260922,0.164179,0.0895308,"outcome",TRUE,"reported","5Mjtjn","textfile"
"rs12358575",10,121203420,"T","C",0.743666,0.675813,-0.027588,0.084366,"outcome",TRUE,"reported","5Mjtjn","textfile"
"rs1250171",18,12027029,"T","C",0.410025,0.341199,0.069091,0.0838637,"outcome",TRUE,"reported","5Mjtjn","textfile"
"rs12582988",12,69083990,"A","G",0.584097,0.153992,0.0598529,0.109338,"outcome",TRUE,"reported","5Mjtjn","textfile"
"rs1293768",12,112986696,"G","T",0.725167,0.791872,-0.0342386,0.0973897,"outcome",TRUE,"reported","5Mjtjn","textfile"
"rs13083714",3,6067587,"C","T",0.782125,0.484506,0.0217951,0.0788103,"outcome",TRUE,"reported","5Mjtjn","textfile"
"rs1333190",1,3373165,"T","C",0.65268,0.626781,0.0368287,0.0818336,"outcome",TRUE,"reported","5Mjtjn","textfile"
"rs1360501",9,2359459,"T","C",0.434297,0.75016,0.0712418,0.0911185,"outcome",TRUE,"reported","5Mjtjn","textfile"
"rs1413536",1,87957714,"T","C",0.949356,0.532717,0.00504098,0.0793659,"outcome",TRUE,"reported","5Mjtjn","textfile"
"rs16832822",1,29724560,"C","T",0.162161,0.305505,0.120246,0.0860226,"outcome",TRUE,"reported","5Mjtjn","textfile"
"rs17489748",3,111729415,"A","T",0.688074,0.188479,-0.0407676,0.101546,"outcome",TRUE,"reported","5Mjtjn","textfile"
"rs2103340",16,8746168,"T","C",0.0513594,0.641141,0.161275,0.0827701,"outcome",TRUE,"reported","5Mjtjn","textfile"
"rs2325358",13,71299135,"T","C",0.746342,0.793924,-0.0314297,0.0971655,"outcome",TRUE,"reported","5Mjtjn","textfile"
"rs2467041",2,198366707,"C","T",0.210156,0.268006,-0.11141,0.0889047,"outcome",TRUE,"reported","5Mjtjn","textfile"
"rs2467261",17,884544,"G","A",0.795486,0.244776,-0.0238973,0.0921988,"outcome",TRUE,"reported","5Mjtjn","textfile"
"rs2846444",9,110807827,"A","G",0.111843,0.655861,0.132708,0.0834662,"outcome",TRUE,"reported","5Mjtjn","textfile"
"rs331721",5,125564504,"T","C",0.996394,0.677123,0.000382605,0.0846553,"outcome",TRUE,"reported","5Mjtjn","textfile"
"rs4520471",1,202595093,"A","G",0.0781502,0.520098,-0.139139,0.078988,"outcome",TRUE,"reported","5Mjtjn","textfile"
"rs4637374",4,173599225,"A","T",0.914619,0.575316,-0.00858824,0.0801035,"outcome",TRUE,"reported","5Mjtjn","textfile"
"rs4704495",5,78329086,"C","T",0.253846,0.41322,-0.0921025,0.0807168,"outcome",TRUE,"reported","5Mjtjn","textfile"
"rs511319",6,12250955,"C","G",0.705846,0.413431,0.0304249,0.0806083,"outcome",TRUE,"reported","5Mjtjn","textfile"
"rs6494904",15,71317183,"A","G",0.910105,0.743356,0.0102256,0.0905672,"outcome",TRUE,"reported","5Mjtjn","textfile"
"rs6498908",16,63599924,"C","T",0.308835,0.670831,-0.0854884,0.084004,"outcome",TRUE,"reported","5Mjtjn","textfile"
"rs6711493",2,135934983,"G","A",0.395031,0.152785,-0.0936558,0.110115,"outcome",TRUE,"reported","5Mjtjn","textfile"
"rs6813957",4,58686280,"A","G",0.386789,0.536179,-0.0689171,0.0796311,"outcome",TRUE,"reported","5Mjtjn","textfile"
"rs6925339",6,109238213,"A","G",0.808987,0.372827,-0.0198088,0.0819446,"outcome",TRUE,"reported","5Mjtjn","textfile"
"rs7617041",3,12667668,"G","A",0.902685,0.346284,0.0101861,0.083308,"outcome",TRUE,"reported","5Mjtjn","textfile"
"rs8087127",18,9680189,"A","G",0.387356,0.554524,-0.0690722,0.0799056,"outcome",TRUE,"reported","5Mjtjn","textfile"
