"SNP","chr.outcome","pos.outcome","effect_allele.outcome","other_allele.outcome","pval.outcome","eaf.outcome","beta.outcome","se.outcome","outcome","mr_keep.outcome","pval_origin.outcome","id.outcome","data_source.outcome"
"rs10047335",10,90582754,"G","A",0.157168,0.232434,0.132353,0.0935583,"outcome",TRUE,"reported","B3gBKZ","textfile"
"rs10096225",8,3212222,"G","A",0.974539,0.484566,-0.00251684,0.0788571,"outcome",TRUE,"reported","B3gBKZ","textfile"
"rs10153405",18,43690707,"A","G",0.13349,0.605323,-0.12186,0.0812139,"outcome",TRUE,"reported","B3gBKZ","textfile"
"rs10280932",7,7631166,"C","T",0.399589,0.466455,-0.0666031,0.0790676,"outcome",TRUE,"reported","B3gBKZ","textfile"
"rs10435813",9,5533450,"G","A",0.832014,0.194896,0.0212428,0.100146,"outcome",TRUE,"reported","B3gBKZ","textfile"
"rs10514491",16,80281366,"C","T",0.634416,0.282446,0.0417526,0.0878041,"outcome",TRUE,"reported","B3gBKZ","textfile"
"rs10762497",10,71950232,"C","A",0.653207,0.634014,0.0368446,0.0820025,"outcome",TRUE,"reported","B3gBKZ","textfile"
"rs11102898",1,115249311,"A","G",0.763651,0.398591,0.0244153,0.0811978,"outcome",TRUE,"reported","B3gBKZ","textfile"
"rs11724216",4,174038671,"T","A",0.660002,0.487093,0.0348119,0.0791338,"outcome",TRUE,"reported","B3gBKZ","textfile"
"rs11758990",6,75037662,"C","A",0.126935,0.0943974,-0.207469,0.135929,"outcome",TRUE,"reported","B3gBKZ","textfile"
"rs11815675",10,120158929,"A","G",0.804793,0.0944627,0.0336171,0.136019,"outcome",TRUE,"reported","B3gBKZ","textfile"
"rs12026398",1,30393237,"C","T",0.00956445,0.163428,-0.284495,0.109793,"outcome",TRUE,"reported","B3gBKZ","textfile"
"rs12478033",2,11108116,"C","T",0.285824,0.289114,0.0934098,0.0875175,"outcome",TRUE,"reported","B3gBKZ","textfile"
"rs12588574",14,74538606,"G","A",0.0599888,0.74775,0.172025,0.0914597,"outcome",TRUE,"reported","B3gBKZ","textfile"
"rs13083714",3,6067587,"C","T",0.782125,0.484506,0.0217951,0.0788103,"outcome",TRUE,"reported","B3gBKZ","textfile"
"rs13242418",7,145032463,"A","G",0.0866244,0.427984,-0.137437,0.0802092,"outcome",TRUE,"reported","B3gBKZ","textfile"
"rs13254365",8,30307652,"T","C",0.768261,0.210703,0.028476,0.0966435,"outcome",TRUE,"reported","B3gBKZ","textfile"
"rs1373469",4,161299671,"C","T",0.525688,0.354461,0.0526083,0.0828995,"outcome",TRUE,"reported","B3gBKZ","textfile"
"rs1576171",9,15981146,"T","A",0.59415,0.355985,0.0439256,0.082438,"outcome",TRUE,"reported","B3gBKZ","textfile"
"rs16844437",3,137036711,"G","A",0.293391,0.116706,-0.130491,0.124193,"outcome",TRUE,"reported","B3gBKZ","textfile"
"rs17287933",13,21849786,"T","C",0.221913,0.480427,-0.0969173,0.0793455,"outcome",TRUE,"reported","B3gBKZ","textfile"
"rs1921270",2,67078139,"G","C",0.960551,0.515888,0.00391716,0.0791947,"outcome",TRUE,"reported","B3gBKZ","textfile"
"rs2049791",14,21952246,"A","G",0.943454,0.665,-0.00595421,0.0839463,"outcome",TRUE,"reported","B3gBKZ","textfile"
"rs2239855",22,26495957,"C","T",0.661793,0.00581622,-0.224308,0.512776,"outcome",TRUE,"reported","B3gBKZ","textfile"
"rs2414622",15,59241497,"A","G",0.897496,0.399275,-0.0104151,0.0808462,"outcome",TRUE,"reported","B3gBKZ","textfile"
"rs2704668",7,16480568,"C","T",0.169528,0.432348,0.10957,0.0797614,"outcome",TRUE,"reported","B3gBKZ","textfile"
"rs2706095",4,167402629,"A","G",0.069645,0.314074,0.153966,0.0848669,"outcome",TRUE,"reported","B3gBKZ","textfile"
"rs351755",6,109216870,"A","G",0.0394675,0.470899,0.163239,0.0792696,"outcome",TRUE,"reported","B3gBKZ","textfile"
"rs3795579",1,204100710,"T","G",0.282971,0.341642,-0.0895415,0.0833977,"outcome",TRUE,"reported","B3gBKZ","textfile"
"rs4704495",5,78329086,"C","T",0.253846,0.41322,-0.0921025,0.0807168,"outcome",TRUE,"reported","B3gBKZ","textfile"
"rs4834846",4,12613650,"G","A",0.22345,0.452512,-0.0971049,0.0797639,"outcome",TRUE,"reported","B3gBKZ","textfile"
"rs4858696",3,25059779,"T","C",0.671684,0.510364,0.0335319,0.0791148,"outcome",TRUE,"reported","B3gBKZ","textfile"
"rs4898707",14,51738763,"T","C",0.973203,0.373216,0.00276175,0.0822165,"outcome",TRUE,"reported","B3gBKZ","textfile"
"rs621340",18,78329907,"G","T",0.713124,0.876308,-0.04433,0.120572,"outcome",TRUE,"reported","B3gBKZ","textfile"
"rs6860349",5,2133298,"A","G",0.782245,0.359594,-0.0231777,0.0838573,"outcome",TRUE,"reported","B3gBKZ","textfile"
"rs7136574",12,119131856,"C","T",0.138718,0.599593,0.119613,0.080788,"outcome",TRUE,"reported","B3gBKZ","textfile"
"rs7172565",15,74985829,"C","T",0.305248,0.97541,0.261309,0.254875,"outcome",TRUE,"reported","B3gBKZ","textfile"
"rs7200919",16,67282697,"A","G",0.145427,0.461351,0.116116,0.079757,"outcome",TRUE,"reported","B3gBKZ","textfile"
"rs7669416",4,138852069,"G","A",0.675658,0.356962,-0.0345955,0.0826861,"outcome",TRUE,"reported","B3gBKZ","textfile"
"rs7712191",5,125521099,"T","G",0.352296,0.625794,0.0760965,0.0818114,"outcome",TRUE,"reported","B3gBKZ","textfile"
"rs7816456",8,14227073,"G","C",0.753664,0.62663,-0.025677,0.081823,"outcome",TRUE,"reported","B3gBKZ","textfile"
"rs8059670",16,61590797,"T","C",0.44601,0.457973,0.0606833,0.0796282,"outcome",TRUE,"reported","B3gBKZ","textfile"
"rs9384386",6,155873185,"T","C",0.764966,0.420543,0.02409,0.0805774,"outcome",TRUE,"reported","B3gBKZ","textfile"
"rs9403095",6,139622610,"C","A",0.800655,0.587493,0.0203562,0.0806189,"outcome",TRUE,"reported","B3gBKZ","textfile"
"rs940597",7,68310125,"C","T",0.613608,0.665709,-0.0425965,0.0843614,"outcome",TRUE,"reported","B3gBKZ","textfile"
"rs9852606",3,68417004,"C","G",0.150662,0.408526,-0.115514,0.0803745,"outcome",TRUE,"reported","B3gBKZ","textfile"
"rs9924102",16,11418000,"G","A",0.23438,0.386055,0.0966338,0.0812628,"outcome",TRUE,"reported","B3gBKZ","textfile"
