"SNP","chr.outcome","pos.outcome","effect_allele.outcome","other_allele.outcome","pval.outcome","eaf.outcome","beta.outcome","se.outcome","outcome","mr_keep.outcome","pval_origin.outcome","id.outcome","data_source.outcome"
"rs10019724",4,56085997,"A","G",0.245121,0.0737459,-0.175555,0.151043,"outcome",TRUE,"reported","WWKs4W","textfile"
"rs10019739",4,14806415,"C","T",0.850455,0.231643,-0.0177125,0.0939464,"outcome",TRUE,"reported","WWKs4W","textfile"
"rs10979172",9,108033857,"T","C",0.63324,0.0436361,0.0934523,0.195846,"outcome",TRUE,"reported","WWKs4W","textfile"
"rs11065202",12,120674626,"C","T",0.277868,0.430933,-0.0868994,0.0800827,"outcome",TRUE,"reported","WWKs4W","textfile"
"rs1171617",10,59707424,"T","G",0.923318,0.840139,0.0103599,0.10763,"outcome",TRUE,"reported","WWKs4W","textfile"
"rs1493755",12,44398217,"G","A",0.323372,0.151147,-0.109213,0.11059,"outcome",TRUE,"reported","WWKs4W","textfile"
"rs17129837",10,112523357,"T","C",0.0363614,0.0857128,0.294633,0.14078,"outcome",TRUE,"reported","WWKs4W","textfile"
"rs17762815",7,70742865,"A","G",0.936638,0.0601789,-0.0130968,0.164747,"outcome",TRUE,"reported","WWKs4W","textfile"
"rs2440901",1,208273054,"T","C",0.352153,0.385515,0.0757548,0.08142,"outcome",TRUE,"reported","WWKs4W","textfile"
"rs2469211",15,76307551,"T","A",0.130184,0.129289,0.179988,0.118931,"outcome",TRUE,"reported","WWKs4W","textfile"
"rs2719936",4,42343469,"A","T",0.410208,0.573783,-0.0656577,0.0797273,"outcome",TRUE,"reported","WWKs4W","textfile"
"rs274567",5,132378717,"T","C",0.757059,0.491873,0.0244634,0.0790814,"outcome",TRUE,"reported","WWKs4W","textfile"
"rs4556628",12,121040109,"C","T",0.974739,0.630071,0.00259731,0.0820242,"outcome",TRUE,"reported","WWKs4W","textfile"
"rs4587804",12,46823731,"A","G",0.592129,0.707482,0.0468584,0.0874624,"outcome",TRUE,"reported","WWKs4W","textfile"
"rs6462769",7,37537721,"C","T",0.708127,0.343522,0.0313615,0.0837707,"outcome",TRUE,"reported","WWKs4W","textfile"
"rs648238",3,20485641,"G","A",0.0736122,0.0843786,-0.251487,0.140573,"outcome",TRUE,"reported","WWKs4W","textfile"
"rs6489794",12,121159610,"A","G",0.249121,0.271679,0.102577,0.0890047,"outcome",TRUE,"reported","WWKs4W","textfile"
"rs662138",6,160143444,"G","C",0.466913,0.147225,0.0811056,0.111484,"outcome",TRUE,"reported","WWKs4W","textfile"
"rs6668509",1,115118427,"A","T",0.613642,0.0530011,-0.090027,0.178313,"outcome",TRUE,"reported","WWKs4W","textfile"
"rs6696978",1,10149499,"G","A",0.177715,0.251971,-0.122294,0.0907345,"outcome",TRUE,"reported","WWKs4W","textfile"
"rs728242",9,80832718,"A","G",0.510047,0.62874,-0.0540523,0.082051,"outcome",TRUE,"reported","WWKs4W","textfile"
"rs7465584",8,123975238,"C","T",0.350172,0.496297,0.0743561,0.0795886,"outcome",TRUE,"reported","WWKs4W","textfile"
"rs8006419",14,65034017,"G","A",0.402909,0.583394,-0.0671681,0.0803027,"outcome",TRUE,"reported","WWKs4W","textfile"
"rs9576264",13,37414654,"A","G",0.981604,0.599026,0.00185533,0.0804617,"outcome",TRUE,"reported","WWKs4W","textfile"
"rs9586807",13,105330599,"A","T",0.389605,0.242161,0.0795082,0.0924157,"outcome",TRUE,"reported","WWKs4W","textfile"
