"SNP","chr.outcome","pos.outcome","effect_allele.outcome","other_allele.outcome","pval.outcome","eaf.outcome","beta.outcome","se.outcome","outcome","mr_keep.outcome","pval_origin.outcome","id.outcome","data_source.outcome"
"rs10818924",9,124151583,"C","T",0.681635,0.295158,-0.0355332,0.086617,"outcome",TRUE,"reported","pW5O7v","textfile"
"rs10821585",10,59756829,"A","G",0.847817,0.451345,0.0152391,0.0794097,"outcome",TRUE,"reported","pW5O7v","textfile"
"rs10897266",11,62387640,"T","A",0.157995,0.429397,0.112555,0.0797221,"outcome",TRUE,"reported","pW5O7v","textfile"
"rs11057695",12,124598790,"T","C",0.442291,0.100962,0.101572,0.132198,"outcome",TRUE,"reported","pW5O7v","textfile"
"rs11239545",10,45516797,"A","T",0.0350034,0.285689,0.184095,0.0873184,"outcome",TRUE,"reported","pW5O7v","textfile"
"rs1125232",1,104690804,"G","C",0.964611,0.874887,-0.00531324,0.119754,"outcome",TRUE,"reported","pW5O7v","textfile"
"rs11873891",18,6505598,"A","G",0.196179,0.59775,-0.103715,0.0802431,"outcome",TRUE,"reported","pW5O7v","textfile"
"rs12029258",1,22360000,"T","C",0.458319,0.000817871,-1.05729,1.42565,"outcome",TRUE,"reported","pW5O7v","textfile"
"rs1232230",6,102218833,"G","C",0.573883,0.557312,0.0449479,0.0799297,"outcome",TRUE,"reported","pW5O7v","textfile"
"rs12356193",10,59653595,"G","A",0.905964,0.0957794,-0.0159027,0.134619,"outcome",TRUE,"reported","pW5O7v","textfile"
"rs1389939",1,79527074,"G","C",0.486978,0.616419,-0.0563007,0.0809936,"outcome",TRUE,"reported","pW5O7v","textfile"
"rs1417985",13,46722490,"A","G",0.832046,0.984061,0.0657766,0.310152,"outcome",TRUE,"reported","pW5O7v","textfile"
"rs1420139",7,29507624,"C","G",0.679853,0.230642,-0.0389213,0.0943174,"outcome",TRUE,"reported","pW5O7v","textfile"
"rs1500394",4,154846467,"T","C",0.910947,0.707585,0.00970007,0.0867281,"outcome",TRUE,"reported","pW5O7v","textfile"
"rs17015424",2,127582183,"G","C",0.842964,0.379032,0.0162024,0.0817875,"outcome",TRUE,"reported","pW5O7v","textfile"
"rs2643926",4,81061158,"A","G",0.311632,0.418206,-0.0815595,0.0806081,"outcome",TRUE,"reported","pW5O7v","textfile"
"rs2715311",18,66021017,"A","G",0.817383,0.498741,-0.0183588,0.0795054,"outcome",TRUE,"reported","pW5O7v","textfile"
"rs3766553",1,203163914,"G","A",0.814052,0.488928,-0.0186342,0.0792267,"outcome",TRUE,"reported","pW5O7v","textfile"
"rs3806851",5,31191803,"T","C",0.512939,0.534309,-0.0520215,0.079511,"outcome",TRUE,"reported","pW5O7v","textfile"
"rs3829681",19,14840699,"T","C",0.0368884,0.000955804,2.96203,1.41928,"outcome",TRUE,"reported","pW5O7v","textfile"
"rs4458381",3,174840725,"C","G",0.448395,0.932621,-0.122094,0.161053,"outcome",TRUE,"reported","pW5O7v","textfile"
"rs6102466",20,41560277,"C","T",0.733625,0.352968,-0.0282877,0.0831241,"outcome",TRUE,"reported","pW5O7v","textfile"
"rs6560147",9,70635983,"C","T",0.231892,0.862891,-0.137123,0.114699,"outcome",TRUE,"reported","pW5O7v","textfile"
"rs662138",6,160143444,"G","C",0.466913,0.147225,0.0811056,0.111484,"outcome",TRUE,"reported","pW5O7v","textfile"
"rs7028146",9,35150231,"A","G",0.205677,0.621097,0.103121,0.0814832,"outcome",TRUE,"reported","pW5O7v","textfile"
"rs7545139",1,110045334,"A","G",0.0522697,0.634687,0.159151,0.081998,"outcome",TRUE,"reported","pW5O7v","textfile"
"rs7587616",2,133950925,"A","G",0.684224,0.484589,-0.0320784,0.0788737,"outcome",TRUE,"reported","pW5O7v","textfile"
"rs7727544",5,132254841,"T","C",0.577802,0.396433,-0.0450338,0.0809089,"outcome",TRUE,"reported","pW5O7v","textfile"
"rs8181126",9,27918518,"T","C",0.221914,0.305166,-0.105196,0.0861234,"outcome",TRUE,"reported","pW5O7v","textfile"
"rs842636",2,60864815,"A","G",0.0187741,0.414716,-0.189309,0.0805573,"outcome",TRUE,"reported","pW5O7v","textfile"
"rs9399110",6,99276220,"T","C",0.715403,0.0198034,-0.105984,0.290678,"outcome",TRUE,"reported","pW5O7v","textfile"
"rs9450092",6,84934700,"G","A",0.269355,0.0898379,-0.15447,0.139849,"outcome",TRUE,"reported","pW5O7v","textfile"
"rs9503551",6,3340483,"A","G",0.372696,0.0305637,-0.211572,0.237339,"outcome",TRUE,"reported","pW5O7v","textfile"
