"SNP","chr.outcome","pos.outcome","effect_allele.outcome","other_allele.outcome","pval.outcome","eaf.outcome","beta.outcome","se.outcome","outcome","mr_keep.outcome","pval_origin.outcome","id.outcome","data_source.outcome"
"rs11721811",4,5558539,"T","C",0.0862959,0.589613,-0.138057,0.0804872,"outcome",TRUE,"reported","fkZBnU","textfile"
"rs13173207",5,7569758,"A","G",0.145353,0.592067,-0.117355,0.0805932,"outcome",TRUE,"reported","fkZBnU","textfile"
"rs13399191",2,195516397,"G","C",0.223347,0.0946892,0.165119,0.135601,"outcome",TRUE,"reported","fkZBnU","textfile"
"rs1394678",16,20479736,"T","C",0.820301,0.2954,0.0197761,0.0870589,"outcome",TRUE,"reported","fkZBnU","textfile"
"rs17138024",11,79310144,"A","G",0.989434,0.105664,0.00170103,0.128447,"outcome",TRUE,"reported","fkZBnU","textfile"
"rs2324600",13,40369699,"C","T",0.636176,0.882986,-0.0582479,0.123132,"outcome",TRUE,"reported","fkZBnU","textfile"
"rs2878559",1,196422065,"T","C",0.966195,0.535285,0.00335387,0.0791375,"outcome",TRUE,"reported","fkZBnU","textfile"
"rs377483",21,36548645,"T","C",0.74576,0.574111,-0.0259588,0.0800615,"outcome",TRUE,"reported","fkZBnU","textfile"
"rs4954419",2,136444431,"C","G",0.275043,0.680955,0.0929833,0.0851868,"outcome",TRUE,"reported","fkZBnU","textfile"
"rs6011040",20,63706054,"G","A",0.542365,0.735847,-0.0547159,0.0898101,"outcome",TRUE,"reported","fkZBnU","textfile"
"rs6957421",7,124305845,"G","A",0.256689,0.78692,0.110454,0.0973808,"outcome",TRUE,"reported","fkZBnU","textfile"
"rs6957675",7,110713394,"T","C",0.388228,0.248872,0.0786005,0.0910955,"outcome",TRUE,"reported","fkZBnU","textfile"
"rs8093526",18,4442517,"T","C",0.505015,0.483869,0.0529255,0.0793939,"outcome",TRUE,"reported","fkZBnU","textfile"
"rs900429",3,127065146,"T","C",0.134458,0.878144,-0.181124,0.121012,"outcome",TRUE,"reported","fkZBnU","textfile"
"rs9636231",2,138914385,"A","G",0.0464472,0.335504,0.167298,0.0840143,"outcome",TRUE,"reported","fkZBnU","textfile"
"rs9807015",17,51358296,"C","T",0.180091,0.402714,-0.108156,0.0806851,"outcome",TRUE,"reported","fkZBnU","textfile"
