"SNP","chr.outcome","pos.outcome","effect_allele.outcome","other_allele.outcome","pval.outcome","eaf.outcome","beta.outcome","se.outcome","outcome","mr_keep.outcome","pval_origin.outcome","id.outcome","data_source.outcome"
"rs10837883",11,42588367,"T","G",0.722214,0.544131,0.0282131,0.0793618,"outcome",TRUE,"reported","mlEh8l","textfile"
"rs11213924",11,98074969,"A","G",0.658049,0.0352843,0.0944552,0.213405,"outcome",TRUE,"reported","mlEh8l","textfile"
"rs11265023",1,158543258,"A","G",0.556515,0.537209,0.046516,0.0791054,"outcome",TRUE,"reported","mlEh8l","textfile"
"rs11680604",2,48701394,"G","C",0.339876,0.284385,0.0838238,0.0878278,"outcome",TRUE,"reported","mlEh8l","textfile"
"rs11704875",22,45809309,"T","C",0.644617,0.0936955,-0.0625283,0.135562,"outcome",TRUE,"reported","mlEh8l","textfile"
"rs12360462",10,100303803,"G","A",0.669869,0.441663,-0.0339144,0.0795502,"outcome",TRUE,"reported","mlEh8l","textfile"
"rs12435939",14,92383172,"T","C",0.251665,0.0537447,0.201752,0.176,"outcome",TRUE,"reported","mlEh8l","textfile"
"rs12806225",11,133722639,"A","G",0.813579,0.298926,-0.0204353,0.0866593,"outcome",TRUE,"reported","mlEh8l","textfile"
"rs17685",7,75986787,"A","G",0.661672,0.381214,0.0356428,0.0814498,"outcome",TRUE,"reported","mlEh8l","textfile"
"rs1863824",10,86353182,"A","G",0.183582,0.621824,-0.108552,0.0816297,"outcome",TRUE,"reported","mlEh8l","textfile"
"rs2042807",8,52420941,"T","C",0.128565,0.521931,0.120721,0.0794332,"outcome",TRUE,"reported","mlEh8l","textfile"
"rs2373319",7,148173217,"T","A",0.516852,0.212056,0.0624793,0.0963881,"outcome",TRUE,"reported","mlEh8l","textfile"
"rs3828128",1,230793564,"A","G",0.98405,0.27242,-0.00177528,0.0888023,"outcome",TRUE,"reported","mlEh8l","textfile"
"rs6077678",20,1088460,"A","G",0.585237,0.84144,-0.0591505,0.108384,"outcome",TRUE,"reported","mlEh8l","textfile"
"rs6801666",3,20303884,"G","A",0.388849,0.560979,0.0688293,0.0798756,"outcome",TRUE,"reported","mlEh8l","textfile"
"rs7013605",8,138890217,"C","T",0.0622472,0.783926,-0.179164,0.096091,"outcome",TRUE,"reported","mlEh8l","textfile"
"rs7131362",11,1668095,"A","G",0.570553,0.452342,0.0453486,0.0799464,"outcome",TRUE,"reported","mlEh8l","textfile"
"rs7468101",9,22918938,"C","T",0.453216,0.0819813,-0.107815,0.143741,"outcome",TRUE,"reported","mlEh8l","textfile"
"rs780093",2,27519736,"C","T",0.0361385,0.647361,0.173592,0.0828454,"outcome",TRUE,"reported","mlEh8l","textfile"
"rs8054389",16,48507483,"T","C",0.456426,0.571444,0.0595042,0.0798988,"outcome",TRUE,"reported","mlEh8l","textfile"
"rs838532",1,119354204,"C","T",0.573698,0.0556277,0.0972062,0.172776,"outcome",TRUE,"reported","mlEh8l","textfile"
"rs9333029",1,46930490,"G","A",0.970492,0.110435,0.00473681,0.128051,"outcome",TRUE,"reported","mlEh8l","textfile"
"rs998531",12,77148980,"G","A",0.180122,0.129395,-0.156866,0.117031,"outcome",TRUE,"reported","mlEh8l","textfile"
