"SNP","chr.outcome","pos.outcome","effect_allele.outcome","other_allele.outcome","pval.outcome","eaf.outcome","beta.outcome","se.outcome","outcome","mr_keep.outcome","pval_origin.outcome","id.outcome","data_source.outcome"
"rs10754948",2,15165614,"C","T",0.616012,0.229012,0.0474874,0.0946886,"outcome",TRUE,"reported","5e45dS","textfile"
"rs11177273",12,68531380,"T","A",0.451286,0.16773,0.0800706,0.106297,"outcome",TRUE,"reported","5e45dS","textfile"
"rs12443663",16,9539451,"C","G",0.0124059,0.0798607,0.325271,0.130089,"outcome",TRUE,"reported","5e45dS","textfile"
"rs12603748",17,79266038,"C","T",0.373813,0.127544,0.104697,0.117722,"outcome",TRUE,"reported","5e45dS","textfile"
"rs17071208",4,181364901,"G","A",0.226167,0.18603,-0.123979,0.102438,"outcome",TRUE,"reported","5e45dS","textfile"
"rs2026089",13,102965953,"G","A",0.864815,0.15014,-0.0186514,0.109554,"outcome",TRUE,"reported","5e45dS","textfile"
"rs214785",20,2302811,"T","C",0.378536,0.854205,0.0990993,0.112537,"outcome",TRUE,"reported","5e45dS","textfile"
"rs2182325",1,70905737,"G","A",0.384804,0.70174,-0.0758449,0.0872705,"outcome",TRUE,"reported","5e45dS","textfile"
"rs35251711",4,131115289,"A","C",0.783718,0.0838226,-0.039304,0.143196,"outcome",TRUE,"reported","5e45dS","textfile"
"rs4668464",2,15760664,"G","A",0.856695,0.68582,0.0153976,0.0852662,"outcome",TRUE,"reported","5e45dS","textfile"
"rs4753364",11,92025586,"A","C",0.259129,0.272768,-0.100143,0.088744,"outcome",TRUE,"reported","5e45dS","textfile"
"rs6517442",21,37917643,"T","C",0.227812,0.70426,-0.104618,0.0867465,"outcome",TRUE,"reported","5e45dS","textfile"
"rs6834891",4,76666104,"C","T",0.0284394,0.465118,-0.173607,0.0792302,"outcome",TRUE,"reported","5e45dS","textfile"
