"SNP","chr.outcome","pos.outcome","effect_allele.outcome","other_allele.outcome","pval.outcome","eaf.outcome","beta.outcome","se.outcome","outcome","mr_keep.outcome","pval_origin.outcome","id.outcome","data_source.outcome"
"rs10045690",5,30703827,"T","C",0.095982,0.608519,0.135535,0.0814193,"outcome",TRUE,"reported","z0E7vr","textfile"
"rs10236826",7,41625305,"T","C",0.884483,0.917395,-0.0209013,0.14386,"outcome",TRUE,"reported","z0E7vr","textfile"
"rs10764712",10,18718993,"G","T",0.406421,0.513501,0.0658373,0.0793022,"outcome",TRUE,"reported","z0E7vr","textfile"
"rs11761528",7,99521178,"T","C",0.971683,0.144851,-0.00395788,0.111496,"outcome",TRUE,"reported","z0E7vr","textfile"
"rs12121588",1,227816266,"A","G",0.0514375,0.271896,0.173186,0.088913,"outcome",TRUE,"reported","z0E7vr","textfile"
"rs12601482",17,56232393,"C","T",0.846275,0.136008,0.0223922,0.115499,"outcome",TRUE,"reported","z0E7vr","textfile"
"rs13072891",3,19987078,"A","G",0.732431,0.607993,0.0276657,0.0809193,"outcome",TRUE,"reported","z0E7vr","textfile"
"rs1390947",9,73510675,"A","C",0.86155,0.433241,-0.0139221,0.0798279,"outcome",TRUE,"reported","z0E7vr","textfile"
"rs17223039",2,206202455,"A","G",0.459956,0.113043,0.0933064,0.126274,"outcome",TRUE,"reported","z0E7vr","textfile"
"rs1834260",5,52456451,"T","C",0.747353,0.751988,0.0294469,0.0914126,"outcome",TRUE,"reported","z0E7vr","textfile"
"rs2048428",19,56974160,"C","T",0.377107,0.890928,0.112141,0.126965,"outcome",TRUE,"reported","z0E7vr","textfile"
"rs296396",19,47862266,"C","T",0.127371,0.849674,-0.170294,0.111701,"outcome",TRUE,"reported","z0E7vr","textfile"
"rs356296",1,80527782,"A","G",0.796709,0.00540086,-0.139189,0.540314,"outcome",TRUE,"reported","z0E7vr","textfile"
"rs3802037",7,90887290,"G","A",0.81778,0.309714,0.0197409,0.0856803,"outcome",TRUE,"reported","z0E7vr","textfile"
"rs4953716",2,43047683,"T","A",0.442621,0.588759,0.0617849,0.0804727,"outcome",TRUE,"reported","z0E7vr","textfile"
"rs6900835",6,133647871,"T","C",0.784121,0.214398,-0.0263406,0.0961499,"outcome",TRUE,"reported","z0E7vr","textfile"
"rs794614",6,118963719,"G","A",0.882739,0.158411,-0.0160382,0.108735,"outcome",TRUE,"reported","z0E7vr","textfile"
"rs878983",2,20077987,"T","C",0.293028,0.321008,-0.088936,0.0845799,"outcome",TRUE,"reported","z0E7vr","textfile"
"rs9316766",13,22118153,"G","A",0.35077,0.272624,0.0830258,0.0889787,"outcome",TRUE,"reported","z0E7vr","textfile"
"rs932412",6,16425172,"C","A",0.744797,0.572032,0.0260146,0.0799202,"outcome",TRUE,"reported","z0E7vr","textfile"
"rs9972424",15,40073650,"G","A",0.298861,0.369436,0.0853327,0.0821391,"outcome",TRUE,"reported","z0E7vr","textfile"
