"SNP","chr.outcome","pos.outcome","effect_allele.outcome","other_allele.outcome","pval.outcome","eaf.outcome","beta.outcome","se.outcome","outcome","mr_keep.outcome","pval_origin.outcome","id.outcome","data_source.outcome"
"rs10084901",4,129261939,"A","T",0.332937,0.600649,0.0783089,0.0808796,"outcome",TRUE,"reported","CmY3qZ","textfile"
"rs10468017",15,58386313,"T","C",0.683531,0.331262,-0.0341911,0.0838739,"outcome",TRUE,"reported","CmY3qZ","textfile"
"rs10924121",1,245218700,"G","A",0.407928,0.231072,-0.0775425,0.0937019,"outcome",TRUE,"reported","CmY3qZ","textfile"
"rs11614616",12,12844753,"C","A",0.321299,0.217639,0.0955477,0.0963383,"outcome",TRUE,"reported","CmY3qZ","textfile"
"rs11885422",2,30367682,"A","T",0.851011,0.22462,-0.0176916,0.09419,"outcome",TRUE,"reported","CmY3qZ","textfile"
"rs12577969",11,46799238,"A","G",0.744269,0.0627969,-0.0534558,0.163872,"outcome",TRUE,"reported","CmY3qZ","textfile"
"rs13262434",8,119733423,"T","G",0.965262,0.291312,-0.00378245,0.0868508,"outcome",TRUE,"reported","CmY3qZ","textfile"
"rs13420201",2,28371168,"C","A",0.0719963,0.242898,0.16616,0.0923555,"outcome",TRUE,"reported","CmY3qZ","textfile"
"rs1388331",4,23776727,"A","G",0.201553,0.937963,-0.209639,0.164147,"outcome",TRUE,"reported","CmY3qZ","textfile"
"rs16916075",8,93588710,"T","G",0.0183358,0.785558,0.228491,0.0968691,"outcome",TRUE,"reported","CmY3qZ","textfile"
"rs17579748",14,76190860,"G","A",0.524171,0.0506448,-0.113044,0.177483,"outcome",TRUE,"reported","CmY3qZ","textfile"
"rs1771823",6,150957921,"G","A",0.566164,0.280853,-0.0505564,0.0881219,"outcome",TRUE,"reported","CmY3qZ","textfile"
"rs2053595",17,7126230,"A","G",0.54873,0.323212,-0.0508154,0.0847397,"outcome",TRUE,"reported","CmY3qZ","textfile"
"rs2295308",14,24292599,"C","A",0.469263,0.0586405,0.122145,0.168784,"outcome",TRUE,"reported","CmY3qZ","textfile"
"rs2426412",20,52046716,"G","A",0.568259,0.232247,-0.0532436,0.0933085,"outcome",TRUE,"reported","CmY3qZ","textfile"
"rs2431704",5,129019459,"C","A",0.583581,0.194967,-0.0543087,0.0990742,"outcome",TRUE,"reported","CmY3qZ","textfile"
"rs2434532",5,154260912,"A","G",0.680447,0.219056,0.0392355,0.0952659,"outcome",TRUE,"reported","CmY3qZ","textfile"
"rs2831549",21,28155401,"T","C",0.0743327,0.758591,-0.164912,0.0924106,"outcome",TRUE,"reported","CmY3qZ","textfile"
"rs2935461",13,55830115,"A","G",0.880181,0.76905,0.0141872,0.0941175,"outcome",TRUE,"reported","CmY3qZ","textfile"
"rs2991721",1,87965260,"G","A",0.806733,0.579646,0.01966,0.0803622,"outcome",TRUE,"reported","CmY3qZ","textfile"
"rs345513",4,78318909,"G","A",0.174673,0.433764,-0.108023,0.0795844,"outcome",TRUE,"reported","CmY3qZ","textfile"
"rs35441",12,115115310,"T","C",0.684264,0.363459,-0.0333255,0.081951,"outcome",TRUE,"reported","CmY3qZ","textfile"
"rs3784934",16,75535841,"A","C",0.255062,0.0852671,0.160735,0.141225,"outcome",TRUE,"reported","CmY3qZ","textfile"
"rs3799488",6,137198643,"C","T",0.790355,0.110586,0.0336157,0.126446,"outcome",TRUE,"reported","CmY3qZ","textfile"
"rs4516432",2,115624321,"C","T",0.802334,0.297357,0.0216669,0.0865543,"outcome",TRUE,"reported","CmY3qZ","textfile"
"rs4724070",7,41743761,"C","T",0.885865,0.882726,0.0175738,0.122433,"outcome",TRUE,"reported","CmY3qZ","textfile"
"rs4814243",20,1428791,"A","G",0.54803,0.741706,-0.0544315,0.0906111,"outcome",TRUE,"reported","CmY3qZ","textfile"
"rs4841120",8,9281545,"G","T",0.0702037,0.399958,-0.146951,0.0811617,"outcome",TRUE,"reported","CmY3qZ","textfile"
"rs4904578",14,89434916,"T","C",0.191814,0.44058,-0.10421,0.07984,"outcome",TRUE,"reported","CmY3qZ","textfile"
"rs4936882",11,124016477,"G","T",0.414724,0.766297,-0.0762145,0.0934449,"outcome",TRUE,"reported","CmY3qZ","textfile"
"rs633695",15,58433640,"G","A",0.501486,0.305383,-0.0575687,0.0856483,"outcome",TRUE,"reported","CmY3qZ","textfile"
"rs6880807",5,26005134,"T","G",0.255657,0.698813,-0.0979615,0.0861793,"outcome",TRUE,"reported","CmY3qZ","textfile"
"rs6946189",7,25960517,"A","G",0.376438,0.284587,0.0779504,0.0881315,"outcome",TRUE,"reported","CmY3qZ","textfile"
"rs7349641",4,41279014,"C","T",0.684011,0.162294,0.0439077,0.107883,"outcome",TRUE,"reported","CmY3qZ","textfile"
"rs7959422",12,91295738,"T","C",0.990637,0.926357,-0.0017878,0.15235,"outcome",TRUE,"reported","CmY3qZ","textfile"
"rs906771",9,1053497,"C","G",0.657837,0.486673,0.0352259,0.0795345,"outcome",TRUE,"reported","CmY3qZ","textfile"
"rs9367334",6,48852178,"A","C",0.274686,0.134564,-0.126219,0.11555,"outcome",TRUE,"reported","CmY3qZ","textfile"
"rs9471920",6,42803309,"T","G",0.35303,0.0183034,0.273911,0.294931,"outcome",TRUE,"reported","CmY3qZ","textfile"
"rs9622216",22,35534684,"G","C",0.136859,0.152034,-0.163723,0.110059,"outcome",TRUE,"reported","CmY3qZ","textfile"
