"SNP","chr.outcome","pos.outcome","effect_allele.outcome","other_allele.outcome","pval.outcome","eaf.outcome","beta.outcome","se.outcome","outcome","mr_keep.outcome","pval_origin.outcome","id.outcome","data_source.outcome"
"rs11050696",12,30165108,"A","G",0.958426,0.159219,0.00565184,0.10842,"outcome",TRUE,"reported","cuy5Sq","textfile"
"rs1284443",18,13595439,"T","C",0.408289,0.269031,-0.0740973,0.0896077,"outcome",TRUE,"reported","cuy5Sq","textfile"
"rs1624064",6,26378453,"C","T",0.788241,0.461105,0.021411,0.079715,"outcome",TRUE,"reported","cuy5Sq","textfile"
"rs17450934",8,127296592,"A","G",0.362275,0.144407,0.103965,0.114117,"outcome",TRUE,"reported","cuy5Sq","textfile"
"rs17685",7,75986787,"A","G",0.661672,0.381214,0.0356428,0.0814498,"outcome",TRUE,"reported","cuy5Sq","textfile"
"rs1811763",3,173099816,"A","G",0.761337,0.132233,0.0353589,0.116417,"outcome",TRUE,"reported","cuy5Sq","textfile"
"rs1934955",10,95028804,"G","A",0.555726,0.275881,0.0521703,0.0885441,"outcome",TRUE,"reported","cuy5Sq","textfile"
"rs2241480",4,10088139,"T","C",0.16917,0.303462,-0.118497,0.0861873,"outcome",TRUE,"reported","cuy5Sq","textfile"
"rs4447076",10,86936624,"G","A",0.94083,0.325615,0.00631111,0.0850242,"outcome",TRUE,"reported","cuy5Sq","textfile"
"rs568167",13,58050020,"A","G",0.992772,0.227361,-0.000855648,0.0944551,"outcome",TRUE,"reported","cuy5Sq","textfile"
"rs6490461",13,30402708,"A","C",0.588121,0.0877425,0.0768452,0.141896,"outcome",TRUE,"reported","cuy5Sq","textfile"
