"SNP","chr.outcome","pos.outcome","effect_allele.outcome","other_allele.outcome","pval.outcome","eaf.outcome","beta.outcome","se.outcome","outcome","mr_keep.outcome","pval_origin.outcome","id.outcome","data_source.outcome"
"rs11034982",11,38886933,"G","A",0.61821,0.0372254,-0.104339,0.209353,"outcome",TRUE,"reported","hX33oY","textfile"
"rs11053060",12,34023926,"T","C",0.971391,0.0647333,-0.00566486,0.157953,"outcome",TRUE,"reported","hX33oY","textfile"
"rs11951976",5,109053427,"A","G",0.0163685,0.385725,0.195285,0.0813486,"outcome",TRUE,"reported","hX33oY","textfile"
"rs3219080",1,226379540,"T","C",0.888424,0.0198476,-0.0402732,0.287054,"outcome",TRUE,"reported","hX33oY","textfile"
"rs3851624",12,99982210,"A","T",0.481392,0.415977,-0.0565103,0.0802628,"outcome",TRUE,"reported","hX33oY","textfile"
"rs4151405",14,60967503,"T","G",0.987239,0.991824,-0.00720475,0.450466,"outcome",TRUE,"reported","hX33oY","textfile"
"rs4308236",3,140125476,"G","A",0.136157,0.691632,0.127904,0.0858271,"outcome",TRUE,"reported","hX33oY","textfile"
"rs4630914",3,111713053,"T","C",0.709937,0.0690067,-0.0580795,0.156152,"outcome",TRUE,"reported","hX33oY","textfile"
"rs4650516",1,81217437,"C","T",0.963701,0.445089,-0.00361367,0.0794039,"outcome",TRUE,"reported","hX33oY","textfile"
"rs4687396",3,193241984,"A","C",0.55484,0.991546,0.259908,0.440132,"outcome",TRUE,"reported","hX33oY","textfile"
"rs4742370",9,7540384,"C","G",0.874979,0.342521,-0.0131772,0.0837515,"outcome",TRUE,"reported","hX33oY","textfile"
"rs7103589",11,11579990,"T","G",0.846688,0.700204,0.0166457,0.0860926,"outcome",TRUE,"reported","hX33oY","textfile"
"rs899236",16,56318993,"A","G",0.488544,0.272195,0.0618923,0.0893589,"outcome",TRUE,"reported","hX33oY","textfile"
"rs9901192",17,6192115,"A","G",0.785342,0.0888885,-0.0380396,0.139665,"outcome",TRUE,"reported","hX33oY","textfile"
