"SNP","chr.outcome","pos.outcome","effect_allele.outcome","other_allele.outcome","pval.outcome","eaf.outcome","beta.outcome","se.outcome","outcome","mr_keep.outcome","pval_origin.outcome","id.outcome","data_source.outcome"
"rs10111779",8,84215892,"C","A",0.690879,0.243855,0.0364926,0.0917676,"outcome",TRUE,"reported","FgqMf9","textfile"
"rs1043147",3,133826154,"G","A",0.911313,0.219484,0.0106179,0.0953279,"outcome",TRUE,"reported","FgqMf9","textfile"
"rs1171614",10,59709780,"C","T",0.986788,0.841347,0.00178781,0.107966,"outcome",TRUE,"reported","FgqMf9","textfile"
"rs1205497",6,22830695,"G","A",0.496908,0.406375,0.0549054,0.0808189,"outcome",TRUE,"reported","FgqMf9","textfile"
"rs186053",4,68733720,"T","G",0.451697,0.772149,-0.0711358,0.0945215,"outcome",TRUE,"reported","FgqMf9","textfile"
"rs1884917",20,4595423,"G","C",0.899884,0.788304,-0.0122055,0.0970169,"outcome",TRUE,"reported","FgqMf9","textfile"
"rs312994",18,1899695,"G","A",0.195434,0.473634,-0.102522,0.0791876,"outcome",TRUE,"reported","FgqMf9","textfile"
"rs4365292",16,26971334,"A","C",0.469336,0.150324,0.0798507,0.110358,"outcome",TRUE,"reported","FgqMf9","textfile"
"rs4854707",3,133268596,"G","T",0.510393,0.347753,0.0547118,0.0831202,"outcome",TRUE,"reported","FgqMf9","textfile"
"rs520906",11,107750812,"A","G",0.219396,0.639963,0.10135,0.0825238,"outcome",TRUE,"reported","FgqMf9","textfile"
"rs662138",6,160143444,"G","C",0.466913,0.147225,0.0811056,0.111484,"outcome",TRUE,"reported","FgqMf9","textfile"
"rs697387",1,110131515,"C","T",0.629795,0.811308,0.0504262,0.104615,"outcome",TRUE,"reported","FgqMf9","textfile"
"rs715",2,210678331,"C","T",0.413028,0.313956,0.0703543,0.0859472,"outcome",TRUE,"reported","FgqMf9","textfile"
"rs759400",2,10569690,"T","C",0.803901,0.841595,-0.0269117,0.108383,"outcome",TRUE,"reported","FgqMf9","textfile"
"rs7866",1,26946353,"T","C",0.638868,0.0255936,0.118322,0.252133,"outcome",TRUE,"reported","FgqMf9","textfile"
"rs9318571",13,78663979,"A","G",0.208604,0.421298,-0.101479,0.0807043,"outcome",TRUE,"reported","FgqMf9","textfile"
