"SNP","chr.outcome","pos.outcome","effect_allele.outcome","other_allele.outcome","pval.outcome","eaf.outcome","beta.outcome","se.outcome","outcome","mr_keep.outcome","pval_origin.outcome","id.outcome","data_source.outcome"
"rs10963621",9,18516000,"T","A",0.577487,0.257277,-0.0508121,0.0912149,"outcome",TRUE,"reported","UYVNje","textfile"
"rs11133365",4,55182540,"T","C",0.584553,0.879041,0.0667689,0.12212,"outcome",TRUE,"reported","UYVNje","textfile"
"rs11779285",8,125754481,"A","T",0.230576,0.357704,0.0995727,0.083055,"outcome",TRUE,"reported","UYVNje","textfile"
"rs13198474",6,25874195,"A","G",0.830957,0.0459717,0.0395557,0.185295,"outcome",TRUE,"reported","UYVNje","textfile"
"rs1452040",5,4795241,"A","C",0.109705,0.758678,-0.149162,0.0932543,"outcome",TRUE,"reported","UYVNje","textfile"
"rs17628016",4,169736941,"A","G",0.142942,0.127858,-0.174489,0.119111,"outcome",TRUE,"reported","UYVNje","textfile"
"rs17642590",10,117883944,"G","C",0.453113,0.0544377,0.129825,0.173046,"outcome",TRUE,"reported","UYVNje","textfile"
"rs3010305",6,139440327,"T","C",0.814998,0.0991005,0.0309639,0.132334,"outcome",TRUE,"reported","UYVNje","textfile"
"rs6916131",6,157791363,"G","T",0.607012,0.0356025,-0.110944,0.215701,"outcome",TRUE,"reported","UYVNje","textfile"
"rs7047770",9,137036493,"A","G",0.0829736,0.627328,-0.141865,0.0818288,"outcome",TRUE,"reported","UYVNje","textfile"
"rs7118058",11,7620644,"G","T",0.738127,0.936256,0.0549706,0.164418,"outcome",TRUE,"reported","UYVNje","textfile"
"rs7714057",5,168221717,"T","C",0.766401,0.0529259,0.05264,0.177188,"outcome",TRUE,"reported","UYVNje","textfile"
"rs9682960",3,11047659,"C","T",0.760239,0.073118,-0.0465607,0.152575,"outcome",TRUE,"reported","UYVNje","textfile"
