"SNP","chr.outcome","pos.outcome","effect_allele.outcome","other_allele.outcome","pval.outcome","eaf.outcome","beta.outcome","se.outcome","outcome","mr_keep.outcome","pval_origin.outcome","id.outcome","data_source.outcome"
"rs10844144",12,32166884,"C","A",0.281856,0.103475,0.140092,0.130178,"outcome",TRUE,"reported","6eUdcH","textfile"
"rs1165196",6,25812922,"A","G",0.238655,0.627817,0.0964458,0.0818478,"outcome",TRUE,"reported","6eUdcH","textfile"
"rs2071426",10,95068566,"C","T",0.632402,0.276203,0.0423523,0.0885387,"outcome",TRUE,"reported","6eUdcH","textfile"
"rs2187662",16,14176264,"A","G",0.146525,0.0373605,-0.303522,0.209049,"outcome",TRUE,"reported","6eUdcH","textfile"
"rs2199680",12,21262562,"T","A",0.162276,0.298666,0.121243,0.0867598,"outcome",TRUE,"reported","6eUdcH","textfile"
"rs2272861",22,35541521,"A","G",0.716392,0.763531,0.0337962,0.0930295,"outcome",TRUE,"reported","6eUdcH","textfile"
"rs3736083",4,883921,"C","T",0.24044,0.404453,0.0950532,0.080973,"outcome",TRUE,"reported","6eUdcH","textfile"
"rs4726900",7,147975280,"G","T",0.141798,0.413033,-0.117756,0.0801539,"outcome",TRUE,"reported","6eUdcH","textfile"
