"SNP","chr.outcome","pos.outcome","effect_allele.outcome","other_allele.outcome","pval.outcome","eaf.outcome","beta.outcome","se.outcome","outcome","mr_keep.outcome","pval_origin.outcome","id.outcome","data_source.outcome"
"rs10788823",1,152189172,"G","T",0.204192,0.869211,-0.150014,0.118149,"outcome",TRUE,"reported","p2T4sk","textfile"
"rs1201686",20,46982284,"C","G",0.23602,0.0679667,0.187399,0.158143,"outcome",TRUE,"reported","p2T4sk","textfile"
"rs12999714",2,50929411,"T","A",0.87424,0.405048,0.0127936,0.0808315,"outcome",TRUE,"reported","p2T4sk","textfile"
"rs16839086",2,207051125,"A","C",0.319434,0.27941,0.0878976,0.0882842,"outcome",TRUE,"reported","p2T4sk","textfile"
"rs16972160",15,80457032,"C","T",0.617893,0.0274427,-0.120022,0.240603,"outcome",TRUE,"reported","p2T4sk","textfile"
"rs174538",11,61792609,"A","G",0.147132,0.347431,-0.119988,0.0827651,"outcome",TRUE,"reported","p2T4sk","textfile"
"rs2114655",2,49508113,"A","G",0.0110693,0.0478502,-0.473153,0.186244,"outcome",TRUE,"reported","p2T4sk","textfile"
"rs3793900",10,86959076,"A","C",0.0466659,0.713096,-0.174181,0.0875578,"outcome",TRUE,"reported","p2T4sk","textfile"
"rs6868629",5,121585679,"C","G",0.688376,0.0709519,-0.0622577,0.155233,"outcome",TRUE,"reported","p2T4sk","textfile"
"rs6957801",7,111646786,"A","G",0.215557,0.0224883,-0.328936,0.265608,"outcome",TRUE,"reported","p2T4sk","textfile"
"rs757841",7,71221099,"G","C",0.188433,0.30736,-0.112652,0.0856522,"outcome",TRUE,"reported","p2T4sk","textfile"
