"SNP","chr.outcome","pos.outcome","effect_allele.outcome","other_allele.outcome","pval.outcome","eaf.outcome","beta.outcome","se.outcome","outcome","mr_keep.outcome","pval_origin.outcome","id.outcome","data_source.outcome"
"rs10216545",8,67864392,"A","G",0.759388,0.425269,-0.0244286,0.0797583,"outcome",TRUE,"reported","bp9Jch","textfile"
"rs10796993",1,158040572,"T","C",0.154432,0.882324,0.174739,0.122706,"outcome",TRUE,"reported","bp9Jch","textfile"
"rs10941555",5,41686645,"A","G",0.630941,0.464808,0.0380088,0.0791188,"outcome",TRUE,"reported","bp9Jch","textfile"
"rs11736580",4,98899209,"C","T",0.804384,0.230213,0.023284,0.0940093,"outcome",TRUE,"reported","bp9Jch","textfile"
"rs1996490",3,116593044,"A","G",0.722005,0.491299,-0.0281606,0.0791514,"outcome",TRUE,"reported","bp9Jch","textfile"
"rs4149000",12,21295063,"T","C",0.961391,0.173326,0.0051089,0.105537,"outcome",TRUE,"reported","bp9Jch","textfile"
"rs7855272",9,126582484,"G","A",0.472814,0.756538,0.0664301,0.0925328,"outcome",TRUE,"reported","bp9Jch","textfile"
"rs887829",2,233759924,"T","C",0.37135,0.394024,0.0723056,0.0808837,"outcome",TRUE,"reported","bp9Jch","textfile"
"rs917664",7,116527390,"T","A",0.362892,0.794222,0.0896327,0.0985117,"outcome",TRUE,"reported","bp9Jch","textfile"
