"SNP","chr.outcome","pos.outcome","effect_allele.outcome","other_allele.outcome","pval.outcome","eaf.outcome","beta.outcome","se.outcome","outcome","mr_keep.outcome","pval_origin.outcome","id.outcome","data_source.outcome"
"rs10044059",5,103379813,"A","G",0.659525,0.0980485,0.0584383,0.132643,"outcome",TRUE,"reported","tXMzvz","textfile"
"rs10183528",2,211287788,"G","C",0.476027,0.0693308,0.111709,0.156738,"outcome",TRUE,"reported","tXMzvz","textfile"
"rs10508243",10,2902523,"A","G",0.349189,0.0642332,-0.150997,0.161293,"outcome",TRUE,"reported","tXMzvz","textfile"
"rs1125853",8,30711118,"G","C",0.539584,0.768939,0.0576796,0.0940261,"outcome",TRUE,"reported","tXMzvz","textfile"
"rs12820694",12,66870221,"A","G",0.0855953,0.317227,0.145535,0.0846575,"outcome",TRUE,"reported","tXMzvz","textfile"
"rs13129658",4,123663214,"G","C",0.363514,0.223375,0.086323,0.0949972,"outcome",TRUE,"reported","tXMzvz","textfile"
"rs1341146",1,213883987,"T","G",0.748373,0.770219,-0.0303704,0.0946754,"outcome",TRUE,"reported","tXMzvz","textfile"
"rs1853207",10,94906180,"T","C",0.395834,0.0618116,-0.138335,0.162923,"outcome",TRUE,"reported","tXMzvz","textfile"
"rs1884646",20,6127286,"C","G",0.711102,0.091883,0.0508546,0.137306,"outcome",TRUE,"reported","tXMzvz","textfile"
"rs1900804",7,17446822,"T","C",0.543536,0.326839,-0.0512886,0.0844293,"outcome",TRUE,"reported","tXMzvz","textfile"
"rs2051674",17,5998332,"T","C",0.238095,0.749732,-0.108126,0.0916504,"outcome",TRUE,"reported","tXMzvz","textfile"
"rs2679891",2,105174855,"T","G",0.201694,0.0463083,-0.241018,0.188776,"outcome",TRUE,"reported","tXMzvz","textfile"
"rs2722639",3,164661744,"C","T",0.019727,0.499369,0.184772,0.0792503,"outcome",TRUE,"reported","tXMzvz","textfile"
"rs2884692",1,198034321,"C","T",0.0757652,0.555067,-0.140853,0.079318,"outcome",TRUE,"reported","tXMzvz","textfile"
"rs3846714",5,151555858,"A","G",0.71543,0.0499867,0.0676384,0.185528,"outcome",TRUE,"reported","tXMzvz","textfile"
"rs4750519",10,5603984,"G","T",0.245035,0.521738,0.092156,0.0792744,"outcome",TRUE,"reported","tXMzvz","textfile"
"rs603677",9,135050665,"C","A",0.590643,0.0572749,0.0916629,0.170407,"outcome",TRUE,"reported","tXMzvz","textfile"
"rs644396",11,70274395,"C","T",0.161286,0.506069,0.111057,0.0792832,"outcome",TRUE,"reported","tXMzvz","textfile"
