"SNP","chr.outcome","pos.outcome","effect_allele.outcome","other_allele.outcome","pval.outcome","eaf.outcome","beta.outcome","se.outcome","outcome","mr_keep.outcome","pval_origin.outcome","id.outcome","data_source.outcome"
"rs10503463",8,13667802,"G","C",0.787182,0.188935,0.0271906,0.100716,"outcome",TRUE,"reported","mfEXYO","textfile"
"rs12804160",11,44878221,"C","G",0.904275,0.150074,-0.0133772,0.111232,"outcome",TRUE,"reported","mfEXYO","textfile"
"rs12920537",16,20410234,"G","A",0.715519,0.284267,0.0323112,0.0886563,"outcome",TRUE,"reported","mfEXYO","textfile"
"rs1344215",3,187448910,"G","A",0.833562,0.461952,-0.0170217,0.0810035,"outcome",TRUE,"reported","mfEXYO","textfile"
"rs1447149",11,119820360,"A","G",0.90527,0.230653,-0.0112097,0.0941939,"outcome",TRUE,"reported","mfEXYO","textfile"
"rs16957268",13,87650525,"G","C",0.372026,0.121451,0.107597,0.120532,"outcome",TRUE,"reported","mfEXYO","textfile"
"rs1740074",6,43980053,"G","C",0.0505417,0.0413167,-0.397253,0.203162,"outcome",TRUE,"reported","mfEXYO","textfile"
"rs17578989",1,234602243,"C","T",0.702436,0.362956,-0.0315738,0.0826469,"outcome",TRUE,"reported","mfEXYO","textfile"
"rs2834622",21,34748477,"C","T",0.961396,0.666352,-0.00405945,0.0838693,"outcome",TRUE,"reported","mfEXYO","textfile"
"rs4549297",3,87690136,"A","G",0.564549,0.744243,-0.0520709,0.0903856,"outcome",TRUE,"reported","mfEXYO","textfile"
"rs6692597",1,238506365,"A","C",0.647335,0.0865609,-0.0640858,0.140088,"outcome",TRUE,"reported","mfEXYO","textfile"
"rs8049811",16,51964392,"C","T",0.900934,0.033396,-0.0273697,0.21987,"outcome",TRUE,"reported","mfEXYO","textfile"
"rs8071320",17,13971984,"T","G",0.986504,0.216066,-0.00162298,0.0959445,"outcome",TRUE,"reported","mfEXYO","textfile"
"rs883118",7,55239411,"G","A",0.974516,0.235612,-0.00299314,0.0936956,"outcome",TRUE,"reported","mfEXYO","textfile"
