"SNP","chr.outcome","pos.outcome","effect_allele.outcome","other_allele.outcome","pval.outcome","eaf.outcome","beta.outcome","se.outcome","outcome","mr_keep.outcome","pval_origin.outcome","id.outcome","data_source.outcome"
"rs10026261",4,129447087,"A","T",0.621032,0.038402,-0.101512,0.205329,"outcome",TRUE,"reported","L05pRu","textfile"
"rs11161970",1,87288237,"C","G",0.211094,0.436267,-0.0999765,0.0799452,"outcome",TRUE,"reported","L05pRu","textfile"
"rs13417480",2,205169057,"C","T",0.753016,0.258728,-0.0283161,0.0899876,"outcome",TRUE,"reported","L05pRu","textfile"
"rs1448663",7,17473566,"A","G",0.277049,0.186241,0.110837,0.101969,"outcome",TRUE,"reported","L05pRu","textfile"
"rs17148983",7,76020503,"C","G",0.312622,0.0608217,-0.165761,0.164163,"outcome",TRUE,"reported","L05pRu","textfile"
"rs1978915",15,39322944,"A","C",0.365596,0.465278,-0.0717743,0.0793303,"outcome",TRUE,"reported","L05pRu","textfile"
"rs2093237",6,89424383,"T","C",0.647854,0.231313,-0.0429513,0.0940378,"outcome",TRUE,"reported","L05pRu","textfile"
"rs2286270",7,21765801,"G","C",0.916477,0.473849,-0.00828699,0.0790201,"outcome",TRUE,"reported","L05pRu","textfile"
"rs2393983",10,63554514,"G","C",0.999843,0.958257,3.91748e-05,0.199331,"outcome",TRUE,"reported","L05pRu","textfile"
"rs2698512",7,155082862,"G","A",0.82019,0.974782,0.0578279,0.254412,"outcome",TRUE,"reported","L05pRu","textfile"
"rs2977258",1,17175403,"A","G",0.926076,0.309126,-0.00794388,0.0856179,"outcome",TRUE,"reported","L05pRu","textfile"
"rs2985714",1,156370827,"G","A",0.752802,0.925522,0.0471149,0.149597,"outcome",TRUE,"reported","L05pRu","textfile"
"rs7783170",7,71519118,"T","C",0.922283,0.673438,-0.00824679,0.0845322,"outcome",TRUE,"reported","L05pRu","textfile"
"rs7942018",11,12983914,"C","T",0.164037,0.501957,0.110517,0.0794159,"outcome",TRUE,"reported","L05pRu","textfile"
