"SNP","chr.outcome","pos.outcome","effect_allele.outcome","other_allele.outcome","pval.outcome","eaf.outcome","beta.outcome","se.outcome","outcome","mr_keep.outcome","pval_origin.outcome","id.outcome","data_source.outcome"
"rs10792093",11,57386475,"T","G",0.977201,0.0818739,-0.00413678,0.144755,"outcome",TRUE,"reported","Vatj3w","textfile"
"rs11589817",1,212271396,"G","A",0.646141,0.173732,-0.0481075,0.10478,"outcome",TRUE,"reported","Vatj3w","textfile"
"rs12138756",1,226795362,"G","A",0.168667,0.636567,0.113678,0.0825848,"outcome",TRUE,"reported","Vatj3w","textfile"
"rs12573437",10,103843405,"A","C",0.660728,0.0896139,-0.0602801,0.137341,"outcome",TRUE,"reported","Vatj3w","textfile"
"rs1578905",14,57170616,"G","T",0.620746,0.00755836,-0.225515,0.455775,"outcome",TRUE,"reported","Vatj3w","textfile"
"rs1948709",4,52583930,"C","T",0.263933,0.0682619,-0.175076,0.156717,"outcome",TRUE,"reported","Vatj3w","textfile"
"rs2186677",11,76628150,"G","A",0.536562,0.711945,0.0542366,0.0877586,"outcome",TRUE,"reported","Vatj3w","textfile"
"rs2269340",1,109629614,"C","T",0.379701,0.100604,0.115938,0.13198,"outcome",TRUE,"reported","Vatj3w","textfile"
"rs2291428",10,45463408,"C","G",0.0638455,0.282812,0.162473,0.0876688,"outcome",TRUE,"reported","Vatj3w","textfile"
"rs2610815",10,13920655,"T","C",0.612216,0.93403,-0.0811035,0.159995,"outcome",TRUE,"reported","Vatj3w","textfile"
"rs273913",5,132325463,"C","T",0.461249,0.499809,-0.058217,0.0790142,"outcome",TRUE,"reported","Vatj3w","textfile"
"rs316019",6,160249250,"C","A",0.511737,0.932412,-0.102458,0.156153,"outcome",TRUE,"reported","Vatj3w","textfile"
"rs4781555",16,13800173,"G","A",0.0919433,0.173574,0.176579,0.10478,"outcome",TRUE,"reported","Vatj3w","textfile"
"rs6429601",1,46515864,"C","A",0.992292,0.859295,0.00110243,0.11412,"outcome",TRUE,"reported","Vatj3w","textfile"
"rs6691848",1,35008587,"G","A",0.976141,0.0301291,-0.00696219,0.232795,"outcome",TRUE,"reported","Vatj3w","textfile"
"rs6817256",4,188620210,"C","T",0.843007,0.870688,0.0236123,0.119225,"outcome",TRUE,"reported","Vatj3w","textfile"
"rs6862720",5,21261341,"T","C",0.502521,0.227954,-0.0633163,0.0944273,"outcome",TRUE,"reported","Vatj3w","textfile"
"rs7819084",8,127225860,"A","G",0.789816,0.238383,0.0246713,0.0925584,"outcome",TRUE,"reported","Vatj3w","textfile"
"rs927907",10,89629981,"A","G",0.876802,0.268795,-0.0138987,0.089655,"outcome",TRUE,"reported","Vatj3w","textfile"
"rs9382940",6,14133342,"T","C",0.232582,0.237069,-0.112053,0.0938673,"outcome",TRUE,"reported","Vatj3w","textfile"
"rs9551761",13,29877948,"G","A",0.933622,0.119959,0.0101729,0.122139,"outcome",TRUE,"reported","Vatj3w","textfile"
