"SNP","chr.outcome","pos.outcome","effect_allele.outcome","other_allele.outcome","pval.outcome","eaf.outcome","beta.outcome","se.outcome","outcome","mr_keep.outcome","pval_origin.outcome","id.outcome","data_source.outcome"
"rs10511732",9,23624263,"G","C",0.696388,0.20209,-0.0383893,0.0983832,"outcome",TRUE,"reported","KSqv3g","textfile"
"rs11059810",12,128662999,"T","C",0.122726,0.642125,-0.127146,0.0823784,"outcome",TRUE,"reported","KSqv3g","textfile"
"rs11102332",1,111792506,"A","G",0.978581,0.252788,0.00245022,0.0912616,"outcome",TRUE,"reported","KSqv3g","textfile"
"rs11741189",5,180116546,"T","C",0.775565,0.146172,0.0318227,0.111618,"outcome",TRUE,"reported","KSqv3g","textfile"
"rs11753326",6,30958208,"C","T",0.947029,0.0636629,0.010815,0.162784,"outcome",TRUE,"reported","KSqv3g","textfile"
"rs1345255",7,22066848,"G","A",0.416703,0.221438,0.0775278,0.0954594,"outcome",TRUE,"reported","KSqv3g","textfile"
"rs1511592",3,168876628,"C","A",0.00147696,0.180974,0.297277,0.0935077,"outcome",TRUE,"reported","KSqv3g","textfile"
"rs1867017",7,52694645,"G","T",0.623257,0.766282,-0.0462004,0.0940486,"outcome",TRUE,"reported","KSqv3g","textfile"
"rs1950305",14,63182087,"G","C",0.202737,0.000540592,2.08925,1.64018,"outcome",TRUE,"reported","KSqv3g","textfile"
"rs2074597",7,11637067,"A","C",0.00566931,0.205938,0.260247,0.094077,"outcome",TRUE,"reported","KSqv3g","textfile"
"rs2101330",2,133956488,"A","G",0.460586,0.524564,-0.0583101,0.0790235,"outcome",TRUE,"reported","KSqv3g","textfile"
"rs2425463",20,41609171,"G","T",0.860131,0.143277,-0.0201699,0.114467,"outcome",TRUE,"reported","KSqv3g","textfile"
"rs3737294",10,110590121,"G","A",0.103017,0.179776,-0.168011,0.103049,"outcome",TRUE,"reported","KSqv3g","textfile"
"rs3800014",6,57349944,"A","C",0.187116,0.0932589,-0.179278,0.135903,"outcome",TRUE,"reported","KSqv3g","textfile"
"rs41070",16,59635045,"C","T",0.266649,0.0918798,-0.15258,0.137359,"outcome",TRUE,"reported","KSqv3g","textfile"
"rs6434188",2,186585144,"T","C",0.951641,0.278565,-0.0053379,0.0880178,"outcome",TRUE,"reported","KSqv3g","textfile"
"rs6867478",5,92786638,"A","G",0.471429,0.000710989,-1.05574,1.46599,"outcome",TRUE,"reported","KSqv3g","textfile"
"rs7010049",8,2681949,"G","A",0.70288,0.0562109,-0.0657393,0.172347,"outcome",TRUE,"reported","KSqv3g","textfile"
"rs8007741",14,86605370,"G","A",0.172735,0.210548,0.132839,0.097427,"outcome",TRUE,"reported","KSqv3g","textfile"
"rs926646",20,20042682,"C","T",0.263266,0.0359403,-0.237491,0.212291,"outcome",TRUE,"reported","KSqv3g","textfile"
"rs9500927",6,32993584,"A","G",0.0211617,0.105202,-0.295958,0.128393,"outcome",TRUE,"reported","KSqv3g","textfile"
"rs9566165",13,36829844,"T","C",0.766145,0.0896979,0.041434,0.139311,"outcome",TRUE,"reported","KSqv3g","textfile"
