"SNP","chr.outcome","pos.outcome","effect_allele.outcome","other_allele.outcome","pval.outcome","eaf.outcome","beta.outcome","se.outcome","outcome","mr_keep.outcome","pval_origin.outcome","id.outcome","data_source.outcome"
"rs10028206",4,37714721,"T","C",0.382653,0.0650182,-0.139256,0.159511,"outcome",TRUE,"reported","tVWKQs","textfile"
"rs10758335",9,35966280,"C","T",0.229332,0.311284,-0.102812,0.0855283,"outcome",TRUE,"reported","tVWKQs","textfile"
"rs10869977",9,77842360,"G","A",0.633473,0.537942,-0.0379283,0.0795402,"outcome",TRUE,"reported","tVWKQs","textfile"
"rs10927354",1,244952818,"C","G",0.617199,0.243203,0.0459884,0.092009,"outcome",TRUE,"reported","tVWKQs","textfile"
"rs11026829",11,22884416,"A","T",0.49618,0.488044,-0.0540825,0.0794731,"outcome",TRUE,"reported","tVWKQs","textfile"
"rs11654066",17,65878886,"C","T",0.88431,0.463558,0.0115243,0.0792004,"outcome",TRUE,"reported","tVWKQs","textfile"
"rs11735987",4,160957174,"A","G",0.463847,0.319179,0.0620527,0.0847105,"outcome",TRUE,"reported","tVWKQs","textfile"
"rs11896523",2,124129555,"A","G",0.145763,0.445433,-0.116017,0.0797552,"outcome",TRUE,"reported","tVWKQs","textfile"
"rs12086247",1,161795003,"A","G",0.00818408,0.108707,-0.355586,0.134468,"outcome",TRUE,"reported","tVWKQs","textfile"
"rs12191817",6,135702608,"G","T",0.605037,0.226844,0.0489766,0.0947012,"outcome",TRUE,"reported","tVWKQs","textfile"
"rs12272002",11,124462003,"T","A",0.0689271,0.12144,0.219604,0.120734,"outcome",TRUE,"reported","tVWKQs","textfile"
"rs13132043",4,141010567,"C","T",0.660494,0.683831,-0.0373752,0.0850924,"outcome",TRUE,"reported","tVWKQs","textfile"
"rs2581354",15,99952989,"C","T",0.81521,0.361954,0.0191811,0.0820721,"outcome",TRUE,"reported","tVWKQs","textfile"
"rs2657761",18,71845714,"C","T",0.645125,0.428715,-0.0370075,0.080356,"outcome",TRUE,"reported","tVWKQs","textfile"
"rs2897863",11,101881522,"G","T",0.470373,0.337989,0.0605201,0.0838377,"outcome",TRUE,"reported","tVWKQs","textfile"
"rs334698",1,61155321,"G","C",0.984248,0.979865,-0.00580755,0.294145,"outcome",TRUE,"reported","tVWKQs","textfile"
"rs3757514",7,8206520,"A","T",0.644837,0.953729,-0.0857813,0.186098,"outcome",TRUE,"reported","tVWKQs","textfile"
"rs4541909",8,73452079,"T","C",0.45969,0.769137,-0.0694348,0.0939123,"outcome",TRUE,"reported","tVWKQs","textfile"
"rs4719119",7,71382568,"T","C",0.909571,0.405947,-0.00916419,0.0806849,"outcome",TRUE,"reported","tVWKQs","textfile"
"rs4766159",12,3652831,"C","A",0.575305,0.214317,-0.0539659,0.0963237,"outcome",TRUE,"reported","tVWKQs","textfile"
"rs6466580",7,116514672,"C","T",0.0906045,0.323046,0.143384,0.0847313,"outcome",TRUE,"reported","tVWKQs","textfile"
"rs6557106",6,150957588,"T","C",0.469645,0.680022,0.0613326,0.0848241,"outcome",TRUE,"reported","tVWKQs","textfile"
"rs6593266",7,55590722,"A","G",0.821402,0.238881,0.0209,0.0925838,"outcome",TRUE,"reported","tVWKQs","textfile"
"rs6796402",3,85886678,"A","T",0.0251067,0.615074,-0.182351,0.0814155,"outcome",TRUE,"reported","tVWKQs","textfile"
"rs7025315",9,9010336,"C","G",0.939042,0.329973,0.00642969,0.084077,"outcome",TRUE,"reported","tVWKQs","textfile"
"rs723967",15,58404101,"C","T",0.69526,0.480973,-0.0311171,0.0794356,"outcome",TRUE,"reported","tVWKQs","textfile"
"rs738715",22,47623728,"A","C",0.987779,0.556197,-0.00122003,0.0796471,"outcome",TRUE,"reported","tVWKQs","textfile"
"rs7552457",1,34160297,"C","A",0.110297,0.267018,-0.143343,0.0897656,"outcome",TRUE,"reported","tVWKQs","textfile"
"rs759287",2,48970545,"G","A",0.649244,0.710879,0.0397243,0.087342,"outcome",TRUE,"reported","tVWKQs","textfile"
"rs769108",6,25245452,"C","T",0.508966,0.465981,0.0523221,0.0792222,"outcome",TRUE,"reported","tVWKQs","textfile"
"rs9388675",6,129022666,"T","G",0.63413,0.717884,-0.0417836,0.0877952,"outcome",TRUE,"reported","tVWKQs","textfile"
"rs9570627",13,61861103,"G","T",0.599399,0.200201,0.0523153,0.0995981,"outcome",TRUE,"reported","tVWKQs","textfile"
"rs9936831",16,31275827,"T","A",0.441494,0.120468,0.0938535,0.121939,"outcome",TRUE,"reported","tVWKQs","textfile"
