"SNP","chr.outcome","pos.outcome","effect_allele.outcome","other_allele.outcome","pval.outcome","eaf.outcome","beta.outcome","se.outcome","outcome","mr_keep.outcome","pval_origin.outcome","id.outcome","data_source.outcome"
"rs10758151",9,32722878,"C","T",0.075767,0.842441,0.192585,0.10845,"outcome",TRUE,"reported","horjMF","textfile"
"rs10876239",12,52175312,"T","G",0.393077,0.302253,0.0741624,0.0868362,"outcome",TRUE,"reported","horjMF","textfile"
"rs10924919",1,247108996,"T","C",0.506393,0.379279,0.0544898,0.0820055,"outcome",TRUE,"reported","horjMF","textfile"
"rs11574452",4,73980944,"A","C",0.923341,0.0353336,-0.020771,0.215856,"outcome",TRUE,"reported","horjMF","textfile"
"rs1260326",2,27508073,"C","T",0.0385381,0.649919,0.171942,0.0831002,"outcome",TRUE,"reported","horjMF","textfile"
"rs174535",11,61783884,"C","T",0.128311,0.416281,-0.121594,0.0799542,"outcome",TRUE,"reported","horjMF","textfile"
"rs2070895",15,58431740,"A","G",0.199456,0.258507,-0.116253,0.0906035,"outcome",TRUE,"reported","horjMF","textfile"
"rs2199680",12,21262562,"T","A",0.162276,0.298666,0.121243,0.0867598,"outcome",TRUE,"reported","horjMF","textfile"
"rs2828209",21,23506062,"T","C",0.74219,0.0524351,-0.0585472,0.177979,"outcome",TRUE,"reported","horjMF","textfile"
"rs551488",3,183139638,"T","C",0.365193,0.756329,0.0832207,0.0919045,"outcome",TRUE,"reported","horjMF","textfile"
"rs7210933",17,48735476,"T","A",0.814427,0.276865,-0.0208012,0.0886218,"outcome",TRUE,"reported","horjMF","textfile"
"rs7529462",1,230307170,"C","G",0.560744,0.741198,-0.0524922,0.0902339,"outcome",TRUE,"reported","horjMF","textfile"
"rs9570044",13,59093673,"A","C",0.626369,0.124481,0.0584236,0.120005,"outcome",TRUE,"reported","horjMF","textfile"
