"SNP","chr.outcome","pos.outcome","effect_allele.outcome","other_allele.outcome","pval.outcome","eaf.outcome","beta.outcome","se.outcome","outcome","mr_keep.outcome","pval_origin.outcome","id.outcome","data_source.outcome"
"rs1005075",15,93378606,"G","A",0.7048,0.437352,-0.0302001,0.0797155,"outcome",TRUE,"reported","xNxrSi","textfile"
"rs10129722",14,26244986,"G","A",0.153075,0.684412,-0.121764,0.085224,"outcome",TRUE,"reported","xNxrSi","textfile"
"rs1020066",15,59732978,"T","G",0.353658,0.672078,0.07839,0.0845159,"outcome",TRUE,"reported","xNxrSi","textfile"
"rs10224072",7,10279141,"C","T",0.499432,0.768259,-0.06351,0.0940352,"outcome",TRUE,"reported","xNxrSi","textfile"
"rs10763882",10,19188731,"T","A",0.778384,0.508724,-0.0223511,0.0794213,"outcome",TRUE,"reported","xNxrSi","textfile"
"rs11161851",1,74833098,"C","T",0.533073,0.484143,-0.0495059,0.0794228,"outcome",TRUE,"reported","xNxrSi","textfile"
"rs11623007",14,86826411,"C","A",0.303699,0.528939,0.0816552,0.0793898,"outcome",TRUE,"reported","xNxrSi","textfile"
"rs11651624",17,61502720,"A","G",0.612956,0.267888,0.0453267,0.0896034,"outcome",TRUE,"reported","xNxrSi","textfile"
"rs11832861",12,100120068,"A","G",0.360305,0.129783,0.107225,0.117214,"outcome",TRUE,"reported","xNxrSi","textfile"
"rs12649508",4,75537879,"T","G",0.289892,0.299975,-0.0911418,0.0861161,"outcome",TRUE,"reported","xNxrSi","textfile"
"rs1412853",13,83491970,"A","G",0.783213,0.321248,0.0233511,0.0848721,"outcome",TRUE,"reported","xNxrSi","textfile"
"rs1532085",15,58391167,"G","A",0.962548,0.577485,-0.00375523,0.0799737,"outcome",TRUE,"reported","xNxrSi","textfile"
"rs17444017",4,41321409,"G","A",0.543909,0.159636,0.0660726,0.108867,"outcome",TRUE,"reported","xNxrSi","textfile"
"rs174578",11,61838027,"A","T",0.151348,0.415032,-0.114722,0.0799576,"outcome",TRUE,"reported","xNxrSi","textfile"
"rs17836336",9,23619256,"G","C",0.854672,0.02339,-0.0485841,0.265255,"outcome",TRUE,"reported","xNxrSi","textfile"
"rs1888108",9,24572492,"A","G",0.318034,0.626784,-0.0816248,0.081747,"outcome",TRUE,"reported","xNxrSi","textfile"
"rs1990385",12,6285469,"C","T",0.255217,0.19738,0.113238,0.0995261,"outcome",TRUE,"reported","xNxrSi","textfile"
"rs1991577",3,5492798,"C","T",0.137628,0.439571,0.119797,0.0806886,"outcome",TRUE,"reported","xNxrSi","textfile"
"rs1992232",4,149187044,"A","G",0.900776,0.956596,-0.0240236,0.192681,"outcome",TRUE,"reported","xNxrSi","textfile"
"rs1997111",12,118950113,"C","A",0.232067,0.684809,-0.10171,0.0851096,"outcome",TRUE,"reported","xNxrSi","textfile"
"rs2098462",2,204753988,"G","A",0.4067,0.206671,-0.0812254,0.0978956,"outcome",TRUE,"reported","xNxrSi","textfile"
"rs284431",6,156930089,"A","C",0.134696,0.0786291,-0.221469,0.148056,"outcome",TRUE,"reported","xNxrSi","textfile"
"rs288500",3,69581584,"A","G",0.559249,0.527158,0.046422,0.0794955,"outcome",TRUE,"reported","xNxrSi","textfile"
"rs337097",5,123233575,"C","T",0.921126,0.271557,0.00877488,0.0886211,"outcome",TRUE,"reported","xNxrSi","textfile"
"rs3740779",11,76661008,"G","A",0.223475,0.530261,-0.0969258,0.0796209,"outcome",TRUE,"reported","xNxrSi","textfile"
"rs382543",5,77027381,"T","C",0.973111,0.26671,-0.00300619,0.0891879,"outcome",TRUE,"reported","xNxrSi","textfile"
"rs435614",19,18045280,"C","T",0.321718,0.680565,0.0846122,0.0853863,"outcome",TRUE,"reported","xNxrSi","textfile"
"rs439401",19,44911194,"C","T",0.83217,0.713055,0.0185789,0.0876696,"outcome",TRUE,"reported","xNxrSi","textfile"
"rs5759640",22,20630591,"T","C",0.970189,0.103933,0.00484325,0.129599,"outcome",TRUE,"reported","xNxrSi","textfile"
"rs626787",1,62435572,"G","C",0.399006,0.263754,0.0760357,0.0901538,"outcome",TRUE,"reported","xNxrSi","textfile"
"rs6593265",7,55588429,"A","C",0.99435,0.221571,-0.000672487,0.0949594,"outcome",TRUE,"reported","xNxrSi","textfile"
"rs6946189",7,25960517,"A","G",0.376438,0.284587,0.0779504,0.0881315,"outcome",TRUE,"reported","xNxrSi","textfile"
"rs709189",1,5688732,"G","A",0.460017,0.316929,-0.0626636,0.0848159,"outcome",TRUE,"reported","xNxrSi","textfile"
"rs7499892",16,56972678,"T","C",0.054723,0.171837,-0.200763,0.104506,"outcome",TRUE,"reported","xNxrSi","textfile"
"rs750658",14,68823184,"A","G",0.495321,0.282784,0.0596439,0.0874711,"outcome",TRUE,"reported","xNxrSi","textfile"
"rs7576783",2,16522173,"T","C",0.380299,0.708562,-0.0764115,0.087094,"outcome",TRUE,"reported","xNxrSi","textfile"
"rs7670801",4,184996200,"T","C",0.121418,0.262553,-0.139644,0.0901601,"outcome",TRUE,"reported","xNxrSi","textfile"
"rs7837038",8,10925564,"A","G",0.148992,0.395601,0.116987,0.0810664,"outcome",TRUE,"reported","xNxrSi","textfile"
"rs7912716",10,16943318,"T","C",0.601654,0.134946,0.0610546,0.116958,"outcome",TRUE,"reported","xNxrSi","textfile"
"rs7952698",11,79459511,"A","G",0.367489,0.212453,0.0869718,0.096508,"outcome",TRUE,"reported","xNxrSi","textfile"
"rs928563",9,69450415,"C","T",0.098544,0.270255,-0.146472,0.0886655,"outcome",TRUE,"reported","xNxrSi","textfile"
"rs9570619",13,61746940,"G","A",0.931738,0.297054,0.00750082,0.0875665,"outcome",TRUE,"reported","xNxrSi","textfile"
"rs981735",8,108673407,"C","T",0.799717,0.275477,0.0224863,0.0886288,"outcome",TRUE,"reported","xNxrSi","textfile"
"rs9964067",18,49754040,"C","T",0.819246,0.335958,0.0191416,0.0837653,"outcome",TRUE,"reported","xNxrSi","textfile"
