"SNP","chr.outcome","pos.outcome","effect_allele.outcome","other_allele.outcome","pval.outcome","eaf.outcome","beta.outcome","se.outcome","outcome","mr_keep.outcome","pval_origin.outcome","id.outcome","data_source.outcome"
"rs10836109",11,4470078,"C","G",0.671212,0.0872331,-0.0592011,0.139466,"outcome",TRUE,"reported","AbypiF","textfile"
"rs1322374",1,186145193,"G","A",0.229089,0.335711,0.1009,0.0838939,"outcome",TRUE,"reported","AbypiF","textfile"
"rs1823803",2,233630465,"C","T",0.363052,0.530682,0.072307,0.0794962,"outcome",TRUE,"reported","AbypiF","textfile"
"rs2104340",9,2196447,"G","C",0.822567,0.787737,0.0218575,0.0974716,"outcome",TRUE,"reported","AbypiF","textfile"
"rs2402228",7,117578105,"A","T",0.414756,0.289913,0.0714085,0.0875584,"outcome",TRUE,"reported","AbypiF","textfile"
"rs4149056",12,21178615,"C","T",0.328039,0.201348,0.0965769,0.0987423,"outcome",TRUE,"reported","AbypiF","textfile"
"rs500421",1,29186139,"G","C",0.431306,0.0708609,-0.121348,0.154199,"outcome",TRUE,"reported","AbypiF","textfile"
"rs6453786",6,74822534,"T","G",0.960266,0.258404,-0.0045006,0.0903379,"outcome",TRUE,"reported","AbypiF","textfile"
"rs6879662",5,162226606,"T","C",0.944152,0.391709,-0.00566515,0.0808696,"outcome",TRUE,"reported","AbypiF","textfile"
"rs7847689",9,4434601,"C","T",0.906691,0.336014,-0.00984747,0.0840129,"outcome",TRUE,"reported","AbypiF","textfile"
"rs7997078",13,81738563,"A","G",0.758207,0.449671,0.02463,0.0800104,"outcome",TRUE,"reported","AbypiF","textfile"
"rs8130944",21,42725797,"G","A",0.243527,0.603092,-0.094449,0.0809877,"outcome",TRUE,"reported","AbypiF","textfile"
