"SNP","chr.outcome","pos.outcome","effect_allele.outcome","other_allele.outcome","pval.outcome","eaf.outcome","beta.outcome","se.outcome","outcome","mr_keep.outcome","pval_origin.outcome","id.outcome","data_source.outcome"
"rs10037373",5,145873011,"T","C",0.740065,0.616849,0.0269095,0.0811096,"outcome",TRUE,"reported","Kmlcql","textfile"
"rs10744682",12,5445874,"A","G",0.225749,0.342168,-0.101155,0.0835039,"outcome",TRUE,"reported","Kmlcql","textfile"
"rs10957330",8,64871460,"A","G",0.126657,0.25802,-0.138294,0.0905408,"outcome",TRUE,"reported","Kmlcql","textfile"
"rs10995865",10,51155138,"A","C",0.608544,0.0988829,-0.0684777,0.133706,"outcome",TRUE,"reported","Kmlcql","textfile"
"rs11166906",8,134947697,"A","G",0.370908,0.356829,-0.0740344,0.0827409,"outcome",TRUE,"reported","Kmlcql","textfile"
"rs12719343",5,126033420,"G","A",0.204893,0.641778,-0.10443,0.0823756,"outcome",TRUE,"reported","Kmlcql","textfile"
"rs1517049",3,166710829,"G","A",0.802035,0.534105,-0.0199555,0.0795948,"outcome",TRUE,"reported","Kmlcql","textfile"
"rs17035469",4,156965892,"T","C",0.150244,0.362115,0.118434,0.0823221,"outcome",TRUE,"reported","Kmlcql","textfile"
"rs1948260",8,81692007,"T","C",0.91448,0.556306,0.00855151,0.0796307,"outcome",TRUE,"reported","Kmlcql","textfile"
"rs1991401",17,64506317,"G","A",0.0698699,0.37237,0.148763,0.0820649,"outcome",TRUE,"reported","Kmlcql","textfile"
"rs2080403",12,236203,"G","C",0.709034,0.535884,-0.0295626,0.0792237,"outcome",TRUE,"reported","Kmlcql","textfile"
"rs2555100",2,17653797,"G","C",0.559666,0.396747,0.0471404,0.0808114,"outcome",TRUE,"reported","Kmlcql","textfile"
"rs3762920",4,185537872,"G","A",0.332816,0.375495,0.0790523,0.081627,"outcome",TRUE,"reported","Kmlcql","textfile"
"rs4305648",5,28172718,"A","G",0.452417,0.44113,0.0600387,0.0799033,"outcome",TRUE,"reported","Kmlcql","textfile"
"rs4316494",11,12642994,"G","A",0.687626,0.516051,0.0317673,0.0790077,"outcome",TRUE,"reported","Kmlcql","textfile"
"rs452767",19,5995439,"C","T",0.922756,0.554501,0.00772506,0.0796707,"outcome",TRUE,"reported","Kmlcql","textfile"
"rs4752176",10,118579325,"T","C",0.366546,0.451512,-0.0717989,0.0795148,"outcome",TRUE,"reported","Kmlcql","textfile"
"rs4870458",6,156474383,"G","A",0.866075,0.123381,-0.020324,0.120513,"outcome",TRUE,"reported","Kmlcql","textfile"
"rs6782877",3,145762729,"A","G",0.744473,0.38859,0.026471,0.0812151,"outcome",TRUE,"reported","Kmlcql","textfile"
"rs6898211",5,141309161,"A","C",0.766431,0.0537224,-0.051889,0.174683,"outcome",TRUE,"reported","Kmlcql","textfile"
"rs6953983",7,96778461,"G","A",0.387701,0.609425,0.0702205,0.0812931,"outcome",TRUE,"reported","Kmlcql","textfile"
"rs728661",12,95677544,"C","T",0.701898,0.14374,0.0430306,0.112422,"outcome",TRUE,"reported","Kmlcql","textfile"
"rs7924340",11,46142606,"T","C",0.989838,0.424188,-0.00102247,0.0802768,"outcome",TRUE,"reported","Kmlcql","textfile"
"rs9423399",10,5269112,"A","G",0.0758316,0.345514,0.148264,0.0835098,"outcome",TRUE,"reported","Kmlcql","textfile"
"rs9424148",10,12104859,"A","C",0.102959,0.755802,-0.150633,0.0923746,"outcome",TRUE,"reported","Kmlcql","textfile"
"rs9626993",22,47292477,"C","T",0.86388,0.699292,-0.0147687,0.0861465,"outcome",TRUE,"reported","Kmlcql","textfile"
