"SNP","chr.outcome","pos.outcome","effect_allele.outcome","other_allele.outcome","pval.outcome","eaf.outcome","beta.outcome","se.outcome","outcome","mr_keep.outcome","pval_origin.outcome","id.outcome","data_source.outcome"
"rs10829186",10,18673612,"G","A",0.0228171,0.167142,-0.241473,0.106073,"outcome",TRUE,"reported","fQTxaQ","textfile"
"rs11140542",9,84351173,"A","T",0.604701,0.267892,-0.0462608,0.0893666,"outcome",TRUE,"reported","fQTxaQ","textfile"
"rs11780910",8,2524125,"G","C",0.198418,0.021727,0.346763,0.26963,"outcome",TRUE,"reported","fQTxaQ","textfile"
"rs12450208",17,52850342,"C","T",0.311636,0.993774,0.511564,0.505601,"outcome",TRUE,"reported","fQTxaQ","textfile"
"rs12778920",10,90294343,"A","C",0.563024,0.155541,0.0631006,0.109104,"outcome",TRUE,"reported","fQTxaQ","textfile"
"rs209338",5,162059062,"T","A",0.556577,0.0672771,-0.0940192,0.159915,"outcome",TRUE,"reported","fQTxaQ","textfile"
"rs2244987",3,193808153,"T","A",0.0750015,0.0703591,-0.277895,0.156081,"outcome",TRUE,"reported","fQTxaQ","textfile"
"rs2932198",15,57498193,"A","G",0.237183,0.388509,-0.0959774,0.0811953,"outcome",TRUE,"reported","fQTxaQ","textfile"
"rs3133571",8,100786397,"T","C",0.402092,0.298894,0.0720829,0.0860288,"outcome",TRUE,"reported","fQTxaQ","textfile"
"rs457273",5,4264279,"A","G",0.800415,0.873588,-0.030179,0.119374,"outcome",TRUE,"reported","fQTxaQ","textfile"
"rs6563540",13,37433872,"G","T",0.989819,0.870185,0.0014966,0.117287,"outcome",TRUE,"reported","fQTxaQ","textfile"
"rs7477283",10,54205546,"A","T",0.407061,0.852363,0.0929401,0.112101,"outcome",TRUE,"reported","fQTxaQ","textfile"
"rs7513605",1,175320200,"T","C",0.423903,0.163371,-0.0859188,0.107443,"outcome",TRUE,"reported","fQTxaQ","textfile"
"rs7843564",8,20603612,"G","T",0.715939,0.0317714,-0.0818342,0.224886,"outcome",TRUE,"reported","fQTxaQ","textfile"
"rs7997650",13,34422284,"A","G",0.0213501,0.0643538,-0.371626,0.161455,"outcome",TRUE,"reported","fQTxaQ","textfile"
"rs913080",9,113793283,"T","C",0.712233,0.290728,-0.032008,0.0867759,"outcome",TRUE,"reported","fQTxaQ","textfile"
"rs9287841",2,148949061,"T","A",0.208651,0.0419997,-0.245643,0.195376,"outcome",TRUE,"reported","fQTxaQ","textfile"
