"SNP","chr.outcome","pos.outcome","effect_allele.outcome","other_allele.outcome","pval.outcome","eaf.outcome","beta.outcome","se.outcome","outcome","mr_keep.outcome","pval_origin.outcome","id.outcome","data_source.outcome"
"rs10189004",2,68303549,"T","C",0.791161,0.0670829,-0.041937,0.158371,"outcome",TRUE,"reported","G2HldC","textfile"
"rs10263411",7,41253698,"T","A",0.940321,0.0833388,0.0107605,0.14373,"outcome",TRUE,"reported","G2HldC","textfile"
"rs10882310",10,93699140,"A","G",0.205983,0.559647,0.100558,0.0795123,"outcome",TRUE,"reported","G2HldC","textfile"
"rs11256613",10,10457833,"G","T",0.446068,0.157768,-0.082657,0.108476,"outcome",TRUE,"reported","G2HldC","textfile"
"rs11629133",14,34042535,"T","C",0.481954,0.21421,-0.0678139,0.0964412,"outcome",TRUE,"reported","G2HldC","textfile"
"rs11727912",4,24848177,"C","G",0.114433,0.51081,-0.124197,0.0786766,"outcome",TRUE,"reported","G2HldC","textfile"
"rs12748013",1,217850966,"A","G",0.961293,0.11225,0.00616647,0.127062,"outcome",TRUE,"reported","G2HldC","textfile"
"rs1474920",14,23118346,"T","G",0.726954,0.176086,-0.0363742,0.104171,"outcome",TRUE,"reported","G2HldC","textfile"
"rs1511782",4,163707692,"C","A",0.634436,0.389307,0.0386059,0.0811915,"outcome",TRUE,"reported","G2HldC","textfile"
"rs17236463",8,120259824,"A","T",0.909203,0.138982,0.0130078,0.11406,"outcome",TRUE,"reported","G2HldC","textfile"
"rs173365",17,45823708,"G","A",0.0427868,0.687774,-0.172968,0.0853832,"outcome",TRUE,"reported","G2HldC","textfile"
"rs17382842",18,5521133,"G","A",0.0571676,0.041051,-0.387188,0.203566,"outcome",TRUE,"reported","G2HldC","textfile"
"rs1809148",8,143580905,"A","G",0.177359,0.153936,-0.148069,0.109768,"outcome",TRUE,"reported","G2HldC","textfile"
"rs2416366",5,114308333,"A","C",0.303087,0.342513,0.0867075,0.0841955,"outcome",TRUE,"reported","G2HldC","textfile"
"rs2449529",8,97773295,"G","A",0.974857,0.419436,0.0025322,0.0803433,"outcome",TRUE,"reported","G2HldC","textfile"
"rs2595191",2,45939222,"C","T",0.117326,0.139341,-0.179228,0.114442,"outcome",TRUE,"reported","G2HldC","textfile"
"rs2776859",9,78331375,"T","C",0.136907,0.578274,-0.11909,0.0800656,"outcome",TRUE,"reported","G2HldC","textfile"
"rs2910745",5,37885228,"C","G",0.355359,0.0245817,0.239795,0.259449,"outcome",TRUE,"reported","G2HldC","textfile"
"rs2979269",8,9043630,"G","A",0.98981,0.525501,-0.00101625,0.0795682,"outcome",TRUE,"reported","G2HldC","textfile"
"rs3761097",19,35800075,"T","C",0.762664,0.0174653,-0.0896485,0.296865,"outcome",TRUE,"reported","G2HldC","textfile"
"rs4327428",3,45767837,"A","C",0.98985,0.102845,0.00165706,0.130263,"outcome",TRUE,"reported","G2HldC","textfile"
"rs4780050",15,32858959,"C","T",0.687198,0.194478,-0.0403995,0.100331,"outcome",TRUE,"reported","G2HldC","textfile"
"rs4834604",4,117054877,"C","T",0.382332,0.530368,0.0692226,0.0792377,"outcome",TRUE,"reported","G2HldC","textfile"
"rs653349",3,109902772,"G","A",0.14873,0.747914,0.131709,0.0912092,"outcome",TRUE,"reported","G2HldC","textfile"
"rs6916798",6,147663927,"T","C",0.16123,0.934728,0.224381,0.160164,"outcome",TRUE,"reported","G2HldC","textfile"
"rs7541494",1,233043164,"C","T",0.189102,0.0968994,0.175641,0.133746,"outcome",TRUE,"reported","G2HldC","textfile"
"rs9322744",6,103559941,"T","C",0.934692,0.424553,-0.00654391,0.0798591,"outcome",TRUE,"reported","G2HldC","textfile"
