"SNP","chr.outcome","pos.outcome","effect_allele.outcome","other_allele.outcome","pval.outcome","eaf.outcome","beta.outcome","se.outcome","outcome","mr_keep.outcome","pval_origin.outcome","id.outcome","data_source.outcome"
"rs11007183",10,28650923,"A","G",0.274482,0.141171,0.124256,0.113704,"outcome",TRUE,"reported","MNSlnI","textfile"
"rs1132054",19,48599142,"T","C",0.0526441,0.414619,-0.155678,0.0803364,"outcome",TRUE,"reported","MNSlnI","textfile"
"rs11593751",10,92875313,"T","C",0.839051,0.0520345,-0.0362788,0.178619,"outcome",TRUE,"reported","MNSlnI","textfile"
"rs11613331",12,242301,"A","G",0.986075,0.556434,-0.00138759,0.0795022,"outcome",TRUE,"reported","MNSlnI","textfile"
"rs11727631",4,76655822,"T","C",0.129429,0.328756,-0.127387,0.0840086,"outcome",TRUE,"reported","MNSlnI","textfile"
"rs11729049",4,179798432,"G","A",0.490735,0.379281,0.0563269,0.0817351,"outcome",TRUE,"reported","MNSlnI","textfile"
"rs12233879",4,53397457,"A","G",0.0731493,0.111906,0.223986,0.124999,"outcome",TRUE,"reported","MNSlnI","textfile"
"rs12670725",7,119937238,"G","A",0.580138,0.176231,-0.0572082,0.103416,"outcome",TRUE,"reported","MNSlnI","textfile"
"rs1449167",5,120662313,"C","T",0.904687,0.323507,0.010084,0.0842141,"outcome",TRUE,"reported","MNSlnI","textfile"
"rs1600760",14,84638363,"A","T",0.318591,0.68023,-0.0850824,0.0853077,"outcome",TRUE,"reported","MNSlnI","textfile"
"rs17279437",3,45772602,"A","G",0.955244,0.099632,0.00741058,0.132042,"outcome",TRUE,"reported","MNSlnI","textfile"
"rs17776892",4,136435419,"A","G",0.0341531,0.298736,-0.183221,0.0864961,"outcome",TRUE,"reported","MNSlnI","textfile"
"rs2512652",11,131389300,"G","C",0.837001,0.386016,0.0168807,0.0820522,"outcome",TRUE,"reported","MNSlnI","textfile"
"rs252984",5,107416636,"C","T",0.95184,0.86265,0.00696131,0.115261,"outcome",TRUE,"reported","MNSlnI","textfile"
"rs2551453",18,56032269,"C","T",0.642618,0.68083,0.0393983,0.0849025,"outcome",TRUE,"reported","MNSlnI","textfile"
"rs715",2,210678331,"C","T",0.413028,0.313956,0.0703543,0.0859472,"outcome",TRUE,"reported","MNSlnI","textfile"
"rs7556040",1,220452878,"G","T",0.239232,0.0328656,0.25839,0.21955,"outcome",TRUE,"reported","MNSlnI","textfile"
"rs9662967",1,244793884,"C","T",0.183619,0.319004,0.112646,0.084716,"outcome",TRUE,"reported","MNSlnI","textfile"
