"SNP","chr.outcome","pos.outcome","effect_allele.outcome","other_allele.outcome","pval.outcome","eaf.outcome","beta.outcome","se.outcome","outcome","mr_keep.outcome","pval_origin.outcome","id.outcome","data_source.outcome"
"rs1028578",14,85730360,"C","T",0.608356,0.760051,-0.0477274,0.0931408,"outcome",TRUE,"reported","XIipWF","textfile"
"rs11106542",12,92424326,"C","T",0.283583,0.0415456,-0.21458,0.200111,"outcome",TRUE,"reported","XIipWF","textfile"
"rs12356193",10,59653595,"G","A",0.905964,0.0957794,-0.0159027,0.134619,"outcome",TRUE,"reported","XIipWF","textfile"
"rs12465936",2,210157207,"A","G",0.0360454,0.351217,0.173836,0.0829205,"outcome",TRUE,"reported","XIipWF","textfile"
"rs12659397",5,141648582,"C","T",0.695218,0.301782,0.0337582,0.0861654,"outcome",TRUE,"reported","XIipWF","textfile"
"rs16876782",6,82509824,"A","G",0.447799,0.124633,-0.0909671,0.119837,"outcome",TRUE,"reported","XIipWF","textfile"
"rs17070627",18,63054409,"T","C",0.656071,0.03467,-0.0967296,0.217203,"outcome",TRUE,"reported","XIipWF","textfile"
"rs2590763",4,53747286,"C","T",0.656535,0.496823,-0.0351959,0.0791449,"outcome",TRUE,"reported","XIipWF","textfile"
"rs295893",5,152164127,"C","T",0.236309,0.198111,0.117373,0.0991109,"outcome",TRUE,"reported","XIipWF","textfile"
"rs3770063",2,86176376,"A","T",0.641981,0.0600539,-0.0773793,0.166432,"outcome",TRUE,"reported","XIipWF","textfile"
"rs4537895",13,64801902,"A","G",0.351406,0.839593,0.100541,0.107892,"outcome",TRUE,"reported","XIipWF","textfile"
"rs4857879",3,128345275,"C","A",0.81563,0.197893,-0.0230947,0.0990467,"outcome",TRUE,"reported","XIipWF","textfile"
"rs6996022",8,15898306,"C","G",0.762307,0.106395,0.0385408,0.127427,"outcome",TRUE,"reported","XIipWF","textfile"
"rs9457843",6,160139901,"T","C",0.0762764,0.136856,0.205548,0.115952,"outcome",TRUE,"reported","XIipWF","textfile"
"rs9544223",13,76235064,"C","A",0.44723,0.152113,0.0838565,0.110332,"outcome",TRUE,"reported","XIipWF","textfile"
"rs9809318",3,31671861,"C","T",0.27537,0.218831,-0.104463,0.0957693,"outcome",TRUE,"reported","XIipWF","textfile"
