"SNP","chr.outcome","pos.outcome","effect_allele.outcome","other_allele.outcome","pval.outcome","eaf.outcome","beta.outcome","se.outcome","outcome","mr_keep.outcome","pval_origin.outcome","id.outcome","data_source.outcome"
"rs12598784",16,52130918,"G","C",0.938476,0.512595,0.00610919,0.0791501,"outcome",TRUE,"reported","IPpPsO","textfile"
"rs1562716",8,83015304,"G","T",0.0953455,0.711303,-0.145979,0.0875249,"outcome",TRUE,"reported","IPpPsO","textfile"
"rs300250",5,74583683,"A","G",0.135129,0.615475,0.121738,0.0814752,"outcome",TRUE,"reported","IPpPsO","textfile"
"rs4633",22,19962712,"T","C",0.91185,0.546718,-0.00877674,0.0792802,"outcome",TRUE,"reported","IPpPsO","textfile"
"rs4663971",2,233765606,"G","C",0.778261,0.470922,0.0222097,0.0788733,"outcome",TRUE,"reported","IPpPsO","textfile"
"rs824764",13,63866492,"C","T",0.926822,0.0528956,-0.0160879,0.175166,"outcome",TRUE,"reported","IPpPsO","textfile"
"rs9348689",6,25684425,"T","G",0.868991,0.609102,0.0134871,0.0817695,"outcome",TRUE,"reported","IPpPsO","textfile"
