"SNP","chr.outcome","pos.outcome","effect_allele.outcome","other_allele.outcome","pval.outcome","eaf.outcome","beta.outcome","se.outcome","outcome","mr_keep.outcome","pval_origin.outcome","id.outcome","data_source.outcome"
"rs10517818",4,164896456,"C","T",0.973416,0.143972,0.00377692,0.113337,"outcome",TRUE,"reported","ExA92U","textfile"
"rs12435324",14,70103763,"C","G",0.640997,0.0309193,0.108565,0.23282,"outcome",TRUE,"reported","ExA92U","textfile"
"rs13073145",3,171125287,"C","G",0.451075,0.0596955,0.125802,0.166929,"outcome",TRUE,"reported","ExA92U","textfile"
"rs1405215",2,149681890,"G","A",0.208475,0.829158,-0.131741,0.104742,"outcome",TRUE,"reported","ExA92U","textfile"
"rs16926956",9,8021065,"T","G",0.388777,0.212114,0.0830609,0.0963765,"outcome",TRUE,"reported","ExA92U","textfile"
"rs17040357",12,108271539,"G","A",0.325391,0.0956944,-0.133197,0.13544,"outcome",TRUE,"reported","ExA92U","textfile"
"rs17825729",2,118522928,"C","G",0.7533,0.05714,0.0539342,0.171607,"outcome",TRUE,"reported","ExA92U","textfile"
"rs2460621",15,46007505,"C","T",0.147075,0.097401,0.192883,0.133028,"outcome",TRUE,"reported","ExA92U","textfile"
"rs335810",15,60076007,"A","C",0.0169336,0.993117,-0.834537,0.34945,"outcome",TRUE,"reported","ExA92U","textfile"
"rs4919957",21,41950182,"A","G",0.820916,0.110643,-0.0285234,0.126005,"outcome",TRUE,"reported","ExA92U","textfile"
"rs555851",5,6559462,"G","A",0.875264,0.467019,0.0124824,0.0795178,"outcome",TRUE,"reported","ExA92U","textfile"
"rs6415698",8,39829594,"A","C",0.883338,0.787452,-0.0141963,0.0967452,"outcome",TRUE,"reported","ExA92U","textfile"
"rs7321884",13,101320767,"T","C",0.359439,0.0260212,0.230551,0.251574,"outcome",TRUE,"reported","ExA92U","textfile"
"rs768328",1,49108108,"T","C",0.0995956,0.213128,0.159535,0.0968744,"outcome",TRUE,"reported","ExA92U","textfile"
"rs9543952",13,75510554,"G","A",0.308001,0.153178,-0.111985,0.109851,"outcome",TRUE,"reported","ExA92U","textfile"
