"SNP","chr.outcome","pos.outcome","effect_allele.outcome","other_allele.outcome","pval.outcome","eaf.outcome","beta.outcome","se.outcome","outcome","mr_keep.outcome","pval_origin.outcome","id.outcome","data_source.outcome"
"rs10491431",5,35967898,"A","C",0.0282429,0.133516,-0.254538,0.116021,"outcome",TRUE,"reported","E30nUc","textfile"
"rs11174493",12,62464562,"A","G",0.673659,0.316767,-0.0358328,0.0850869,"outcome",TRUE,"reported","E30nUc","textfile"
"rs12238989",1,10545838,"C","G",0.623387,0.0243968,-0.124669,0.25388,"outcome",TRUE,"reported","E30nUc","textfile"
"rs1574228",10,5270347,"G","A",0.160227,0.303197,-0.120884,0.0860806,"outcome",TRUE,"reported","E30nUc","textfile"
"rs1940528",11,111671782,"G","A",0.292719,0.269225,-0.0942854,0.08961,"outcome",TRUE,"reported","E30nUc","textfile"
"rs2567308",9,101189856,"G","A",0.191175,0.255355,-0.119267,0.0912444,"outcome",TRUE,"reported","E30nUc","textfile"
"rs2592288",12,117860551,"C","T",0.527087,0.0254284,-0.159095,0.251549,"outcome",TRUE,"reported","E30nUc","textfile"
"rs2862259",18,56008512,"C","A",0.715308,0.529631,0.0289067,0.0792536,"outcome",TRUE,"reported","E30nUc","textfile"
"rs296381",19,47867845,"T","C",0.144974,0.848886,-0.162185,0.111275,"outcome",TRUE,"reported","E30nUc","textfile"
"rs4149081",12,21225087,"A","G",0.108864,0.297367,0.138804,0.0865728,"outcome",TRUE,"reported","E30nUc","textfile"
"rs532",14,39181989,"G","A",0.551138,0.229543,-0.0558134,0.0936377,"outcome",TRUE,"reported","E30nUc","textfile"
"rs625532",11,74386141,"G","A",0.272255,0.662427,-0.0919311,0.0837348,"outcome",TRUE,"reported","E30nUc","textfile"
"rs6464572",7,144043125,"G","C",0.876899,0.224777,0.014708,0.0949507,"outcome",TRUE,"reported","E30nUc","textfile"
"rs6850094",4,185164892,"T","C",0.460506,0.493509,-0.0583778,0.0791012,"outcome",TRUE,"reported","E30nUc","textfile"
"rs9751295",2,228927101,"G","A",0.266121,0.0168115,0.334191,0.30052,"outcome",TRUE,"reported","E30nUc","textfile"
