"SNP","chr.outcome","pos.outcome","effect_allele.outcome","other_allele.outcome","pval.outcome","eaf.outcome","beta.outcome","se.outcome","outcome","mr_keep.outcome","pval_origin.outcome","id.outcome","data_source.outcome"
"rs10127987",1,193543039,"T","C",0.37097,0.460955,0.0708492,0.0791914,"outcome",TRUE,"reported","JOdiUW","textfile"
"rs10485860",7,4050651,"C","T",0.664941,0.153561,0.0478156,0.110403,"outcome",TRUE,"reported","JOdiUW","textfile"
"rs10504821",8,86154955,"G","A",0.899169,0.378314,0.0103271,0.0815007,"outcome",TRUE,"reported","JOdiUW","textfile"
"rs10741150",10,126981694,"T","C",0.738266,0.411989,0.0268195,0.0802617,"outcome",TRUE,"reported","JOdiUW","textfile"
"rs10784625",12,67376202,"T","C",0.306788,0.643205,-0.0841701,0.0823595,"outcome",TRUE,"reported","JOdiUW","textfile"
"rs11024074",11,16895672,"C","T",0.793533,0.268504,-0.0233959,0.089391,"outcome",TRUE,"reported","JOdiUW","textfile"
"rs11071970",15,67924322,"T","A",0.680898,0.510421,0.0325738,0.0792088,"outcome",TRUE,"reported","JOdiUW","textfile"
"rs11755524",6,37601317,"T","C",0.0419827,0.0231552,0.530691,0.260949,"outcome",TRUE,"reported","JOdiUW","textfile"
"rs11772826",7,55587388,"A","G",0.812545,0.222123,-0.022468,0.0947441,"outcome",TRUE,"reported","JOdiUW","textfile"
"rs12251822",10,2335644,"G","A",0.743079,0.283736,0.0287102,0.0875902,"outcome",TRUE,"reported","JOdiUW","textfile"
"rs12435886",14,53001531,"A","G",0.0402597,0.491165,0.163085,0.0795121,"outcome",TRUE,"reported","JOdiUW","textfile"
"rs1274280",18,369148,"T","C",0.064291,0.0970839,-0.250076,0.135165,"outcome",TRUE,"reported","JOdiUW","textfile"
"rs12827532",12,115634741,"T","G",0.548614,0.387361,0.0489086,0.0815363,"outcome",TRUE,"reported","JOdiUW","textfile"
"rs13111508",4,169725817,"C","T",0.322942,0.201681,0.0982991,0.0994496,"outcome",TRUE,"reported","JOdiUW","textfile"
"rs1325274",1,84866847,"T","C",0.757309,0.0911533,-0.0426997,0.138179,"outcome",TRUE,"reported","JOdiUW","textfile"
"rs159111",20,55008403,"G","A",0.433743,0.86662,-0.0910056,0.116256,"outcome",TRUE,"reported","JOdiUW","textfile"
"rs17357652",2,188920204,"C","T",0.690402,0.257702,-0.0358832,0.0900889,"outcome",TRUE,"reported","JOdiUW","textfile"
"rs174892",1,112047427,"G","T",0.180928,0.660458,-0.111724,0.0835066,"outcome",TRUE,"reported","JOdiUW","textfile"
"rs2000813",18,49567494,"T","C",0.153396,0.277734,-0.125585,0.0879671,"outcome",TRUE,"reported","JOdiUW","textfile"
"rs2170489",11,98432687,"G","A",0.67813,0.635407,0.0341718,0.0823383,"outcome",TRUE,"reported","JOdiUW","textfile"
"rs2237231",6,26016943,"T","C",0.494872,0.0881598,-0.0946315,0.138638,"outcome",TRUE,"reported","JOdiUW","textfile"
"rs2243498",21,33281361,"A","G",0.0702749,0.470668,-0.143419,0.079231,"outcome",TRUE,"reported","JOdiUW","textfile"
"rs2282040",9,95486046,"G","A",0.155901,0.107611,0.181924,0.128206,"outcome",TRUE,"reported","JOdiUW","textfile"
"rs2523096",7,25245188,"C","T",0.220131,0.140925,-0.140286,0.114409,"outcome",TRUE,"reported","JOdiUW","textfile"
"rs261332",15,58435126,"G","A",0.0734176,0.814825,0.183686,0.102605,"outcome",TRUE,"reported","JOdiUW","textfile"
"rs2828004",21,23274426,"T","G",0.714394,0.961719,-0.0750594,0.205103,"outcome",TRUE,"reported","JOdiUW","textfile"
"rs2934554",5,2959944,"T","C",0.886048,0.548693,0.0114261,0.0797322,"outcome",TRUE,"reported","JOdiUW","textfile"
"rs3764261",16,56959412,"A","C",0.549816,0.278358,0.0526555,0.0880471,"outcome",TRUE,"reported","JOdiUW","textfile"
"rs4405345",11,86592352,"C","G",0.869342,0.771339,0.01559,0.094775,"outcome",TRUE,"reported","JOdiUW","textfile"
"rs4542981",3,155252301,"A","C",0.374784,0.691389,0.0757317,0.0853269,"outcome",TRUE,"reported","JOdiUW","textfile"
"rs622997",2,234042353,"T","C",0.355323,0.529064,-0.0737445,0.079783,"outcome",TRUE,"reported","JOdiUW","textfile"
"rs6706970",2,127153756,"T","C",0.416296,0.6473,-0.0674816,0.0830171,"outcome",TRUE,"reported","JOdiUW","textfile"
"rs6719501",2,85285838,"G","T",0.614796,0.3819,-0.0410046,0.0814812,"outcome",TRUE,"reported","JOdiUW","textfile"
"rs6732028",2,114829362,"G","A",0.532672,0.462457,-0.0499012,0.0799787,"outcome",TRUE,"reported","JOdiUW","textfile"
"rs6791299",3,6593152,"A","G",0.878152,0.429294,-0.0122636,0.0799913,"outcome",TRUE,"reported","JOdiUW","textfile"
"rs7157237",14,50384793,"C","T",0.135264,0.427748,-0.119598,0.0800704,"outcome",TRUE,"reported","JOdiUW","textfile"
"rs7554924",1,59158712,"T","A",0.763713,0.384137,0.0245791,0.0817641,"outcome",TRUE,"reported","JOdiUW","textfile"
"rs7819333",8,32540203,"C","G",0.946071,0.34697,-0.00561448,0.083004,"outcome",TRUE,"reported","JOdiUW","textfile"
"rs8008122",14,27986627,"C","T",0.957801,0.683888,-0.00451568,0.0853408,"outcome",TRUE,"reported","JOdiUW","textfile"
"rs809710",3,60005882,"G","A",0.0261728,0.492879,0.176201,0.0792398,"outcome",TRUE,"reported","JOdiUW","textfile"
"rs9322929",14,33838514,"C","T",0.382307,0.235147,-0.0813485,0.0931131,"outcome",TRUE,"reported","JOdiUW","textfile"
"rs9859230",3,122882136,"G","A",0.101499,0.613614,-0.133157,0.0813111,"outcome",TRUE,"reported","JOdiUW","textfile"
"rs990482",6,90097116,"T","G",0.0250559,0.383903,0.183489,0.0818947,"outcome",TRUE,"reported","JOdiUW","textfile"
