"SNP","chr.outcome","pos.outcome","effect_allele.outcome","other_allele.outcome","pval.outcome","eaf.outcome","beta.outcome","se.outcome","outcome","mr_keep.outcome","pval_origin.outcome","id.outcome","data_source.outcome"
"rs10135212",14,75688893,"T","C",0.975213,0.837013,0.00333998,0.107494,"outcome",TRUE,"reported","u2NW8r","textfile"
"rs10744163",12,123899403,"C","T",0.606942,0.793983,-0.0506871,0.0985279,"outcome",TRUE,"reported","u2NW8r","textfile"
"rs1076160",9,132900647,"T","C",0.53458,0.530119,-0.049206,0.079233,"outcome",TRUE,"reported","u2NW8r","textfile"
"rs11564118",12,40113971,"G","A",0.383577,0.0571751,0.148137,0.170014,"outcome",TRUE,"reported","u2NW8r","textfile"
"rs12446951",16,8265468,"A","G",0.999665,0.135076,-4.87158e-05,0.115897,"outcome",TRUE,"reported","u2NW8r","textfile"
"rs129313",22,34027431,"T","G",0.389151,0.0423065,-0.170277,0.197731,"outcome",TRUE,"reported","u2NW8r","textfile"
"rs16889589",8,40564834,"C","G",0.497689,0.141922,-0.0777048,0.114587,"outcome",TRUE,"reported","u2NW8r","textfile"
"rs17649503",13,50906182,"G","A",0.0598205,0.0741634,-0.281739,0.149692,"outcome",TRUE,"reported","u2NW8r","textfile"
"rs2268181",1,53895615,"C","T",0.652052,0.121253,-0.0550362,0.122055,"outcome",TRUE,"reported","u2NW8r","textfile"
"rs2868035",16,74531070,"G","A",0.0267756,0.649075,-0.183717,0.0829505,"outcome",TRUE,"reported","u2NW8r","textfile"
"rs3108908",8,100793919,"C","T",0.918614,0.635511,0.00840138,0.0822219,"outcome",TRUE,"reported","u2NW8r","textfile"
"rs4148324",2,233764076,"G","T",0.372072,0.394077,0.0722096,0.0808982,"outcome",TRUE,"reported","u2NW8r","textfile"
"rs4711652",6,40885000,"A","G",0.0804711,0.571762,-0.13987,0.0800189,"outcome",TRUE,"reported","u2NW8r","textfile"
"rs7215713",17,5673314,"T","C",0.646919,0.264834,-0.0412452,0.0900458,"outcome",TRUE,"reported","u2NW8r","textfile"
"rs7906674",10,4785760,"G","T",0.546728,0.535929,-0.0477389,0.0792121,"outcome",TRUE,"reported","u2NW8r","textfile"
"rs867335",20,3875857,"A","T",0.20712,0.0373829,0.259743,0.205896,"outcome",TRUE,"reported","u2NW8r","textfile"
"rs9316990",13,58539470,"A","G",0.061007,0.485227,0.148267,0.0791416,"outcome",TRUE,"reported","u2NW8r","textfile"
