"SNP","chr.outcome","pos.outcome","effect_allele.outcome","other_allele.outcome","pval.outcome","eaf.outcome","beta.outcome","se.outcome","outcome","mr_keep.outcome","pval_origin.outcome","id.outcome","data_source.outcome"
"rs11228368",11,68825790,"G","A",0.119236,0.3789,-0.127331,0.081728,"outcome",TRUE,"reported","2gaGYS","textfile"
"rs12038241",1,119404375,"G","A",0.937032,0.644305,-0.00653577,0.0827309,"outcome",TRUE,"reported","2gaGYS","textfile"
"rs12512714",4,154739607,"G","C",0.951089,0.502916,0.00485817,0.0792021,"outcome",TRUE,"reported","2gaGYS","textfile"
"rs1366688",4,147443756,"C","G",0.464208,0.70311,0.0634867,0.0867382,"outcome",TRUE,"reported","2gaGYS","textfile"
"rs1368843",15,94365675,"G","A",0.285188,0.589678,-0.0860028,0.0804715,"outcome",TRUE,"reported","2gaGYS","textfile"
"rs1543433",20,20792287,"A","G",0.0837529,0.358085,0.143135,0.08277,"outcome",TRUE,"reported","2gaGYS","textfile"
"rs16958664",16,11786551,"A","G",0.939762,0.0645075,-0.0121497,0.160776,"outcome",TRUE,"reported","2gaGYS","textfile"
"rs17061049",13,40259223,"C","T",0.707998,0.0294684,-0.0876711,0.234073,"outcome",TRUE,"reported","2gaGYS","textfile"
"rs17197676",14,22013212,"G","A",0.736519,0.0257301,0.0867975,0.257968,"outcome",TRUE,"reported","2gaGYS","textfile"
"rs232668",20,7107089,"A","G",0.302358,0.035087,0.220859,0.214138,"outcome",TRUE,"reported","2gaGYS","textfile"
"rs2828489",21,23740108,"T","C",0.791314,0.657662,-0.0221179,0.083589,"outcome",TRUE,"reported","2gaGYS","textfile"
"rs2852424",11,114252975,"G","A",0.523174,0.0385792,-0.131837,0.206493,"outcome",TRUE,"reported","2gaGYS","textfile"
"rs296381",19,47867845,"T","C",0.144974,0.848886,-0.162185,0.111275,"outcome",TRUE,"reported","2gaGYS","textfile"
"rs3732218",2,233718658,"A","G",0.134427,0.0687071,-0.233074,0.155707,"outcome",TRUE,"reported","2gaGYS","textfile"
"rs628137",13,21744572,"C","A",0.806354,0.578575,-0.019655,0.0801811,"outcome",TRUE,"reported","2gaGYS","textfile"
"rs7002764",8,139346645,"C","G",0.67232,0.5666,-0.033804,0.0799213,"outcome",TRUE,"reported","2gaGYS","textfile"
"rs7342017",10,99916503,"T","A",0.599797,0.480195,0.0415311,0.0791531,"outcome",TRUE,"reported","2gaGYS","textfile"
"rs7703306",5,66713884,"C","G",0.789045,0.415459,-0.0214716,0.0802528,"outcome",TRUE,"reported","2gaGYS","textfile"
"rs9362410",6,64043981,"T","C",0.581755,0.343816,-0.0469973,0.0853221,"outcome",TRUE,"reported","2gaGYS","textfile"
"rs9445291",6,94488164,"T","C",0.68882,0.135064,0.0467173,0.11666,"outcome",TRUE,"reported","2gaGYS","textfile"
