"SNP","chr.outcome","pos.outcome","effect_allele.outcome","other_allele.outcome","pval.outcome","eaf.outcome","beta.outcome","se.outcome","outcome","mr_keep.outcome","pval_origin.outcome","id.outcome","data_source.outcome"
"rs10110717",8,3822660,"C","T",0.579411,0.297056,-0.0479031,0.0864295,"outcome",TRUE,"reported","RI3Dh0","textfile"
"rs10198903",2,71680295,"G","A",0.905585,0.630543,-0.00972213,0.081968,"outcome",TRUE,"reported","RI3Dh0","textfile"
"rs12202901",6,42860812,"A","T",0.192468,0.199032,-0.131031,0.100537,"outcome",TRUE,"reported","RI3Dh0","textfile"
"rs1252109",1,236948382,"T","C",0.609909,0.29567,0.0442425,0.0867154,"outcome",TRUE,"reported","RI3Dh0","textfile"
"rs12787810",11,20524380,"T","C",0.757598,0.823581,0.0319192,0.10342,"outcome",TRUE,"reported","RI3Dh0","textfile"
"rs13162494",5,115529571,"A","G",0.91463,0.0633016,-0.0172799,0.161192,"outcome",TRUE,"reported","RI3Dh0","textfile"
"rs1368616",4,35912399,"T","G",0.0525799,0.545338,0.154193,0.0795485,"outcome",TRUE,"reported","RI3Dh0","textfile"
"rs16897515",6,27310241,"A","C",0.171637,0.0685351,-0.210759,0.154181,"outcome",TRUE,"reported","RI3Dh0","textfile"
"rs16958414",16,82738566,"G","T",0.123449,0.186929,0.155998,0.101268,"outcome",TRUE,"reported","RI3Dh0","textfile"
"rs17446483",10,88933948,"T","C",0.485697,0.0494925,-0.128611,0.184476,"outcome",TRUE,"reported","RI3Dh0","textfile"
"rs2814818",6,1682333,"G","A",0.388769,0.312526,0.0734737,0.0852511,"outcome",TRUE,"reported","RI3Dh0","textfile"
"rs4099",15,44696412,"G","T",0.328818,0.0580533,-0.164196,0.168148,"outcome",TRUE,"reported","RI3Dh0","textfile"
"rs4680",22,19963748,"A","G",0.889559,0.547435,-0.0110048,0.0792504,"outcome",TRUE,"reported","RI3Dh0","textfile"
"rs591058",11,102840607,"C","T",0.144746,0.577805,0.116969,0.0802065,"outcome",TRUE,"reported","RI3Dh0","textfile"
"rs7151027",14,92122573,"A","T",0.246334,0.358684,0.0954906,0.0823691,"outcome",TRUE,"reported","RI3Dh0","textfile"
"rs831607",11,33696528,"C","T",0.872413,0.401323,-0.0130961,0.0815483,"outcome",TRUE,"reported","RI3Dh0","textfile"
"rs9308696",2,114501486,"G","A",0.194702,0.0262202,0.321784,0.248138,"outcome",TRUE,"reported","RI3Dh0","textfile"
