"SNP","chr.outcome","pos.outcome","effect_allele.outcome","other_allele.outcome","pval.outcome","eaf.outcome","beta.outcome","se.outcome","outcome","mr_keep.outcome","pval_origin.outcome","id.outcome","data_source.outcome"
"rs12211633",6,34083140,"T","C",0.689804,0.723175,-0.0352123,0.0882249,"outcome",TRUE,"reported","mLPpeJ","textfile"
"rs1711161",3,136361695,"T","G",0.0478256,0.768194,0.186209,0.0940967,"outcome",TRUE,"reported","mLPpeJ","textfile"
"rs207420",2,31321858,"C","T",0.833808,0.0447444,-0.04002,0.190734,"outcome",TRUE,"reported","mLPpeJ","textfile"
"rs2132551",20,24302277,"C","A",0.651385,0.010701,0.175283,0.387933,"outcome",TRUE,"reported","mLPpeJ","textfile"
"rs2279399",12,54187699,"C","T",0.00287634,0.619475,-0.231479,0.0776604,"outcome",TRUE,"reported","mLPpeJ","textfile"
"rs2954021",8,125469835,"G","A",0.0465822,0.534595,0.157416,0.0791,"outcome",TRUE,"reported","mLPpeJ","textfile"
"rs3742879",14,67648284,"G","A",0.457675,0.266948,-0.0662897,0.0892573,"outcome",TRUE,"reported","mLPpeJ","textfile"
"rs3769545",2,33311084,"G","A",0.419597,0.419883,0.0646248,0.0800683,"outcome",TRUE,"reported","mLPpeJ","textfile"
"rs458582",21,41432579,"T","G",0.671814,0.526422,0.0335007,0.0790744,"outcome",TRUE,"reported","mLPpeJ","textfile"
"rs559555",2,31585905,"A","T",0.914354,0.579618,0.00862555,0.0802018,"outcome",TRUE,"reported","mLPpeJ","textfile"
"rs7841945",8,68821022,"T","A",0.40626,0.1652,-0.0882504,0.106263,"outcome",TRUE,"reported","mLPpeJ","textfile"
"rs7974646",12,119292162,"A","G",0.84894,0.124975,-0.0229105,0.120283,"outcome",TRUE,"reported","mLPpeJ","textfile"
"rs798727",4,1683410,"T","C",0.98018,0.788852,-0.00240358,0.0967497,"outcome",TRUE,"reported","mLPpeJ","textfile"
