"SNP","chr.outcome","pos.outcome","effect_allele.outcome","other_allele.outcome","pval.outcome","eaf.outcome","beta.outcome","se.outcome","outcome","mr_keep.outcome","pval_origin.outcome","id.outcome","data_source.outcome"
"rs10004910",4,57102278,"A","G",0.179427,0.490348,-0.106536,0.0793549,"outcome",TRUE,"reported","RQDZK2","textfile"
"rs11905915",20,37468675,"G","A",0.705055,0.489429,0.0302065,0.0798046,"outcome",TRUE,"reported","RQDZK2","textfile"
"rs1365505",15,50184941,"T","C",0.436137,0.738811,-0.0703709,0.0903659,"outcome",TRUE,"reported","RQDZK2","textfile"
"rs1483739",4,95393109,"A","C",0.902345,0.310357,-0.0105384,0.0858878,"outcome",TRUE,"reported","RQDZK2","textfile"
"rs17130142",1,87773925,"A","G",0.139698,0.0241315,0.374674,0.253687,"outcome",TRUE,"reported","RQDZK2","textfile"
"rs174605",11,61859449,"T","G",0.487218,0.252771,-0.0633836,0.0912335,"outcome",TRUE,"reported","RQDZK2","textfile"
"rs17525557",6,90891847,"C","T",0.606218,0.0805281,0.0750421,0.145577,"outcome",TRUE,"reported","RQDZK2","textfile"
"rs1860538",7,78339976,"T","G",0.832458,0.506031,-0.0167746,0.0792935,"outcome",TRUE,"reported","RQDZK2","textfile"
"rs2032205",21,23121206,"T","C",0.118448,0.0118659,0.575087,0.368333,"outcome",TRUE,"reported","RQDZK2","textfile"
"rs2395859",7,107388560,"G","A",0.265774,0.180356,-0.114689,0.103059,"outcome",TRUE,"reported","RQDZK2","textfile"
"rs2934442",15,57470595,"T","C",0.447685,0.862403,0.0871375,0.114764,"outcome",TRUE,"reported","RQDZK2","textfile"
"rs3112734",16,7782862,"T","C",0.513355,0.0921263,-0.0891798,0.136439,"outcome",TRUE,"reported","RQDZK2","textfile"
"rs4866873",5,44160973,"C","T",0.197766,0.168432,0.135843,0.105473,"outcome",TRUE,"reported","RQDZK2","textfile"
"rs4963728",12,23883921,"T","C",0.924817,0.208699,-0.00925441,0.0980679,"outcome",TRUE,"reported","RQDZK2","textfile"
"rs4977264",9,18616789,"T","C",0.432077,0.505387,-0.0623372,0.0793455,"outcome",TRUE,"reported","RQDZK2","textfile"
"rs6077678",20,1088460,"A","G",0.585237,0.84144,-0.0591505,0.108384,"outcome",TRUE,"reported","RQDZK2","textfile"
"rs7228173",18,37698825,"T","C",0.26022,0.393544,-0.0909476,0.0807797,"outcome",TRUE,"reported","RQDZK2","textfile"
"rs7337711",13,34261976,"T","C",0.251434,0.159836,-0.124841,0.108854,"outcome",TRUE,"reported","RQDZK2","textfile"
"rs760955",6,143404856,"C","T",0.078817,0.718793,0.156224,0.0888856,"outcome",TRUE,"reported","RQDZK2","textfile"
"rs7702466",5,81713419,"A","G",0.458442,0.111938,0.0923416,0.124548,"outcome",TRUE,"reported","RQDZK2","textfile"
"rs780094",2,27518370,"C","T",0.028622,0.643704,0.180974,0.0826874,"outcome",TRUE,"reported","RQDZK2","textfile"
"rs9296110",6,34009643,"C","T",0.0325619,0.048104,0.397201,0.185829,"outcome",TRUE,"reported","RQDZK2","textfile"
"rs944846",20,58113909,"T","C",0.627292,0.0281507,0.11706,0.241091,"outcome",TRUE,"reported","RQDZK2","textfile"
"rs9513800",13,100768776,"A","G",0.408803,0.0174216,0.24937,0.301899,"outcome",TRUE,"reported","RQDZK2","textfile"
