"SNP","chr.outcome","pos.outcome","effect_allele.outcome","other_allele.outcome","pval.outcome","eaf.outcome","beta.outcome","se.outcome","outcome","mr_keep.outcome","pval_origin.outcome","id.outcome","data_source.outcome"
"rs10761316",9,94133038,"T","C",0.152506,0.247884,0.132156,0.0923695,"outcome",TRUE,"reported","dTNc0q","textfile"
"rs1329561",9,80184312,"A","G",0.906632,0.163897,0.0126251,0.107642,"outcome",TRUE,"reported","dTNc0q","textfile"
"rs16908213",8,138076307,"C","T",0.437305,0.0758325,0.116417,0.149876,"outcome",TRUE,"reported","dTNc0q","textfile"
"rs2433292",11,116079468,"C","T",0.0157391,0.254484,-0.219463,0.0908784,"outcome",TRUE,"reported","dTNc0q","textfile"
"rs2488751",10,36823292,"A","G",0.756239,0.470091,0.0246571,0.0794305,"outcome",TRUE,"reported","dTNc0q","textfile"
"rs2715026",4,119695650,"C","G",0.399218,0.436818,-0.0671389,0.0796412,"outcome",TRUE,"reported","dTNc0q","textfile"
"rs3746024",19,32826784,"C","T",0.620072,0.160268,0.0535122,0.107942,"outcome",TRUE,"reported","dTNc0q","textfile"
"rs4843466",16,86811415,"A","C",0.328747,0.92604,0.14733,0.150854,"outcome",TRUE,"reported","dTNc0q","textfile"
"rs556339",6,25870517,"T","C",0.349291,0.225622,0.0880876,0.094114,"outcome",TRUE,"reported","dTNc0q","textfile"
"rs649622",12,120745084,"T","G",0.599141,0.0819024,-0.0764051,0.145357,"outcome",TRUE,"reported","dTNc0q","textfile"
"rs7642243",3,196214345,"G","C",0.661878,0.603431,0.0354201,0.0809932,"outcome",TRUE,"reported","dTNc0q","textfile"
"rs7691901",4,95409266,"G","T",0.618322,0.17473,-0.0517513,0.10387,"outcome",TRUE,"reported","dTNc0q","textfile"
"rs939885",3,196228891,"A","G",0.279419,0.428575,-0.0866034,0.0800678,"outcome",TRUE,"reported","dTNc0q","textfile"
