"SNP","chr.outcome","pos.outcome","effect_allele.outcome","other_allele.outcome","pval.outcome","eaf.outcome","beta.outcome","se.outcome","outcome","mr_keep.outcome","pval_origin.outcome","id.outcome","data_source.outcome"
"rs11045975",12,21325856,"A","G",0.088044,0.332141,0.142722,0.0836681,"outcome",TRUE,"reported","uQs5UQ","textfile"
"rs11106131",12,77651869,"T","G",0.116749,0.209823,-0.15225,0.0970634,"outcome",TRUE,"reported","uQs5UQ","textfile"
"rs11754288",6,25776721,"A","G",0.164351,0.353501,-0.115319,0.0829283,"outcome",TRUE,"reported","uQs5UQ","textfile"
"rs1938489",1,65582939,"G","A",0.697712,0.261661,-0.0350155,0.0901503,"outcome",TRUE,"reported","uQs5UQ","textfile"
"rs2071426",10,95068566,"C","T",0.632402,0.276203,0.0423523,0.0885387,"outcome",TRUE,"reported","uQs5UQ","textfile"
"rs2187662",16,14176264,"A","G",0.146525,0.0373605,-0.303522,0.209049,"outcome",TRUE,"reported","uQs5UQ","textfile"
"rs2870709",4,93489422,"C","T",0.328427,0.795675,-0.0956729,0.0978964,"outcome",TRUE,"reported","uQs5UQ","textfile"
"rs3736083",4,883921,"C","T",0.24044,0.404453,0.0950532,0.080973,"outcome",TRUE,"reported","uQs5UQ","textfile"
"rs4149081",12,21225087,"A","G",0.108864,0.297367,0.138804,0.0865728,"outcome",TRUE,"reported","uQs5UQ","textfile"
"rs4885169",13,74326656,"G","A",0.161037,0.907222,0.193445,0.138018,"outcome",TRUE,"reported","uQs5UQ","textfile"
"rs7495382",15,23579599,"G","T",0.349434,0.777408,-0.0892251,0.0953577,"outcome",TRUE,"reported","uQs5UQ","textfile"
"rs7772658",6,128018695,"G","A",0.940103,0.945224,-0.0132501,0.176337,"outcome",TRUE,"reported","uQs5UQ","textfile"
"rs7787327",7,42317465,"A","G",0.0545017,0.0192977,-0.553648,0.287935,"outcome",TRUE,"reported","uQs5UQ","textfile"
"rs7810308",7,41376636,"T","C",0.00797811,0.159911,0.260946,0.098359,"outcome",TRUE,"reported","uQs5UQ","textfile"
"rs7870790",9,94017271,"A","G",0.240543,0.388985,0.0954526,0.0813309,"outcome",TRUE,"reported","uQs5UQ","textfile"
"rs9299150",9,108313887,"T","C",0.655994,0.319596,-0.0379897,0.0852839,"outcome",TRUE,"reported","uQs5UQ","textfile"
"rs994645",6,19921997,"G","A",0.586033,0.870396,0.0642721,0.118018,"outcome",TRUE,"reported","uQs5UQ","textfile"
