"SNP","chr.outcome","pos.outcome","effect_allele.outcome","other_allele.outcome","pval.outcome","eaf.outcome","beta.outcome","se.outcome","outcome","mr_keep.outcome","pval_origin.outcome","id.outcome","data_source.outcome"
"rs1022039",5,175469372,"A","T",0.0579002,0.29534,-0.165708,0.0873781,"outcome",TRUE,"reported","AEsoAU","textfile"
"rs11055626",12,13800393,"G","C",0.965801,0.155466,0.00469588,0.109525,"outcome",TRUE,"reported","AEsoAU","textfile"
"rs1196661",2,149469326,"A","G",0.958759,0.908675,-0.00709126,0.137133,"outcome",TRUE,"reported","AEsoAU","textfile"
"rs12357763",10,65737203,"T","C",0.0857926,0.033665,-0.374239,0.217831,"outcome",TRUE,"reported","AEsoAU","textfile"
"rs12617815",2,6840800,"T","G",0.270049,0.0209227,0.30933,0.280458,"outcome",TRUE,"reported","AEsoAU","textfile"
"rs243594",21,17784285,"T","A",0.760088,0.472531,-0.0242221,0.0793216,"outcome",TRUE,"reported","AEsoAU","textfile"
"rs7946041",11,114945122,"A","G",0.710709,0.014007,0.126045,0.339833,"outcome",TRUE,"reported","AEsoAU","textfile"
"rs8094714",18,6136529,"C","G",0.340287,0.392578,-0.0775213,0.0812934,"outcome",TRUE,"reported","AEsoAU","textfile"
"rs9440550",1,108850279,"A","G",0.549438,0.137448,-0.0695202,0.116138,"outcome",TRUE,"reported","AEsoAU","textfile"
