"SNP","chr.outcome","pos.outcome","effect_allele.outcome","other_allele.outcome","pval.outcome","eaf.outcome","beta.outcome","se.outcome","outcome","mr_keep.outcome","pval_origin.outcome","id.outcome","data_source.outcome"
"rs10798656",1,179295156,"C","A",0.457935,0.46687,-0.0587992,0.0792174,"outcome",TRUE,"reported","EK4wl8","textfile"
"rs10916248",1,224068646,"T","A",0.251168,0.156576,-0.124909,0.108851,"outcome",TRUE,"reported","EK4wl8","textfile"
"rs1939769",11,63146730,"G","A",0.177221,0.968481,-0.300864,0.222967,"outcome",TRUE,"reported","EK4wl8","textfile"
"rs207420",2,31321858,"C","T",0.833808,0.0447444,-0.04002,0.190734,"outcome",TRUE,"reported","EK4wl8","textfile"
"rs2174474",10,75198900,"C","T",0.70141,0.317016,0.0326528,0.0851624,"outcome",TRUE,"reported","EK4wl8","textfile"
"rs2236525",20,62273779,"T","C",0.976055,0.587915,-0.00241728,0.0805369,"outcome",TRUE,"reported","EK4wl8","textfile"
"rs2734331",6,31962574,"G","A",0.594266,0.0341494,-0.116927,0.219514,"outcome",TRUE,"reported","EK4wl8","textfile"
"rs3740393",10,102876898,"C","G",0.108726,0.15207,0.177523,0.110679,"outcome",TRUE,"reported","EK4wl8","textfile"
"rs559555",2,31585905,"A","T",0.914354,0.579618,0.00862555,0.0802018,"outcome",TRUE,"reported","EK4wl8","textfile"
"rs6437043",2,157283354,"C","T",0.422745,0.113152,0.101724,0.126891,"outcome",TRUE,"reported","EK4wl8","textfile"
"rs6762129",3,9033181,"T","C",0.109963,0.404132,0.129163,0.0808099,"outcome",TRUE,"reported","EK4wl8","textfile"
