"SNP","chr.outcome","pos.outcome","effect_allele.outcome","other_allele.outcome","pval.outcome","eaf.outcome","beta.outcome","se.outcome","outcome","mr_keep.outcome","pval_origin.outcome","id.outcome","data_source.outcome"
"rs1028885",6,25434290,"A","G",0.922826,0.790914,0.00940826,0.097118,"outcome",TRUE,"reported","guuN1w","textfile"
"rs10823597",10,70682286,"C","T",0.82625,0.222732,0.0208152,0.0948247,"outcome",TRUE,"reported","guuN1w","textfile"
"rs10939890",5,61260946,"C","T",0.153923,0.808192,-0.143733,0.100808,"outcome",TRUE,"reported","guuN1w","textfile"
"rs11206237",1,53890688,"A","C",0.950711,0.104629,0.00803776,0.13003,"outcome",TRUE,"reported","guuN1w","textfile"
"rs12461351",19,46193684,"G","C",0.790881,0.0342996,0.0573369,0.216229,"outcome",TRUE,"reported","guuN1w","textfile"
"rs13266017",8,18617086,"A","C",0.560592,0.448002,0.0463899,0.0797129,"outcome",TRUE,"reported","guuN1w","textfile"
"rs3133577",8,100793314,"T","C",0.932329,0.635338,0.00698264,0.0822316,"outcome",TRUE,"reported","guuN1w","textfile"
"rs4148324",2,233764076,"G","T",0.372072,0.394077,0.0722096,0.0808982,"outcome",TRUE,"reported","guuN1w","textfile"
"rs4430526",11,125966533,"A","G",0.576052,0.534006,-0.0443285,0.0792769,"outcome",TRUE,"reported","guuN1w","textfile"
"rs4854192",2,3116412,"A","G",0.601728,0.734235,0.0468054,0.0896797,"outcome",TRUE,"reported","guuN1w","textfile"
"rs504026",19,21287924,"A","G",0.706012,0.962782,-0.0799925,0.21206,"outcome",TRUE,"reported","guuN1w","textfile"
"rs7858984",9,131917731,"A","G",0.756545,0.277741,-0.0274522,0.0885499,"outcome",TRUE,"reported","guuN1w","textfile"
"rs7906674",10,4785760,"G","T",0.546728,0.535929,-0.0477389,0.0792121,"outcome",TRUE,"reported","guuN1w","textfile"
