"SNP","chr.outcome","pos.outcome","effect_allele.outcome","other_allele.outcome","pval.outcome","eaf.outcome","beta.outcome","se.outcome","outcome","mr_keep.outcome","pval_origin.outcome","id.outcome","data_source.outcome"
"rs10762854",10,79236756,"G","A",0.559099,0.373412,-0.0476929,0.0816406,"outcome",TRUE,"reported","8SaVIr","textfile"
"rs10916685",1,19983072,"T","A",0.439315,0.33975,0.0647006,0.0836628,"outcome",TRUE,"reported","8SaVIr","textfile"
"rs11054704",12,12146835,"A","G",0.227195,0.166191,0.127931,0.105937,"outcome",TRUE,"reported","8SaVIr","textfile"
"rs11691877",2,78427411,"C","T",0.893786,0.703754,0.011546,0.0864774,"outcome",TRUE,"reported","8SaVIr","textfile"
"rs11778288",8,62822886,"G","A",0.136316,0.591744,0.120214,0.0806993,"outcome",TRUE,"reported","8SaVIr","textfile"
"rs12477726",2,173286217,"A","G",0.965855,0.179709,0.00440462,0.102894,"outcome",TRUE,"reported","8SaVIr","textfile"
"rs12569017",1,110744959,"A","T",0.889214,0.0571589,0.0238192,0.170993,"outcome",TRUE,"reported","8SaVIr","textfile"
"rs12712206",2,105395699,"G","A",0.9047,0.687797,-0.0102089,0.0852688,"outcome",TRUE,"reported","8SaVIr","textfile"
"rs12730665",1,96218086,"G","A",0.747741,0.223815,-0.0304385,0.0946408,"outcome",TRUE,"reported","8SaVIr","textfile"
"rs12742877",1,76442471,"C","G",0.252115,0.410053,-0.0922878,0.0805848,"outcome",TRUE,"reported","8SaVIr","textfile"
"rs12873548",13,27236134,"C","T",0.90609,0.664686,0.00991645,0.0840576,"outcome",TRUE,"reported","8SaVIr","textfile"
"rs12899483",15,95698366,"G","A",0.405037,0.256204,-0.0756251,0.0908236,"outcome",TRUE,"reported","8SaVIr","textfile"
"rs13098833",3,20387076,"G","A",0.0105109,0.261003,0.216308,0.0845431,"outcome",TRUE,"reported","8SaVIr","textfile"
"rs1483523",3,109379127,"C","G",0.299109,0.419012,-0.0832974,0.0802213,"outcome",TRUE,"reported","8SaVIr","textfile"
"rs1620675",3,3151243,"G","T",0.0112274,0.579167,-0.20313,0.0801132,"outcome",TRUE,"reported","8SaVIr","textfile"
"rs17101092",14,33429290,"C","G",0.815145,0.330382,-0.0197391,0.0844296,"outcome",TRUE,"reported","8SaVIr","textfile"
"rs1719079",2,158984860,"A","G",0.736305,0.919355,-0.0497048,0.147602,"outcome",TRUE,"reported","8SaVIr","textfile"
"rs17761583",10,59006367,"G","A",0.981052,0.223672,-0.00225439,0.0949236,"outcome",TRUE,"reported","8SaVIr","textfile"
"rs2038410",20,5268656,"T","C",0.042603,0.455715,-0.161173,0.0794903,"outcome",TRUE,"reported","8SaVIr","textfile"
"rs2147103",14,53907305,"T","A",0.0496249,0.43217,-0.156406,0.0796696,"outcome",TRUE,"reported","8SaVIr","textfile"
"rs2371276",2,211690360,"C","T",0.195024,0.470563,-0.103837,0.0801301,"outcome",TRUE,"reported","8SaVIr","textfile"
"rs2869297",4,85184431,"G","A",0.235154,0.268653,-0.106064,0.0893402,"outcome",TRUE,"reported","8SaVIr","textfile"
"rs2875878",6,125883057,"C","G",0.457501,0.687625,0.0636678,0.0856938,"outcome",TRUE,"reported","8SaVIr","textfile"
"rs3754909",2,20052591,"G","A",0.117673,0.364248,-0.128742,0.0822832,"outcome",TRUE,"reported","8SaVIr","textfile"
"rs3915879",4,7153016,"C","T",0.917782,0.693788,0.00892132,0.0864231,"outcome",TRUE,"reported","8SaVIr","textfile"
"rs4075958",5,177357511,"A","G",0.232249,0.278332,-0.104779,0.0877116,"outcome",TRUE,"reported","8SaVIr","textfile"
"rs429460",6,9026292,"A","T",0.279461,0.25505,-0.0985837,0.091152,"outcome",TRUE,"reported","8SaVIr","textfile"
"rs4562058",5,172353497,"T","C",0.755948,0.315724,0.0264133,0.084983,"outcome",TRUE,"reported","8SaVIr","textfile"
"rs4755524",11,39796569,"G","C",0.9323,0.710575,-0.00740264,0.0871398,"outcome",TRUE,"reported","8SaVIr","textfile"
"rs4981021",12,103756221,"T","C",0.292766,0.242097,-0.0974479,0.0926245,"outcome",TRUE,"reported","8SaVIr","textfile"
"rs529833",6,82296919,"A","G",0.754703,0.723455,-0.0276053,0.088353,"outcome",TRUE,"reported","8SaVIr","textfile"
"rs569137",8,23838777,"A","G",0.893904,0.398735,-0.0107986,0.0809692,"outcome",TRUE,"reported","8SaVIr","textfile"
"rs6151429",22,50625049,"C","T",0.8607,0.0362601,0.0372113,0.21205,"outcome",TRUE,"reported","8SaVIr","textfile"
"rs6429032",1,237642625,"T","C",0.25459,0.0672028,0.181263,0.159104,"outcome",TRUE,"reported","8SaVIr","textfile"
"rs6492144",13,108751143,"G","C",0.955541,0.46991,-0.00440251,0.0789695,"outcome",TRUE,"reported","8SaVIr","textfile"
"rs6503078",17,8093322,"T","G",0.91306,0.248208,-0.0100452,0.092006,"outcome",TRUE,"reported","8SaVIr","textfile"
"rs651007",9,133278431,"C","T",0.297392,0.777012,0.0986748,0.0946938,"outcome",TRUE,"reported","8SaVIr","textfile"
"rs6545816",2,60487726,"C","A",0.938757,0.557885,-0.0061115,0.0795436,"outcome",TRUE,"reported","8SaVIr","textfile"
"rs6555389",5,6264908,"A","T",0.18786,0.328202,0.110812,0.0841437,"outcome",TRUE,"reported","8SaVIr","textfile"
"rs6832662",4,135918429,"G","A",0.126641,0.6607,-0.127712,0.0836092,"outcome",TRUE,"reported","8SaVIr","textfile"
"rs6928245",6,100226142,"G","A",0.219878,0.654283,-0.102319,0.0833992,"outcome",TRUE,"reported","8SaVIr","textfile"
"rs7151149",14,34500227,"C","T",0.495203,0.640587,0.0562194,0.0824262,"outcome",TRUE,"reported","8SaVIr","textfile"
"rs7560697",2,186028181,"C","T",0.528927,0.625428,-0.051501,0.0817937,"outcome",TRUE,"reported","8SaVIr","textfile"
"rs890498",15,41819100,"G","C",0.0985281,0.372437,0.135122,0.0817918,"outcome",TRUE,"reported","8SaVIr","textfile"
"rs9038",17,77499315,"C","T",0.824306,0.495607,0.0176838,0.079653,"outcome",TRUE,"reported","8SaVIr","textfile"
"rs930551",17,79931350,"G","A",0.169088,0.948208,-0.245429,0.178476,"outcome",TRUE,"reported","8SaVIr","textfile"
"rs9322898",14,32360621,"T","C",0.132484,0.272096,0.134137,0.0891644,"outcome",TRUE,"reported","8SaVIr","textfile"
"rs9397197",6,154691179,"A","G",0.888243,0.168967,0.0147372,0.10487,"outcome",TRUE,"reported","8SaVIr","textfile"
