"SNP","chr.outcome","pos.outcome","effect_allele.outcome","other_allele.outcome","pval.outcome","eaf.outcome","beta.outcome","se.outcome","outcome","mr_keep.outcome","pval_origin.outcome","id.outcome","data_source.outcome"
"rs10929160",2,236028109,"T","A",0.591032,0.345877,0.0447295,0.0832424,"outcome",TRUE,"reported","BfjR5u","textfile"
"rs11073264",15,37659143,"C","T",0.0840079,0.44263,0.137392,0.0795142,"outcome",TRUE,"reported","BfjR5u","textfile"
"rs12187097",5,2202058,"A","G",0.593005,0.121386,0.0651095,0.121817,"outcome",TRUE,"reported","BfjR5u","textfile"
"rs17260438",1,210489531,"A","G",0.297339,0.116845,-0.127572,0.122412,"outcome",TRUE,"reported","BfjR5u","textfile"
"rs17429004",1,48357375,"G","A",0.963454,0.105012,0.00591924,0.129185,"outcome",TRUE,"reported","BfjR5u","textfile"
"rs17660864",9,4292848,"G","A",0.852665,0.0439781,-0.035374,0.19047,"outcome",TRUE,"reported","BfjR5u","textfile"
"rs3729621",7,29481817,"G","A",0.833513,0.0561443,-0.0365215,0.173748,"outcome",TRUE,"reported","BfjR5u","textfile"
"rs3791660",2,55902745,"G","T",0.902394,0.459671,-0.00973291,0.0793627,"outcome",TRUE,"reported","BfjR5u","textfile"
"rs6497490",16,20466152,"T","G",0.83038,0.827152,0.0226869,0.105908,"outcome",TRUE,"reported","BfjR5u","textfile"
"rs7520193",1,67927839,"A","C",0.569691,0.17028,-0.0596308,0.10489,"outcome",TRUE,"reported","BfjR5u","textfile"
"rs9277015",6,33025489,"A","G",0.601919,0.428761,-0.0418254,0.0801801,"outcome",TRUE,"reported","BfjR5u","textfile"
"rs930609",12,117843489,"A","G",0.216812,0.806366,-0.124376,0.100705,"outcome",TRUE,"reported","BfjR5u","textfile"
