"SNP","chr.outcome","pos.outcome","effect_allele.outcome","other_allele.outcome","pval.outcome","eaf.outcome","beta.outcome","se.outcome","outcome","mr_keep.outcome","pval_origin.outcome","id.outcome","data_source.outcome"
"rs1005390",7,150846633,"G","T",0.243354,0.231009,-0.109066,0.0934867,"outcome",TRUE,"reported","Sx8Wfb","textfile"
"rs10065535",5,170665852,"A","G",0.198576,0.025946,0.31938,0.248425,"outcome",TRUE,"reported","Sx8Wfb","textfile"
"rs10083422",14,76695278,"C","T",0.42116,0.661665,-0.0671321,0.0834551,"outcome",TRUE,"reported","Sx8Wfb","textfile"
"rs10771776",12,30855451,"G","A",0.00927492,0.368781,0.203121,0.0780708,"outcome",TRUE,"reported","Sx8Wfb","textfile"
"rs11101730",10,133383832,"T","A",0.900109,0.0860818,-0.0176805,0.140853,"outcome",TRUE,"reported","Sx8Wfb","textfile"
"rs11803189",1,30256286,"C","T",0.443764,0.141827,-0.0870213,0.113627,"outcome",TRUE,"reported","Sx8Wfb","textfile"
"rs11819066",10,133360698,"C","T",0.39302,0.0064179,0.421227,0.493151,"outcome",TRUE,"reported","Sx8Wfb","textfile"
"rs11845129",14,53906021,"C","G",0.0460373,0.432935,-0.158913,0.0796534,"outcome",TRUE,"reported","Sx8Wfb","textfile"
"rs12602901",17,4921330,"C","G",0.996889,0.216286,0.000376613,0.0965751,"outcome",TRUE,"reported","Sx8Wfb","textfile"
"rs12755479",1,37575881,"A","G",0.680099,0.0495199,0.0753266,0.182686,"outcome",TRUE,"reported","Sx8Wfb","textfile"
"rs17047802",2,56325870,"C","T",0.240831,0.183631,-0.119563,0.101937,"outcome",TRUE,"reported","Sx8Wfb","textfile"
"rs17217996",9,13784866,"C","T",0.374382,0.252323,-0.0808667,0.0910358,"outcome",TRUE,"reported","Sx8Wfb","textfile"
"rs17810453",17,9886149,"G","A",0.146724,0.320904,0.123227,0.0849137,"outcome",TRUE,"reported","Sx8Wfb","textfile"
"rs1801394",5,7870860,"G","A",0.249636,0.581038,-0.0925492,0.0803913,"outcome",TRUE,"reported","Sx8Wfb","textfile"
"rs2184568",10,26359365,"G","A",0.0482936,0.408599,0.158852,0.0804403,"outcome",TRUE,"reported","Sx8Wfb","textfile"
"rs2256321",10,55118000,"C","T",0.550888,0.239742,0.0550999,0.0923826,"outcome",TRUE,"reported","Sx8Wfb","textfile"
"rs269066",1,112049052,"G","A",0.178388,0.660416,-0.112397,0.0835207,"outcome",TRUE,"reported","Sx8Wfb","textfile"
"rs4422759",8,131874742,"T","C",0.242956,0.102307,-0.151423,0.129684,"outcome",TRUE,"reported","Sx8Wfb","textfile"
"rs4961335",8,141199043,"G","A",0.595576,0.488632,-0.0420912,0.0793017,"outcome",TRUE,"reported","Sx8Wfb","textfile"
"rs4973517",2,232297108,"C","T",0.380619,0.204521,0.0861693,0.0982818,"outcome",TRUE,"reported","Sx8Wfb","textfile"
"rs662138",6,160143444,"G","C",0.466913,0.147225,0.0811056,0.111484,"outcome",TRUE,"reported","Sx8Wfb","textfile"
"rs7165678",15,47276509,"A","G",0.314149,0.669548,-0.0846797,0.0841282,"outcome",TRUE,"reported","Sx8Wfb","textfile"
"rs7281501",21,16285831,"G","T",0.758335,0.0230621,-0.0809263,0.263032,"outcome",TRUE,"reported","Sx8Wfb","textfile"
"rs7806249",7,94119,"C","T",0.436677,0.386147,-0.0630743,0.0810915,"outcome",TRUE,"reported","Sx8Wfb","textfile"
"rs7982884",13,53396125,"G","A",0.57573,0.969938,0.12953,0.231456,"outcome",TRUE,"reported","Sx8Wfb","textfile"
"rs8191829",6,160058446,"A","G",0.505999,0.261781,0.0600935,0.0903554,"outcome",TRUE,"reported","Sx8Wfb","textfile"
"rs892428",11,126098054,"G","C",0.856298,0.627037,0.0148425,0.0819626,"outcome",TRUE,"reported","Sx8Wfb","textfile"
"rs9959803",18,53096534,"C","T",0.828187,0.101821,0.0284505,0.131092,"outcome",TRUE,"reported","Sx8Wfb","textfile"
