"SNP","chr.outcome","pos.outcome","effect_allele.outcome","other_allele.outcome","pval.outcome","eaf.outcome","beta.outcome","se.outcome","outcome","mr_keep.outcome","pval_origin.outcome","id.outcome","data_source.outcome"
"rs12401645",1,58892128,"G","A",0.151101,0.01708,0.433677,0.302077,"outcome",TRUE,"reported","fZ7fki","textfile"
"rs12457980",18,35371058,"G","A",0.868465,0.37229,-0.0136106,0.0821856,"outcome",TRUE,"reported","fZ7fki","textfile"
"rs1353050",4,28656587,"G","A",0.286861,0.259727,-0.0956609,0.0898197,"outcome",TRUE,"reported","fZ7fki","textfile"
"rs17334856",8,4271236,"A","G",0.790739,0.101877,-0.0345624,0.130252,"outcome",TRUE,"reported","fZ7fki","textfile"
"rs17461842",5,149800162,"C","T",0.777807,0.0524972,-0.0502656,0.178134,"outcome",TRUE,"reported","fZ7fki","textfile"
"rs2831156",21,27770775,"G","A",0.651891,0.843105,-0.0490164,0.108651,"outcome",TRUE,"reported","fZ7fki","textfile"
"rs361798",22,47921941,"C","G",0.00999977,0.858265,-0.26453,0.102696,"outcome",TRUE,"reported","fZ7fki","textfile"
"rs4500414",10,94213571,"G","A",0.614091,0.31035,-0.0433034,0.0858782,"outcome",TRUE,"reported","fZ7fki","textfile"
"rs6496017",15,94502677,"A","C",0.333864,0.436603,0.0771254,0.0798102,"outcome",TRUE,"reported","fZ7fki","textfile"
"rs7707678",5,150329608,"G","A",0.569595,0.510832,0.0451023,0.079315,"outcome",TRUE,"reported","fZ7fki","textfile"
"rs792222",10,88348511,"G","C",0.58153,0.237246,0.0512485,0.0929844,"outcome",TRUE,"reported","fZ7fki","textfile"
"rs887829",2,233759924,"T","C",0.37135,0.394024,0.0723056,0.0808837,"outcome",TRUE,"reported","fZ7fki","textfile"
