"SNP","chr.outcome","pos.outcome","effect_allele.outcome","other_allele.outcome","pval.outcome","eaf.outcome","beta.outcome","se.outcome","outcome","mr_keep.outcome","pval_origin.outcome","id.outcome","data_source.outcome"
"rs10516440",4,99384236,"G","A",0.875098,0.147911,-0.017664,0.112377,"outcome",TRUE,"reported","fXXDsR","textfile"
"rs11231630",11,63888238,"T","C",0.073969,0.0321183,-0.400622,0.224211,"outcome",TRUE,"reported","fXXDsR","textfile"
"rs11982",14,77469334,"A","G",0.880939,0.0821363,0.0216112,0.144287,"outcome",TRUE,"reported","fXXDsR","textfile"
"rs12484077",22,23132880,"A","T",0.142129,0.124715,0.175199,0.119353,"outcome",TRUE,"reported","fXXDsR","textfile"
"rs1481148",1,238231515,"A","C",0.920426,0.991925,0.0440074,0.440528,"outcome",TRUE,"reported","fXXDsR","textfile"
"rs16869851",4,20688434,"C","A",0.617612,0.0961916,0.0666409,0.133485,"outcome",TRUE,"reported","fXXDsR","textfile"
"rs1871395",12,21199381,"G","A",0.264493,0.279887,0.0984873,0.0882633,"outcome",TRUE,"reported","fXXDsR","textfile"
"rs1899256",14,30032899,"G","C",0.233616,0.124215,-0.144038,0.120929,"outcome",TRUE,"reported","fXXDsR","textfile"
"rs2016052",6,1775229,"G","C",0.117705,0.49813,-0.123978,0.0792455,"outcome",TRUE,"reported","fXXDsR","textfile"
"rs2108622",19,15879621,"T","C",0.112557,0.197086,0.158073,0.0996173,"outcome",TRUE,"reported","fXXDsR","textfile"
"rs2226274",13,98585602,"C","T",0.150546,0.0633614,-0.234365,0.163024,"outcome",TRUE,"reported","fXXDsR","textfile"
"rs4149006",12,21268836,"T","G",0.372459,0.185148,0.0904344,0.101398,"outcome",TRUE,"reported","fXXDsR","textfile"
"rs7687485",4,29334306,"A","T",0.329826,0.139512,0.111318,0.114235,"outcome",TRUE,"reported","fXXDsR","textfile"
"rs910923",22,46092022,"G","A",0.987699,0.355319,0.0012746,0.0826727,"outcome",TRUE,"reported","fXXDsR","textfile"
