"SNP","chr.outcome","pos.outcome","effect_allele.outcome","other_allele.outcome","pval.outcome","eaf.outcome","beta.outcome","se.outcome","outcome","mr_keep.outcome","pval_origin.outcome","id.outcome","data_source.outcome"
"rs10107576",8,3618897,"C","G",0.881942,0.163704,0.015842,0.106674,"outcome",TRUE,"reported","7GNgGV","textfile"
"rs10520327",2,81613100,"G","A",0.0739639,0.322219,0.151172,0.0846034,"outcome",TRUE,"reported","7GNgGV","textfile"
"rs11029704",11,26769499,"T","C",0.0291998,0.230904,0.205546,0.0942536,"outcome",TRUE,"reported","7GNgGV","textfile"
"rs11581375",1,170839554,"C","T",0.686453,0.0273559,0.0979528,0.242653,"outcome",TRUE,"reported","7GNgGV","textfile"
"rs12533589",7,51550655,"T","C",0.445805,0.249546,0.0696117,0.0913027,"outcome",TRUE,"reported","7GNgGV","textfile"
"rs12565684",1,27334546,"C","T",0.0925167,0.416,0.134909,0.0801945,"outcome",TRUE,"reported","7GNgGV","textfile"
"rs12762549",10,99861014,"G","C",0.334227,0.446747,0.0766972,0.0794267,"outcome",TRUE,"reported","7GNgGV","textfile"
"rs1391988",3,8389233,"C","G",0.0293312,0.544075,0.172881,0.0793393,"outcome",TRUE,"reported","7GNgGV","textfile"
"rs16902795",5,87778155,"C","G",0.756983,0.0613606,-0.0517597,0.167267,"outcome",TRUE,"reported","7GNgGV","textfile"
"rs4149022",12,21142678,"A","G",0.675663,0.289214,0.0363452,0.0868696,"outcome",TRUE,"reported","7GNgGV","textfile"
"rs4149056",12,21178615,"C","T",0.328039,0.201348,0.0965769,0.0987423,"outcome",TRUE,"reported","7GNgGV","textfile"
"rs4721104",7,12490127,"A","T",0.392861,0.288173,-0.0745169,0.0872113,"outcome",TRUE,"reported","7GNgGV","textfile"
"rs4762836",12,21511945,"T","C",0.630812,0.0983143,-0.0641761,0.133538,"outcome",TRUE,"reported","7GNgGV","textfile"
"rs7150683",14,61245070,"G","A",0.54247,0.865515,0.0709366,0.116465,"outcome",TRUE,"reported","7GNgGV","textfile"
