"SNP","chr.outcome","pos.outcome","effect_allele.outcome","other_allele.outcome","pval.outcome","eaf.outcome","beta.outcome","se.outcome","outcome","mr_keep.outcome","pval_origin.outcome","id.outcome","data_source.outcome"
"rs10492157",12,107665416,"C","T",0.57411,0.199313,0.05562,0.0989663,"outcome",TRUE,"reported","oWQYnA","textfile"
"rs1109583",6,47710150,"A","G",0.936933,0.238429,0.00736092,0.093029,"outcome",TRUE,"reported","oWQYnA","textfile"
"rs11117195",16,86591801,"A","G",0.178834,0.605113,-0.109849,0.0817113,"outcome",TRUE,"reported","oWQYnA","textfile"
"rs11181433",12,42339757,"G","A",0.577382,0.151554,0.0620047,0.111276,"outcome",TRUE,"reported","oWQYnA","textfile"
"rs12452541",17,72077034,"T","A",0.592868,0.268243,-0.0481319,0.0900193,"outcome",TRUE,"reported","oWQYnA","textfile"
"rs13161544",5,150325243,"T","C",0.510738,0.521259,0.0522104,0.0793845,"outcome",TRUE,"reported","oWQYnA","textfile"
"rs1967908",9,95717247,"T","C",0.545229,0.3892,-0.0490164,0.0810288,"outcome",TRUE,"reported","oWQYnA","textfile"
"rs2039906",6,4930578,"G","C",0.765972,0.671135,0.025061,0.0841971,"outcome",TRUE,"reported","oWQYnA","textfile"
"rs2251468",12,120967323,"A","C",0.667429,0.584143,-0.0347797,0.0809433,"outcome",TRUE,"reported","oWQYnA","textfile"
"rs2370933",14,79186235,"A","G",0.649141,0.24414,0.0418465,0.0919792,"outcome",TRUE,"reported","oWQYnA","textfile"
"rs2421124",10,122716870,"C","G",0.879207,0.560234,-0.0121082,0.0796728,"outcome",TRUE,"reported","oWQYnA","textfile"
"rs247616",16,56955678,"T","C",0.458566,0.278904,0.0652818,0.0880746,"outcome",TRUE,"reported","oWQYnA","textfile"
"rs2626332",8,86137725,"C","A",0.634521,0.780249,0.0452529,0.0951944,"outcome",TRUE,"reported","oWQYnA","textfile"
"rs309575",5,83604631,"A","C",0.0547671,0.311293,0.165119,0.085967,"outcome",TRUE,"reported","oWQYnA","textfile"
"rs6429138",1,239426923,"T","A",0.935668,0.554676,-0.00642127,0.0795539,"outcome",TRUE,"reported","oWQYnA","textfile"
"rs6707419",2,116115399,"G","A",0.849303,0.743972,0.0172818,0.090953,"outcome",TRUE,"reported","oWQYnA","textfile"
"rs7037165",9,111263192,"A","G",0.60416,0.00468077,0.29648,0.571884,"outcome",TRUE,"reported","oWQYnA","textfile"
"rs770707",1,5687428,"G","A",0.485547,0.317534,-0.0591638,0.0848337,"outcome",TRUE,"reported","oWQYnA","textfile"
"rs7829432",8,9277607,"T","C",0.154654,0.279445,0.126192,0.0886625,"outcome",TRUE,"reported","oWQYnA","textfile"
"rs804854",6,37611107,"T","A",0.998293,0.910794,0.0002976,0.139096,"outcome",TRUE,"reported","oWQYnA","textfile"
"rs862226",13,76894101,"T","G",0.700831,0.245674,-0.0352174,0.0916645,"outcome",TRUE,"reported","oWQYnA","textfile"
"rs894282",4,173543505,"A","T",0.266851,0.0846922,-0.15934,0.143505,"outcome",TRUE,"reported","oWQYnA","textfile"
"rs931761",3,59542897,"C","G",0.47273,0.704638,0.0623804,0.0868754,"outcome",TRUE,"reported","oWQYnA","textfile"
