"SNP","chr.outcome","pos.outcome","effect_allele.outcome","other_allele.outcome","pval.outcome","eaf.outcome","beta.outcome","se.outcome","outcome","mr_keep.outcome","pval_origin.outcome","id.outcome","data_source.outcome"
"rs10421673",19,57601476,"G","A",0.692108,0.684213,0.0336155,0.0848888,"outcome",TRUE,"reported","DcsGJ7","textfile"
"rs11045388",12,20687787,"C","A",0.566898,0.699425,0.0495854,0.0865929,"outcome",TRUE,"reported","DcsGJ7","textfile"
"rs11623832",14,101502331,"G","C",0.76483,0.405728,0.0241424,0.0807049,"outcome",TRUE,"reported","DcsGJ7","textfile"
"rs11711357",3,112611951,"T","A",0.986124,0.476746,0.00138394,0.0795742,"outcome",TRUE,"reported","DcsGJ7","textfile"
"rs12645107",4,69123281,"A","G",0.635482,0.127327,-0.0562821,0.118732,"outcome",TRUE,"reported","DcsGJ7","textfile"
"rs1293988",1,186297161,"G","A",0.0806343,0.591077,-0.141003,0.0807103,"outcome",TRUE,"reported","DcsGJ7","textfile"
"rs1383432",4,70363945,"G","T",0.10796,0.290585,-0.139946,0.0870618,"outcome",TRUE,"reported","DcsGJ7","textfile"
"rs16868884",5,39439840,"C","T",0.497747,0.0398227,-0.138038,0.203584,"outcome",TRUE,"reported","DcsGJ7","textfile"
"rs4149056",12,21178615,"C","T",0.328039,0.201348,0.0965769,0.0987423,"outcome",TRUE,"reported","DcsGJ7","textfile"
"rs6540767",1,212816766,"A","T",0.634951,0.733214,-0.0423612,0.0892246,"outcome",TRUE,"reported","DcsGJ7","textfile"
"rs6686996",1,56599622,"T","C",0.132523,0.0488601,0.276206,0.18362,"outcome",TRUE,"reported","DcsGJ7","textfile"
"rs6977159",7,24890450,"G","A",0.207135,0.374294,0.10342,0.0819827,"outcome",TRUE,"reported","DcsGJ7","textfile"
"rs7306033",12,20861244,"G","A",0.406556,0.107873,0.105116,0.126651,"outcome",TRUE,"reported","DcsGJ7","textfile"
"rs9881563",3,113695184,"C","T",0.99522,0.407843,-0.000482824,0.0805972,"outcome",TRUE,"reported","DcsGJ7","textfile"
