"SNP","chr.outcome","pos.outcome","effect_allele.outcome","other_allele.outcome","pval.outcome","eaf.outcome","beta.outcome","se.outcome","outcome","mr_keep.outcome","pval_origin.outcome","id.outcome","data_source.outcome"
"rs10859956",12,95811201,"C","T",0.828043,0.355008,-0.0179322,0.0825563,"outcome",TRUE,"reported","xyNTA8","textfile"
"rs11177672",12,69438287,"T","C",0.381582,0.158002,0.0950229,0.108599,"outcome",TRUE,"reported","xyNTA8","textfile"
"rs12479945",20,46745189,"G","T",0.419324,0.121364,-0.0989289,0.122498,"outcome",TRUE,"reported","xyNTA8","textfile"
"rs17483163",8,16015146,"G","A",0.274205,0.331109,-0.0921003,0.0842306,"outcome",TRUE,"reported","xyNTA8","textfile"
"rs17700286",15,36335681,"G","C",0.648966,0.288664,-0.0398781,0.0876057,"outcome",TRUE,"reported","xyNTA8","textfile"
"rs2022010",9,270613,"G","T",0.756373,0.0558595,-0.0536862,0.173043,"outcome",TRUE,"reported","xyNTA8","textfile"
"rs213190",7,52586173,"G","T",0.195402,0.417611,-0.103823,0.080187,"outcome",TRUE,"reported","xyNTA8","textfile"
"rs2714775",15,25191358,"C","T",0.125057,0.0440698,-0.29242,0.19064,"outcome",TRUE,"reported","xyNTA8","textfile"
"rs4447447",16,11389136,"G","A",0.0995474,0.920988,0.240492,0.146014,"outcome",TRUE,"reported","xyNTA8","textfile"
"rs465818",5,128251556,"T","C",0.164209,0.949712,-0.255381,0.183588,"outcome",TRUE,"reported","xyNTA8","textfile"
"rs7539884",1,15729436,"C","T",0.0146937,0.197483,-0.2418,0.0991048,"outcome",TRUE,"reported","xyNTA8","textfile"
"rs7856961",9,1927121,"A","G",0.200628,0.151127,-0.141485,0.110556,"outcome",TRUE,"reported","xyNTA8","textfile"
"rs7961980",12,15969937,"G","C",0.944549,0.371953,0.00572287,0.0822806,"outcome",TRUE,"reported","xyNTA8","textfile"
"rs982503",8,97156586,"C","T",0.142783,0.231517,-0.137082,0.093539,"outcome",TRUE,"reported","xyNTA8","textfile"
