"SNP","chr.outcome","pos.outcome","effect_allele.outcome","other_allele.outcome","pval.outcome","eaf.outcome","beta.outcome","se.outcome","outcome","mr_keep.outcome","pval_origin.outcome","id.outcome","data_source.outcome"
"rs10428305",4,142434089,"C","T",0.358509,0.469211,-0.0730667,0.0795752,"outcome",TRUE,"reported","7KLWXe","textfile"
"rs174548",11,61803876,"G","C",0.221023,0.390481,-0.0989022,0.0808148,"outcome",TRUE,"reported","7KLWXe","textfile"
"rs442288",16,84497701,"C","G",0.801512,0.611756,0.0204069,0.081176,"outcome",TRUE,"reported","7KLWXe","textfile"
"rs4899909",14,86853007,"G","A",0.273028,0.0838166,-0.156266,0.142563,"outcome",TRUE,"reported","7KLWXe","textfile"
"rs6723705",2,211705258,"A","G",0.37954,0.605593,-0.0711729,0.0809937,"outcome",TRUE,"reported","7KLWXe","textfile"
"rs6763260",3,190458739,"T","C",0.130199,0.638199,0.124324,0.0821534,"outcome",TRUE,"reported","7KLWXe","textfile"
"rs7559623",2,84559050,"G","A",0.637556,0.962852,0.100232,0.212753,"outcome",TRUE,"reported","7KLWXe","textfile"
