"SNP","chr.outcome","pos.outcome","effect_allele.outcome","other_allele.outcome","pval.outcome","eaf.outcome","beta.outcome","se.outcome","outcome","mr_keep.outcome","pval_origin.outcome","id.outcome","data_source.outcome"
"rs10075995",5,148913866,"A","G",0.781914,0.608223,0.0223969,0.0809061,"outcome",TRUE,"reported","oIeyAL","textfile"
"rs10224806",7,8297293,"C","T",0.75885,0.0919757,-0.0423862,0.13807,"outcome",TRUE,"reported","oIeyAL","textfile"
"rs1077028",14,100774233,"T","C",0.935402,0.524644,-0.00642107,0.0792236,"outcome",TRUE,"reported","oIeyAL","textfile"
"rs11630571",15,79140650,"A","C",0.362314,0.470777,0.0721297,0.0791796,"outcome",TRUE,"reported","oIeyAL","textfile"
"rs1581762",1,57785388,"G","A",0.330259,0.612477,-0.0794561,0.0816113,"outcome",TRUE,"reported","oIeyAL","textfile"
"rs2433679",2,168817108,"G","A",0.0217811,0.0786773,-0.339386,0.147935,"outcome",TRUE,"reported","oIeyAL","textfile"
"rs2576722",2,55234687,"A","T",0.803009,0.882134,0.0304171,0.121934,"outcome",TRUE,"reported","oIeyAL","textfile"
"rs434943",14,68847342,"A","G",0.438418,0.356972,0.0640153,0.0826144,"outcome",TRUE,"reported","oIeyAL","textfile"
"rs550214",11,128200980,"G","A",0.904124,0.816512,0.012309,0.102189,"outcome",TRUE,"reported","oIeyAL","textfile"
"rs6752286",2,200483676,"G","C",0.253286,0.4918,0.0907888,0.0794718,"outcome",TRUE,"reported","oIeyAL","textfile"
"rs697473",6,165983392,"C","T",0.301726,0.57079,0.0828617,0.080235,"outcome",TRUE,"reported","oIeyAL","textfile"
"rs7095335",10,120734625,"T","A",0.489086,0.364901,0.0568542,0.0821873,"outcome",TRUE,"reported","oIeyAL","textfile"
"rs7446005",5,58201455,"G","T",0.469863,0.361197,0.0595711,0.0824282,"outcome",TRUE,"reported","oIeyAL","textfile"
"rs7531022",1,79899177,"A","G",0.00165181,0.514913,-0.240087,0.0763005,"outcome",TRUE,"reported","oIeyAL","textfile"
"rs9994990",4,136506661,"G","T",0.29028,0.118451,0.131152,0.12402,"outcome",TRUE,"reported","oIeyAL","textfile"
