"SNP","chr.outcome","pos.outcome","effect_allele.outcome","other_allele.outcome","pval.outcome","eaf.outcome","beta.outcome","se.outcome","outcome","mr_keep.outcome","pval_origin.outcome","id.outcome","data_source.outcome"
"rs10023223",4,170247202,"C","T",0.956915,0.114763,0.00666589,0.123383,"outcome",TRUE,"reported","If3E9G","textfile"
"rs11134995",5,176717799,"T","C",0.418548,0.353084,0.067502,0.0834446,"outcome",TRUE,"reported","If3E9G","textfile"
"rs1171660",10,59684050,"G","A",0.695117,0.521585,-0.031172,0.0795367,"outcome",TRUE,"reported","If3E9G","textfile"
"rs13037679",20,8343609,"G","A",0.355575,0.294889,-0.0800169,0.0866143,"outcome",TRUE,"reported","If3E9G","textfile"
"rs16833668",1,151945688,"A","C",0.814189,0.271205,0.0208158,0.088568,"outcome",TRUE,"reported","If3E9G","textfile"
"rs2234185",6,42929336,"C","T",0.0762799,0.401362,0.143663,0.081042,"outcome",TRUE,"reported","If3E9G","textfile"
"rs3741298",11,116786845,"T","C",0.780311,0.768159,0.0261813,0.0938692,"outcome",TRUE,"reported","If3E9G","textfile"
"rs4733166",8,33713978,"C","T",0.23934,0.301103,0.101458,0.086227,"outcome",TRUE,"reported","If3E9G","textfile"
"rs662138",6,160143444,"G","C",0.466913,0.147225,0.0811056,0.111484,"outcome",TRUE,"reported","If3E9G","textfile"
"rs9318132",13,72996935,"T","A",0.525316,0.00327117,0.443306,0.697931,"outcome",TRUE,"reported","If3E9G","textfile"
"rs981831",4,127422104,"T","C",0.501098,0.121177,-0.0817624,0.121532,"outcome",TRUE,"reported","If3E9G","textfile"
