"SNP","chr.outcome","pos.outcome","effect_allele.outcome","other_allele.outcome","pval.outcome","eaf.outcome","beta.outcome","se.outcome","outcome","mr_keep.outcome","pval_origin.outcome","id.outcome","data_source.outcome"
"rs1025573",9,108125058,"T","C",0.781617,0.0869384,0.0388441,0.140124,"outcome",TRUE,"reported","pk2mxu","textfile"
"rs11690780",2,66194571,"C","G",0.394494,0.109253,0.10824,0.127117,"outcome",TRUE,"reported","pk2mxu","textfile"
"rs11736674",4,14851194,"C","A",0.393648,0.0403244,-0.173043,0.20286,"outcome",TRUE,"reported","pk2mxu","textfile"
"rs12000429",9,94823867,"A","G",0.005423,0.0502077,-0.576858,0.207445,"outcome",TRUE,"reported","pk2mxu","textfile"
"rs17057690",6,97331519,"T","C",0.461454,0.0863127,0.104672,0.142129,"outcome",TRUE,"reported","pk2mxu","textfile"
"rs4674860",2,224057097,"T","C",0.756248,0.450512,0.0246432,0.0793888,"outcome",TRUE,"reported","pk2mxu","textfile"
"rs6993325",8,26066513,"T","C",0.927712,0.276852,0.00802378,0.0884423,"outcome",TRUE,"reported","pk2mxu","textfile"
"rs7305915",12,130741858,"A","G",0.582794,0.409941,-0.0441997,0.0804645,"outcome",TRUE,"reported","pk2mxu","textfile"
"rs9897258",17,81415451,"T","C",0.301086,0.712909,-0.0904046,0.0874229,"outcome",TRUE,"reported","pk2mxu","textfile"
"rs9953591",18,72454814,"A","T",0.63953,0.0380253,-0.0971119,0.207346,"outcome",TRUE,"reported","pk2mxu","textfile"
