"SNP","chr.outcome","pos.outcome","effect_allele.outcome","other_allele.outcome","pval.outcome","eaf.outcome","beta.outcome","se.outcome","outcome","mr_keep.outcome","pval_origin.outcome","id.outcome","data_source.outcome"
"rs1192325",2,84731956,"G","A",0.719374,0.0484457,-0.0665277,0.185162,"outcome",TRUE,"reported","de7MWL","textfile"
"rs17150816",8,9933227,"A","C",0.178747,0.0334302,-0.294725,0.219188,"outcome",TRUE,"reported","de7MWL","textfile"
"rs2007084",15,89802104,"A","G",0.673764,0.07171,-0.064772,0.153857,"outcome",TRUE,"reported","de7MWL","textfile"
"rs3133745",8,95522578,"T","C",0.906631,0.124074,0.0143057,0.12197,"outcome",TRUE,"reported","de7MWL","textfile"
"rs4253236",4,186226917,"C","T",0.17889,0.720342,0.11803,0.0878085,"outcome",TRUE,"reported","de7MWL","textfile"
"rs7535263",1,196713216,"A","G",0.663772,0.393342,-0.0350821,0.0807019,"outcome",TRUE,"reported","de7MWL","textfile"
