"SNP","chr.outcome","pos.outcome","effect_allele.outcome","other_allele.outcome","pval.outcome","eaf.outcome","beta.outcome","se.outcome","outcome","mr_keep.outcome","pval_origin.outcome","id.outcome","data_source.outcome"
"rs10511991",9,70869889,"A","T",0.212563,0.331133,0.10516,0.0843613,"outcome",TRUE,"reported","vzj4ZB","textfile"
"rs11636906",15,46701889,"A","C",0.766159,0.0115827,0.112225,0.377351,"outcome",TRUE,"reported","vzj4ZB","textfile"
"rs11852692",15,27058072,"C","T",0.520996,0.0585209,-0.107711,0.167823,"outcome",TRUE,"reported","vzj4ZB","textfile"
"rs12137475",1,43821476,"T","C",0.874029,0.075984,0.0239671,0.151171,"outcome",TRUE,"reported","vzj4ZB","textfile"
"rs13265102",8,106347940,"C","T",0.266326,0.439034,0.0885808,0.0796903,"outcome",TRUE,"reported","vzj4ZB","textfile"
"rs2071427",17,40098239,"T","C",0.23565,0.331402,0.0991748,0.0836261,"outcome",TRUE,"reported","vzj4ZB","textfile"
"rs2324594",13,40317984,"T","C",0.780153,0.266707,0.0251553,0.0901236,"outcome",TRUE,"reported","vzj4ZB","textfile"
"rs2501628",6,91786687,"A","C",0.963985,0.35984,-0.0037239,0.0824724,"outcome",TRUE,"reported","vzj4ZB","textfile"
"rs2732573",11,35130676,"T","C",0.94009,0.234394,-0.00703565,0.0936124,"outcome",TRUE,"reported","vzj4ZB","textfile"
"rs2899743",15,68629185,"T","C",0.0460045,0.000284226,4.80968,2.41044,"outcome",TRUE,"reported","vzj4ZB","textfile"
"rs3737137",20,62322665,"T","C",0.109142,0.203412,-0.157988,0.0986156,"outcome",TRUE,"reported","vzj4ZB","textfile"
"rs4377848",7,39301427,"A","G",0.571362,0.150841,-0.0625061,0.110426,"outcome",TRUE,"reported","vzj4ZB","textfile"
"rs671307",11,78813200,"G","A",0.442705,0.882777,0.0944719,0.123069,"outcome",TRUE,"reported","vzj4ZB","textfile"
"rs6769112",3,15939799,"T","C",0.450235,0.355869,0.0625952,0.0829049,"outcome",TRUE,"reported","vzj4ZB","textfile"
"rs6912503",6,27241863,"G","A",0.333658,0.137369,0.11124,0.115063,"outcome",TRUE,"reported","vzj4ZB","textfile"
"rs7828843",8,11231990,"T","C",0.543352,0.00444263,0.358922,0.590572,"outcome",TRUE,"reported","vzj4ZB","textfile"
