"SNP","chr.outcome","pos.outcome","effect_allele.outcome","other_allele.outcome","pval.outcome","eaf.outcome","beta.outcome","se.outcome","outcome","mr_keep.outcome","pval_origin.outcome","id.outcome","data_source.outcome"
"rs1017275",11,10606164,"C","T",0.631453,0.910542,0.0676104,0.140948,"outcome",TRUE,"reported","ua1dg7","textfile"
"rs10511016",3,71297432,"T","C",0.476077,0.349089,0.0594629,0.0834418,"outcome",TRUE,"reported","ua1dg7","textfile"
"rs1952618",14,34328701,"G","C",0.475894,0.975666,0.182323,0.255741,"outcome",TRUE,"reported","ua1dg7","textfile"
"rs2231142",4,88131171,"T","G",0.0456215,0.0754926,0.299057,0.149613,"outcome",TRUE,"reported","ua1dg7","textfile"
"rs307944",19,53891047,"A","G",0.443339,0.204149,-0.0765666,0.0998824,"outcome",TRUE,"reported","ua1dg7","textfile"
"rs853725",4,148909852,"T","C",0.808884,0.601158,-0.0195425,0.0807987,"outcome",TRUE,"reported","ua1dg7","textfile"
