"SNP","chr.outcome","pos.outcome","effect_allele.outcome","other_allele.outcome","pval.outcome","eaf.outcome","beta.outcome","se.outcome","outcome","mr_keep.outcome","pval_origin.outcome","id.outcome","data_source.outcome"
"rs10428305",4,142434089,"C","T",0.358509,0.469211,-0.0730667,0.0795752,"outcome",TRUE,"reported","VX0kcc","textfile"
"rs11761138",7,104506926,"T","A",0.494165,0.31305,-0.0584592,0.0855044,"outcome",TRUE,"reported","VX0kcc","textfile"
"rs1578963",12,81674860,"C","G",0.266364,0.0628973,0.181329,0.163143,"outcome",TRUE,"reported","VX0kcc","textfile"
"rs498275",9,105029421,"A","G",0.622094,0.306594,-0.0422386,0.0856967,"outcome",TRUE,"reported","VX0kcc","textfile"
"rs6564580",16,78715444,"T","C",0.0489317,0.398858,-0.158763,0.0806237,"outcome",TRUE,"reported","VX0kcc","textfile"
"rs671321",11,83581330,"G","T",0.962708,0.371087,-0.00382827,0.0818783,"outcome",TRUE,"reported","VX0kcc","textfile"
"rs6747014",2,150506275,"C","T",0.425254,0.118381,-0.0972158,0.121925,"outcome",TRUE,"reported","VX0kcc","textfile"
"rs7129619",11,126658602,"G","C",0.577829,0.413546,0.0448663,0.0806136,"outcome",TRUE,"reported","VX0kcc","textfile"
