"SNP","chr.outcome","pos.outcome","effect_allele.outcome","other_allele.outcome","pval.outcome","eaf.outcome","beta.outcome","se.outcome","outcome","mr_keep.outcome","pval_origin.outcome","id.outcome","data_source.outcome"
"rs11206335",1,54330419,"G","A",0.0402773,0.109222,-0.262277,0.127884,"outcome",TRUE,"reported","wpWKdc","textfile"
"rs11620434",13,59715916,"C","A",0.845431,0.0398808,0.0398114,0.204212,"outcome",TRUE,"reported","wpWKdc","textfile"
"rs12359572",10,18686037,"T","G",0.192609,0.255856,0.117869,0.0904666,"outcome",TRUE,"reported","wpWKdc","textfile"
"rs12531203",7,146221191,"T","C",0.527033,0.207726,-0.061875,0.0978196,"outcome",TRUE,"reported","wpWKdc","textfile"
"rs13192201",6,83640945,"T","A",0.902445,0.25772,0.011054,0.0901828,"outcome",TRUE,"reported","wpWKdc","textfile"
"rs1689955",15,100689599,"C","T",0.582224,0.50661,0.0434577,0.078994,"outcome",TRUE,"reported","wpWKdc","textfile"
"rs17203317",7,34954641,"G","T",0.157569,0.0241094,-0.365714,0.258767,"outcome",TRUE,"reported","wpWKdc","textfile"
"rs174550",11,61804006,"C","T",0.135453,0.414455,-0.119359,0.0799489,"outcome",TRUE,"reported","wpWKdc","textfile"
"rs6006250",22,29786353,"T","C",0.607777,0.064134,-0.0829784,0.161672,"outcome",TRUE,"reported","wpWKdc","textfile"
"rs6987121",8,72233159,"G","A",0.686725,0.0836083,-0.0575918,0.1428,"outcome",TRUE,"reported","wpWKdc","textfile"
"rs831471",11,20140385,"A","G",0.450983,0.487101,-0.0594858,0.0789169,"outcome",TRUE,"reported","wpWKdc","textfile"
