"SNP","chr.outcome","pos.outcome","effect_allele.outcome","other_allele.outcome","pval.outcome","eaf.outcome","beta.outcome","se.outcome","outcome","mr_keep.outcome","pval_origin.outcome","id.outcome","data_source.outcome"
"rs10058247",5,66613368,"C","T",0.0489328,0.606097,-0.1603,0.0814045,"outcome",TRUE,"reported","28Jsmf","textfile"
"rs10162454",14,74677915,"C","T",0.405978,0.7541,-0.0769223,0.0925668,"outcome",TRUE,"reported","28Jsmf","textfile"
"rs10412803",19,46374718,"T","C",0.356937,0.224223,0.0873874,0.0948608,"outcome",TRUE,"reported","28Jsmf","textfile"
"rs11485264",1,74731849,"G","A",0.554308,0.213429,0.0571906,0.0967172,"outcome",TRUE,"reported","28Jsmf","textfile"
"rs11949401",5,177338988,"C","T",0.465992,0.322065,-0.0612637,0.084036,"outcome",TRUE,"reported","28Jsmf","textfile"
"rs1424092",16,75776242,"T","G",0.375285,0.44875,0.0708202,0.0798769,"outcome",TRUE,"reported","28Jsmf","textfile"
"rs1480792",8,135193123,"G","A",0.284025,0.719307,0.094461,0.0881724,"outcome",TRUE,"reported","28Jsmf","textfile"
"rs1540603",5,17220166,"A","C",0.405136,0.00550094,-0.446308,0.536117,"outcome",TRUE,"reported","28Jsmf","textfile"
"rs1558688",7,36875580,"C","T",0.847768,0.68509,-0.0162947,0.0848828,"outcome",TRUE,"reported","28Jsmf","textfile"
"rs1566481",4,22312816,"G","A",0.661738,0.288384,0.0382576,0.0874429,"outcome",TRUE,"reported","28Jsmf","textfile"
"rs16844839",2,210716521,"T","C",0.974712,0.298304,-0.00276254,0.0871507,"outcome",TRUE,"reported","28Jsmf","textfile"
"rs174675",22,19946528,"C","T",0.0369675,0.698816,-0.179762,0.0861703,"outcome",TRUE,"reported","28Jsmf","textfile"
"rs1919817",2,36253233,"C","T",0.446924,0.08651,0.106936,0.140603,"outcome",TRUE,"reported","28Jsmf","textfile"
"rs1921984",2,216965941,"C","T",0.56906,0.439152,-0.0455012,0.0799056,"outcome",TRUE,"reported","28Jsmf","textfile"
"rs1981409",11,21404890,"A","T",0.255634,0.61811,-0.0936456,0.0823785,"outcome",TRUE,"reported","28Jsmf","textfile"
"rs2009217",18,71448978,"C","T",0.287154,0.216823,-0.102504,0.0963038,"outcome",TRUE,"reported","28Jsmf","textfile"
"rs2188839",7,97625184,"G","A",0.890972,0.148784,-0.0152792,0.111466,"outcome",TRUE,"reported","28Jsmf","textfile"
"rs2205212",14,79946187,"G","A",0.325274,0.358014,-0.0815493,0.0829026,"outcome",TRUE,"reported","28Jsmf","textfile"
"rs2295465",1,46260385,"C","A",0.546427,0.0986668,-0.0802532,0.133063,"outcome",TRUE,"reported","28Jsmf","textfile"
"rs230966",17,15304618,"A","G",0.437866,0.765214,0.0723877,0.093307,"outcome",TRUE,"reported","28Jsmf","textfile"
"rs2382376",9,12929693,"T","C",0.464032,0.260334,-0.0663459,0.0906087,"outcome",TRUE,"reported","28Jsmf","textfile"
"rs2686184",8,11791850,"G","A",0.0435813,0.625965,0.165304,0.0819107,"outcome",TRUE,"reported","28Jsmf","textfile"
"rs282145",20,571277,"C","T",0.863175,0.349711,-0.0143333,0.0831722,"outcome",TRUE,"reported","28Jsmf","textfile"
"rs2915754",10,116605306,"T","G",0.270241,0.639547,0.0911982,0.0827189,"outcome",TRUE,"reported","28Jsmf","textfile"
"rs350729",2,52756635,"G","T",0.795305,0.64387,-0.0214285,0.082599,"outcome",TRUE,"reported","28Jsmf","textfile"
"rs3856584",3,73757736,"T","C",0.63303,0.363348,0.0393975,0.0825134,"outcome",TRUE,"reported","28Jsmf","textfile"
"rs3887893",16,16111644,"C","T",0.757159,0.391959,-0.0251256,0.0812563,"outcome",TRUE,"reported","28Jsmf","textfile"
"rs4084164",11,62433986,"G","A",0.104812,0.596597,-0.132128,0.0814621,"outcome",TRUE,"reported","28Jsmf","textfile"
"rs4680",22,19963748,"A","G",0.889559,0.547435,-0.0110048,0.0792504,"outcome",TRUE,"reported","28Jsmf","textfile"
"rs4846728",1,221830566,"T","C",0.529208,0.305361,-0.0541177,0.086008,"outcome",TRUE,"reported","28Jsmf","textfile"
"rs4983559",14,104810872,"A","G",0.379659,0.58946,0.0719572,0.0819069,"outcome",TRUE,"reported","28Jsmf","textfile"
"rs5019028",4,93301674,"T","G",0.0786828,0.653865,-0.147445,0.0838529,"outcome",TRUE,"reported","28Jsmf","textfile"
"rs549114",1,94068798,"A","G",0.972664,0.372806,-0.00281755,0.0822213,"outcome",TRUE,"reported","28Jsmf","textfile"
"rs6824211",4,185577859,"A","G",0.563512,0.372339,0.0472694,0.0818328,"outcome",TRUE,"reported","28Jsmf","textfile"
"rs7589568",2,128382315,"T","C",0.0396059,0.909785,-0.285401,0.13869,"outcome",TRUE,"reported","28Jsmf","textfile"
"rs7707010",5,139109188,"G","A",0.866989,0.0413599,0.0334704,0.199842,"outcome",TRUE,"reported","28Jsmf","textfile"
"rs7748892",6,136682140,"G","A",0.717375,0.0271788,0.0887621,0.245219,"outcome",TRUE,"reported","28Jsmf","textfile"
"rs8038921",15,36765705,"A","C",0.218721,0.11946,0.151301,0.123015,"outcome",TRUE,"reported","28Jsmf","textfile"
"rs8180826",7,77465082,"C","G",0.0101861,0.705849,0.22142,0.0861742,"outcome",TRUE,"reported","28Jsmf","textfile"
"rs866142",6,71338547,"G","A",0.667258,0.342645,0.0357394,0.0831316,"outcome",TRUE,"reported","28Jsmf","textfile"
"rs9315310",13,34777294,"C","T",0.507057,0.861752,-0.0764009,0.115161,"outcome",TRUE,"reported","28Jsmf","textfile"
"rs9318225",13,73917128,"C","T",0.960946,0.378977,-0.0039934,0.0815542,"outcome",TRUE,"reported","28Jsmf","textfile"
"rs9371494",6,151082012,"A","G",0.733297,0.607692,-0.0275677,0.0809049,"outcome",TRUE,"reported","28Jsmf","textfile"
"rs9558480",13,88143843,"G","A",0.330386,0.261735,0.087513,0.0899103,"outcome",TRUE,"reported","28Jsmf","textfile"
