"SNP","chr.outcome","pos.outcome","effect_allele.outcome","other_allele.outcome","pval.outcome","eaf.outcome","beta.outcome","se.outcome","outcome","mr_keep.outcome","pval_origin.outcome","id.outcome","data_source.outcome"
"rs10192021",2,208651705,"T","G",0.226759,0.0709219,-0.187999,0.155532,"outcome",TRUE,"reported","kH9IOE","textfile"
"rs11999484",9,25667664,"G","A",0.151688,0.227204,-0.13667,0.0953335,"outcome",TRUE,"reported","kH9IOE","textfile"
"rs12630300",3,6882993,"T","C",0.789456,0.0420571,-0.052378,0.196159,"outcome",TRUE,"reported","kH9IOE","textfile"
"rs7100229",10,66818807,"T","A",0.49003,0.659122,0.0575891,0.083431,"outcome",TRUE,"reported","kH9IOE","textfile"
"rs7838814",8,54492114,"G","T",0.259142,0.0853616,0.161026,0.1427,"outcome",TRUE,"reported","kH9IOE","textfile"
"rs8008553",14,29828885,"A","G",0.956473,0.732368,-0.00487765,0.0893672,"outcome",TRUE,"reported","kH9IOE","textfile"
"rs9635387",15,36636666,"G","A",0.860245,0.552352,-0.0140215,0.0796393,"outcome",TRUE,"reported","kH9IOE","textfile"
