"SNP","chr.outcome","pos.outcome","effect_allele.outcome","other_allele.outcome","pval.outcome","eaf.outcome","beta.outcome","se.outcome","outcome","mr_keep.outcome","pval_origin.outcome","id.outcome","data_source.outcome"
"rs2324913",13,66500743,"T","C",0.39157,0.106532,0.111145,0.129725,"outcome",TRUE,"reported","ho3aRU","textfile"
"rs2731672",5,177415473,"C","T",0.085489,0.740614,-0.156732,0.0911402,"outcome",TRUE,"reported","ho3aRU","textfile"
"rs3793499",9,2131990,"G","C",0.436229,0.192283,0.0777303,0.0998366,"outcome",TRUE,"reported","ho3aRU","textfile"
"rs4253236",4,186226917,"C","T",0.17889,0.720342,0.11803,0.0878085,"outcome",TRUE,"reported","ho3aRU","textfile"
"rs6029632",20,41331702,"A","G",0.582259,0.486755,0.0435899,0.0792418,"outcome",TRUE,"reported","ho3aRU","textfile"
"rs6433823",2,179978660,"T","C",0.788609,0.00673496,0.128297,0.478514,"outcome",TRUE,"reported","ho3aRU","textfile"
"rs6480159",10,66319590,"G","A",0.770808,0.836201,0.0314893,0.108092,"outcome",TRUE,"reported","ho3aRU","textfile"
"rs6496511",15,88619123,"C","G",0.395941,0.856726,0.0957558,0.112801,"outcome",TRUE,"reported","ho3aRU","textfile"
"rs7309973",12,104320446,"T","C",0.738798,0.015783,0.10683,0.320385,"outcome",TRUE,"reported","ho3aRU","textfile"
"rs786272",2,144913325,"A","G",0.419329,0.70155,0.0700952,0.086796,"outcome",TRUE,"reported","ho3aRU","textfile"
