"SNP","chr.outcome","pos.outcome","effect_allele.outcome","other_allele.outcome","pval.outcome","eaf.outcome","beta.outcome","se.outcome","outcome","mr_keep.outcome","pval_origin.outcome","id.outcome","data_source.outcome"
"rs10027220",4,115468878,"T","C",0.849078,0.0136544,0.0664012,0.348938,"outcome",TRUE,"reported","gTlGVu","textfile"
"rs10044695",5,172575861,"G","A",0.033714,0.00684269,1.00863,0.474991,"outcome",TRUE,"reported","gTlGVu","textfile"
"rs10046447",6,39371237,"T","C",0.097636,0.0449786,0.313183,0.189072,"outcome",TRUE,"reported","gTlGVu","textfile"
"rs10060532",5,117183298,"G","C",0.866896,0.010343,0.0662402,0.395223,"outcome",TRUE,"reported","gTlGVu","textfile"
"rs10063245",5,127562177,"G","C",0.927928,0.0431452,-0.0177619,0.196368,"outcome",TRUE,"reported","gTlGVu","textfile"
"rs10085014",5,75403595,"C","T",0.407221,0.0305653,0.191287,0.230802,"outcome",TRUE,"reported","gTlGVu","textfile"
"rs10120414",9,126698844,"C","T",0.831479,0.862148,0.0246629,0.115894,"outcome",TRUE,"reported","gTlGVu","textfile"
"rs10132956",14,72461112,"A","G",0.614185,0.029425,-0.1177,0.233481,"outcome",TRUE,"reported","gTlGVu","textfile"
"rs10157030",1,246020836,"C","T",0.215927,0.322876,-0.104972,0.0848308,"outcome",TRUE,"reported","gTlGVu","textfile"
"rs10220710",14,55960386,"G","T",0.347096,0.00744922,-0.426401,0.453504,"outcome",TRUE,"reported","gTlGVu","textfile"
"rs10229296",7,82222495,"G","A",0.293647,0.1422,-0.118962,0.11328,"outcome",TRUE,"reported","gTlGVu","textfile"
"rs10252504",7,52095442,"T","C",0.112106,0.00469579,0.893683,0.562491,"outcome",TRUE,"reported","gTlGVu","textfile"
"rs10274397",7,98813729,"G","T",0.776,0.0207712,-0.0802919,0.282187,"outcome",TRUE,"reported","gTlGVu","textfile"
"rs10274897",7,45305282,"G","T",0.97785,0.00467124,0.0161392,0.581279,"outcome",TRUE,"reported","gTlGVu","textfile"
"rs10276616",7,17668841,"T","G",0.818346,0.044825,-0.0437238,0.190374,"outcome",TRUE,"reported","gTlGVu","textfile"
"rs1038697",2,18355809,"C","T",0.454947,0.95176,0.137408,0.183899,"outcome",TRUE,"reported","gTlGVu","textfile"
"rs10415374",19,4679742,"A","G",0.0478817,0.0738675,0.296558,0.149897,"outcome",TRUE,"reported","gTlGVu","textfile"
"rs10471169",4,167707172,"T","C",0.822148,0.0409077,0.0449836,0.20012,"outcome",TRUE,"reported","gTlGVu","textfile"
"rs10475669",5,159025048,"T","C",0.899624,0.0272685,-0.0315249,0.249926,"outcome",TRUE,"reported","gTlGVu","textfile"
"rs10486289",7,18686539,"G","A",0.754486,0.0200061,0.0880873,0.281672,"outcome",TRUE,"reported","gTlGVu","textfile"
"rs10488089",7,30223744,"G","C",0.104892,0.00877272,0.685901,0.422982,"outcome",TRUE,"reported","gTlGVu","textfile"
"rs10494913",1,208940923,"A","G",0.885293,0.00920652,-0.0577206,0.400106,"outcome",TRUE,"reported","gTlGVu","textfile"
"rs10495116",1,218954910,"C","A",0.822245,0.0138776,-0.0772021,0.343642,"outcome",TRUE,"reported","gTlGVu","textfile"
"rs10766002",11,12881419,"G","A",0.750013,0.59766,-0.0258971,0.0812786,"outcome",TRUE,"reported","gTlGVu","textfile"
"rs10777950",12,98860602,"T","C",0.560289,0.0266846,0.144892,0.248778,"outcome",TRUE,"reported","gTlGVu","textfile"
"rs10783298",12,48991174,"G","A",0.282286,0.131997,-0.125209,0.116452,"outcome",TRUE,"reported","gTlGVu","textfile"
"rs10805325",4,14275489,"C","G",0.472806,0.364388,-0.0590272,0.0822195,"outcome",TRUE,"reported","gTlGVu","textfile"
"rs10838566",11,46113256,"C","T",0.901153,0.0442107,-0.024217,0.194975,"outcome",TRUE,"reported","gTlGVu","textfile"
"rs10841927",12,22042268,"G","C",0.851246,0.351932,-0.0155179,0.0827495,"outcome",TRUE,"reported","gTlGVu","textfile"
"rs10842538",12,25346408,"C","T",0.449332,0.972482,-0.182322,0.240998,"outcome",TRUE,"reported","gTlGVu","textfile"
"rs10849031",12,4313968,"C","G",0.435127,0.959318,0.156154,0.200083,"outcome",TRUE,"reported","gTlGVu","textfile"
"rs10864476",1,10891118,"G","A",0.632332,0.0858312,0.0681221,0.142382,"outcome",TRUE,"reported","gTlGVu","textfile"
"rs10917221",1,22382643,"C","T",0.811363,0.0797191,0.0349926,0.146617,"outcome",TRUE,"reported","gTlGVu","textfile"
"rs10922741",1,87890062,"C","T",0.0981951,0.0387456,0.339886,0.205534,"outcome",TRUE,"reported","gTlGVu","textfile"
"rs10962496",9,16577697,"A","G",0.553616,0.00868009,-0.259052,0.43733,"outcome",TRUE,"reported","gTlGVu","textfile"
"rs10973779",9,38394721,"A","G",0.429668,0.0382487,0.161704,0.204751,"outcome",TRUE,"reported","gTlGVu","textfile"
"rs10994406",10,60531364,"C","T",0.137199,0.0257696,0.373745,0.25146,"outcome",TRUE,"reported","gTlGVu","textfile"
"rs11004724",10,55067809,"G","T",0.891225,0.0177953,-0.0412415,0.301574,"outcome",TRUE,"reported","gTlGVu","textfile"
"rs11013791",10,23927789,"A","G",0.595552,0.120674,-0.0651382,0.122715,"outcome",TRUE,"reported","gTlGVu","textfile"
"rs11019667",11,91876123,"T","C",0.563612,0.0121354,-0.214441,0.371335,"outcome",TRUE,"reported","gTlGVu","textfile"
"rs11112162",12,104677391,"T","C",0.878924,0.0134554,0.0526203,0.345427,"outcome",TRUE,"reported","gTlGVu","textfile"
"rs11121715",1,11285282,"C","T",0.110005,0.0582361,-0.266239,0.16659,"outcome",TRUE,"reported","gTlGVu","textfile"
"rs11198080",10,117739841,"A","C",0.663518,0.0241326,0.109597,0.251912,"outcome",TRUE,"reported","gTlGVu","textfile"
"rs11202938",10,89030719,"G","A",0.0218806,0.0161375,-0.725843,0.316626,"outcome",TRUE,"reported","gTlGVu","textfile"
"rs11256010",10,8993291,"C","T",0.240338,0.03018,0.273927,0.2333,"outcome",TRUE,"reported","gTlGVu","textfile"
"rs11558687",3,32727697,"T","A",0.206168,0.0388618,-0.264278,0.209052,"outcome",TRUE,"reported","gTlGVu","textfile"
"rs11608731",12,119382573,"G","T",0.746397,0.0931861,0.0438045,0.135452,"outcome",TRUE,"reported","gTlGVu","textfile"
"rs11613732",12,96413704,"T","C",0.409235,0.00665519,0.400749,0.485615,"outcome",TRUE,"reported","gTlGVu","textfile"
"rs11672123",19,11084147,"A","G",0.326993,0.092377,-0.133782,0.136486,"outcome",TRUE,"reported","gTlGVu","textfile"
"rs11698917",20,39768569,"A","T",0.807609,0.0250623,0.0625138,0.256718,"outcome",TRUE,"reported","gTlGVu","textfile"
"rs11753364",6,70181971,"G","A",0.95151,0.00275651,0.0442638,0.727889,"outcome",TRUE,"reported","gTlGVu","textfile"
"rs11770198",7,142643991,"G","A",0.0207038,0.0162103,-0.733585,0.317111,"outcome",TRUE,"reported","gTlGVu","textfile"
"rs11826948",11,100064906,"G","A",0.985207,0.0328663,0.00413381,0.222948,"outcome",TRUE,"reported","gTlGVu","textfile"
"rs11856508",15,80638401,"C","T",0.607598,0.00672236,0.25757,0.501591,"outcome",TRUE,"reported","gTlGVu","textfile"
"rs11876642",18,75298945,"T","C",0.494402,0.00453489,0.40619,0.594433,"outcome",TRUE,"reported","gTlGVu","textfile"
"rs11893311",2,180750699,"A","G",0.634642,0.125995,-0.0567865,0.1195,"outcome",TRUE,"reported","gTlGVu","textfile"
"rs11916772",3,126023467,"C","T",0.887144,0.00233542,-0.120812,0.851275,"outcome",TRUE,"reported","gTlGVu","textfile"
"rs11943366",4,79503874,"A","G",0.945451,0.0374353,0.0140471,0.205306,"outcome",TRUE,"reported","gTlGVu","textfile"
"rs12004211",9,132216191,"A","T",0.290393,0.00150058,-1.04134,0.984944,"outcome",TRUE,"reported","gTlGVu","textfile"
"rs12122792",1,44524013,"A","G",0.735477,0.0341138,-0.0730775,0.216303,"outcome",TRUE,"reported","gTlGVu","textfile"
"rs1219976",2,213271411,"A","G",0.0603684,0.0191534,-0.535704,0.285238,"outcome",TRUE,"reported","gTlGVu","textfile"
"rs12246360",10,70247393,"C","A",0.0572256,0.00820359,0.819759,0.431094,"outcome",TRUE,"reported","gTlGVu","textfile"
"rs12266879",10,23433069,"G","A",0.417398,0.000879109,-1.08298,1.33545,"outcome",TRUE,"reported","gTlGVu","textfile"
"rs12377744",9,4940693,"T","C",0.418679,0.082561,0.117257,0.144992,"outcome",TRUE,"reported","gTlGVu","textfile"
"rs12416036",10,109982470,"C","T",0.178295,0.0186946,-0.383483,0.2849,"outcome",TRUE,"reported","gTlGVu","textfile"
"rs12426085",12,1624880,"A","G",0.0803138,0.0247926,-0.449199,0.256852,"outcome",TRUE,"reported","gTlGVu","textfile"
"rs12583363",13,33678232,"C","T",0.162718,0.0536946,-0.243357,0.174326,"outcome",TRUE,"reported","gTlGVu","textfile"
"rs12642350",4,178564816,"G","A",0.0647858,0.0150823,-0.602403,0.326198,"outcome",TRUE,"reported","gTlGVu","textfile"
"rs12654585",5,174533357,"C","T",0.406945,0.0113515,-0.310548,0.374478,"outcome",TRUE,"reported","gTlGVu","textfile"
"rs12758010",1,194134941,"A","G",0.347207,0.00369575,-0.603657,0.642175,"outcome",TRUE,"reported","gTlGVu","textfile"
"rs12867467",13,111902372,"T","C",0.0510987,0.0251667,0.501484,0.257085,"outcome",TRUE,"reported","gTlGVu","textfile"
"rs12902028",15,48303169,"G","A",0.374296,0.93444,0.141303,0.159043,"outcome",TRUE,"reported","gTlGVu","textfile"
"rs12971134",18,10308095,"T","A",0.526098,0.00398016,-0.392367,0.618901,"outcome",TRUE,"reported","gTlGVu","textfile"
"rs13061003",3,51039988,"C","T",0.378806,0.851656,0.0976422,0.110945,"outcome",TRUE,"reported","gTlGVu","textfile"
"rs13326335",3,155021747,"T","C",0.00510282,0.0842565,-0.434679,0.155216,"outcome",TRUE,"reported","gTlGVu","textfile"
"rs13329052",14,102579989,"C","T",0.402189,0.00562088,-0.446895,0.533467,"outcome",TRUE,"reported","gTlGVu","textfile"
"rs13337056",16,5481367,"A","G",0.362047,0.00738172,0.412128,0.452157,"outcome",TRUE,"reported","gTlGVu","textfile"
"rs13385838",2,95202499,"A","G",0.278458,0.0989917,-0.143123,0.132058,"outcome",TRUE,"reported","gTlGVu","textfile"
"rs13410411",2,176987097,"G","A",0.82896,0.0324617,-0.0493101,0.22825,"outcome",TRUE,"reported","gTlGVu","textfile"
"rs1355540",3,165745041,"G","A",0.915398,0.0146742,-0.0351525,0.330901,"outcome",TRUE,"reported","gTlGVu","textfile"
"rs1358551",4,91324360,"C","T",0.716467,0.0800874,0.0529808,0.145878,"outcome",TRUE,"reported","gTlGVu","textfile"
"rs1360391",13,92212271,"A","C",0.388257,0.00162015,0.829359,0.961259,"outcome",TRUE,"reported","gTlGVu","textfile"
"rs1368009",12,90462864,"G","A",0.022896,0.0142732,0.756662,0.332574,"outcome",TRUE,"reported","gTlGVu","textfile"
"rs1398759",3,125170061,"C","G",0.701662,0.696128,-0.0330014,0.0861481,"outcome",TRUE,"reported","gTlGVu","textfile"
"rs1468284",7,118111465,"C","T",0.816023,0.00765775,-0.111449,0.479015,"outcome",TRUE,"reported","gTlGVu","textfile"
"rs1472170",9,37208963,"G","T",0.797003,0.972838,0.0614574,0.238922,"outcome",TRUE,"reported","gTlGVu","textfile"
"rs1472292",4,84308459,"G","A",0.609778,0.0922394,0.0693292,0.135836,"outcome",TRUE,"reported","gTlGVu","textfile"
"rs1516626",11,83829578,"C","G",0.0114033,0.00349331,1.17792,0.465565,"outcome",TRUE,"reported","gTlGVu","textfile"
"rs1581614",12,19778912,"G","C",0.352297,0.0219412,-0.259629,0.279128,"outcome",TRUE,"reported","gTlGVu","textfile"
"rs1585145",16,55850711,"A","G",0.547913,0.986797,-0.211616,0.352171,"outcome",TRUE,"reported","gTlGVu","textfile"
"rs1676300",14,76522536,"C","T",0.579778,0.985079,0.181078,0.327028,"outcome",TRUE,"reported","gTlGVu","textfile"
"rs16827187",2,147330158,"T","C",0.814809,0.0184067,0.0707951,0.302251,"outcome",TRUE,"reported","gTlGVu","textfile"
"rs16837093",4,5391529,"G","A",0.838554,0.0229656,-0.0538088,0.2641,"outcome",TRUE,"reported","gTlGVu","textfile"
"rs16854290",4,42381998,"G","C",0.0291743,0.0323684,0.484055,0.221929,"outcome",TRUE,"reported","gTlGVu","textfile"
"rs16856275",1,232027488,"C","T",0.262871,0.0350457,-0.242211,0.216331,"outcome",TRUE,"reported","gTlGVu","textfile"
"rs16856874",1,232358378,"A","G",0.542159,0.0932014,-0.084353,0.138386,"outcome",TRUE,"reported","gTlGVu","textfile"
"rs16859878",1,182969857,"T","C",0.531838,0.0163709,0.199163,0.318557,"outcome",TRUE,"reported","gTlGVu","textfile"
"rs16863208",3,151174490,"A","G",0.16039,0.00814829,-0.620259,0.441855,"outcome",TRUE,"reported","gTlGVu","textfile"
"rs16864792",2,6154472,"T","C",0.94521,0.0209969,-0.0191947,0.279305,"outcome",TRUE,"reported","gTlGVu","textfile"
"rs16869484",5,39983022,"G","A",0.111102,0.0728941,0.240492,0.150944,"outcome",TRUE,"reported","gTlGVu","textfile"
"rs16877016",5,79667290,"A","G",0.951958,0.104891,-0.00774989,0.128632,"outcome",TRUE,"reported","gTlGVu","textfile"
"rs16894362",5,65796060,"T","C",0.462889,0.00307913,0.526196,0.716792,"outcome",TRUE,"reported","gTlGVu","textfile"
"rs16926097",9,925271,"G","T",0.227854,0.0164162,-0.392395,0.325394,"outcome",TRUE,"reported","gTlGVu","textfile"
"rs16927166",11,1934874,"C","T",0.549812,0.00467381,0.348915,0.583429,"outcome",TRUE,"reported","gTlGVu","textfile"
"rs16933247",11,7871250,"C","G",0.106943,0.00453628,0.913474,0.566641,"outcome",TRUE,"reported","gTlGVu","textfile"
"rs16936983",10,37582123,"G","A",0.436476,0.00327722,-0.536786,0.689816,"outcome",TRUE,"reported","gTlGVu","textfile"
"rs16943260",13,89716936,"G","A",0.666784,0.00379803,0.282145,0.655289,"outcome",TRUE,"reported","gTlGVu","textfile"
"rs16944662",15,61836058,"A","G",0.645546,0.00780328,0.20693,0.449887,"outcome",TRUE,"reported","gTlGVu","textfile"
"rs16954769",18,52363615,"A","G",0.184222,0.0236228,-0.346464,0.260917,"outcome",TRUE,"reported","gTlGVu","textfile"
"rs16960341",15,47917521,"T","C",0.329703,0.0296835,0.22966,0.235618,"outcome",TRUE,"reported","gTlGVu","textfile"
"rs16978034",15,86854689,"C","G",0.798393,0.0285285,0.0601427,0.235459,"outcome",TRUE,"reported","gTlGVu","textfile"
"rs16992346",22,44481492,"A","G",0.0978431,0.0048712,0.949836,0.57378,"outcome",TRUE,"reported","gTlGVu","textfile"
"rs16997544",22,47767545,"T","C",0.148361,0.00958991,0.579157,0.400705,"outcome",TRUE,"reported","gTlGVu","textfile"
"rs16998847",22,38250894,"A","G",0.772615,0.00418232,0.182991,0.633283,"outcome",TRUE,"reported","gTlGVu","textfile"
"rs17020850",1,104190307,"G","C",0.945518,0.032112,-0.0154507,0.226098,"outcome",TRUE,"reported","gTlGVu","textfile"
"rs17027472",2,41328628,"C","T",0.753916,0.00642128,0.151889,0.484527,"outcome",TRUE,"reported","gTlGVu","textfile"
"rs17050376",4,138411342,"C","G",0.0436325,0.113527,-0.250771,0.124291,"outcome",TRUE,"reported","gTlGVu","textfile"
"rs17061604",6,101262586,"A","G",0.124525,0.00832732,0.66354,0.431977,"outcome",TRUE,"reported","gTlGVu","textfile"
"rs17068330",18,61467240,"G","A",0.579884,0.0521334,0.0983618,0.177692,"outcome",TRUE,"reported","gTlGVu","textfile"
"rs17079498",8,3160822,"C","T",0.483017,0.013725,-0.235377,0.335553,"outcome",TRUE,"reported","gTlGVu","textfile"
"rs17087115",9,84331046,"C","A",0.886399,0.00163024,-0.132727,0.929057,"outcome",TRUE,"reported","gTlGVu","textfile"
"rs17091532",8,19810048,"A","G",0.605828,0.104287,0.0668689,0.129581,"outcome",TRUE,"reported","gTlGVu","textfile"
"rs17093221",14,95674812,"T","C",0.887098,0.0358516,-0.0299704,0.211093,"outcome",TRUE,"reported","gTlGVu","textfile"
"rs17098805",14,99555057,"C","T",0.363985,0.00215807,0.790037,0.87028,"outcome",TRUE,"reported","gTlGVu","textfile"
"rs17100461",14,33255680,"G","T",0.558938,0.0138941,-0.198384,0.339456,"outcome",TRUE,"reported","gTlGVu","textfile"
"rs17106046",14,68621147,"T","C",0.083946,0.0717808,0.266833,0.154396,"outcome",TRUE,"reported","gTlGVu","textfile"
"rs17108927",5,148906754,"C","T",0.688573,0.0150202,0.127851,0.318995,"outcome",TRUE,"reported","gTlGVu","textfile"
"rs17109605",10,98385372,"C","T",0.495324,0.0342683,0.149227,0.218851,"outcome",TRUE,"reported","gTlGVu","textfile"
"rs17126321",12,38738626,"G","T",0.71445,0.0265149,0.0890551,0.243397,"outcome",TRUE,"reported","gTlGVu","textfile"
"rs17140558",5,116795406,"G","A",0.398584,0.0629599,0.138708,0.164316,"outcome",TRUE,"reported","gTlGVu","textfile"
"rs17154872",8,8885260,"G","A",0.813572,0.00341249,0.162626,0.689619,"outcome",TRUE,"reported","gTlGVu","textfile"
"rs17164003",7,91563797,"G","T",0.308818,0.00418473,-0.637201,0.626115,"outcome",TRUE,"reported","gTlGVu","textfile"
"rs17167552",7,96445232,"C","T",0.980514,0.0201595,0.00679121,0.278051,"outcome",TRUE,"reported","gTlGVu","textfile"
"rs17181818",14,41924338,"T","C",0.460763,0.00533012,-0.407888,0.553,"outcome",TRUE,"reported","gTlGVu","textfile"
"rs17209113",15,101080270,"C","G",0.36053,0.0401989,0.188781,0.206464,"outcome",TRUE,"reported","gTlGVu","textfile"
"rs17291576",10,83459940,"A","G",0.937332,0.0288357,0.0184336,0.234453,"outcome",TRUE,"reported","gTlGVu","textfile"
"rs17314070",5,23476923,"C","T",0.96418,0.0452827,-0.00870101,0.193749,"outcome",TRUE,"reported","gTlGVu","textfile"
"rs17346765",1,148982581,"A","G",0.7712,0.00943547,0.130756,0.449635,"outcome",TRUE,"reported","gTlGVu","textfile"
"rs17397601",3,63515210,"A","G",0.736538,0.0177006,-0.10116,0.300676,"outcome",TRUE,"reported","gTlGVu","textfile"
"rs17408309",9,69017349,"G","T",0.723103,0.0184812,-0.103287,0.291511,"outcome",TRUE,"reported","gTlGVu","textfile"
"rs17435401",14,30680077,"G","T",0.112458,0.0522076,0.285159,0.179657,"outcome",TRUE,"reported","gTlGVu","textfile"
"rs17470657",12,18114679,"T","A",0.794023,0.0254411,0.0658894,0.252363,"outcome",TRUE,"reported","gTlGVu","textfile"
"rs17481016",3,15244650,"T","C",0.103338,0.0482286,0.30014,0.184262,"outcome",TRUE,"reported","gTlGVu","textfile"
"rs17650707",6,12173940,"G","T",0.676633,0.0136619,0.142856,0.342529,"outcome",TRUE,"reported","gTlGVu","textfile"
"rs17659760",6,47995242,"A","G",0.0717596,0.0603967,-0.301813,0.167615,"outcome",TRUE,"reported","gTlGVu","textfile"
"rs17693330",15,91191992,"A","C",0.771461,0.0628494,-0.0473759,0.163104,"outcome",TRUE,"reported","gTlGVu","textfile"
"rs17721790",5,100772058,"A","G",0.394167,0.0215311,0.231838,0.272084,"outcome",TRUE,"reported","gTlGVu","textfile"
"rs17810433",8,25935403,"A","G",0.237656,0.0255451,-0.296431,0.251028,"outcome",TRUE,"reported","gTlGVu","textfile"
"rs17829368",2,57918636,"C","T",0.215727,0.011614,-0.466239,0.376616,"outcome",TRUE,"reported","gTlGVu","textfile"
"rs17863803",2,233779681,"G","A",0.427326,0.0266746,0.197075,0.248275,"outcome",TRUE,"reported","gTlGVu","textfile"
"rs1891251",1,205007782,"G","A",0.665995,0.0195577,0.123923,0.287092,"outcome",TRUE,"reported","gTlGVu","textfile"
"rs1929543",9,83543932,"T","C",0.280372,0.900723,0.143485,0.13292,"outcome",TRUE,"reported","gTlGVu","textfile"
"rs2029619",8,141973739,"T","C",0.247658,0.0376861,0.23934,0.207031,"outcome",TRUE,"reported","gTlGVu","textfile"
"rs2047682",18,23467675,"C","T",0.245466,0.0853238,0.164302,0.141465,"outcome",TRUE,"reported","gTlGVu","textfile"
"rs2053450",10,34200275,"G","T",0.327671,0.0215497,-0.27033,0.276181,"outcome",TRUE,"reported","gTlGVu","textfile"
"rs2064496",20,40897959,"A","T",0.430675,0.000927918,-1.06354,1.3496,"outcome",TRUE,"reported","gTlGVu","textfile"
"rs2113097",5,33955147,"C","T",0.194495,0.996972,0.976689,0.752808,"outcome",TRUE,"reported","gTlGVu","textfile"
"rs2145526",14,98484801,"G","A",0.642197,0.0241702,-0.11838,0.254784,"outcome",TRUE,"reported","gTlGVu","textfile"
"rs2173225",5,2726110,"G","C",0.189448,0.0472166,0.242374,0.184706,"outcome",TRUE,"reported","gTlGVu","textfile"
"rs2188978",17,36136015,"A","T",0.116013,0.00992788,-0.661216,0.420694,"outcome",TRUE,"reported","gTlGVu","textfile"
"rs2218123",2,188093484,"T","A",0.288759,0.0716296,0.164995,0.155531,"outcome",TRUE,"reported","gTlGVu","textfile"
"rs2235380",22,43067327,"C","T",0.307445,0.0374129,0.20916,0.204939,"outcome",TRUE,"reported","gTlGVu","textfile"
"rs2236217",1,56965132,"A","C",0.453699,0.197113,-0.0745388,0.0994829,"outcome",TRUE,"reported","gTlGVu","textfile"
"rs2241445",7,6330446,"T","C",0.864217,0.0462999,0.0319098,0.186598,"outcome",TRUE,"reported","gTlGVu","textfile"
"rs2250600",5,14861150,"G","A",0.110121,0.0295405,0.37782,0.236485,"outcome",TRUE,"reported","gTlGVu","textfile"
"rs2284767",1,168294920,"G","A",0.101289,0.0453718,0.314774,0.192095,"outcome",TRUE,"reported","gTlGVu","textfile"
"rs2305000",2,26583935,"C","T",0.447112,0.0319328,0.176915,0.23271,"outcome",TRUE,"reported","gTlGVu","textfile"
"rs231966",6,155409678,"T","C",0.509329,0.0162334,-0.210221,0.318573,"outcome",TRUE,"reported","gTlGVu","textfile"
"rs2410660",8,20732691,"T","C",0.632223,0.223213,-0.045722,0.0955325,"outcome",TRUE,"reported","gTlGVu","textfile"
"rs2429980",17,71664549,"G","A",0.982866,0.0211216,-0.00599464,0.279137,"outcome",TRUE,"reported","gTlGVu","textfile"
"rs2455406",5,18051035,"T","G",0.193405,0.854507,0.151174,0.116237,"outcome",TRUE,"reported","gTlGVu","textfile"
"rs247858",16,84507048,"C","A",0.98044,0.872579,0.00293823,0.119846,"outcome",TRUE,"reported","gTlGVu","textfile"
"rs2513641",11,115566247,"G","A",0.0313314,0.0126561,0.767278,0.356402,"outcome",TRUE,"reported","gTlGVu","textfile"
"rs2647998",16,51538879,"T","C",0.587695,0.00380017,-0.350897,0.647197,"outcome",TRUE,"reported","gTlGVu","textfile"
"rs275362",3,81379799,"G","A",0.649045,0.456552,0.0364488,0.0800916,"outcome",TRUE,"reported","gTlGVu","textfile"
"rs288438",15,97618548,"A","G",0.832439,0.0135578,0.0737334,0.348499,"outcome",TRUE,"reported","gTlGVu","textfile"
"rs2891717",8,123327730,"A","G",0.818025,0.972923,0.0563889,0.245078,"outcome",TRUE,"reported","gTlGVu","textfile"
"rs2974000",5,119866752,"A","G",0.356977,0.937381,0.152163,0.16519,"outcome",TRUE,"reported","gTlGVu","textfile"
"rs3008254",8,277581,"T","C",0.286039,0.0017929,-1.01724,0.953501,"outcome",TRUE,"reported","gTlGVu","textfile"
"rs305550",1,64457964,"T","C",0.49316,0.0701442,-0.10724,0.156489,"outcome",TRUE,"reported","gTlGVu","textfile"
"rs3169950",17,4796257,"A","G",0.586549,0.361239,-0.0450784,0.0828884,"outcome",TRUE,"reported","gTlGVu","textfile"
"rs33469",3,42366574,"G","A",0.582861,0.018337,-0.163886,0.298404,"outcome",TRUE,"reported","gTlGVu","textfile"
"rs35875280",17,33593550,"T","G",0.286381,0.0461891,0.198596,0.186284,"outcome",TRUE,"reported","gTlGVu","textfile"
"rs3751184",12,125012509,"A","G",0.748345,0.0127903,-0.11162,0.347918,"outcome",TRUE,"reported","gTlGVu","textfile"
"rs3781723",11,75184168,"C","T",0.46432,0.0312355,0.168579,0.230377,"outcome",TRUE,"reported","gTlGVu","textfile"
"rs3816015",5,151669262,"T","A",0.363794,0.645137,0.0750653,0.0826565,"outcome",TRUE,"reported","gTlGVu","textfile"
"rs3818305",9,98847548,"A","C",0.601453,0.0263646,0.130487,0.249827,"outcome",TRUE,"reported","gTlGVu","textfile"
"rs3821143",2,37302590,"C","T",0.612672,0.0199403,-0.143739,0.283921,"outcome",TRUE,"reported","gTlGVu","textfile"
"rs3889670",11,132623637,"T","C",0.120662,0.11279,0.19554,0.125992,"outcome",TRUE,"reported","gTlGVu","textfile"
"rs4077730",16,7827052,"C","T",0.825667,0.124607,-0.0263949,0.119834,"outcome",TRUE,"reported","gTlGVu","textfile"
"rs42441",5,96709433,"T","G",0.490406,0.98323,0.212553,0.308199,"outcome",TRUE,"reported","gTlGVu","textfile"
"rs4294438",1,102458936,"A","G",0.74595,0.981128,0.0943188,0.291123,"outcome",TRUE,"reported","gTlGVu","textfile"
"rs4313653",12,66651507,"C","T",0.558641,0.95182,-0.108752,0.185946,"outcome",TRUE,"reported","gTlGVu","textfile"
"rs436268",6,13256990,"T","C",0.391849,0.0749382,0.129838,0.151632,"outcome",TRUE,"reported","gTlGVu","textfile"
"rs4379054",4,27127454,"A","C",0.411824,0.0103714,-0.321553,0.39181,"outcome",TRUE,"reported","gTlGVu","textfile"
"rs4453029",1,156478469,"C","T",0.44926,0.92485,-0.112964,0.149295,"outcome",TRUE,"reported","gTlGVu","textfile"
"rs4505105",12,58076673,"A","C",0.990157,0.0394568,-0.00253418,0.205411,"outcome",TRUE,"reported","gTlGVu","textfile"
"rs4599300",3,115653674,"T","C",0.297495,0.0100034,-0.410995,0.394497,"outcome",TRUE,"reported","gTlGVu","textfile"
"rs4602498",4,101460970,"A","G",0.0968635,0.013204,0.597551,0.359917,"outcome",TRUE,"reported","gTlGVu","textfile"
"rs4602520",4,60494566,"C","T",0.64437,0.0812367,-0.0674992,0.146229,"outcome",TRUE,"reported","gTlGVu","textfile"
"rs4674097",2,216584703,"A","G",0.514334,0.976244,-0.16995,0.260617,"outcome",TRUE,"reported","gTlGVu","textfile"
"rs4678695",3,34603697,"C","A",0.823903,0.945484,-0.039427,0.177178,"outcome",TRUE,"reported","gTlGVu","textfile"
"rs4749376",10,29033082,"A","G",0.711721,0.0184897,-0.112,0.303076,"outcome",TRUE,"reported","gTlGVu","textfile"
"rs4787041",16,7531316,"T","C",0.676591,0.976137,-0.11122,0.266638,"outcome",TRUE,"reported","gTlGVu","textfile"
"rs4805151",19,28314261,"A","G",0.68443,0.0518963,-0.0726156,0.178669,"outcome",TRUE,"reported","gTlGVu","textfile"
"rs4843884",16,85996494,"T","C",0.147676,0.983345,-0.456287,0.315161,"outcome",TRUE,"reported","gTlGVu","textfile"
"rs4961483",9,16356429,"A","G",0.474745,0.0404805,0.142525,0.199397,"outcome",TRUE,"reported","gTlGVu","textfile"
"rs4964992",12,131747167,"C","T",0.214121,0.504332,-0.0987355,0.0794772,"outcome",TRUE,"reported","gTlGVu","textfile"
"rs4982501",14,21760737,"G","T",0.800838,0.78434,0.0242401,0.0960907,"outcome",TRUE,"reported","gTlGVu","textfile"
"rs547344",11,119880666,"G","A",0.0186423,0.872917,-0.279754,0.118912,"outcome",TRUE,"reported","gTlGVu","textfile"
"rs5747033",22,17233805,"G","A",0.326995,0.115967,0.122037,0.124504,"outcome",TRUE,"reported","gTlGVu","textfile"
"rs588113",1,106101197,"G","A",0.555384,0.989139,-0.227738,0.386185,"outcome",TRUE,"reported","gTlGVu","textfile"
"rs6066168",20,47026484,"G","A",0.647652,0.925158,-0.0689013,0.15076,"outcome",TRUE,"reported","gTlGVu","textfile"
"rs6115656",20,345834,"C","T",0.363121,0.0267989,0.231146,0.254165,"outcome",TRUE,"reported","gTlGVu","textfile"
"rs6122991",20,50994864,"A","G",0.067733,0.0124353,-0.655317,0.358728,"outcome",TRUE,"reported","gTlGVu","textfile"
"rs6136119",20,17497136,"A","G",0.968139,0.0246334,0.010225,0.255989,"outcome",TRUE,"reported","gTlGVu","textfile"
"rs6137014",20,20389135,"A","C",0.196369,0.0331793,0.287199,0.222296,"outcome",TRUE,"reported","gTlGVu","textfile"
"rs628495",13,36862130,"G","C",0.752073,0.0140093,-0.107102,0.33903,"outcome",TRUE,"reported","gTlGVu","textfile"
"rs633810",11,125149596,"C","T",0.142724,0.908016,-0.202165,0.137928,"outcome",TRUE,"reported","gTlGVu","textfile"
"rs6436032",2,218118139,"C","T",0.562072,0.418867,-0.0464993,0.0802036,"outcome",TRUE,"reported","gTlGVu","textfile"
"rs6475096",9,16914414,"C","T",0.0817391,0.0310861,-0.400084,0.229843,"outcome",TRUE,"reported","gTlGVu","textfile"
"rs6495823",15,29655156,"T","C",0.363009,0.0462724,0.169821,0.186689,"outcome",TRUE,"reported","gTlGVu","textfile"
"rs6499642",16,53763594,"T","C",0.931457,0.0170843,-0.0255987,0.297619,"outcome",TRUE,"reported","gTlGVu","textfile"
"rs6534458",4,125055497,"C","T",0.784,0.949992,0.0495845,0.180893,"outcome",TRUE,"reported","gTlGVu","textfile"
"rs653513",6,139521462,"T","G",0.100905,0.985084,-0.530523,0.323395,"outcome",TRUE,"reported","gTlGVu","textfile"
"rs654974",16,57347044,"G","A",0.0584925,0.959828,-0.376544,0.19902,"outcome",TRUE,"reported","gTlGVu","textfile"
"rs6561867",13,55795734,"A","G",0.973593,0.103881,-0.00434751,0.131337,"outcome",TRUE,"reported","gTlGVu","textfile"
"rs6664636",1,34500593,"G","A",0.830127,0.0851063,0.0307149,0.143167,"outcome",TRUE,"reported","gTlGVu","textfile"
"rs6677918",1,191839485,"T","C",0.0414333,0.119224,-0.248328,0.121779,"outcome",TRUE,"reported","gTlGVu","textfile"
"rs6685155",1,203668748,"A","G",0.354701,0.998878,1.12506,1.21561,"outcome",TRUE,"reported","gTlGVu","textfile"
"rs6711230",2,73915601,"C","T",0.565745,0.00465142,-0.339968,0.59194,"outcome",TRUE,"reported","gTlGVu","textfile"
"rs6716565",2,27886369,"G","C",0.340873,0.0126324,-0.347958,0.365332,"outcome",TRUE,"reported","gTlGVu","textfile"
"rs6798383",3,2883678,"G","C",0.200378,0.0318392,0.29142,0.227587,"outcome",TRUE,"reported","gTlGVu","textfile"
"rs6813770",4,96885141,"C","T",0.350147,0.00530787,0.517126,0.553488,"outcome",TRUE,"reported","gTlGVu","textfile"
"rs6851302",4,175170762,"G","A",0.794312,0.0288562,0.0626054,0.240128,"outcome",TRUE,"reported","gTlGVu","textfile"
"rs6873660",5,45732082,"G","A",0.476611,0.047803,0.131242,0.18439,"outcome",TRUE,"reported","gTlGVu","textfile"
"rs6903934",6,142226160,"T","C",0.119238,0.00192325,1.40242,0.900151,"outcome",TRUE,"reported","gTlGVu","textfile"
"rs6915443",6,168356431,"T","C",0.324127,0.141876,0.112471,0.114067,"outcome",TRUE,"reported","gTlGVu","textfile"
"rs6952699",7,133231638,"A","C",0.0142577,0.00809802,0.806433,0.329061,"outcome",TRUE,"reported","gTlGVu","textfile"
"rs696686",1,74580718,"C","T",0.581909,0.183948,0.0562198,0.102107,"outcome",TRUE,"reported","gTlGVu","textfile"
"rs6987404",8,41690794,"T","C",0.148338,0.0349199,0.312411,0.216137,"outcome",TRUE,"reported","gTlGVu","textfile"
"rs7015641",8,104816528,"G","A",0.848244,0.988353,-0.0688504,0.359796,"outcome",TRUE,"reported","gTlGVu","textfile"
"rs7030552",9,106395745,"A","G",0.898934,0.0151734,-0.0420585,0.331148,"outcome",TRUE,"reported","gTlGVu","textfile"
"rs7089115",10,7763838,"A","G",0.0533482,0.0179417,0.574228,0.297205,"outcome",TRUE,"reported","gTlGVu","textfile"
"rs7118023",11,61255331,"G","A",0.0955741,0.0132048,-0.584948,0.350963,"outcome",TRUE,"reported","gTlGVu","textfile"
"rs712404",14,36925309,"C","T",0.499853,0.012507,0.234203,0.34711,"outcome",TRUE,"reported","gTlGVu","textfile"
"rs7128387",11,50315507,"G","C",0.149638,0.0355981,-0.310552,0.21554,"outcome",TRUE,"reported","gTlGVu","textfile"
"rs7137664",12,71823590,"G","A",0.669274,0.00790722,-0.193167,0.452229,"outcome",TRUE,"reported","gTlGVu","textfile"
"rs7276997",21,14367778,"A","G",0.60528,0.0494714,-0.0943681,0.182593,"outcome",TRUE,"reported","gTlGVu","textfile"
"rs7282706",21,21170780,"G","A",0.0101815,0.042768,-0.507883,0.19765,"outcome",TRUE,"reported","gTlGVu","textfile"
"rs7295522",12,108935128,"T","C",0.18116,0.0201584,0.373344,0.2792,"outcome",TRUE,"reported","gTlGVu","textfile"
"rs7305247",12,32512515,"A","G",0.734191,0.0309229,0.0784177,0.230941,"outcome",TRUE,"reported","gTlGVu","textfile"
"rs7306127",12,83207698,"A","C",0.640442,0.0124489,-0.163008,0.348993,"outcome",TRUE,"reported","gTlGVu","textfile"
"rs7315726",12,78472192,"G","C",0.276461,0.0709234,-0.166485,0.152977,"outcome",TRUE,"reported","gTlGVu","textfile"
"rs733501",2,31142237,"C","T",0.575753,0.0274077,-0.136841,0.244535,"outcome",TRUE,"reported","gTlGVu","textfile"
"rs734054",2,118126917,"T","C",0.374385,0.0237067,-0.230184,0.259132,"outcome",TRUE,"reported","gTlGVu","textfile"
"rs7529480",1,102023955,"T","C",0.483319,0.0123078,-0.251315,0.358522,"outcome",TRUE,"reported","gTlGVu","textfile"
"rs7565704",2,240605435,"C","A",0.17519,0.0988097,0.180796,0.133359,"outcome",TRUE,"reported","gTlGVu","textfile"
"rs7622961",3,139535722,"A","G",0.0285351,0.0115019,0.830492,0.379247,"outcome",TRUE,"reported","gTlGVu","textfile"
"rs7637257",3,98455572,"T","C",0.541326,0.971791,0.145035,0.237447,"outcome",TRUE,"reported","gTlGVu","textfile"
"rs7643344",3,4722315,"G","A",0.0942627,0.992581,-0.736399,0.440081,"outcome",TRUE,"reported","gTlGVu","textfile"
"rs7675814",4,37682843,"C","A",0.287658,0.0950486,-0.143865,0.135304,"outcome",TRUE,"reported","gTlGVu","textfile"
"rs7701941",5,135453889,"C","G",0.328278,0.0253047,-0.240444,0.245956,"outcome",TRUE,"reported","gTlGVu","textfile"
"rs7722027",5,118845384,"T","C",0.850848,0.288773,-0.0164339,0.0873972,"outcome",TRUE,"reported","gTlGVu","textfile"
"rs7722181",5,38140794,"T","C",0.167486,0.0395685,-0.282207,0.204449,"outcome",TRUE,"reported","gTlGVu","textfile"
"rs7755459",6,97097833,"C","A",0.0832837,0.0270272,-0.426738,0.246393,"outcome",TRUE,"reported","gTlGVu","textfile"
"rs7822943",8,102033857,"G","A",0.310327,0.00847542,-0.445858,0.43947,"outcome",TRUE,"reported","gTlGVu","textfile"
"rs7902334",10,12603942,"A","C",0.949754,0.981807,-0.0186027,0.295207,"outcome",TRUE,"reported","gTlGVu","textfile"
"rs7942841",11,35524813,"G","A",0.197232,0.188686,0.130998,0.10159,"outcome",TRUE,"reported","gTlGVu","textfile"
"rs8002031",13,112631329,"A","G",0.174774,0.0133719,-0.478713,0.352767,"outcome",TRUE,"reported","gTlGVu","textfile"
"rs8082603",17,55728085,"C","G",0.484452,0.0120764,0.248575,0.355534,"outcome",TRUE,"reported","gTlGVu","textfile"
"rs8087408",18,51553242,"C","G",0.521991,0.95435,0.121849,0.190305,"outcome",TRUE,"reported","gTlGVu","textfile"
"rs8099023",18,959151,"G","A",0.589912,0.0399327,-0.109691,0.203522,"outcome",TRUE,"reported","gTlGVu","textfile"
"rs8192827",7,139913767,"G","A",0.168123,0.0106357,0.539439,0.391391,"outcome",TRUE,"reported","gTlGVu","textfile"
"rs860640",7,137630220,"T","C",0.00271025,0.045441,0.487549,0.16258,"outcome",TRUE,"reported","gTlGVu","textfile"
"rs872872",11,18634884,"T","C",0.345767,0.0133615,-0.32359,0.34321,"outcome",TRUE,"reported","gTlGVu","textfile"
"rs890290",15,69630354,"T","C",0.767598,0.00645102,0.142353,0.481708,"outcome",TRUE,"reported","gTlGVu","textfile"
"rs897187",4,181171821,"A","C",0.0925465,0.993795,-0.875152,0.520269,"outcome",TRUE,"reported","gTlGVu","textfile"
"rs922955",14,22628613,"G","A",0.576816,0.140749,-0.0652479,0.116923,"outcome",TRUE,"reported","gTlGVu","textfile"
"rs9347883",6,164634132,"A","T",0.443403,0.0110348,0.300184,0.391651,"outcome",TRUE,"reported","gTlGVu","textfile"
"rs9351099",6,86473793,"T","C",0.664739,0.0351126,-0.0924293,0.213276,"outcome",TRUE,"reported","gTlGVu","textfile"
"rs9365901",6,165651637,"A","G",0.985282,0.0209066,0.00516399,0.279934,"outcome",TRUE,"reported","gTlGVu","textfile"
"rs937589",3,192846126,"T","C",0.358861,0.00525106,0.506248,0.551746,"outcome",TRUE,"reported","gTlGVu","textfile"
"rs9395772",6,52257216,"A","G",0.27227,0.0657497,-0.176364,0.160645,"outcome",TRUE,"reported","gTlGVu","textfile"
"rs9398363",6,97210394,"T","C",0.759443,0.0432888,-0.059643,0.194777,"outcome",TRUE,"reported","gTlGVu","textfile"
"rs9401158",6,119595026,"A","G",0.568914,0.101044,-0.0751756,0.131968,"outcome",TRUE,"reported","gTlGVu","textfile"
"rs9513184",13,96806403,"C","A",0.183319,0.0174401,0.397823,0.298979,"outcome",TRUE,"reported","gTlGVu","textfile"
"rs9532905",13,41644216,"G","C",0.879707,0.0226877,-0.0411251,0.271739,"outcome",TRUE,"reported","gTlGVu","textfile"
"rs9559615",13,109573819,"T","G",0.475855,0.06375,0.117224,0.164414,"outcome",TRUE,"reported","gTlGVu","textfile"
"rs9562411",13,32020972,"G","T",0.332745,0.05769,0.165944,0.171324,"outcome",TRUE,"reported","gTlGVu","textfile"
"rs9574326",13,78922138,"G","A",0.582929,0.0439802,-0.107186,0.195199,"outcome",TRUE,"reported","gTlGVu","textfile"
"rs9574354",13,79096959,"T","C",0.0238726,0.0588382,-0.382736,0.169414,"outcome",TRUE,"reported","gTlGVu","textfile"
"rs9574766",13,81149472,"G","A",0.796515,0.955699,-0.051441,0.199492,"outcome",TRUE,"reported","gTlGVu","textfile"
"rs9603513",13,39160167,"A","C",0.257705,0.0250798,0.294399,0.260108,"outcome",TRUE,"reported","gTlGVu","textfile"
"rs9672326",15,48865409,"G","T",0.462904,0.0651547,-0.117419,0.159955,"outcome",TRUE,"reported","gTlGVu","textfile"
"rs9689446",6,134140305,"C","T",0.179998,0.0203295,-0.384817,0.287014,"outcome",TRUE,"reported","gTlGVu","textfile"
"rs974135",2,60105895,"T","C",0.984621,0.430655,-0.00154623,0.0802142,"outcome",TRUE,"reported","gTlGVu","textfile"
"rs9838311",3,188201116,"G","C",0.47645,0.0402243,0.141886,0.199271,"outcome",TRUE,"reported","gTlGVu","textfile"
"rs9862737",3,22170493,"T","G",0.405924,0.0305341,0.191187,0.230044,"outcome",TRUE,"reported","gTlGVu","textfile"
"rs9865616",3,109142088,"G","A",0.609405,0.0145231,-0.166896,0.326657,"outcome",TRUE,"reported","gTlGVu","textfile"
"rs9896355",17,73256689,"T","C",0.319962,0.916989,0.143249,0.144035,"outcome",TRUE,"reported","gTlGVu","textfile"
"rs9957162",18,62555428,"G","A",0.601366,0.00786678,-0.23164,0.443383,"outcome",TRUE,"reported","gTlGVu","textfile"
"rs9995621",4,153615163,"A","G",0.414885,0.00536529,-0.438483,0.537801,"outcome",TRUE,"reported","gTlGVu","textfile"
"rs9995884",4,162388153,"A","G",0.424972,0.0941669,0.108595,0.136114,"outcome",TRUE,"reported","gTlGVu","textfile"
