"SNP","chr.outcome","pos.outcome","effect_allele.outcome","other_allele.outcome","pval.outcome","eaf.outcome","beta.outcome","se.outcome","outcome","mr_keep.outcome","pval_origin.outcome","id.outcome","data_source.outcome"
"rs1012601",4,104695691,"C","G",0.818801,0.865932,-0.0265412,0.115856,"outcome",TRUE,"reported","HZW88e","textfile"
"rs10765737",11,95422606,"A","G",0.479742,0.623956,0.0579665,0.0820222,"outcome",TRUE,"reported","HZW88e","textfile"
"rs10820552",9,103800035,"A","T",0.341643,0.492778,0.0752084,0.0790898,"outcome",TRUE,"reported","HZW88e","textfile"
"rs10941535",5,41200256,"A","G",0.815898,0.598806,-0.0187446,0.0805098,"outcome",TRUE,"reported","HZW88e","textfile"
"rs163027",5,77486416,"G","A",0.0515822,0.45618,0.154093,0.07916,"outcome",TRUE,"reported","HZW88e","textfile"
"rs1917331",4,57327222,"T","A",0.644014,0.192782,-0.0461633,0.0999,"outcome",TRUE,"reported","HZW88e","textfile"
"rs2298423",8,37976794,"G","T",0.720877,0.10019,0.0467702,0.130904,"outcome",TRUE,"reported","HZW88e","textfile"
"rs4322991",3,188622149,"A","C",0.236039,0.180533,0.122782,0.103618,"outcome",TRUE,"reported","HZW88e","textfile"
"rs439401",19,44911194,"C","T",0.83217,0.713055,0.0185789,0.0876696,"outcome",TRUE,"reported","HZW88e","textfile"
"rs7648714",3,71884891,"G","A",0.77856,0.461197,0.0223425,0.0794548,"outcome",TRUE,"reported","HZW88e","textfile"
"rs7762480",6,147021197,"T","A",0.148017,0.0324079,-0.324693,0.224457,"outcome",TRUE,"reported","HZW88e","textfile"
"rs7819602",8,10869332,"G","C",0.684796,0.53612,0.0321888,0.0792969,"outcome",TRUE,"reported","HZW88e","textfile"
"rs7943834",11,7142353,"G","C",0.701315,0.00408649,-0.237157,0.618328,"outcome",TRUE,"reported","HZW88e","textfile"
"rs9650602",8,20584409,"T","C",0.558729,0.274105,0.0520383,0.0889954,"outcome",TRUE,"reported","HZW88e","textfile"
