"SNP","chr.outcome","pos.outcome","effect_allele.outcome","other_allele.outcome","pval.outcome","eaf.outcome","beta.outcome","se.outcome","outcome","mr_keep.outcome","pval_origin.outcome","id.outcome","data_source.outcome"
"rs10033353",4,23766682,"G","T",0.0220039,0.652536,-0.191989,0.0838271,"outcome",TRUE,"reported","fwccAL","textfile"
"rs1039444",15,63191003,"C","T",0.0807718,0.165302,-0.187919,0.107614,"outcome",TRUE,"reported","fwccAL","textfile"
"rs11563191",2,234075549,"C","G",0.586504,0.127981,-0.064536,0.118652,"outcome",TRUE,"reported","fwccAL","textfile"
"rs12893360",14,41320347,"G","A",0.243123,0.12425,-0.140216,0.120128,"outcome",TRUE,"reported","fwccAL","textfile"
"rs17127410",8,18891610,"G","A",0.369779,0.106676,-0.116,0.129336,"outcome",TRUE,"reported","fwccAL","textfile"
"rs3844297",4,70541227,"C","T",0.209822,0.43277,0.10055,0.0801798,"outcome",TRUE,"reported","fwccAL","textfile"
"rs429020",8,26575753,"G","A",0.180339,0.919992,-0.196053,0.14634,"outcome",TRUE,"reported","fwccAL","textfile"
"rs6948511",7,27939096,"C","T",0.0599653,0.118117,0.229688,0.122106,"outcome",TRUE,"reported","fwccAL","textfile"
"rs7589832",2,135746531,"C","A",0.732378,0.218735,-0.0329133,0.096248,"outcome",TRUE,"reported","fwccAL","textfile"
"rs798007",1,116801933,"C","T",0.989267,0.0933711,-0.00184217,0.136944,"outcome",TRUE,"reported","fwccAL","textfile"
"rs8058442",16,81367537,"C","T",0.875156,0.0344251,0.0340228,0.216551,"outcome",TRUE,"reported","fwccAL","textfile"
"rs8089236",18,43137984,"C","T",0.239632,0.312141,-0.100572,0.0855271,"outcome",TRUE,"reported","fwccAL","textfile"
