"SNP","chr.outcome","pos.outcome","effect_allele.outcome","other_allele.outcome","pval.outcome","eaf.outcome","beta.outcome","se.outcome","outcome","mr_keep.outcome","pval_origin.outcome","id.outcome","data_source.outcome"
"rs10849603",12,954253,"T","A",0.868317,0.830136,-0.0175045,0.105578,"outcome",TRUE,"reported","gehWmJ","textfile"
"rs1188542",14,20181007,"T","C",0.0401893,0.540073,-0.163459,0.0796664,"outcome",TRUE,"reported","gehWmJ","textfile"
"rs12500784",4,152063015,"T","A",0.67393,0.139157,0.0485295,0.115338,"outcome",TRUE,"reported","gehWmJ","textfile"
"rs13212376",6,87070952,"T","G",0.665383,0.0539139,-0.0752581,0.174011,"outcome",TRUE,"reported","gehWmJ","textfile"
"rs1398968",2,176855853,"G","A",0.0930336,0.430221,-0.134515,0.0800871,"outcome",TRUE,"reported","gehWmJ","textfile"
"rs17685204",19,28424069,"C","T",0.84434,0.0677271,-0.0310642,0.158212,"outcome",TRUE,"reported","gehWmJ","textfile"
"rs17751533",3,126966844,"T","C",0.141786,0.0946112,-0.199112,0.135527,"outcome",TRUE,"reported","gehWmJ","textfile"
"rs3779259",7,123708302,"T","G",0.0196594,0.135665,0.269792,0.115652,"outcome",TRUE,"reported","gehWmJ","textfile"
"rs3923630",12,70895395,"G","A",0.0070338,0.64875,-0.211209,0.0783636,"outcome",TRUE,"reported","gehWmJ","textfile"
"rs4363657",12,21215788,"C","T",0.109623,0.297385,0.138502,0.0865698,"outcome",TRUE,"reported","gehWmJ","textfile"
"rs7916009",10,53481780,"G","A",0.83326,0.355656,0.0174033,0.0826672,"outcome",TRUE,"reported","gehWmJ","textfile"
"rs887829",2,233759924,"T","C",0.37135,0.394024,0.0723056,0.0808837,"outcome",TRUE,"reported","gehWmJ","textfile"
"rs894137",11,13108649,"A","G",0.481867,0.268295,0.0629801,0.089549,"outcome",TRUE,"reported","gehWmJ","textfile"
"rs9861865",3,116564680,"C","G",0.834213,0.372229,0.017131,0.0818487,"outcome",TRUE,"reported","gehWmJ","textfile"
