"SNP","chr.outcome","pos.outcome","effect_allele.outcome","other_allele.outcome","pval.outcome","eaf.outcome","beta.outcome","se.outcome","outcome","mr_keep.outcome","pval_origin.outcome","id.outcome","data_source.outcome"
"rs11633642",15,80427813,"A","G",0.607798,0.263785,-0.0460844,0.0897947,"outcome",TRUE,"reported","unEfhz","textfile"
"rs11708412",3,13692125,"A","G",0.917696,0.273683,0.00921347,0.0891603,"outcome",TRUE,"reported","unEfhz","textfile"
"rs12491685",3,175861809,"G","C",0.57168,0.247207,0.0518588,0.0916915,"outcome",TRUE,"reported","unEfhz","textfile"
"rs12565464",1,177022958,"G","A",0.0234229,0.208514,-0.220957,0.0974896,"outcome",TRUE,"reported","unEfhz","textfile"
"rs12572534",10,117692021,"A","G",0.519749,0.0806974,-0.0941511,0.146258,"outcome",TRUE,"reported","unEfhz","textfile"
"rs12916428",15,96958570,"A","G",0.434797,0.190882,0.0782938,0.100247,"outcome",TRUE,"reported","unEfhz","textfile"
"rs2197598",11,18648053,"T","C",0.491343,0.15788,-0.0752981,0.109417,"outcome",TRUE,"reported","unEfhz","textfile"
"rs2408393",11,102547221,"C","T",0.911676,0.147523,0.0123507,0.111343,"outcome",TRUE,"reported","unEfhz","textfile"
"rs2501556",9,137682726,"G","A",0.0889959,0.449533,0.135805,0.0798517,"outcome",TRUE,"reported","unEfhz","textfile"
"rs4245188",11,111426824,"A","G",0.0357223,0.984674,0.678392,0.323033,"outcome",TRUE,"reported","unEfhz","textfile"
"rs4363506",10,127476239,"C","T",0.465456,0.366366,-0.059913,0.0820848,"outcome",TRUE,"reported","unEfhz","textfile"
"rs4798177",18,429054,"A","T",0.390723,0.241184,-0.0796585,0.0928088,"outcome",TRUE,"reported","unEfhz","textfile"
"rs7061710",1,171111474,"C","G",0.737081,0.259769,-0.0302633,0.0901436,"outcome",TRUE,"reported","unEfhz","textfile"
