"SNP","chr.outcome","pos.outcome","effect_allele.outcome","other_allele.outcome","pval.outcome","eaf.outcome","beta.outcome","se.outcome","outcome","mr_keep.outcome","pval_origin.outcome","id.outcome","data_source.outcome"
"rs1153452",3,3270036,"T","C",0.966937,0.831759,-0.00437478,0.105542,"outcome",TRUE,"reported","x1ttJw","textfile"
"rs11687942",2,30809377,"T","G",0.894167,0.614773,-0.010811,0.0812654,"outcome",TRUE,"reported","x1ttJw","textfile"
"rs12339963",9,78130584,"C","G",0.018876,0.0856067,0.333636,0.142096,"outcome",TRUE,"reported","x1ttJw","textfile"
"rs12529004",6,18980521,"G","A",0.759481,0.0202595,-0.0859567,0.280755,"outcome",TRUE,"reported","x1ttJw","textfile"
"rs13374698",1,95554864,"T","C",0.208015,0.0259214,-0.309958,0.246185,"outcome",TRUE,"reported","x1ttJw","textfile"
"rs17054219",13,20597299,"A","C",0.684699,0.397161,-0.0332248,0.0818226,"outcome",TRUE,"reported","x1ttJw","textfile"
"rs17068261",13,32840501,"C","T",0.0732656,0.0664017,-0.290879,0.162395,"outcome",TRUE,"reported","x1ttJw","textfile"
"rs4894432",3,171391357,"G","A",0.323853,0.202076,-0.0969678,0.0982877,"outcome",TRUE,"reported","x1ttJw","textfile"
"rs6507387",18,41013198,"T","C",0.599654,0.405699,0.0421863,0.0803707,"outcome",TRUE,"reported","x1ttJw","textfile"
"rs6718711",2,190128636,"G","A",0.841455,0.457046,0.0159472,0.0797232,"outcome",TRUE,"reported","x1ttJw","textfile"
"rs6878813",5,62168122,"T","C",0.0999217,0.143595,-0.184211,0.111967,"outcome",TRUE,"reported","x1ttJw","textfile"
"rs9892714",17,1784266,"T","C",0.879087,0.0194922,-0.0435638,0.286366,"outcome",TRUE,"reported","x1ttJw","textfile"
