"SNP","chr.outcome","pos.outcome","effect_allele.outcome","other_allele.outcome","pval.outcome","eaf.outcome","beta.outcome","se.outcome","outcome","mr_keep.outcome","pval_origin.outcome","id.outcome","data_source.outcome"
"rs10485517",20,15122954,"A","G",0.48407,0.369973,0.0572093,0.0817543,"outcome",TRUE,"reported","aGHBSm","textfile"
"rs12413610",10,2696000,"C","T",0.116327,0.0429006,-0.317455,0.202152,"outcome",TRUE,"reported","aGHBSm","textfile"
"rs12607750",18,77178796,"G","C",0.988627,0.696045,-0.0012265,0.0860465,"outcome",TRUE,"reported","aGHBSm","textfile"
"rs16839632",1,240198146,"G","A",0.802083,0.0585553,0.0423701,0.169039,"outcome",TRUE,"reported","aGHBSm","textfile"
"rs2377394",17,79276385,"A","T",0.29609,0.153552,0.115123,0.11018,"outcome",TRUE,"reported","aGHBSm","textfile"
"rs2959857",15,76169507,"A","T",0.877637,0.197231,0.015301,0.0993792,"outcome",TRUE,"reported","aGHBSm","textfile"
"rs4126458",14,36343102,"G","A",0.159161,0.496142,0.111315,0.0790646,"outcome",TRUE,"reported","aGHBSm","textfile"
"rs432097",5,106748831,"A","G",0.725107,0.28949,0.0305962,0.0870095,"outcome",TRUE,"reported","aGHBSm","textfile"
"rs6507387",18,41013198,"T","C",0.599654,0.405699,0.0421863,0.0803707,"outcome",TRUE,"reported","aGHBSm","textfile"
"rs6569557",6,128820130,"T","C",0.380747,0.604922,-0.0708886,0.0808749,"outcome",TRUE,"reported","aGHBSm","textfile"
"rs6574474",14,20203857,"G","A",0.167182,0.354802,0.114115,0.0826131,"outcome",TRUE,"reported","aGHBSm","textfile"
"rs8059937",16,7538992,"T","G",0.493017,0.727961,0.0610727,0.0890899,"outcome",TRUE,"reported","aGHBSm","textfile"
"rs9361503",6,79226282,"G","C",0.419723,0.477143,0.0638834,0.0791713,"outcome",TRUE,"reported","aGHBSm","textfile"
"rs954483",7,109582107,"G","A",0.0107528,0.21944,0.225412,0.0883748,"outcome",TRUE,"reported","aGHBSm","textfile"
