"SNP","chr.outcome","pos.outcome","effect_allele.outcome","other_allele.outcome","pval.outcome","eaf.outcome","beta.outcome","se.outcome","outcome","mr_keep.outcome","pval_origin.outcome","id.outcome","data_source.outcome"
"rs10848757",12,2968053,"C","A",0.821788,0.989355,-0.0899021,0.399128,"outcome",TRUE,"reported","0iPJV0","textfile"
"rs11082714",18,48863012,"G","A",0.714294,0.0769968,0.0545423,0.148984,"outcome",TRUE,"reported","0iPJV0","textfile"
"rs11137198",9,137744082,"A","G",0.727433,0.0222543,0.0937736,0.269045,"outcome",TRUE,"reported","0iPJV0","textfile"
"rs11724451",4,89850373,"T","C",0.455204,0.0180022,0.223451,0.299224,"outcome",TRUE,"reported","0iPJV0","textfile"
"rs11778790",8,78082306,"G","T",0.219757,0.00962312,-0.508004,0.413962,"outcome",TRUE,"reported","0iPJV0","textfile"
"rs12426351",12,106242319,"T","G",0.473745,0.0288345,0.171897,0.239946,"outcome",TRUE,"reported","0iPJV0","textfile"
"rs12516510",5,154600083,"A","T",0.619949,0.105846,0.0639178,0.128887,"outcome",TRUE,"reported","0iPJV0","textfile"
"rs12531802",7,93051471,"T","C",0.449,0.02077,0.211257,0.27904,"outcome",TRUE,"reported","0iPJV0","textfile"
"rs12544572",8,18814032,"C","G",0.391847,0.0645748,0.143203,0.167239,"outcome",TRUE,"reported","0iPJV0","textfile"
"rs1263280",5,15204252,"C","T",0.745636,0.993183,0.158646,0.489045,"outcome",TRUE,"reported","0iPJV0","textfile"
"rs12784492",10,14421300,"T","A",0.261671,0.396006,0.0909729,0.0810484,"outcome",TRUE,"reported","0iPJV0","textfile"
"rs12792005",11,1608947,"A","G",0.417621,0.0431716,-0.156617,0.193222,"outcome",TRUE,"reported","0iPJV0","textfile"
"rs12797812",11,74524291,"T","C",0.476856,0.0108496,-0.273895,0.385025,"outcome",TRUE,"reported","0iPJV0","textfile"
"rs12960835",18,47955555,"T","C",0.519625,0.0185141,-0.192592,0.299091,"outcome",TRUE,"reported","0iPJV0","textfile"
"rs13071058",3,32917231,"A","G",0.349631,0.942136,0.16066,0.171773,"outcome",TRUE,"reported","0iPJV0","textfile"
"rs162882",5,132272598,"G","C",0.0495405,0.104823,0.253006,0.128827,"outcome",TRUE,"reported","0iPJV0","textfile"
"rs16892783",6,39970081,"C","G",0.075849,0.00737659,-0.804457,0.45314,"outcome",TRUE,"reported","0iPJV0","textfile"
"rs16964920",13,104568117,"A","G",0.664087,0.0278207,0.103691,0.238767,"outcome",TRUE,"reported","0iPJV0","textfile"
"rs17022000",2,38103895,"A","G",0.909483,0.0209298,0.0313005,0.275313,"outcome",TRUE,"reported","0iPJV0","textfile"
"rs17061716",3,59996610,"G","C",0.506044,0.156825,0.0724053,0.108878,"outcome",TRUE,"reported","0iPJV0","textfile"
"rs17095379",12,45009490,"G","A",0.259304,0.0532327,-0.195971,0.173727,"outcome",TRUE,"reported","0iPJV0","textfile"
"rs1806077",5,9203162,"A","G",0.292267,0.0938169,-0.144781,0.137473,"outcome",TRUE,"reported","0iPJV0","textfile"
"rs1911951",19,30766789,"C","A",0.0682417,0.068552,0.286388,0.157062,"outcome",TRUE,"reported","0iPJV0","textfile"
"rs1923325",10,106704875,"T","C",0.0188421,0.917133,0.332717,0.141664,"outcome",TRUE,"reported","0iPJV0","textfile"
"rs2065161",1,204821789,"T","C",0.649794,0.175975,0.0469558,0.103416,"outcome",TRUE,"reported","0iPJV0","textfile"
"rs265795",3,1323112,"C","G",0.595893,0.0491758,-0.096584,0.182126,"outcome",TRUE,"reported","0iPJV0","textfile"
"rs28409621",8,37452009,"A","G",0.0675118,0.0461375,-0.344975,0.188691,"outcome",TRUE,"reported","0iPJV0","textfile"
"rs3850788",18,4413203,"A","G",0.22063,0.0132274,-0.421704,0.344289,"outcome",TRUE,"reported","0iPJV0","textfile"
"rs4279445",6,97250393,"T","A",0.380996,0.974573,0.219678,0.250756,"outcome",TRUE,"reported","0iPJV0","textfile"
"rs4299028",13,80022053,"A","G",0.876736,0.0076023,0.0708185,0.456573,"outcome",TRUE,"reported","0iPJV0","textfile"
"rs4516988",6,31208825,"G","A",0.799039,0.171744,-0.0266877,0.104826,"outcome",TRUE,"reported","0iPJV0","textfile"
"rs4784988",16,58826064,"T","C",0.169092,0.025167,-0.346904,0.252271,"outcome",TRUE,"reported","0iPJV0","textfile"
"rs500237",9,90047107,"C","T",0.779078,0.994792,0.15154,0.540211,"outcome",TRUE,"reported","0iPJV0","textfile"
"rs575723",6,111991987,"A","G",0.394301,0.0292559,-0.200039,0.234831,"outcome",TRUE,"reported","0iPJV0","textfile"
"rs6014654",20,56256824,"G","A",0.0566409,0.0957133,0.257683,0.13519,"outcome",TRUE,"reported","0iPJV0","textfile"
"rs6085450",20,6257273,"C","T",0.89601,0.951701,0.0244332,0.186935,"outcome",TRUE,"reported","0iPJV0","textfile"
"rs6130478",20,43905015,"G","A",0.0759259,0.0684556,-0.28059,0.158093,"outcome",TRUE,"reported","0iPJV0","textfile"
"rs6664483",1,201147594,"T","G",0.48502,0.94051,0.118632,0.169899,"outcome",TRUE,"reported","0iPJV0","textfile"
"rs690764",16,84540747,"G","A",0.867698,0.935925,0.0272245,0.16343,"outcome",TRUE,"reported","0iPJV0","textfile"
"rs6912629",6,148315997,"C","G",0.479827,0.449207,-0.0562487,0.0796069,"outcome",TRUE,"reported","0iPJV0","textfile"
"rs7071224",10,96559063,"G","C",0.59151,0.116199,-0.0662955,0.123536,"outcome",TRUE,"reported","0iPJV0","textfile"
"rs7082110",10,33872120,"G","A",0.623023,0.197711,0.0486551,0.0989788,"outcome",TRUE,"reported","0iPJV0","textfile"
"rs7120657",11,112718874,"T","G",0.734631,0.0678125,0.0539419,0.159133,"outcome",TRUE,"reported","0iPJV0","textfile"
"rs7193141",16,86900288,"C","G",0.838101,0.0259329,-0.0530886,0.259827,"outcome",TRUE,"reported","0iPJV0","textfile"
"rs7863822",9,117693116,"T","C",0.362571,0.00780787,0.412854,0.453447,"outcome",TRUE,"reported","0iPJV0","textfile"
"rs787878",9,132431375,"C","T",0.675974,0.40237,0.0337887,0.0808413,"outcome",TRUE,"reported","0iPJV0","textfile"
"rs899311",16,7042264,"T","A",0.740908,0.146638,0.0368961,0.111586,"outcome",TRUE,"reported","0iPJV0","textfile"
"rs9921618",16,1851720,"C","T",0.864866,0.132587,0.0197229,0.115892,"outcome",TRUE,"reported","0iPJV0","textfile"
