"SNP","chr.outcome","pos.outcome","effect_allele.outcome","other_allele.outcome","pval.outcome","eaf.outcome","beta.outcome","se.outcome","outcome","mr_keep.outcome","pval_origin.outcome","id.outcome","data_source.outcome"
"rs1461411",15,53692788,"G","C",0.337936,0.631696,0.078725,0.0821549,"outcome",TRUE,"reported","Wvm3ZA","textfile"
"rs2697339",2,150460626,"C","T",0.268167,0.225324,-0.105246,0.0950478,"outcome",TRUE,"reported","Wvm3ZA","textfile"
"rs3780277",9,131033770,"A","G",0.473268,0.0611271,-0.116917,0.163024,"outcome",TRUE,"reported","Wvm3ZA","textfile"
"rs8017593",14,94690484,"C","A",0.760838,0.421313,0.0244166,0.0802172,"outcome",TRUE,"reported","Wvm3ZA","textfile"
