"SNP","chr.outcome","pos.outcome","effect_allele.outcome","other_allele.outcome","pval.outcome","eaf.outcome","beta.outcome","se.outcome","outcome","mr_keep.outcome","pval_origin.outcome","id.outcome","data_source.outcome"
"rs10762231",10,68563357,"A","G",0.413736,0.472913,-0.0649678,0.0794872,"outcome",TRUE,"reported","W938wm","textfile"
"rs10910427",1,234403411,"T","C",0.819247,0.458369,-0.0181604,0.0794718,"outcome",TRUE,"reported","W938wm","textfile"
"rs10932835",2,220154737,"A","G",0.0496901,0.494877,0.156027,0.0794992,"outcome",TRUE,"reported","W938wm","textfile"
"rs11107328",12,94011623,"G","C",0.450537,0.0421769,-0.149138,0.197659,"outcome",TRUE,"reported","W938wm","textfile"
"rs11848784",14,54464892,"A","T",0.54158,0.170812,-0.0638283,0.104564,"outcome",TRUE,"reported","W938wm","textfile"
"rs12211179",6,157055538,"A","G",0.956639,0.171547,-0.00571602,0.105129,"outcome",TRUE,"reported","W938wm","textfile"
"rs12467106",2,79220575,"G","A",0.326608,0.933149,-0.154131,0.157121,"outcome",TRUE,"reported","W938wm","textfile"
"rs1336659",13,102299909,"A","G",0.588311,0.543771,-0.0430884,0.0796038,"outcome",TRUE,"reported","W938wm","textfile"
"rs239430",8,37376955,"A","G",0.809286,0.791471,0.0233603,0.0967914,"outcome",TRUE,"reported","W938wm","textfile"
"rs2448148",8,97614231,"C","T",0.354553,0.331343,0.0775498,0.0837657,"outcome",TRUE,"reported","W938wm","textfile"
"rs2454238",1,244087015,"T","C",0.555989,0.52018,-0.0464996,0.078972,"outcome",TRUE,"reported","W938wm","textfile"
"rs2463492",2,200600995,"G","T",0.101354,0.503561,-0.129513,0.0790524,"outcome",TRUE,"reported","W938wm","textfile"
"rs3886930",4,172162303,"C","T",0.687086,0.330249,0.0338804,0.0841097,"outcome",TRUE,"reported","W938wm","textfile"
"rs4130215",7,48156878,"A","C",0.11249,0.136868,-0.183179,0.115417,"outcome",TRUE,"reported","W938wm","textfile"
"rs4453360",13,81551717,"G","A",0.879374,0.510093,0.0120245,0.0792317,"outcome",TRUE,"reported","W938wm","textfile"
"rs7146383",14,31843091,"T","C",0.803278,0.00718095,0.118731,0.476627,"outcome",TRUE,"reported","W938wm","textfile"
"rs7652500",3,110233623,"A","G",0.243876,0.257642,0.105609,0.0906241,"outcome",TRUE,"reported","W938wm","textfile"
"rs896401",16,8404653,"C","T",0.511758,0.270592,0.0586797,0.0894368,"outcome",TRUE,"reported","W938wm","textfile"
"rs9472173",6,43965519,"T","C",0.771111,0.461161,-0.0234598,0.0806395,"outcome",TRUE,"reported","W938wm","textfile"
