"SNP","chr.outcome","pos.outcome","effect_allele.outcome","other_allele.outcome","pval.outcome","eaf.outcome","beta.outcome","se.outcome","outcome","mr_keep.outcome","pval_origin.outcome","id.outcome","data_source.outcome"
"rs10118949",9,84154227,"T","C",0.963683,0.115366,0.00569656,0.125112,"outcome",TRUE,"reported","sb4woq","textfile"
"rs12927299",16,58600571,"T","A",0.299719,0.257019,-0.0936635,0.0903184,"outcome",TRUE,"reported","sb4woq","textfile"
"rs1457182",8,4791620,"A","G",0.949387,0.997034,0.0443748,0.699067,"outcome",TRUE,"reported","sb4woq","textfile"
"rs17826680",3,181968809,"G","A",0.45441,0.211361,-0.072949,0.0975147,"outcome",TRUE,"reported","sb4woq","textfile"
"rs2163086",7,91305031,"A","G",0.00171708,0.313223,-0.266384,0.0849642,"outcome",TRUE,"reported","sb4woq","textfile"
"rs7595056",2,58599103,"C","T",0.994784,0.215206,0.000630506,0.0964379,"outcome",TRUE,"reported","sb4woq","textfile"
"rs7732078",5,175191050,"G","A",0.818475,0.293389,-0.0199005,0.08671,"outcome",TRUE,"reported","sb4woq","textfile"
"rs7808781",7,52165801,"T","A",0.519454,0.000172042,-6.53355,10.1423,"outcome",TRUE,"reported","sb4woq","textfile"
"rs7916966",10,76792869,"T","A",0.957106,0.0310855,0.0123632,0.229862,"outcome",TRUE,"reported","sb4woq","textfile"
"rs9656510",7,139339623,"A","G",0.597167,0.0321732,-0.119819,0.226723,"outcome",TRUE,"reported","sb4woq","textfile"
