"SNP","chr.outcome","pos.outcome","effect_allele.outcome","other_allele.outcome","pval.outcome","eaf.outcome","beta.outcome","se.outcome","outcome","mr_keep.outcome","pval_origin.outcome","id.outcome","data_source.outcome"
"rs11233729",11,83713051,"T","C",0.564877,0.035232,-0.123558,0.214654,"outcome",TRUE,"reported","R4r15k","textfile"
"rs12464503",2,236204364,"T","C",0.505744,0.172831,-0.0694827,0.10441,"outcome",TRUE,"reported","R4r15k","textfile"
"rs12632457",3,27979061,"C","T",0.173483,0.422245,0.109579,0.0805078,"outcome",TRUE,"reported","R4r15k","textfile"
"rs12659061",5,82313634,"A","G",0.618772,0.155474,-0.0544016,0.10933,"outcome",TRUE,"reported","R4r15k","textfile"
"rs13077305",3,121518061,"T","C",0.543275,0.682304,0.0514512,0.0846422,"outcome",TRUE,"reported","R4r15k","textfile"
"rs2731672",5,177415473,"C","T",0.085489,0.740614,-0.156732,0.0911402,"outcome",TRUE,"reported","R4r15k","textfile"
"rs2926419",4,130496041,"T","C",0.71523,0.19895,-0.0361169,0.0989936,"outcome",TRUE,"reported","R4r15k","textfile"
"rs2937754",5,17255694,"C","T",0.6902,0.197228,-0.0396499,0.0994773,"outcome",TRUE,"reported","R4r15k","textfile"
"rs4253252",4,186236304,"G","T",0.546076,0.574392,-0.0482413,0.0799161,"outcome",TRUE,"reported","R4r15k","textfile"
"rs4540481",9,29990457,"T","C",0.082697,0.362965,0.1427,0.0822364,"outcome",TRUE,"reported","R4r15k","textfile"
"rs4581716",16,7408134,"G","A",0.962503,0.28739,0.00410938,0.0874087,"outcome",TRUE,"reported","R4r15k","textfile"
"rs6534104",4,78994155,"G","C",0.0444734,0.960657,0.406307,0.202183,"outcome",TRUE,"reported","R4r15k","textfile"
"rs6835379",4,14805570,"A","G",0.178033,0.521728,-0.106815,0.0793082,"outcome",TRUE,"reported","R4r15k","textfile"
"rs698078",3,186741438,"G","A",0.37631,0.376354,0.0721593,0.0815622,"outcome",TRUE,"reported","R4r15k","textfile"
"rs929493",10,117259615,"T","C",0.574365,0.798067,-0.0555039,0.0988258,"outcome",TRUE,"reported","R4r15k","textfile"
