"SNP","chr.outcome","pos.outcome","effect_allele.outcome","other_allele.outcome","pval.outcome","eaf.outcome","beta.outcome","se.outcome","outcome","mr_keep.outcome","pval_origin.outcome","id.outcome","data_source.outcome"
"rs11192313",10,82052193,"A","G",0.3158,0.420281,0.0805143,0.0802634,"outcome",TRUE,"reported","UkJ758","textfile"
"rs12566852",1,236133650,"C","T",0.937221,0.282141,-0.00694616,0.0881899,"outcome",TRUE,"reported","UkJ758","textfile"
"rs17556249",15,45827518,"T","C",0.248136,0.0375222,-0.244083,0.211348,"outcome",TRUE,"reported","UkJ758","textfile"
"rs2159190",7,139547085,"G","C",0.726181,0.2388,0.0326642,0.0932702,"outcome",TRUE,"reported","UkJ758","textfile"
"rs2298126",10,16516986,"A","C",0.8924,0.277908,-0.0118944,0.0879322,"outcome",TRUE,"reported","UkJ758","textfile"
"rs2490700",10,6965669,"C","G",0.792956,0.177827,0.0271079,0.103278,"outcome",TRUE,"reported","UkJ758","textfile"
"rs2493950",6,94642318,"T","C",0.043481,0.912218,-0.288018,0.14265,"outcome",TRUE,"reported","UkJ758","textfile"
