"SNP","chr.outcome","pos.outcome","effect_allele.outcome","other_allele.outcome","pval.outcome","eaf.outcome","beta.outcome","se.outcome","outcome","mr_keep.outcome","pval_origin.outcome","id.outcome","data_source.outcome"
"rs10148857",14,32707472,"G","T",0.379507,0.226199,0.0831888,0.0946613,"outcome",TRUE,"reported","EtxQ9b","textfile"
"rs2269606",22,43859948,"C","T",0.413993,0.252109,0.0744711,0.0911644,"outcome",TRUE,"reported","EtxQ9b","textfile"
"rs294095",5,103512101,"A","G",0.999124,0.197975,-0.000108758,0.0990439,"outcome",TRUE,"reported","EtxQ9b","textfile"
"rs3099557",4,22822398,"A","G",0.657472,0.847187,0.0492458,0.111062,"outcome",TRUE,"reported","EtxQ9b","textfile"
"rs3916092",3,19904565,"A","G",0.785413,0.174406,-0.0286136,0.105092,"outcome",TRUE,"reported","EtxQ9b","textfile"
"rs6498426",16,9088720,"T","C",0.504279,0.659346,-0.055478,0.0830792,"outcome",TRUE,"reported","EtxQ9b","textfile"
"rs835136",5,14925948,"A","G",0.0870944,0.209776,0.166719,0.0974441,"outcome",TRUE,"reported","EtxQ9b","textfile"
