"SNP","chr.outcome","pos.outcome","effect_allele.outcome","other_allele.outcome","pval.outcome","eaf.outcome","beta.outcome","se.outcome","outcome","mr_keep.outcome","pval_origin.outcome","id.outcome","data_source.outcome"
"rs10878448",12,66546890,"A","G",0.177855,0.0918232,0.185488,0.137665,"outcome",TRUE,"reported","5U45S5","textfile"
"rs12004211",9,132216191,"A","T",0.290393,0.00150058,-1.04134,0.984944,"outcome",TRUE,"reported","5U45S5","textfile"
"rs12104569",2,167409364,"T","C",0.122583,0.0991037,0.206432,0.133698,"outcome",TRUE,"reported","5U45S5","textfile"
"rs12674822",8,6531695,"G","T",0.112839,0.546167,-0.125842,0.0793675,"outcome",TRUE,"reported","5U45S5","textfile"
"rs1602827",3,149337105,"C","T",0.772554,0.168719,0.0306597,0.106076,"outcome",TRUE,"reported","5U45S5","textfile"
"rs17083735",5,94477014,"C","A",0.649584,0.171143,0.0483483,0.106414,"outcome",TRUE,"reported","5U45S5","textfile"
"rs2392757",2,220795687,"G","A",0.139278,0.68056,0.124776,0.0843943,"outcome",TRUE,"reported","5U45S5","textfile"
"rs2486001",1,44010315,"C","T",0.217648,0.905381,0.166351,0.134937,"outcome",TRUE,"reported","5U45S5","textfile"
"rs2753980",20,3622494,"G","A",0.559502,0.325865,-0.0492181,0.0843382,"outcome",TRUE,"reported","5U45S5","textfile"
"rs2822577",21,14333233,"T","C",0.280788,0.299726,-0.0933465,0.0865481,"outcome",TRUE,"reported","5U45S5","textfile"
"rs2906297",7,148163119,"A","G",0.576472,0.18096,0.057408,0.102781,"outcome",TRUE,"reported","5U45S5","textfile"
"rs2932286",3,87861781,"A","G",0.459104,0.910992,-0.102277,0.138152,"outcome",TRUE,"reported","5U45S5","textfile"
"rs4233480",1,240315765,"G","A",0.171331,0.458542,-0.108509,0.0793231,"outcome",TRUE,"reported","5U45S5","textfile"
"rs4542650",16,12871191,"T","C",0.507893,0.168983,0.0698851,0.105547,"outcome",TRUE,"reported","5U45S5","textfile"
"rs593634",1,40667593,"C","G",0.314188,0.10077,-0.133008,0.132152,"outcome",TRUE,"reported","5U45S5","textfile"
"rs6426944",1,154803936,"G","A",0.615423,0.731803,0.0449005,0.0893814,"outcome",TRUE,"reported","5U45S5","textfile"
"rs6765892",3,74214689,"T","C",0.234425,0.103264,0.155495,0.130774,"outcome",TRUE,"reported","5U45S5","textfile"
"rs6904241",6,112030335,"T","G",0.721358,0.494382,-0.0283485,0.0794868,"outcome",TRUE,"reported","5U45S5","textfile"
"rs7107926",11,127135349,"C","T",0.594158,0.124633,-0.0644894,0.121034,"outcome",TRUE,"reported","5U45S5","textfile"
"rs9293355",5,83852874,"C","G",0.505608,0.466772,-0.0528668,0.0794163,"outcome",TRUE,"reported","5U45S5","textfile"
"rs9298802",9,19896422,"C","T",0.542666,0.00287844,-0.460071,0.755719,"outcome",TRUE,"reported","5U45S5","textfile"
"rs944495",13,27877622,"T","C",0.570745,0.465152,0.0471088,0.0830909,"outcome",TRUE,"reported","5U45S5","textfile"
