"SNP","chr.outcome","pos.outcome","effect_allele.outcome","other_allele.outcome","pval.outcome","eaf.outcome","beta.outcome","se.outcome","outcome","mr_keep.outcome","pval_origin.outcome","id.outcome","data_source.outcome"
"rs10206899",2,73673773,"C","T",0.554891,0.17814,-0.0611242,0.103522,"outcome",TRUE,"reported","cIhmIT","textfile"
"rs10476724",5,97694871,"C","T",0.0154889,0.104462,0.314532,0.129932,"outcome",TRUE,"reported","cIhmIT","textfile"
"rs10920716",1,190424063,"G","A",0.186942,0.214189,-0.127854,0.0968824,"outcome",TRUE,"reported","cIhmIT","textfile"
"rs11073472",15,96263049,"A","G",0.169173,0.150568,0.153273,0.111482,"outcome",TRUE,"reported","cIhmIT","textfile"
"rs11813961",10,53085510,"A","G",0.0687923,0.0927067,0.247965,0.136261,"outcome",TRUE,"reported","cIhmIT","textfile"
"rs12902975",15,44975472,"C","T",0.415529,0.172284,-0.0851119,0.104534,"outcome",TRUE,"reported","cIhmIT","textfile"
"rs17044007",4,163649997,"T","G",0.81155,0.0473474,0.0450427,0.188917,"outcome",TRUE,"reported","cIhmIT","textfile"
"rs17168815",7,136939874,"T","G",0.00361618,0.193794,0.265848,0.0913618,"outcome",TRUE,"reported","cIhmIT","textfile"
"rs17423838",3,111724112,"G","A",0.686346,0.18846,-0.0410257,0.101594,"outcome",TRUE,"reported","cIhmIT","textfile"
"rs17718517",19,6862487,"C","T",0.665874,0.207681,-0.0420766,0.0974408,"outcome",TRUE,"reported","cIhmIT","textfile"
"rs1927544",13,26859111,"C","T",0.856086,0.268166,0.0163893,0.090369,"outcome",TRUE,"reported","cIhmIT","textfile"
"rs1934963",10,94974919,"C","T",0.342263,0.18488,-0.0962964,0.101396,"outcome",TRUE,"reported","cIhmIT","textfile"
"rs2154002",14,43127879,"C","T",0.116311,0.963237,0.32491,0.20689,"outcome",TRUE,"reported","cIhmIT","textfile"
"rs2160166",16,6278021,"C","T",0.250581,0.715536,0.10064,0.0875944,"outcome",TRUE,"reported","cIhmIT","textfile"
"rs4521827",9,71509313,"A","T",0.252297,0.113718,-0.142501,0.124478,"outcome",TRUE,"reported","cIhmIT","textfile"
"rs4900819",14,47900475,"T","C",0.201971,0.84743,0.140266,0.109931,"outcome",TRUE,"reported","cIhmIT","textfile"
"rs6507259",18,38558674,"C","T",0.171938,0.889459,0.171872,0.125821,"outcome",TRUE,"reported","cIhmIT","textfile"
"rs666276",8,2974927,"T","C",0.483133,0.101233,0.0923657,0.131712,"outcome",TRUE,"reported","cIhmIT","textfile"
"rs6969691",7,93105670,"G","A",0.106528,0.0702107,0.251451,0.155794,"outcome",TRUE,"reported","cIhmIT","textfile"
"rs739626",7,24813172,"A","C",0.834822,0.183071,-0.0214461,0.102849,"outcome",TRUE,"reported","cIhmIT","textfile"
"rs7794651",7,109388240,"C","T",0.889782,0.863234,-0.0159441,0.115053,"outcome",TRUE,"reported","cIhmIT","textfile"
"rs7992587",13,99863681,"C","T",0.934704,0.71184,-0.00717367,0.0875614,"outcome",TRUE,"reported","cIhmIT","textfile"
"rs932748",1,63339451,"T","G",0.764411,0.82264,-0.0310859,0.103726,"outcome",TRUE,"reported","cIhmIT","textfile"
"rs9686531",5,10916528,"T","C",0.100145,0.109253,0.209761,0.12758,"outcome",TRUE,"reported","cIhmIT","textfile"
"rs994713",12,32836091,"T","C",0.454699,0.0131426,-0.26329,0.352178,"outcome",TRUE,"reported","cIhmIT","textfile"
