"SNP","chr.outcome","pos.outcome","effect_allele.outcome","other_allele.outcome","pval.outcome","eaf.outcome","beta.outcome","se.outcome","outcome","mr_keep.outcome","pval_origin.outcome","id.outcome","data_source.outcome"
"rs11207154",1,58019775,"C","G",0.152377,0.159885,-0.154558,0.107993,"outcome",TRUE,"reported","UhkSoO","textfile"
"rs12640474",4,19953447,"T","C",0.135174,0.318565,-0.127414,0.0852835,"outcome",TRUE,"reported","UhkSoO","textfile"
"rs12787375",11,121184482,"T","G",0.865915,0.0182019,-0.0503226,0.298033,"outcome",TRUE,"reported","UhkSoO","textfile"
"rs13025486",2,143254930,"G","A",0.543193,0.0212543,-0.170127,0.279818,"outcome",TRUE,"reported","UhkSoO","textfile"
"rs17022724",12,94558940,"T","G",0.0815737,0.0897727,0.242024,0.138964,"outcome",TRUE,"reported","UhkSoO","textfile"
"rs17093348",14,60207772,"A","G",0.177279,0.0163687,-0.425744,0.315558,"outcome",TRUE,"reported","UhkSoO","textfile"
"rs2139212",4,165532753,"C","T",0.79916,0.376957,-0.0207437,0.0815285,"outcome",TRUE,"reported","UhkSoO","textfile"
"rs2667615",16,78526201,"G","C",0.488432,0.927912,0.10623,0.153333,"outcome",TRUE,"reported","UhkSoO","textfile"
"rs2964195",5,58244816,"G","C",0.207693,0.90495,-0.170206,0.135091,"outcome",TRUE,"reported","UhkSoO","textfile"
"rs7325308",13,45940527,"T","C",0.0184387,0.422842,-0.189222,0.0802917,"outcome",TRUE,"reported","UhkSoO","textfile"
