"SNP","chr.outcome","pos.outcome","effect_allele.outcome","other_allele.outcome","pval.outcome","eaf.outcome","beta.outcome","se.outcome","outcome","mr_keep.outcome","pval_origin.outcome","id.outcome","data_source.outcome"
"rs10952210",7,10432648,"T","C",0.689698,0.144033,0.045177,0.113151,"outcome",TRUE,"reported","yNbHDK","textfile"
"rs11133063",4,174934002,"G","T",0.133176,0.417066,-0.120656,0.0803469,"outcome",TRUE,"reported","yNbHDK","textfile"
"rs1327266",6,51307031,"C","T",0.934885,0.0549592,-0.0141783,0.173541,"outcome",TRUE,"reported","yNbHDK","textfile"
"rs16944339",16,80972770,"A","T",0.569253,0.245997,0.0525516,0.0923331,"outcome",TRUE,"reported","yNbHDK","textfile"
"rs16984993",21,29793000,"T","C",0.200693,0.029038,0.296385,0.231627,"outcome",TRUE,"reported","yNbHDK","textfile"
"rs17418798",6,15834522,"C","T",0.438866,0.0338864,-0.170086,0.219719,"outcome",TRUE,"reported","yNbHDK","textfile"
"rs17552447",5,73705554,"C","T",0.0135925,0.0197266,0.564759,0.228846,"outcome",TRUE,"reported","yNbHDK","textfile"
"rs2736780",3,60081265,"C","T",0.540021,0.343005,-0.0510919,0.0833771,"outcome",TRUE,"reported","yNbHDK","textfile"
"rs4807944",19,1642782,"T","C",0.52094,0.114018,-0.0800252,0.12467,"outcome",TRUE,"reported","yNbHDK","textfile"
"rs7151750",14,21926334,"C","G",0.550293,0.567303,0.0477705,0.0799747,"outcome",TRUE,"reported","yNbHDK","textfile"
"rs7953025",12,12404573,"A","G",0.478724,0.532643,0.0563046,0.0794863,"outcome",TRUE,"reported","yNbHDK","textfile"
"rs822531",7,148932667,"T","C",0.0422455,0.824043,0.215505,0.106103,"outcome",TRUE,"reported","yNbHDK","textfile"
"rs9521845",13,110568495,"A","G",0.17185,0.342054,0.114166,0.0835597,"outcome",TRUE,"reported","yNbHDK","textfile"
