"SNP","chr.outcome","pos.outcome","effect_allele.outcome","other_allele.outcome","pval.outcome","eaf.outcome","beta.outcome","se.outcome","outcome","mr_keep.outcome","pval_origin.outcome","id.outcome","data_source.outcome"
"rs10233803",7,29496948,"T","C",0.428212,0.622751,0.0648397,0.081842,"outcome",TRUE,"reported","uqi2l1","textfile"
"rs11202064",10,86539974,"G","A",0.137124,0.0982425,-0.197386,0.132778,"outcome",TRUE,"reported","uqi2l1","textfile"
"rs11954991",5,173449585,"A","T",0.229799,0.0023641,0.990527,0.824836,"outcome",TRUE,"reported","uqi2l1","textfile"
"rs12463674",2,178567458,"G","A",0.277565,0.37315,0.0891336,0.0820897,"outcome",TRUE,"reported","uqi2l1","textfile"
"rs13254318",8,51473046,"C","T",0.982552,0.629117,-0.00179921,0.0822682,"outcome",TRUE,"reported","uqi2l1","textfile"
"rs169660",16,22829383,"A","G",0.846587,0.399346,-0.0156203,0.0807355,"outcome",TRUE,"reported","uqi2l1","textfile"
"rs174535",11,61783884,"C","T",0.128311,0.416281,-0.121594,0.0799542,"outcome",TRUE,"reported","uqi2l1","textfile"
"rs1845546",4,69449280,"T","C",0.857938,0.304045,-0.0154462,0.0862913,"outcome",TRUE,"reported","uqi2l1","textfile"
"rs203846",1,167879572,"C","T",0.230262,0.346378,0.0998684,0.0832455,"outcome",TRUE,"reported","uqi2l1","textfile"
"rs227769",2,71631435,"T","C",0.848971,0.536402,0.0150307,0.0789296,"outcome",TRUE,"reported","uqi2l1","textfile"
"rs3738544",1,236751276,"T","C",0.125357,0.772035,-0.14484,0.0945013,"outcome",TRUE,"reported","uqi2l1","textfile"
"rs418874",3,83296773,"A","G",0.527774,0.660607,-0.0526875,0.0834444,"outcome",TRUE,"reported","uqi2l1","textfile"
"rs4392177",19,1684138,"A","G",0.817579,0.541793,0.0183649,0.0796192,"outcome",TRUE,"reported","uqi2l1","textfile"
"rs540613",11,61913398,"C","T",0.179743,0.781446,0.12905,0.0961947,"outcome",TRUE,"reported","uqi2l1","textfile"
"rs6517062",21,31871110,"A","G",0.677083,0.349626,-0.0346046,0.0830947,"outcome",TRUE,"reported","uqi2l1","textfile"
"rs6784447",3,105781374,"A","G",0.247751,0.31864,0.098233,0.0849892,"outcome",TRUE,"reported","uqi2l1","textfile"
"rs706041",7,16695961,"C","T",0.532192,0.612884,-0.0516576,0.0826968,"outcome",TRUE,"reported","uqi2l1","textfile"
"rs748196",17,17519454,"G","T",0.119273,0.486893,0.123126,0.0790365,"outcome",TRUE,"reported","uqi2l1","textfile"
"rs8127620",21,17360316,"C","G",0.544158,0.184673,-0.0624523,0.102965,"outcome",TRUE,"reported","uqi2l1","textfile"
"rs823554",2,2464593,"T","A",0.130615,0.107908,0.19337,0.127917,"outcome",TRUE,"reported","uqi2l1","textfile"
"rs9462177",6,36345130,"G","A",0.382566,0.392814,-0.0709587,0.0812648,"outcome",TRUE,"reported","uqi2l1","textfile"
