"SNP","chr.outcome","pos.outcome","effect_allele.outcome","other_allele.outcome","pval.outcome","eaf.outcome","beta.outcome","se.outcome","outcome","mr_keep.outcome","pval_origin.outcome","id.outcome","data_source.outcome"
"rs10255688",7,11111729,"T","C",0.163873,0.40573,0.112207,0.0805993,"outcome",TRUE,"reported","JTwBVz","textfile"
"rs12164231",8,129451761,"T","G",0.705435,0.100804,0.0500288,0.132353,"outcome",TRUE,"reported","JTwBVz","textfile"
"rs13140287",4,175790040,"A","G",0.423994,0.509861,0.0633758,0.0792683,"outcome",TRUE,"reported","JTwBVz","textfile"
"rs1567351",11,26614993,"T","A",0.889222,0.468739,0.011056,0.0793747,"outcome",TRUE,"reported","JTwBVz","textfile"
"rs1572948",13,99589274,"G","A",0.336192,0.644543,0.0798121,0.0829893,"outcome",TRUE,"reported","JTwBVz","textfile"
"rs16923647",12,21298461,"T","C",0.989958,0.17192,0.00133227,0.105848,"outcome",TRUE,"reported","JTwBVz","textfile"
"rs2657880",12,56469986,"C","G",0.373807,0.181904,-0.0909931,0.102313,"outcome",TRUE,"reported","JTwBVz","textfile"
"rs3811273",14,22247274,"G","A",0.0622687,0.14385,-0.209927,0.112599,"outcome",TRUE,"reported","JTwBVz","textfile"
"rs4240475",9,122628013,"A","C",0.305634,0.0975835,-0.135912,0.132671,"outcome",TRUE,"reported","JTwBVz","textfile"
"rs569688",8,60049262,"T","G",0.190262,0.33281,0.111533,0.0851524,"outcome",TRUE,"reported","JTwBVz","textfile"
"rs575528",1,81097564,"G","A",0.778553,0.519528,0.0222902,0.0792665,"outcome",TRUE,"reported","JTwBVz","textfile"
"rs603424",10,100315722,"A","G",0.499249,0.116341,-0.0833873,0.123414,"outcome",TRUE,"reported","JTwBVz","textfile"
"rs7301800",12,106087258,"A","G",0.792593,0.194383,-0.0262021,0.0996487,"outcome",TRUE,"reported","JTwBVz","textfile"
"rs7603154",2,106318596,"A","G",0.539682,0.499637,0.0485999,0.0792441,"outcome",TRUE,"reported","JTwBVz","textfile"
"rs9315938",13,42719211,"T","C",0.458885,0.0305753,-0.168082,0.226928,"outcome",TRUE,"reported","JTwBVz","textfile"
