"SNP","chr.outcome","pos.outcome","effect_allele.outcome","other_allele.outcome","pval.outcome","eaf.outcome","beta.outcome","se.outcome","outcome","mr_keep.outcome","pval_origin.outcome","id.outcome","data_source.outcome"
"rs10006433",4,4324736,"T","C",0.276582,0.271929,0.0965436,0.0887325,"outcome",TRUE,"reported","Sq4B63","textfile"
"rs12653732",5,149606681,"C","G",0.921458,0.28822,-0.00857772,0.0869971,"outcome",TRUE,"reported","Sq4B63","textfile"
"rs1442060",4,46364050,"A","G",0.144256,0.459177,0.116874,0.0800442,"outcome",TRUE,"reported","Sq4B63","textfile"
"rs17137638",5,101612474,"A","G",0.789036,0.0464497,-0.0510353,0.190742,"outcome",TRUE,"reported","Sq4B63","textfile"
"rs17330336",4,140489111,"A","G",0.58384,0.000157139,-3.12658,5.7077,"outcome",TRUE,"reported","Sq4B63","textfile"
"rs1865099",19,29021666,"A","G",0.289332,0.578856,0.0847723,0.0800049,"outcome",TRUE,"reported","Sq4B63","textfile"
"rs2108622",19,15879621,"T","C",0.112557,0.197086,0.158073,0.0996173,"outcome",TRUE,"reported","Sq4B63","textfile"
"rs2711484",7,68745924,"A","G",0.825047,0.282351,-0.0194577,0.0880207,"outcome",TRUE,"reported","Sq4B63","textfile"
"rs277311",5,155114230,"T","C",0.199139,0.161635,-0.137926,0.107419,"outcome",TRUE,"reported","Sq4B63","textfile"
"rs2816826",10,50984202,"T","C",0.0661881,0.287794,0.160698,0.0874713,"outcome",TRUE,"reported","Sq4B63","textfile"
"rs4149081",12,21225087,"A","G",0.108864,0.297367,0.138804,0.0865728,"outcome",TRUE,"reported","Sq4B63","textfile"
"rs6904836",6,107081915,"T","C",0.411252,0.132622,-0.0971554,0.118238,"outcome",TRUE,"reported","Sq4B63","textfile"
"rs6921033",6,10183890,"G","A",0.330696,0.998416,1.06046,1.09021,"outcome",TRUE,"reported","Sq4B63","textfile"
"rs8796",8,97851874,"T","G",0.592453,0.120588,0.0653445,0.122075,"outcome",TRUE,"reported","Sq4B63","textfile"
"rs9615728",22,48001874,"A","G",0.01339,0.0689762,-0.385428,0.15584,"outcome",TRUE,"reported","Sq4B63","textfile"
"rs980833",10,77092273,"C","T",0.123249,0.0456089,0.294417,0.191021,"outcome",TRUE,"reported","Sq4B63","textfile"
