"SNP","chr.outcome","pos.outcome","effect_allele.outcome","other_allele.outcome","pval.outcome","eaf.outcome","beta.outcome","se.outcome","outcome","mr_keep.outcome","pval_origin.outcome","id.outcome","data_source.outcome"
"rs10779088",12,84333061,"C","T",0.0173696,0.900336,0.315754,0.132737,"outcome",TRUE,"reported","TVoAHQ","textfile"
"rs10805908",5,71887529,"T","A",0.423607,0.084919,0.112922,0.141121,"outcome",TRUE,"reported","TVoAHQ","textfile"
"rs11737198",4,103980647,"C","T",0.966573,0.0207727,-0.0117392,0.280124,"outcome",TRUE,"reported","TVoAHQ","textfile"
"rs11783678",8,130534522,"G","C",0.651829,0.204544,-0.044622,0.0988913,"outcome",TRUE,"reported","TVoAHQ","textfile"
"rs11815032",10,67539434,"T","C",0.536118,0.0580333,-0.103266,0.166909,"outcome",TRUE,"reported","TVoAHQ","textfile"
"rs11885171",2,139233720,"C","T",0.31335,0.0130284,-0.341101,0.338321,"outcome",TRUE,"reported","TVoAHQ","textfile"
"rs12052015",18,63002204,"G","C",0.701791,0.3296,0.03237,0.0845386,"outcome",TRUE,"reported","TVoAHQ","textfile"
"rs155146",2,181467623,"C","T",0.794529,0.00560008,0.139603,0.536042,"outcome",TRUE,"reported","TVoAHQ","textfile"
"rs17122180",12,59160259,"C","T",0.713585,0.037857,-0.075321,0.205209,"outcome",TRUE,"reported","TVoAHQ","textfile"
"rs1866724",8,2190038,"C","T",0.594916,0.246932,-0.048838,0.0918481,"outcome",TRUE,"reported","TVoAHQ","textfile"
"rs2630821",3,3271553,"G","C",0.789434,0.148646,-0.0298154,0.11165,"outcome",TRUE,"reported","TVoAHQ","textfile"
"rs7693835",4,177369610,"G","A",0.0129274,0.0739644,0.330853,0.133099,"outcome",TRUE,"reported","TVoAHQ","textfile"
"rs885479",16,89919746,"A","G",0.373526,0.204558,-0.0888957,0.0998955,"outcome",TRUE,"reported","TVoAHQ","textfile"
"rs9293355",5,83852874,"C","G",0.505608,0.466772,-0.0528668,0.0794163,"outcome",TRUE,"reported","TVoAHQ","textfile"
"rs992907",2,3097111,"C","T",0.181411,0.553749,0.10674,0.0798696,"outcome",TRUE,"reported","TVoAHQ","textfile"
