"SNP","chr.outcome","pos.outcome","effect_allele.outcome","other_allele.outcome","pval.outcome","eaf.outcome","beta.outcome","se.outcome","outcome","mr_keep.outcome","pval_origin.outcome","id.outcome","data_source.outcome"
"rs11211406",1,46948114,"A","C",0.894104,0.768297,0.0125049,0.0939412,"outcome",TRUE,"reported","O5x34M","textfile"
"rs12629322",3,33950362,"C","T",0.218065,0.223776,0.116342,0.0944572,"outcome",TRUE,"reported","O5x34M","textfile"
"rs12826576",12,20907150,"A","G",0.525566,0.100692,0.0831893,0.13105,"outcome",TRUE,"reported","O5x34M","textfile"
"rs13432322",2,18445796,"T","C",0.498768,0.0443208,0.129424,0.191334,"outcome",TRUE,"reported","O5x34M","textfile"
"rs17207792",16,85535732,"T","C",0.945302,0.329924,-0.00581074,0.0846951,"outcome",TRUE,"reported","O5x34M","textfile"
"rs17479238",1,107648809,"C","G",0.755393,0.0387222,0.0648695,0.208225,"outcome",TRUE,"reported","O5x34M","textfile"
"rs1994459",15,92376060,"G","A",0.733024,0.0583505,-0.0571951,0.167675,"outcome",TRUE,"reported","O5x34M","textfile"
"rs2016979",16,88740684,"C","T",0.0995772,0.235911,-0.153842,0.0934131,"outcome",TRUE,"reported","O5x34M","textfile"
"rs2526978",7,105999714,"T","C",0.384249,0.331238,-0.0733862,0.0843429,"outcome",TRUE,"reported","O5x34M","textfile"
"rs2561284",3,159983031,"T","G",0.551225,0.148976,-0.0661944,0.111078,"outcome",TRUE,"reported","O5x34M","textfile"
"rs3093198",19,15879238,"G","A",0.175487,0.668358,0.114052,0.0841845,"outcome",TRUE,"reported","O5x34M","textfile"
"rs4149056",12,21178615,"C","T",0.328039,0.201348,0.0965769,0.0987423,"outcome",TRUE,"reported","O5x34M","textfile"
"rs4676262",2,106551554,"T","C",0.839915,0.480509,-0.0159477,0.0789481,"outcome",TRUE,"reported","O5x34M","textfile"
"rs4767064",12,113168584,"A","G",0.560631,0.213554,-0.0562366,0.0966423,"outcome",TRUE,"reported","O5x34M","textfile"
"rs4775058",15,58485079,"A","G",0.179849,0.0162912,-0.420227,0.313317,"outcome",TRUE,"reported","O5x34M","textfile"
"rs7238314",18,71261923,"G","T",0.0464024,0.0115994,-0.736164,0.369614,"outcome",TRUE,"reported","O5x34M","textfile"
"rs7926241",11,24335600,"A","G",0.20855,0.00238733,-1.00895,0.802306,"outcome",TRUE,"reported","O5x34M","textfile"
