"SNP","chr.outcome","pos.outcome","effect_allele.outcome","other_allele.outcome","pval.outcome","eaf.outcome","beta.outcome","se.outcome","outcome","mr_keep.outcome","pval_origin.outcome","id.outcome","data_source.outcome"
"rs10000111",4,105996911,"A","G",0.154892,0.0100508,-0.555803,0.390733,"outcome",TRUE,"reported","XlcZYf","textfile"
"rs11594256",10,32210812,"A","T",0.913205,0.0780603,-0.0161373,0.148052,"outcome",TRUE,"reported","XlcZYf","textfile"
"rs12731852",1,59943303,"T","C",0.495549,0.290396,0.059614,0.0874737,"outcome",TRUE,"reported","XlcZYf","textfile"
"rs1681529",15,60212070,"A","G",0.874806,0.03019,0.0366057,0.232334,"outcome",TRUE,"reported","XlcZYf","textfile"
"rs2207775",10,82015242,"A","G",0.223704,0.552254,0.0968791,0.0796221,"outcome",TRUE,"reported","XlcZYf","textfile"
"rs2792707",10,112037352,"T","C",0.529862,0.0147937,0.201856,0.321315,"outcome",TRUE,"reported","XlcZYf","textfile"
"rs6938176",6,148189730,"G","A",0.122654,0.559662,-0.123389,0.0799288,"outcome",TRUE,"reported","XlcZYf","textfile"
"rs730947",2,218838575,"C","A",0.739253,0.0741577,-0.0505777,0.151956,"outcome",TRUE,"reported","XlcZYf","textfile"
"rs7799018",7,145148502,"C","T",0.171819,0.500804,0.108528,0.0794276,"outcome",TRUE,"reported","XlcZYf","textfile"
