"SNP","chr.outcome","pos.outcome","effect_allele.outcome","other_allele.outcome","pval.outcome","eaf.outcome","beta.outcome","se.outcome","outcome","mr_keep.outcome","pval_origin.outcome","id.outcome","data_source.outcome"
"rs10521182",17,11346603,"C","T",0.194927,0.0802654,0.189153,0.145936,"outcome",TRUE,"reported","dXAnwU","textfile"
"rs11242046",5,130833725,"A","G",0.152125,0.0580164,-0.242154,0.169094,"outcome",TRUE,"reported","dXAnwU","textfile"
"rs163589",5,34978384,"G","T",0.560773,0.987665,0.213747,0.367456,"outcome",TRUE,"reported","dXAnwU","textfile"
"rs16905117",8,134201577,"A","T",0.890774,0.0366143,0.0286227,0.208431,"outcome",TRUE,"reported","dXAnwU","textfile"
"rs17011024",4,85830231,"G","A",0.617941,0.224742,-0.0471711,0.0945748,"outcome",TRUE,"reported","dXAnwU","textfile"
"rs2250756",4,180799363,"G","A",0.25511,0.42222,-0.0909787,0.0799444,"outcome",TRUE,"reported","dXAnwU","textfile"
"rs2722578",2,5727033,"T","G",0.55186,0.153598,-0.0649437,0.109154,"outcome",TRUE,"reported","dXAnwU","textfile"
"rs281083",13,103107400,"G","A",0.99759,0.895841,0.000390751,0.129365,"outcome",TRUE,"reported","dXAnwU","textfile"
"rs308097",7,5840746,"A","G",0.576173,0.0151376,0.178574,0.319463,"outcome",TRUE,"reported","dXAnwU","textfile"
"rs3784457",15,101425587,"A","G",0.811538,0.0382784,-0.0487558,0.204476,"outcome",TRUE,"reported","dXAnwU","textfile"
"rs7145855",14,57364605,"A","G",0.4739,0.983341,0.224884,0.314019,"outcome",TRUE,"reported","dXAnwU","textfile"
"rs9416100",10,75914948,"T","C",0.701169,0.00841557,0.172587,0.449748,"outcome",TRUE,"reported","dXAnwU","textfile"
