"SNP","chr.outcome","pos.outcome","effect_allele.outcome","other_allele.outcome","pval.outcome","eaf.outcome","beta.outcome","se.outcome","outcome","mr_keep.outcome","pval_origin.outcome","id.outcome","data_source.outcome"
"rs10088648",8,32523319,"T","A",0.319072,0.577146,0.0799216,0.0802131,"outcome",TRUE,"reported","Gydlxx","textfile"
"rs10089703",8,21418887,"T","G",0.420783,0.453958,0.0638642,0.0793282,"outcome",TRUE,"reported","Gydlxx","textfile"
"rs10110900",8,127558814,"A","G",0.633419,0.471526,0.0377193,0.0790894,"outcome",TRUE,"reported","Gydlxx","textfile"
"rs10949241",6,14371105,"T","C",0.350509,0.516508,-0.0737597,0.0790055,"outcome",TRUE,"reported","Gydlxx","textfile"
"rs10965997",9,23634907,"A","G",0.730772,0.0180262,-0.104826,0.30464,"outcome",TRUE,"reported","Gydlxx","textfile"
"rs11577512",1,18488102,"A","G",0.594621,0.464399,0.0421533,0.0792129,"outcome",TRUE,"reported","Gydlxx","textfile"
"rs11717068",3,141911184,"C","T",0.650359,0.454527,-0.0359056,0.0792157,"outcome",TRUE,"reported","Gydlxx","textfile"
"rs11772826",7,55587388,"A","G",0.812545,0.222123,-0.022468,0.0947441,"outcome",TRUE,"reported","Gydlxx","textfile"
"rs11786713",8,10980903,"G","C",0.289102,0.293854,0.0919359,0.0867242,"outcome",TRUE,"reported","Gydlxx","textfile"
"rs11898021",2,123790508,"C","T",0.831843,0.309121,-0.0182623,0.0860056,"outcome",TRUE,"reported","Gydlxx","textfile"
"rs12539066",7,82924633,"T","C",0.346637,0.287853,-0.0819825,0.0871105,"outcome",TRUE,"reported","Gydlxx","textfile"
"rs1260326",2,27508073,"C","T",0.0385381,0.649919,0.171942,0.0831002,"outcome",TRUE,"reported","Gydlxx","textfile"
"rs12884100",14,88062947,"C","A",0.195865,0.43805,-0.103189,0.0797801,"outcome",TRUE,"reported","Gydlxx","textfile"
"rs12996983",2,144427099,"A","G",0.305052,0.0997917,0.135391,0.132004,"outcome",TRUE,"reported","Gydlxx","textfile"
"rs1532085",15,58391167,"G","A",0.962548,0.577485,-0.00375523,0.0799737,"outcome",TRUE,"reported","Gydlxx","textfile"
"rs1538133",15,79464434,"A","G",0.335707,0.241356,-0.0890899,0.0925436,"outcome",TRUE,"reported","Gydlxx","textfile"
"rs1800775",16,56961324,"A","C",0.280906,0.499471,0.0853184,0.0791241,"outcome",TRUE,"reported","Gydlxx","textfile"
"rs1868852",2,2681809,"A","C",0.473818,0.839132,-0.0771626,0.107727,"outcome",TRUE,"reported","Gydlxx","textfile"
"rs2265217",10,107826815,"C","A",0.619562,0.219181,-0.0474859,0.0956468,"outcome",TRUE,"reported","Gydlxx","textfile"
"rs236403",6,36803811,"C","T",0.977407,0.322133,0.0024055,0.0849408,"outcome",TRUE,"reported","Gydlxx","textfile"
"rs2373262",14,86743986,"C","T",0.83568,0.242284,0.0192064,0.0925955,"outcome",TRUE,"reported","Gydlxx","textfile"
"rs2514285",11,91552287,"C","A",0.377236,0.624863,-0.0721295,0.0816869,"outcome",TRUE,"reported","Gydlxx","textfile"
"rs288514",3,69571470,"T","C",0.573853,0.530551,0.044714,0.0795078,"outcome",TRUE,"reported","Gydlxx","textfile"
"rs2932919",17,33976218,"A","G",0.503701,0.54746,-0.0528825,0.0790851,"outcome",TRUE,"reported","Gydlxx","textfile"
"rs2980872",8,125404678,"A","G",0.748987,0.432067,0.0256872,0.0802784,"outcome",TRUE,"reported","Gydlxx","textfile"
"rs342170",12,62720048,"C","T",0.966655,0.446271,-0.00335321,0.080213,"outcome",TRUE,"reported","Gydlxx","textfile"
"rs348661",12,62061723,"A","T",0.172212,0.388942,0.111139,0.0814125,"outcome",TRUE,"reported","Gydlxx","textfile"
"rs358826",4,21532381,"A","G",0.191225,0.641172,0.108209,0.0827938,"outcome",TRUE,"reported","Gydlxx","textfile"
"rs3807814",7,8248162,"C","T",0.329089,0.228415,0.092231,0.0945038,"outcome",TRUE,"reported","Gydlxx","textfile"
"rs394811",17,8889197,"A","G",0.86246,0.308511,-0.0148902,0.0859497,"outcome",TRUE,"reported","Gydlxx","textfile"
"rs4144863",7,53985072,"T","C",0.770018,0.38577,-0.0237504,0.0812394,"outcome",TRUE,"reported","Gydlxx","textfile"
"rs433110",5,2596254,"A","T",0.144488,0.321862,-0.123855,0.0848741,"outcome",TRUE,"reported","Gydlxx","textfile"
"rs4602028",16,83541967,"A","C",0.475359,0.433868,0.0569972,0.0798519,"outcome",TRUE,"reported","Gydlxx","textfile"
"rs4694010",4,89529428,"C","T",0.618149,0.048176,-0.0920851,0.184733,"outcome",TRUE,"reported","Gydlxx","textfile"
"rs4700085",5,65541278,"T","C",0.924439,0.360062,-0.00780589,0.0823029,"outcome",TRUE,"reported","Gydlxx","textfile"
"rs52701",14,68748241,"T","C",0.827646,0.395605,0.0175781,0.0807368,"outcome",TRUE,"reported","Gydlxx","textfile"
"rs588136",15,58438299,"T","C",0.284116,0.765954,0.100483,0.093811,"outcome",TRUE,"reported","Gydlxx","textfile"
"rs6878354",5,36380113,"C","G",0.757197,0.289678,-0.0271249,0.0877365,"outcome",TRUE,"reported","Gydlxx","textfile"
"rs6977786",7,68125639,"A","G",0.536976,0.219017,-0.0592846,0.0960244,"outcome",TRUE,"reported","Gydlxx","textfile"
"rs707",7,142802783,"T","C",0.985755,0.416571,0.00142898,0.0800379,"outcome",TRUE,"reported","Gydlxx","textfile"
"rs709947",14,56803437,"C","G",0.262778,0.670561,-0.093983,0.0839247,"outcome",TRUE,"reported","Gydlxx","textfile"
"rs7311763",12,73902993,"A","C",0.655967,0.372179,-0.0364959,0.0819233,"outcome",TRUE,"reported","Gydlxx","textfile"
"rs732787",14,99750699,"G","A",0.855493,0.695966,0.0156771,0.086084,"outcome",TRUE,"reported","Gydlxx","textfile"
"rs7435399",4,24764197,"C","T",0.613229,0.334129,0.042639,0.0843551,"outcome",TRUE,"reported","Gydlxx","textfile"
"rs7760528",6,20442123,"T","C",0.814682,0.664351,0.0196563,0.0838617,"outcome",TRUE,"reported","Gydlxx","textfile"
"rs928177",9,117771795,"C","T",0.564036,0.84124,0.0628706,0.108988,"outcome",TRUE,"reported","Gydlxx","textfile"
"rs9375723",6,130524276,"T","C",0.517786,0.34337,-0.0540718,0.0836037,"outcome",TRUE,"reported","Gydlxx","textfile"
"rs939291",3,14617501,"C","T",0.169306,0.231769,-0.128826,0.0937302,"outcome",TRUE,"reported","Gydlxx","textfile"
"rs9567586",13,45857520,"G","A",0.347591,0.419163,0.0752835,0.0801508,"outcome",TRUE,"reported","Gydlxx","textfile"
"rs962423",2,64469368,"C","A",0.549212,0.562256,-0.0486314,0.0811957,"outcome",TRUE,"reported","Gydlxx","textfile"
"rs9818859",3,134953037,"T","C",0.443874,0.231181,0.0719806,0.0940103,"outcome",TRUE,"reported","Gydlxx","textfile"
"rs9822180",3,105609411,"C","T",0.750867,0.276555,-0.0280744,0.0884245,"outcome",TRUE,"reported","Gydlxx","textfile"
"rs989127",3,7347866,"C","T",0.889527,0.29644,-0.0120027,0.0864112,"outcome",TRUE,"reported","Gydlxx","textfile"
