"SNP","chr.outcome","pos.outcome","effect_allele.outcome","other_allele.outcome","pval.outcome","eaf.outcome","beta.outcome","se.outcome","outcome","mr_keep.outcome","pval_origin.outcome","id.outcome","data_source.outcome"
"rs10873327",14,25663854,"G","T",0.268185,0.877058,0.133145,0.120249,"outcome",TRUE,"reported","4chYgH","textfile"
"rs11019357",11,91257717,"T","C",0.0923698,0.765218,-0.157267,0.0934427,"outcome",TRUE,"reported","4chYgH","textfile"
"rs1160269",8,5658512,"T","C",0.671919,0.49096,0.0335327,0.0791773,"outcome",TRUE,"reported","4chYgH","textfile"
"rs11769121",7,157592386,"T","A",0.18848,0.0965588,-0.175406,0.13338,"outcome",TRUE,"reported","4chYgH","textfile"
"rs12092233",1,13963014,"T","G",0.786347,0.0280619,-0.0652209,0.240616,"outcome",TRUE,"reported","4chYgH","textfile"
"rs12589666",14,24523413,"T","G",0.910548,0.414013,-0.00900587,0.0801606,"outcome",TRUE,"reported","4chYgH","textfile"
"rs16936991",10,79165198,"A","G",0.709225,0.0341103,0.0821441,0.220287,"outcome",TRUE,"reported","4chYgH","textfile"
"rs16958823",16,82891347,"C","T",0.0360928,0.0498245,0.383798,0.18312,"outcome",TRUE,"reported","4chYgH","textfile"
"rs17097622",12,47127955,"C","T",0.705721,0.0453117,0.0732285,0.193927,"outcome",TRUE,"reported","4chYgH","textfile"
"rs17166696",7,95190940,"C","A",0.368648,0.036803,0.192312,0.213916,"outcome",TRUE,"reported","4chYgH","textfile"
"rs17463250",2,3876759,"T","C",0.917352,0.10945,-0.013208,0.127281,"outcome",TRUE,"reported","4chYgH","textfile"
"rs17735981",8,94288651,"C","T",0.456591,0.0283362,-0.178682,0.240012,"outcome",TRUE,"reported","4chYgH","textfile"
"rs4148622",11,17427455,"G","A",0.158666,0.709619,-0.123622,0.0877017,"outcome",TRUE,"reported","4chYgH","textfile"
"rs4980117",10,76936619,"G","T",0.261516,0.49003,0.0887515,0.0790439,"outcome",TRUE,"reported","4chYgH","textfile"
"rs6716583",2,181847104,"C","T",0.911657,0.124236,-0.0134392,0.12113,"outcome",TRUE,"reported","4chYgH","textfile"
