"SNP","chr.outcome","pos.outcome","effect_allele.outcome","other_allele.outcome","pval.outcome","eaf.outcome","beta.outcome","se.outcome","outcome","mr_keep.outcome","pval_origin.outcome","id.outcome","data_source.outcome"
"rs10234068",7,141992454,"A","G",0.549089,0.00176084,0.530491,0.885443,"outcome",TRUE,"reported","ZYJf0F","textfile"
"rs10986087",9,123680461,"T","C",0.766787,0.41742,0.0237459,0.0800662,"outcome",TRUE,"reported","ZYJf0F","textfile"
"rs11212873",11,109044003,"G","C",0.290817,0.235531,-0.0990133,0.0937332,"outcome",TRUE,"reported","ZYJf0F","textfile"
"rs11264155",1,34891077,"G","C",0.730234,0.409932,0.0278311,0.080713,"outcome",TRUE,"reported","ZYJf0F","textfile"
"rs1154486",4,99447367,"C","T",0.302273,0.115756,0.128781,0.12484,"outcome",TRUE,"reported","ZYJf0F","textfile"
"rs11780588",8,78089756,"G","T",0.380696,0.0738759,-0.132523,0.151176,"outcome",TRUE,"reported","ZYJf0F","textfile"
"rs12283819",11,123108387,"A","G",0.806939,0.0932574,-0.033067,0.135312,"outcome",TRUE,"reported","ZYJf0F","textfile"
"rs12701943",7,4786708,"C","T",0.744929,0.0541592,-0.0568678,0.174799,"outcome",TRUE,"reported","ZYJf0F","textfile"
"rs12821224",12,13435814,"T","C",0.56404,0.0632727,-0.094579,0.163958,"outcome",TRUE,"reported","ZYJf0F","textfile"
"rs12923572",16,57722260,"A","G",0.450261,0.327481,0.0636822,0.0843494,"outcome",TRUE,"reported","ZYJf0F","textfile"
"rs1363574",5,165452135,"A","G",0.516066,0.873114,-0.0783744,0.120683,"outcome",TRUE,"reported","ZYJf0F","textfile"
"rs1509091",13,107839244,"T","C",0.204938,0.935,-0.204254,0.161133,"outcome",TRUE,"reported","ZYJf0F","textfile"
"rs1564511",4,12633947,"T","C",0.0949948,0.897139,0.217017,0.12998,"outcome",TRUE,"reported","ZYJf0F","textfile"
"rs16945323",12,115263123,"A","T",0.111234,0.176384,0.164628,0.103366,"outcome",TRUE,"reported","ZYJf0F","textfile"
"rs17642254",16,64453812,"T","G",0.461074,0.103131,-0.0957699,0.129932,"outcome",TRUE,"reported","ZYJf0F","textfile"
"rs1874617",4,139547382,"G","A",0.847972,0.217145,0.0184078,0.0960202,"outcome",TRUE,"reported","ZYJf0F","textfile"
"rs208357",7,2735155,"G","T",0.35494,0.713338,-0.0807414,0.0872833,"outcome",TRUE,"reported","ZYJf0F","textfile"
"rs2492943",6,42065702,"T","C",0.575462,0.38826,0.0454498,0.0811566,"outcome",TRUE,"reported","ZYJf0F","textfile"
"rs2500264",1,3337051,"G","A",0.236504,0.646074,-0.0975117,0.0823738,"outcome",TRUE,"reported","ZYJf0F","textfile"
"rs28157",5,103260136,"T","G",0.671927,0.314324,0.0361311,0.0853147,"outcome",TRUE,"reported","ZYJf0F","textfile"
"rs2830527",21,26794036,"G","C",0.0176885,0.00203021,1.38962,0.585826,"outcome",TRUE,"reported","ZYJf0F","textfile"
"rs307811",5,180645653,"G","A",0.194042,0.585325,0.104874,0.0807524,"outcome",TRUE,"reported","ZYJf0F","textfile"
"rs4517836",17,16948594,"C","T",0.719915,0.214461,0.0345522,0.0963605,"outcome",TRUE,"reported","ZYJf0F","textfile"
"rs4624748",5,54725338,"G","A",0.913624,0.79766,-0.0107268,0.0988939,"outcome",TRUE,"reported","ZYJf0F","textfile"
"rs4748632",10,20027143,"G","A",0.403727,0.30197,0.0723614,0.0866621,"outcome",TRUE,"reported","ZYJf0F","textfile"
"rs4919062",10,97027099,"C","A",0.0114702,0.0523217,0.448987,0.177603,"outcome",TRUE,"reported","ZYJf0F","textfile"
"rs6080978",20,1881774,"T","C",0.353112,0.267417,0.0829424,0.0893227,"outcome",TRUE,"reported","ZYJf0F","textfile"
"rs6605235",1,81589803,"C","T",0.872805,0.205781,0.0156263,0.0976053,"outcome",TRUE,"reported","ZYJf0F","textfile"
"rs688608",10,38042696,"A","G",0.929386,0.838956,-0.00955307,0.107801,"outcome",TRUE,"reported","ZYJf0F","textfile"
"rs7526119",1,14523855,"G","A",0.812392,0.680334,-0.0202431,0.0852909,"outcome",TRUE,"reported","ZYJf0F","textfile"
"rs7624812",3,111335835,"T","C",0.101401,0.253182,0.149194,0.0910777,"outcome",TRUE,"reported","ZYJf0F","textfile"
"rs8024828",15,25718656,"G","A",0.505492,0.142354,0.0759276,0.114027,"outcome",TRUE,"reported","ZYJf0F","textfile"
"rs8058227",16,9204400,"T","C",0.530143,0.428498,0.0502915,0.0801091,"outcome",TRUE,"reported","ZYJf0F","textfile"
"rs8130833",21,41184958,"G","A",0.39049,0.273843,0.0763417,0.0889008,"outcome",TRUE,"reported","ZYJf0F","textfile"
"rs835800",11,44850868,"C","T",0.227414,0.778639,-0.115141,0.0953903,"outcome",TRUE,"reported","ZYJf0F","textfile"
"rs870031",1,154751527,"A","G",0.25821,0.0957142,-0.150607,0.133206,"outcome",TRUE,"reported","ZYJf0F","textfile"
"rs9370455",6,55729633,"T","C",0.0101165,0.908894,0.35345,0.137432,"outcome",TRUE,"reported","ZYJf0F","textfile"
"rs944243",20,61597406,"G","A",0.774337,0.635318,0.0236993,0.0826605,"outcome",TRUE,"reported","ZYJf0F","textfile"
"rs9472134",6,43841930,"A","T",0.113626,0.401208,0.128457,0.0811938,"outcome",TRUE,"reported","ZYJf0F","textfile"
