"SNP","chr.outcome","pos.outcome","effect_allele.outcome","other_allele.outcome","pval.outcome","eaf.outcome","beta.outcome","se.outcome","outcome","mr_keep.outcome","pval_origin.outcome","id.outcome","data_source.outcome"
"rs10089042",8,83220813,"C","A",0.902716,0.247768,-0.0111685,0.0913714,"outcome",TRUE,"reported","mKpfAm","textfile"
"rs11151898",18,73807119,"A","G",0.769529,0.395242,0.0236903,0.0808566,"outcome",TRUE,"reported","mKpfAm","textfile"
"rs12050440",14,42486303,"T","A",0.391215,0.329691,-0.0721486,0.0841465,"outcome",TRUE,"reported","mKpfAm","textfile"
"rs12441436",15,61847794,"A","T",0.517029,0.10228,0.0844945,0.130407,"outcome",TRUE,"reported","mKpfAm","textfile"
"rs12544916",8,13617642,"C","G",0.156417,0.0651369,-0.231381,0.163263,"outcome",TRUE,"reported","mKpfAm","textfile"
"rs13054961",22,27296093,"A","G",0.40366,0.230617,-0.0783205,0.0937855,"outcome",TRUE,"reported","mKpfAm","textfile"
"rs130798",22,48404268,"A","T",0.437203,0.152273,-0.0862409,0.111003,"outcome",TRUE,"reported","mKpfAm","textfile"
"rs1343863",4,180056827,"A","G",0.56051,0.766452,-0.0547366,0.0940353,"outcome",TRUE,"reported","mKpfAm","textfile"
"rs1681855",1,42891929,"C","T",0.50707,0.762991,-0.0618927,0.0932952,"outcome",TRUE,"reported","mKpfAm","textfile"
"rs17279964",5,36204236,"G","A",0.910154,0.0412618,0.0221955,0.196692,"outcome",TRUE,"reported","mKpfAm","textfile"
"rs1836845",13,101728951,"G","T",0.390844,0.35124,0.0711804,0.0829524,"outcome",TRUE,"reported","mKpfAm","textfile"
"rs2320173",5,71815300,"T","C",0.0397906,0.261311,0.185885,0.0904145,"outcome",TRUE,"reported","mKpfAm","textfile"
"rs2695415",2,154535285,"C","T",0.270752,0.097528,-0.148822,0.135129,"outcome",TRUE,"reported","mKpfAm","textfile"
"rs3751035",11,130915310,"A","G",0.73847,0.243256,-0.0308061,0.0922671,"outcome",TRUE,"reported","mKpfAm","textfile"
"rs4325604",17,3215714,"C","T",0.170495,0.923164,-0.202295,0.147594,"outcome",TRUE,"reported","mKpfAm","textfile"
"rs6565887",18,76471019,"C","T",0.0589508,0.0542847,-0.327892,0.17362,"outcome",TRUE,"reported","mKpfAm","textfile"
"rs6760934",2,138699172,"T","C",0.428093,0.994858,0.436106,0.55032,"outcome",TRUE,"reported","mKpfAm","textfile"
"rs7425298",2,51283006,"T","A",0.309278,0.00417431,-0.630276,0.6199,"outcome",TRUE,"reported","mKpfAm","textfile"
"rs911685",14,95581210,"T","G",0.675918,0.922252,0.0618697,0.148,"outcome",TRUE,"reported","mKpfAm","textfile"
