"SNP","chr.outcome","pos.outcome","effect_allele.outcome","other_allele.outcome","pval.outcome","eaf.outcome","beta.outcome","se.outcome","outcome","mr_keep.outcome","pval_origin.outcome","id.outcome","data_source.outcome"
"rs10206020",2,1554155,"C","T",0.113969,0.256142,-0.142632,0.0902389,"outcome",TRUE,"reported","Cqb3qQ","textfile"
"rs10784422",12,64818983,"T","C",0.0302009,0.667085,-0.181596,0.0837836,"outcome",TRUE,"reported","Cqb3qQ","textfile"
"rs1117313",11,38979198,"A","G",0.224162,0.565715,-0.0972523,0.0800078,"outcome",TRUE,"reported","Cqb3qQ","textfile"
"rs11736351",4,80680514,"C","G",0.58737,0.00971604,0.211848,0.390395,"outcome",TRUE,"reported","Cqb3qQ","textfile"
"rs12508311",4,34759648,"T","A",0.118395,0.115174,0.195225,0.125021,"outcome",TRUE,"reported","Cqb3qQ","textfile"
"rs1336286",10,82192849,"C","T",0.732808,0.0373259,-0.0720117,0.210935,"outcome",TRUE,"reported","Cqb3qQ","textfile"
"rs1431419",18,69071692,"C","T",0.772149,0.0604998,-0.0481606,0.16632,"outcome",TRUE,"reported","Cqb3qQ","textfile"
"rs17748106",3,80050244,"C","A",0.390873,0.054878,0.149048,0.173708,"outcome",TRUE,"reported","Cqb3qQ","textfile"
"rs194546",16,21594646,"A","G",0.956216,0.986285,-0.0186184,0.339113,"outcome",TRUE,"reported","Cqb3qQ","textfile"
"rs2008827",5,34030495,"T","G",0.255971,0.0154459,0.373466,0.328765,"outcome",TRUE,"reported","Cqb3qQ","textfile"
"rs2927446",19,44815307,"C","A",0.47706,0.0144745,0.23889,0.335973,"outcome",TRUE,"reported","Cqb3qQ","textfile"
"rs427619",7,159155209,"C","T",0.828427,0.962914,-0.0449692,0.207499,"outcome",TRUE,"reported","Cqb3qQ","textfile"
"rs739484",12,111192715,"T","C",0.940082,0.113854,0.00927781,0.123429,"outcome",TRUE,"reported","Cqb3qQ","textfile"
"rs8094976",18,7803581,"T","C",0.460628,0.0198307,0.210723,0.285605,"outcome",TRUE,"reported","Cqb3qQ","textfile"
"rs904720",5,174331067,"G","A",0.361587,0.697865,-0.0790729,0.08667,"outcome",TRUE,"reported","Cqb3qQ","textfile"
