"SNP","chr.outcome","pos.outcome","effect_allele.outcome","other_allele.outcome","pval.outcome","eaf.outcome","beta.outcome","se.outcome","outcome","mr_keep.outcome","pval_origin.outcome","id.outcome","data_source.outcome"
"rs10732795",10,82066366,"C","T",0.756728,0.884625,-0.0383644,0.123844,"outcome",TRUE,"reported","lO4Q5L","textfile"
"rs17165467",7,11994561,"T","C",0.923417,0.273296,0.00852006,0.0886299,"outcome",TRUE,"reported","lO4Q5L","textfile"
"rs2416328",5,113687263,"C","T",0.616561,0.213013,-0.0483339,0.096527,"outcome",TRUE,"reported","lO4Q5L","textfile"
"rs2642911",3,27635687,"G","T",0.600947,0.403314,-0.0422001,0.0806825,"outcome",TRUE,"reported","lO4Q5L","textfile"
"rs4416818",8,83675227,"A","G",0.0618671,0.283384,-0.163371,0.087493,"outcome",TRUE,"reported","lO4Q5L","textfile"
"rs6903432",6,135694664,"C","G",0.454808,0.0103889,-0.288833,0.386438,"outcome",TRUE,"reported","lO4Q5L","textfile"
"rs7083972",10,66848526,"A","T",0.967585,0.20227,-0.00399252,0.0982471,"outcome",TRUE,"reported","lO4Q5L","textfile"
"rs8011328",14,90851469,"A","G",0.626057,0.0213471,-0.132912,0.272761,"outcome",TRUE,"reported","lO4Q5L","textfile"
