"SNP","chr.outcome","pos.outcome","effect_allele.outcome","other_allele.outcome","pval.outcome","eaf.outcome","beta.outcome","se.outcome","outcome","mr_keep.outcome","pval_origin.outcome","id.outcome","data_source.outcome"
"rs11881687",19,7546066,"G","A",0.163972,0.184823,-0.142115,0.102106,"outcome",TRUE,"reported","RUjCXs","textfile"
"rs12117697",1,229397883,"C","T",0.398996,0.262988,-0.0759092,0.0900022,"outcome",TRUE,"reported","RUjCXs","textfile"
"rs12216313",6,92534905,"A","T",0.808474,0.0282977,0.0568048,0.234348,"outcome",TRUE,"reported","RUjCXs","textfile"
"rs17133359",5,111520228,"G","A",0.978049,0.0417846,-0.00553291,0.201083,"outcome",TRUE,"reported","RUjCXs","textfile"
"rs2062528",12,117042419,"G","C",0.761164,0.28125,0.0266977,0.0878351,"outcome",TRUE,"reported","RUjCXs","textfile"
"rs2291502",9,19060048,"T","C",0.821465,0.0785085,-0.0331642,0.146965,"outcome",TRUE,"reported","RUjCXs","textfile"
"rs310104",1,153071455,"T","C",0.521388,0.0724849,-0.0983294,0.153351,"outcome",TRUE,"reported","RUjCXs","textfile"
"rs3791608",2,239216751,"A","G",0.91811,0.105272,-0.0132488,0.128861,"outcome",TRUE,"reported","RUjCXs","textfile"
"rs6902872",6,134765885,"C","T",0.71328,0.419746,0.0295359,0.0803799,"outcome",TRUE,"reported","RUjCXs","textfile"
"rs7432894",3,196114773,"T","C",0.00965895,0.727682,0.230406,0.0890353,"outcome",TRUE,"reported","RUjCXs","textfile"
