"SNP","chr.outcome","pos.outcome","effect_allele.outcome","other_allele.outcome","pval.outcome","eaf.outcome","beta.outcome","se.outcome","outcome","mr_keep.outcome","pval_origin.outcome","id.outcome","data_source.outcome"
"rs1146579",1,75744107,"C","T",0.977965,0.282793,0.00242628,0.0878431,"outcome",TRUE,"reported","DLMdcA","textfile"
"rs1171614",10,59709780,"C","T",0.986788,0.841347,0.00178781,0.107966,"outcome",TRUE,"reported","DLMdcA","textfile"
"rs12629505",3,100185939,"A","G",0.0343471,0.35083,-0.176362,0.0833478,"outcome",TRUE,"reported","DLMdcA","textfile"
"rs13262318",8,60886258,"G","A",0.481142,0.0221522,0.188545,0.267641,"outcome",TRUE,"reported","DLMdcA","textfile"
"rs2404602",15,76738451,"G","A",0.945301,0.571801,0.00547662,0.079824,"outcome",TRUE,"reported","DLMdcA","textfile"
"rs3134034",8,118807607,"C","T",0.162496,0.464177,-0.1107,0.079257,"outcome",TRUE,"reported","DLMdcA","textfile"
"rs662138",6,160143444,"G","C",0.466913,0.147225,0.0811056,0.111484,"outcome",TRUE,"reported","DLMdcA","textfile"
"rs7746102",6,160060505,"C","T",0.380776,0.24639,0.0809359,0.0923434,"outcome",TRUE,"reported","DLMdcA","textfile"
"rs7820633",8,26826275,"A","G",0.957631,0.695583,0.00458297,0.0862657,"outcome",TRUE,"reported","DLMdcA","textfile"
"rs959046",11,134288564,"G","C",0.516219,0.632893,-0.0531315,0.0818434,"outcome",TRUE,"reported","DLMdcA","textfile"
