"SNP","chr.outcome","pos.outcome","effect_allele.outcome","other_allele.outcome","pval.outcome","eaf.outcome","beta.outcome","se.outcome","outcome","mr_keep.outcome","pval_origin.outcome","id.outcome","data_source.outcome"
"rs1043909",1,230281625,"T","C",0.671526,0.199206,-0.0419297,0.0988782,"outcome",TRUE,"reported","KaebJH","textfile"
"rs12725757",1,88175851,"T","A",0.0926851,0.327971,-0.141426,0.0841122,"outcome",TRUE,"reported","KaebJH","textfile"
"rs1296812",22,17575540,"G","C",0.186023,0.203072,0.130548,0.0987178,"outcome",TRUE,"reported","KaebJH","textfile"
"rs17022573",4,94919739,"C","G",0.672335,0.186179,-0.0430239,0.101724,"outcome",TRUE,"reported","KaebJH","textfile"
"rs17484315",8,16153223,"C","G",0.753513,0.0622202,-0.0518159,0.165014,"outcome",TRUE,"reported","KaebJH","textfile"
"rs1786356",21,20433956,"G","A",0.0789787,0.391651,0.143817,0.0818703,"outcome",TRUE,"reported","KaebJH","textfile"
"rs1978273",2,190667313,"A","G",0.740667,0.286046,-0.0290988,0.0879198,"outcome",TRUE,"reported","KaebJH","textfile"
"rs2471644",12,75199408,"G","A",0.601556,0.334411,0.0436796,0.0836509,"outcome",TRUE,"reported","KaebJH","textfile"
"rs2649049",11,9851736,"T","C",0.0858816,0.687236,-0.148139,0.0862506,"outcome",TRUE,"reported","KaebJH","textfile"
"rs2733118",18,30688870,"C","G",0.850697,0.0704763,-0.0289634,0.153873,"outcome",TRUE,"reported","KaebJH","textfile"
"rs2746997",14,85601430,"A","G",0.0832013,0.442812,-0.13753,0.0793865,"outcome",TRUE,"reported","KaebJH","textfile"
"rs4807122",19,1586275,"T","C",0.0785435,0.332649,-0.148426,0.0843712,"outcome",TRUE,"reported","KaebJH","textfile"
"rs6869232",5,35819045,"G","A",0.840784,0.0875684,-0.0281888,0.140319,"outcome",TRUE,"reported","KaebJH","textfile"
"rs7036192",9,12298496,"T","A",0.791092,0.0993134,0.034981,0.132058,"outcome",TRUE,"reported","KaebJH","textfile"
"rs7075080",10,98452617,"A","G",0.118236,0.658254,-0.13064,0.0836243,"outcome",TRUE,"reported","KaebJH","textfile"
"rs722745",13,71912659,"A","T",0.575375,0.456856,-0.0445918,0.0796065,"outcome",TRUE,"reported","KaebJH","textfile"
"rs8102864",19,15500942,"A","C",0.935079,0.502466,0.00644921,0.0791744,"outcome",TRUE,"reported","KaebJH","textfile"
"rs883044",5,125187854,"C","G",0.322502,0.571249,-0.0788827,0.0797336,"outcome",TRUE,"reported","KaebJH","textfile"
"rs9874488",3,174951217,"A","G",0.405871,0.317272,-0.0705482,0.084877,"outcome",TRUE,"reported","KaebJH","textfile"
