"SNP","chr.outcome","pos.outcome","effect_allele.outcome","other_allele.outcome","pval.outcome","eaf.outcome","beta.outcome","se.outcome","outcome","mr_keep.outcome","pval_origin.outcome","id.outcome","data_source.outcome"
"rs10116543",9,114036601,"A","G",0.913949,0.0382697,-0.0223256,0.206606,"outcome",TRUE,"reported","n4uGCW","textfile"
"rs10500747",11,11750342,"C","T",0.307221,0.258959,-0.0923293,0.0904241,"outcome",TRUE,"reported","n4uGCW","textfile"
"rs10874521",1,101847292,"C","T",0.968701,0.340897,0.00326983,0.0833345,"outcome",TRUE,"reported","n4uGCW","textfile"
"rs11007082",10,18801636,"T","G",0.0372701,0.322827,0.175727,0.0843707,"outcome",TRUE,"reported","n4uGCW","textfile"
"rs11588513",1,235402597,"T","C",0.757262,0.951202,0.057267,0.185283,"outcome",TRUE,"reported","n4uGCW","textfile"
"rs11623367",14,89458489,"T","C",0.304139,0.0857555,-0.146688,0.142749,"outcome",TRUE,"reported","n4uGCW","textfile"
"rs119194",6,4569041,"A","C",0.111573,0.169263,0.167751,0.105426,"outcome",TRUE,"reported","n4uGCW","textfile"
"rs12144277",1,93812026,"A","C",0.53306,0.0429312,0.120943,0.194024,"outcome",TRUE,"reported","n4uGCW","textfile"
"rs12500887",4,139189280,"G","C",0.15268,0.195916,-0.141975,0.0992741,"outcome",TRUE,"reported","n4uGCW","textfile"
"rs1503575",12,60649924,"A","G",0.257506,0.187837,0.114464,0.101089,"outcome",TRUE,"reported","n4uGCW","textfile"
"rs1669715",8,643641,"C","T",0.324635,0.86963,0.115388,0.117148,"outcome",TRUE,"reported","n4uGCW","textfile"
"rs16937239",8,70825819,"G","A",0.61423,0.015866,-0.156634,0.310754,"outcome",TRUE,"reported","n4uGCW","textfile"
"rs1722400",12,102786158,"C","A",0.716223,0.101788,-0.0477526,0.131365,"outcome",TRUE,"reported","n4uGCW","textfile"
"rs1951768",4,37139487,"A","G",0.670652,0.640794,-0.0351202,0.0825862,"outcome",TRUE,"reported","n4uGCW","textfile"
"rs2241217",16,49854558,"C","T",0.89247,0.226778,0.0127452,0.0942836,"outcome",TRUE,"reported","n4uGCW","textfile"
"rs2263065",12,101506641,"G","T",0.760053,0.508288,0.0242848,0.0795151,"outcome",TRUE,"reported","n4uGCW","textfile"
"rs2276228",21,36005592,"C","A",0.451906,0.700006,-0.064909,0.0862875,"outcome",TRUE,"reported","n4uGCW","textfile"
"rs2731506",3,1847176,"G","A",0.510675,0.732589,0.058973,0.0896537,"outcome",TRUE,"reported","n4uGCW","textfile"
"rs2758886",6,39283061,"A","G",0.663969,0.243329,-0.0398682,0.0917691,"outcome",TRUE,"reported","n4uGCW","textfile"
"rs2817817",10,29287644,"A","G",0.387816,0.370451,-0.070538,0.0816805,"outcome",TRUE,"reported","n4uGCW","textfile"
"rs2874279",4,18195846,"G","A",0.911377,0.329345,0.00935855,0.0840828,"outcome",TRUE,"reported","n4uGCW","textfile"
"rs3810252",19,14497502,"G","A",0.445107,0.132598,0.0888933,0.116414,"outcome",TRUE,"reported","n4uGCW","textfile"
"rs40525",5,149053369,"C","A",0.0240669,0.156098,0.246179,0.109119,"outcome",TRUE,"reported","n4uGCW","textfile"
"rs4396797",21,19524818,"C","T",0.550407,0.280438,-0.0524969,0.0879123,"outcome",TRUE,"reported","n4uGCW","textfile"
"rs4524522",5,27751349,"C","G",0.172618,0.0864789,-0.192125,0.140871,"outcome",TRUE,"reported","n4uGCW","textfile"
"rs4870483",6,156768376,"G","T",0.701476,0.270612,-0.0343482,0.0896052,"outcome",TRUE,"reported","n4uGCW","textfile"
"rs550336",1,55079842,"G","C",0.302212,0.830288,0.108751,0.105409,"outcome",TRUE,"reported","n4uGCW","textfile"
"rs5751928",22,24679435,"G","A",0.631722,0.453675,0.0380945,0.0794788,"outcome",TRUE,"reported","n4uGCW","textfile"
"rs6417039",18,6568417,"G","A",0.748993,0.827047,0.03362,0.105073,"outcome",TRUE,"reported","n4uGCW","textfile"
"rs7111143",11,130889029,"A","G",0.955618,0.373291,0.00456237,0.0819783,"outcome",TRUE,"reported","n4uGCW","textfile"
"rs738873",22,22208763,"C","T",0.881379,0.315164,0.0127308,0.0853143,"outcome",TRUE,"reported","n4uGCW","textfile"
"rs7616518",3,83481658,"G","A",0.917563,0.564116,0.00825752,0.0797797,"outcome",TRUE,"reported","n4uGCW","textfile"
"rs7901640",10,18368024,"A","G",0.234334,0.409439,0.095914,0.0806495,"outcome",TRUE,"reported","n4uGCW","textfile"
"rs8029902",15,92848256,"T","C",0.881426,0.243486,0.0136747,0.091677,"outcome",TRUE,"reported","n4uGCW","textfile"
"rs9805690",13,94163892,"G","C",0.900756,0.0367908,-0.0262042,0.210127,"outcome",TRUE,"reported","n4uGCW","textfile"
