"SNP","chr.outcome","pos.outcome","effect_allele.outcome","other_allele.outcome","pval.outcome","eaf.outcome","beta.outcome","se.outcome","outcome","mr_keep.outcome","pval_origin.outcome","id.outcome","data_source.outcome"
"rs10242455",7,99642556,"G","A",0.454451,0.0723767,0.114209,0.152683,"outcome",TRUE,"reported","fHfMhK","textfile"
"rs10278040",7,99543750,"A","G",0.887918,0.130358,0.0164653,0.116826,"outcome",TRUE,"reported","fHfMhK","textfile"
"rs10770772",12,21046547,"G","A",0.760836,0.268451,0.0271422,0.089171,"outcome",TRUE,"reported","fHfMhK","textfile"
"rs11591344",10,108695802,"A","T",0.104666,0.0563999,-0.280971,0.173157,"outcome",TRUE,"reported","fHfMhK","textfile"
"rs11644920",16,11551157,"T","A",0.147927,0.323462,-0.123087,0.0850701,"outcome",TRUE,"reported","fHfMhK","textfile"
"rs11768283",7,18396865,"A","G",0.300468,0.0335127,-0.224061,0.216394,"outcome",TRUE,"reported","fHfMhK","textfile"
"rs13174155",5,127112571,"T","G",0.810557,0.55394,0.0190181,0.0793388,"outcome",TRUE,"reported","fHfMhK","textfile"
"rs1883349",22,43936063,"A","G",0.22715,0.229725,0.113747,0.0941825,"outcome",TRUE,"reported","fHfMhK","textfile"
"rs2267282",22,33763549,"A","G",0.210647,0.324932,0.106102,0.0847603,"outcome",TRUE,"reported","fHfMhK","textfile"
"rs2525554",7,99968784,"A","G",0.891599,0.558725,-0.0108441,0.0795721,"outcome",TRUE,"reported","fHfMhK","textfile"
"rs296396",19,47862266,"C","T",0.127371,0.849674,-0.170294,0.111701,"outcome",TRUE,"reported","fHfMhK","textfile"
"rs335124",2,88752509,"G","A",0.422277,0.64764,0.0667271,0.0831513,"outcome",TRUE,"reported","fHfMhK","textfile"
"rs4149056",12,21178615,"C","T",0.328039,0.201348,0.0965769,0.0987423,"outcome",TRUE,"reported","fHfMhK","textfile"
"rs4917639",10,94965778,"C","A",0.337006,0.174839,-0.0994707,0.103605,"outcome",TRUE,"reported","fHfMhK","textfile"
"rs4968836",17,68210087,"C","A",0.412943,0.352476,-0.0677524,0.0827534,"outcome",TRUE,"reported","fHfMhK","textfile"
"rs6544713",2,43846742,"C","T",0.69608,0.78317,0.0374569,0.0958917,"outcome",TRUE,"reported","fHfMhK","textfile"
"rs6719679",2,237770232,"G","A",0.40042,0.267674,-0.0746159,0.0887365,"outcome",TRUE,"reported","fHfMhK","textfile"
