"SNP","chr.outcome","pos.outcome","effect_allele.outcome","other_allele.outcome","pval.outcome","eaf.outcome","beta.outcome","se.outcome","outcome","mr_keep.outcome","pval_origin.outcome","id.outcome","data_source.outcome"
"rs10119850",9,107741461,"G","A",0.705125,0.421245,0.0304927,0.0805808,"outcome",TRUE,"reported","ThfINm","textfile"
"rs10189479",2,218422553,"A","C",0.968813,0.425855,0.00313328,0.0801409,"outcome",TRUE,"reported","ThfINm","textfile"
"rs10263766",7,55917595,"C","T",0.033539,0.777953,-0.203023,0.0955146,"outcome",TRUE,"reported","ThfINm","textfile"
"rs10765992",11,12822331,"A","C",0.148552,0.622804,-0.117841,0.0815695,"outcome",TRUE,"reported","ThfINm","textfile"
"rs10832688",11,16821828,"A","G",0.445618,0.619526,-0.0623435,0.0817361,"outcome",TRUE,"reported","ThfINm","textfile"
"rs1093661",1,20016010,"G","T",0.304512,0.32941,0.0863328,0.0840791,"outcome",TRUE,"reported","ThfINm","textfile"
"rs11054848",12,12362395,"G","A",0.0997815,0.559656,0.131306,0.0797766,"outcome",TRUE,"reported","ThfINm","textfile"
"rs11065987",12,111634620,"G","A",0.300242,0.382658,0.0843654,0.0814405,"outcome",TRUE,"reported","ThfINm","textfile"
"rs11160549",14,99780013,"A","G",0.827233,0.330427,-0.0183024,0.0838593,"outcome",TRUE,"reported","ThfINm","textfile"
"rs11241111",5,111245249,"G","A",0.623573,0.266122,0.0440626,0.0897782,"outcome",TRUE,"reported","ThfINm","textfile"
"rs12096170",1,192039791,"A","G",0.7976,0.411493,-0.0206089,0.080361,"outcome",TRUE,"reported","ThfINm","textfile"
"rs12481269",20,43450922,"C","T",0.412747,0.0875977,-0.115881,0.141479,"outcome",TRUE,"reported","ThfINm","textfile"
"rs12749761",1,4051127,"A","G",0.214735,0.246206,-0.113891,0.091799,"outcome",TRUE,"reported","ThfINm","textfile"
"rs13022722",2,19571209,"G","A",0.648767,0.562305,-0.0363301,0.0797631,"outcome",TRUE,"reported","ThfINm","textfile"
"rs13385804",2,141859595,"C","A",0.805206,0.29863,0.0213591,0.0866089,"outcome",TRUE,"reported","ThfINm","textfile"
"rs191149",6,160328495,"C","A",0.140198,0.255486,-0.133664,0.0906163,"outcome",TRUE,"reported","ThfINm","textfile"
"rs201252",6,10010851,"C","T",0.657994,0.323805,0.0374969,0.0847034,"outcome",TRUE,"reported","ThfINm","textfile"
"rs2035058",4,86263853,"G","A",0.975503,0.0705037,-0.0047595,0.154999,"outcome",TRUE,"reported","ThfINm","textfile"
"rs2101874",6,19399822,"C","T",0.121719,0.169692,0.163427,0.1056,"outcome",TRUE,"reported","ThfINm","textfile"
"rs2391217",7,26008798,"A","C",0.0859449,0.0848966,-0.242857,0.141427,"outcome",TRUE,"reported","ThfINm","textfile"
"rs244523",5,144348728,"A","T",0.339589,0.259657,-0.0860006,0.0900551,"outcome",TRUE,"reported","ThfINm","textfile"
"rs2487521",1,223388460,"T","C",0.301805,0.700695,-0.0891476,0.0863356,"outcome",TRUE,"reported","ThfINm","textfile"
"rs270144",3,187163168,"T","C",0.992085,0.563258,-0.000796784,0.0803151,"outcome",TRUE,"reported","ThfINm","textfile"
"rs398462",19,5996428,"C","T",0.842634,0.543658,-0.0157935,0.079554,"outcome",TRUE,"reported","ThfINm","textfile"
"rs4141184",12,126056775,"C","T",0.0263487,0.783055,-0.21246,0.0956583,"outcome",TRUE,"reported","ThfINm","textfile"
"rs4505759",4,1009234,"T","C",0.339242,0.284935,0.083631,0.0875109,"outcome",TRUE,"reported","ThfINm","textfile"
"rs4687367",3,192914009,"T","C",0.291382,0.53813,-0.0840064,0.0796198,"outcome",TRUE,"reported","ThfINm","textfile"
"rs4687717",3,53248172,"C","T",0.751228,0.607685,0.0256473,0.0809009,"outcome",TRUE,"reported","ThfINm","textfile"
"rs476093",1,181818124,"A","C",0.48838,0.701032,0.0596968,0.0861567,"outcome",TRUE,"reported","ThfINm","textfile"
"rs4853388",2,78422296,"G","A",0.264207,0.777507,-0.105429,0.0944282,"outcome",TRUE,"reported","ThfINm","textfile"
"rs612149",1,245027332,"G","A",0.708756,0.896397,0.048121,0.128829,"outcome",TRUE,"reported","ThfINm","textfile"
"rs6135736",20,1706804,"A","G",0.454311,0.162203,0.0803528,0.107388,"outcome",TRUE,"reported","ThfINm","textfile"
"rs6426492",1,228135125,"T","C",0.892202,0.283945,-0.011891,0.0877442,"outcome",TRUE,"reported","ThfINm","textfile"
"rs6434958",2,198194352,"G","C",0.588283,0.87712,0.0656379,0.121254,"outcome",TRUE,"reported","ThfINm","textfile"
"rs6860069",5,177328840,"T","C",0.289636,0.298655,-0.0909431,0.0858828,"outcome",TRUE,"reported","ThfINm","textfile"
"rs6948214",7,90311754,"T","A",0.802827,0.858423,0.0281693,0.112817,"outcome",TRUE,"reported","ThfINm","textfile"
"rs7002795",8,135678570,"C","T",0.709906,0.846405,0.0411559,0.110639,"outcome",TRUE,"reported","ThfINm","textfile"
"rs7316944",13,99654502,"C","G",0.624901,0.284412,-0.0429069,0.0877591,"outcome",TRUE,"reported","ThfINm","textfile"
"rs735080",7,113683092,"G","A",0.604166,0.438074,0.0413881,0.079835,"outcome",TRUE,"reported","ThfINm","textfile"
"rs741301",7,36878390,"T","C",0.982174,0.674259,-0.00187985,0.0841354,"outcome",TRUE,"reported","ThfINm","textfile"
"rs7767693",6,97690038,"G","A",0.449141,0.701287,-0.0653704,0.0863719,"outcome",TRUE,"reported","ThfINm","textfile"
"rs8182062",15,50962305,"G","A",0.317052,0.304566,-0.0858421,0.0857964,"outcome",TRUE,"reported","ThfINm","textfile"
"rs9555127",13,88139036,"G","A",0.67353,0.607548,0.0341829,0.081135,"outcome",TRUE,"reported","ThfINm","textfile"
"rs9677367",2,127896187,"G","A",0.299352,0.323927,-0.0878629,0.0846607,"outcome",TRUE,"reported","ThfINm","textfile"
