"SNP","chr.outcome","pos.outcome","effect_allele.outcome","other_allele.outcome","pval.outcome","eaf.outcome","beta.outcome","se.outcome","outcome","mr_keep.outcome","pval_origin.outcome","id.outcome","data_source.outcome"
"rs1051331",21,44806871,"G","A",0.0708304,0.0984378,-0.240119,0.132915,"outcome",TRUE,"reported","ML3ZLR","textfile"
"rs11047762",12,25020005,"T","C",0.85739,0.0473319,-0.0331459,0.184454,"outcome",TRUE,"reported","ML3ZLR","textfile"
"rs11617124",13,82869251,"C","A",0.710541,0.156931,0.0403268,0.108659,"outcome",TRUE,"reported","ML3ZLR","textfile"
"rs12041762",1,88175918,"T","C",0.0688177,0.296176,0.158502,0.0871073,"outcome",TRUE,"reported","ML3ZLR","textfile"
"rs12197031",6,139405959,"T","G",0.967947,0.153602,-0.00443129,0.110278,"outcome",TRUE,"reported","ML3ZLR","textfile"
"rs1287262",5,36057126,"G","C",0.751353,0.864491,-0.0365547,0.115367,"outcome",TRUE,"reported","ML3ZLR","textfile"
"rs12906520",15,69879080,"T","A",0.402186,0.0477332,0.155831,0.186017,"outcome",TRUE,"reported","ML3ZLR","textfile"
"rs13157599",5,123305379,"T","C",0.996386,0.0432891,-0.000884359,0.195257,"outcome",TRUE,"reported","ML3ZLR","textfile"
"rs17304639",19,35457895,"T","A",0.136171,0.147779,-0.165588,0.111117,"outcome",TRUE,"reported","ML3ZLR","textfile"
"rs17318174",10,6912280,"A","G",0.52836,0.239535,-0.0586452,0.0930122,"outcome",TRUE,"reported","ML3ZLR","textfile"
"rs2209196",1,209028445,"T","G",0.842019,0.246582,-0.0183574,0.0921043,"outcome",TRUE,"reported","ML3ZLR","textfile"
"rs2465657",2,200597091,"A","G",0.41721,0.166662,0.0860044,0.106012,"outcome",TRUE,"reported","ML3ZLR","textfile"
"rs2520361",7,18821517,"G","A",0.62043,0.153905,0.0559383,0.112952,"outcome",TRUE,"reported","ML3ZLR","textfile"
"rs3853497",1,108114562,"T","C",0.829368,0.313064,0.0184171,0.0854573,"outcome",TRUE,"reported","ML3ZLR","textfile"
"rs4129608",9,18327217,"G","A",0.602076,0.142295,-0.059094,0.113333,"outcome",TRUE,"reported","ML3ZLR","textfile"
"rs4697477",4,24721628,"C","T",0.0528178,0.198831,-0.192966,0.0996514,"outcome",TRUE,"reported","ML3ZLR","textfile"
"rs4707716",6,92041427,"C","T",0.803297,0.115791,0.0310582,0.12469,"outcome",TRUE,"reported","ML3ZLR","textfile"
"rs5749010",22,17284615,"A","G",0.894862,0.0797836,-0.0195819,0.148174,"outcome",TRUE,"reported","ML3ZLR","textfile"
"rs5761606",22,26567778,"T","G",0.0031273,0.04976,0.452979,0.153295,"outcome",TRUE,"reported","ML3ZLR","textfile"
"rs6434188",2,186585144,"T","C",0.951641,0.278565,-0.0053379,0.0880178,"outcome",TRUE,"reported","ML3ZLR","textfile"
"rs6543592",2,31017380,"G","A",0.307116,0.0799807,0.148467,0.145372,"outcome",TRUE,"reported","ML3ZLR","textfile"
"rs7090877",10,128755477,"A","C",0.579271,0.0464873,0.103797,0.187207,"outcome",TRUE,"reported","ML3ZLR","textfile"
"rs7939695",11,2706860,"T","C",0.489087,0.153543,-0.0758429,0.109637,"outcome",TRUE,"reported","ML3ZLR","textfile"
"rs8026775",15,84968416,"A","G",0.394638,0.0694914,-0.133142,0.15641,"outcome",TRUE,"reported","ML3ZLR","textfile"
"rs9500927",6,32993584,"A","G",0.0211617,0.105202,-0.295958,0.128393,"outcome",TRUE,"reported","ML3ZLR","textfile"
"rs9540840",13,66610428,"C","T",0.809813,0.191084,0.024466,0.101659,"outcome",TRUE,"reported","ML3ZLR","textfile"
"rs9633478",1,77419597,"G","A",0.742946,0.876891,0.0392766,0.119762,"outcome",TRUE,"reported","ML3ZLR","textfile"
