"SNP","chr.outcome","pos.outcome","effect_allele.outcome","other_allele.outcome","pval.outcome","eaf.outcome","beta.outcome","se.outcome","outcome","mr_keep.outcome","pval_origin.outcome","id.outcome","data_source.outcome"
"rs10263623",7,65429224,"C","T",0.50951,0.0386727,0.136389,0.206775,"outcome",TRUE,"reported","Z8EBAK","textfile"
"rs1518434",2,180127849,"C","T",0.290192,0.623895,0.086562,0.0818399,"outcome",TRUE,"reported","Z8EBAK","textfile"
"rs1609276",7,79299845,"C","G",0.0777589,0.969201,-0.40884,0.23179,"outcome",TRUE,"reported","Z8EBAK","textfile"
"rs16844404",2,140656542,"G","A",0.89373,0.0470751,-0.0251013,0.187904,"outcome",TRUE,"reported","Z8EBAK","textfile"
"rs16845462",3,172407402,"C","T",0.830264,0.0257337,-0.0531524,0.247955,"outcome",TRUE,"reported","Z8EBAK","textfile"
"rs17698383",14,98076525,"C","T",0.0941499,0.180412,0.171555,0.102488,"outcome",TRUE,"reported","Z8EBAK","textfile"
"rs2252553",8,133052528,"T","G",0.858239,0.4039,0.0143756,0.0804834,"outcome",TRUE,"reported","Z8EBAK","textfile"
"rs296429",6,133406283,"A","G",0.392534,0.760267,0.079382,0.0928411,"outcome",TRUE,"reported","Z8EBAK","textfile"
"rs6685925",1,233830665,"G","A",0.959146,0.779239,-0.0048757,0.0951816,"outcome",TRUE,"reported","Z8EBAK","textfile"
"rs6717460",2,59900096,"C","A",0.825612,0.0206836,-0.0601737,0.273104,"outcome",TRUE,"reported","Z8EBAK","textfile"
"rs679020",6,56419658,"C","T",0.117295,0.0977862,-0.210381,0.134323,"outcome",TRUE,"reported","Z8EBAK","textfile"
"rs7512146",1,33817407,"T","G",0.310664,0.488393,0.0802276,0.0791332,"outcome",TRUE,"reported","Z8EBAK","textfile"
"rs7708182",5,234673,"G","C",0.678033,0.0886096,0.0571836,0.137743,"outcome",TRUE,"reported","Z8EBAK","textfile"
"rs7767760",6,159874345,"C","T",0.0100529,0.62145,0.206524,0.0802344,"outcome",TRUE,"reported","Z8EBAK","textfile"
