"SNP","chr.outcome","pos.outcome","effect_allele.outcome","other_allele.outcome","pval.outcome","eaf.outcome","beta.outcome","se.outcome","outcome","mr_keep.outcome","pval_origin.outcome","id.outcome","data_source.outcome"
"rs10098688",8,67876258,"C","A",0.604655,0.502537,-0.0407821,0.078773,"outcome",TRUE,"reported","LGgIIW","textfile"
"rs11720202",3,116588563,"C","G",0.898932,0.510717,-0.0100744,0.0793197,"outcome",TRUE,"reported","LGgIIW","textfile"
"rs11728793",4,82570382,"C","T",0.65331,0.316857,0.0382988,0.0852657,"outcome",TRUE,"reported","LGgIIW","textfile"
"rs1558852",2,51024999,"G","A",0.0733128,0.193509,-0.179915,0.100462,"outcome",TRUE,"reported","LGgIIW","textfile"
"rs1922578",12,82677418,"G","A",0.0159834,0.0198382,-0.69637,0.289035,"outcome",TRUE,"reported","LGgIIW","textfile"
"rs2916164",8,74888497,"T","C",0.0995772,0.321653,-0.138679,0.0842063,"outcome",TRUE,"reported","LGgIIW","textfile"
"rs2929381",3,19897496,"G","C",0.79474,0.353556,0.0215419,0.0828023,"outcome",TRUE,"reported","LGgIIW","textfile"
"rs4287543",15,91570275,"G","A",0.260603,0.131302,-0.132234,0.117545,"outcome",TRUE,"reported","LGgIIW","textfile"
"rs603424",10,100315722,"A","G",0.499249,0.116341,-0.0833873,0.123414,"outcome",TRUE,"reported","LGgIIW","textfile"
"rs868028",4,72198270,"C","G",0.541097,0.349866,0.050631,0.0828447,"outcome",TRUE,"reported","LGgIIW","textfile"
"rs9880033",3,20930217,"C","T",0.646291,0.00369946,0.307933,0.670992,"outcome",TRUE,"reported","LGgIIW","textfile"
