"SNP","chr.outcome","pos.outcome","effect_allele.outcome","other_allele.outcome","pval.outcome","eaf.outcome","beta.outcome","se.outcome","outcome","mr_keep.outcome","pval_origin.outcome","id.outcome","data_source.outcome"
"rs10186575",2,197139226,"A","G",0.462393,0.135198,0.0848692,0.115482,"outcome",TRUE,"reported","OvVxHi","textfile"
"rs11149935",16,73619147,"G","A",0.060548,0.906357,0.255892,0.136346,"outcome",TRUE,"reported","OvVxHi","textfile"
"rs11687801",2,78750885,"C","T",0.353619,0.634311,-0.0761484,0.0820924,"outcome",TRUE,"reported","OvVxHi","textfile"
"rs12999094",2,187973865,"T","G",0.528519,0.875563,-0.0751542,0.119242,"outcome",TRUE,"reported","OvVxHi","textfile"
"rs17522290",10,24908951,"G","A",0.92077,0.0651106,-0.0163071,0.163949,"outcome",TRUE,"reported","OvVxHi","textfile"
"rs2197399",12,46138093,"A","G",0.0825886,0.510515,0.13769,0.0793209,"outcome",TRUE,"reported","OvVxHi","textfile"
"rs2325470",13,72384595,"G","C",0.584211,0.271376,0.0485186,0.0886598,"outcome",TRUE,"reported","OvVxHi","textfile"
"rs2466085",8,32661813,"G","A",0.857299,0.996478,0.122132,0.679213,"outcome",TRUE,"reported","OvVxHi","textfile"
"rs3024981",12,57098316,"A","G",0.516118,0.0634151,-0.106079,0.163365,"outcome",TRUE,"reported","OvVxHi","textfile"
"rs328833",5,134447272,"G","A",0.12505,0.328491,-0.12895,0.0840658,"outcome",TRUE,"reported","OvVxHi","textfile"
"rs4374940",7,52199104,"C","T",0.964567,0.979601,0.0122935,0.276737,"outcome",TRUE,"reported","OvVxHi","textfile"
"rs555096",1,194932459,"T","C",0.671658,0.140492,0.0483504,0.114068,"outcome",TRUE,"reported","OvVxHi","textfile"
"rs6862546",5,21826455,"T","C",0.00924294,0.238598,0.22453,0.0862604,"outcome",TRUE,"reported","OvVxHi","textfile"
"rs7227090",18,52941374,"G","A",0.563951,0.132255,0.0675506,0.117076,"outcome",TRUE,"reported","OvVxHi","textfile"
"rs730596",10,96412257,"G","A",0.883776,0.104056,-0.01892,0.129426,"outcome",TRUE,"reported","OvVxHi","textfile"
"rs745439",19,31537088,"T","C",0.521617,0.253005,-0.0584225,0.0911634,"outcome",TRUE,"reported","OvVxHi","textfile"
"rs7942396",11,121308840,"T","C",0.0222439,0.0460929,0.429347,0.187801,"outcome",TRUE,"reported","OvVxHi","textfile"
