"SNP","chr.outcome","pos.outcome","effect_allele.outcome","other_allele.outcome","pval.outcome","eaf.outcome","beta.outcome","se.outcome","outcome","mr_keep.outcome","pval_origin.outcome","id.outcome","data_source.outcome"
"rs10077932",5,2450565,"T","C",0.944441,0.187111,-0.00709115,0.101754,"outcome",TRUE,"reported","YPhrwl","textfile"
"rs1013104",17,12283919,"T","C",0.0446529,0.4659,0.159777,0.0795737,"outcome",TRUE,"reported","YPhrwl","textfile"
"rs10466757",12,24832056,"T","A",0.962723,0.743707,-0.00424722,0.0908758,"outcome",TRUE,"reported","YPhrwl","textfile"
"rs10492212",12,106903167,"T","C",0.132466,0.187951,0.152068,0.101079,"outcome",TRUE,"reported","YPhrwl","textfile"
"rs10520845",5,16879824,"A","C",0.803224,0.0172141,-0.0767381,0.307966,"outcome",TRUE,"reported","YPhrwl","textfile"
"rs1060467",19,15913728,"G","A",0.688399,0.445902,-0.0318406,0.0793973,"outcome",TRUE,"reported","YPhrwl","textfile"
"rs13336771",16,48284817,"A","C",0.82419,0.166275,-0.0236516,0.106463,"outcome",TRUE,"reported","YPhrwl","textfile"
"rs261301",15,58394740,"C","T",0.806151,0.831563,0.0258818,0.105471,"outcome",TRUE,"reported","YPhrwl","textfile"
"rs2794327",1,3595777,"T","C",0.741906,0.65955,0.0277343,0.0842143,"outcome",TRUE,"reported","YPhrwl","textfile"
"rs5994305",22,30424719,"G","A",0.480642,0.187903,-0.0710028,0.100675,"outcome",TRUE,"reported","YPhrwl","textfile"
"rs6821770",4,7731078,"A","G",0.600374,0.230238,0.0494453,0.094386,"outcome",TRUE,"reported","YPhrwl","textfile"
"rs7038957",9,103777158,"C","T",0.917965,0.155489,0.011213,0.108866,"outcome",TRUE,"reported","YPhrwl","textfile"
"rs7350776",15,33396874,"G","C",0.708632,0.335778,-0.0312781,0.0837001,"outcome",TRUE,"reported","YPhrwl","textfile"
