"SNP","chr.outcome","pos.outcome","effect_allele.outcome","other_allele.outcome","pval.outcome","eaf.outcome","beta.outcome","se.outcome","outcome","mr_keep.outcome","pval_origin.outcome","id.outcome","data_source.outcome"
"rs10074690",5,135238320,"G","C",0.118985,0.0988861,0.206913,0.132718,"outcome",TRUE,"reported","QZAlJD","textfile"
"rs10118205",9,18825136,"G","C",0.676119,0.907632,-0.0573697,0.137325,"outcome",TRUE,"reported","QZAlJD","textfile"
"rs10423270",19,1310137,"G","T",0.283727,0.0731143,-0.163817,0.152816,"outcome",TRUE,"reported","QZAlJD","textfile"
"rs11228158",11,68200664,"T","A",0.738101,0.0313633,0.0765845,0.229042,"outcome",TRUE,"reported","QZAlJD","textfile"
"rs11569035",4,109986330,"T","C",0.568471,0.0207051,0.159184,0.279119,"outcome",TRUE,"reported","QZAlJD","textfile"
"rs11589437",1,145840890,"A","G",0.875343,0.0365988,-0.0341587,0.217745,"outcome",TRUE,"reported","QZAlJD","textfile"
"rs11697457",20,5347431,"G","A",0.874151,0.0206773,0.0437097,0.275966,"outcome",TRUE,"reported","QZAlJD","textfile"
"rs11773099",7,14061255,"G","C",0.332994,0.0250442,0.237909,0.245748,"outcome",TRUE,"reported","QZAlJD","textfile"
"rs12056370",8,68960332,"A","G",0.834643,0.0442113,0.0405328,0.194169,"outcome",TRUE,"reported","QZAlJD","textfile"
"rs12417185",11,60139749,"A","T",0.486626,0.0901163,0.0964415,0.138628,"outcome",TRUE,"reported","QZAlJD","textfile"
"rs1244356",14,34228626,"A","C",0.597317,0.209547,0.0510032,0.0965489,"outcome",TRUE,"reported","QZAlJD","textfile"
"rs1462054",2,6451733,"G","A",0.72911,0.00665844,0.167525,0.483742,"outcome",TRUE,"reported","QZAlJD","textfile"
"rs1515977",2,17109955,"A","G",0.711271,0.180004,-0.0381781,0.103142,"outcome",TRUE,"reported","QZAlJD","textfile"
"rs16834824",1,237104070,"T","C",0.766941,0.0164609,0.0926191,0.312504,"outcome",TRUE,"reported","QZAlJD","textfile"
"rs16848159",3,164414765,"A","G",0.158922,0.0022807,1.21583,0.86308,"outcome",TRUE,"reported","QZAlJD","textfile"
"rs16891501",6,26245660,"A","G",0.128649,0.0426838,0.298149,0.196221,"outcome",TRUE,"reported","QZAlJD","textfile"
"rs16962580",15,36125997,"T","C",0.64009,0.0197509,0.134924,0.288563,"outcome",TRUE,"reported","QZAlJD","textfile"
"rs17033607",3,120663,"G","A",0.390442,0.974051,0.221966,0.258456,"outcome",TRUE,"reported","QZAlJD","textfile"
"rs17132995",6,177050,"T","G",0.131339,0.0524341,0.294139,0.194944,"outcome",TRUE,"reported","QZAlJD","textfile"
"rs17421736",2,158598251,"A","G",0.499125,0.0218698,-0.180104,0.266478,"outcome",TRUE,"reported","QZAlJD","textfile"
"rs17616308",12,116801214,"A","T",0.43317,0.0161325,-0.245111,0.312729,"outcome",TRUE,"reported","QZAlJD","textfile"
"rs1937053",20,26100352,"T","A",0.138641,0.125176,-0.177438,0.11982,"outcome",TRUE,"reported","QZAlJD","textfile"
"rs197623",1,57225498,"A","C",0.231866,0.0143349,-0.388888,0.325275,"outcome",TRUE,"reported","QZAlJD","textfile"
"rs2028039",7,108711444,"A","C",0.261016,0.0962718,-0.151148,0.134474,"outcome",TRUE,"reported","QZAlJD","textfile"
"rs2077726",5,120572369,"G","T",0.73413,0.199094,0.0338487,0.0996616,"outcome",TRUE,"reported","QZAlJD","textfile"
"rs2111849",2,162019333,"A","C",0.70201,0.00511501,0.212852,0.556317,"outcome",TRUE,"reported","QZAlJD","textfile"
"rs2287296",9,129632966,"C","T",0.967673,0.972571,0.00984156,0.242843,"outcome",TRUE,"reported","QZAlJD","textfile"
"rs2365913",12,74438181,"C","T",0.937403,0.252206,-0.00715845,0.0911504,"outcome",TRUE,"reported","QZAlJD","textfile"
"rs2494014",1,111277299,"G","A",0.309934,0.173929,0.105929,0.104326,"outcome",TRUE,"reported","QZAlJD","textfile"
"rs2503005",1,29151907,"T","C",0.570524,0.753269,-0.052002,0.0916692,"outcome",TRUE,"reported","QZAlJD","textfile"
"rs355924",16,66600397,"G","A",0.592408,0.953328,-0.101052,0.188759,"outcome",TRUE,"reported","QZAlJD","textfile"
"rs4468280",10,111293281,"A","G",0.343388,0.603687,0.0771655,0.0814419,"outcome",TRUE,"reported","QZAlJD","textfile"
"rs4490621",5,90017645,"C","T",0.652621,0.00239331,-0.3623,0.804889,"outcome",TRUE,"reported","QZAlJD","textfile"
"rs4516063",13,21105931,"G","T",0.797246,0.166643,0.0274908,0.107004,"outcome",TRUE,"reported","QZAlJD","textfile"
"rs4663518",2,234913457,"C","G",0.160693,0.0878249,-0.195227,0.139175,"outcome",TRUE,"reported","QZAlJD","textfile"
"rs4811103",20,50979278,"T","C",0.316348,0.299662,-0.0918079,0.0916254,"outcome",TRUE,"reported","QZAlJD","textfile"
"rs4838294",9,117215871,"G","A",0.113234,0.993182,0.777907,0.491158,"outcome",TRUE,"reported","QZAlJD","textfile"
"rs6818342",4,183920817,"T","C",0.642321,0.0405372,-0.0933709,0.201033,"outcome",TRUE,"reported","QZAlJD","textfile"
"rs6940545",6,130703683,"C","A",0.577238,0.103355,0.0722959,0.129697,"outcome",TRUE,"reported","QZAlJD","textfile"
"rs7123491",11,10369497,"A","C",0.674612,0.0123309,0.151545,0.36097,"outcome",TRUE,"reported","QZAlJD","textfile"
"rs7231643",18,23177694,"A","G",0.388899,0.0346183,-0.183781,0.213299,"outcome",TRUE,"reported","QZAlJD","textfile"
"rs7279663",21,43636331,"G","T",0.314997,0.0595083,-0.169898,0.169088,"outcome",TRUE,"reported","QZAlJD","textfile"
"rs7510709",22,35657698,"G","C",0.815119,0.0146938,-0.0762635,0.326153,"outcome",TRUE,"reported","QZAlJD","textfile"
"rs7520433",1,234915696,"C","G",0.0174024,0.020043,0.659708,0.27741,"outcome",TRUE,"reported","QZAlJD","textfile"
"rs7628540",3,1334050,"T","G",0.18073,0.142653,0.151172,0.112941,"outcome",TRUE,"reported","QZAlJD","textfile"
"rs7663974",4,162863006,"A","T",0.155654,0.405609,0.115288,0.0811981,"outcome",TRUE,"reported","QZAlJD","textfile"
"rs7672448",4,8698020,"A","G",0.283729,0.0247746,0.275095,0.256623,"outcome",TRUE,"reported","QZAlJD","textfile"
"rs8013127",14,55968061,"A","G",0.472705,0.0330259,0.156717,0.218243,"outcome",TRUE,"reported","QZAlJD","textfile"
"rs8192827",7,139913767,"G","A",0.168123,0.0106357,0.539439,0.391391,"outcome",TRUE,"reported","QZAlJD","textfile"
"rs986842",16,24431786,"T","C",0.701303,0.0517019,-0.0695508,0.181329,"outcome",TRUE,"reported","QZAlJD","textfile"
"rs9892632",17,7069031,"G","A",0.944911,0.961186,0.0141023,0.204087,"outcome",TRUE,"reported","QZAlJD","textfile"
"rs9921315",16,88044618,"G","A",0.108492,0.196801,0.159846,0.0995918,"outcome",TRUE,"reported","QZAlJD","textfile"
"rs9959639",18,74224215,"T","C",0.541534,0.0248192,-0.156814,0.256864,"outcome",TRUE,"reported","QZAlJD","textfile"
