"SNP","chr.outcome","pos.outcome","effect_allele.outcome","other_allele.outcome","pval.outcome","eaf.outcome","beta.outcome","se.outcome","outcome","mr_keep.outcome","pval_origin.outcome","id.outcome","data_source.outcome"
"rs1037028",4,155375669,"C","T",0.994381,0.0647809,-0.00113552,0.161234,"outcome",TRUE,"reported","pujMwM","textfile"
"rs12432812",14,81795005,"C","A",0.388832,0.0163723,0.272018,0.315662,"outcome",TRUE,"reported","pujMwM","textfile"
"rs1371204",4,161077632,"T","C",0.977757,0.128496,-0.00329123,0.118047,"outcome",TRUE,"reported","pujMwM","textfile"
"rs1882545",12,6776244,"A","G",0.625253,0.628326,0.0400463,0.0819918,"outcome",TRUE,"reported","pujMwM","textfile"
"rs2129376",4,30642285,"G","A",0.541681,0.263223,0.0550403,0.0901896,"outcome",TRUE,"reported","pujMwM","textfile"
"rs4076939",4,169897370,"C","A",0.16086,0.734419,-0.124932,0.0890983,"outcome",TRUE,"reported","pujMwM","textfile"
"rs4325575",16,79499389,"T","C",0.47646,0.667922,-0.060214,0.0845693,"outcome",TRUE,"reported","pujMwM","textfile"
"rs6719403",2,176824701,"A","G",0.259607,0.0661249,0.18253,0.161915,"outcome",TRUE,"reported","pujMwM","textfile"
"rs7690478",4,40926196,"C","T",0.0606694,0.678416,-0.159632,0.0850961,"outcome",TRUE,"reported","pujMwM","textfile"
"rs7692407",4,154185570,"T","C",0.408114,0.965945,0.180821,0.218589,"outcome",TRUE,"reported","pujMwM","textfile"
