"SNP","chr.outcome","pos.outcome","effect_allele.outcome","other_allele.outcome","pval.outcome","eaf.outcome","beta.outcome","se.outcome","outcome","mr_keep.outcome","pval_origin.outcome","id.outcome","data_source.outcome"
"rs10210072",2,40942749,"G","T",0.301199,0.0507737,0.185507,0.17943,"outcome",TRUE,"reported","DbQ5ep","textfile"
"rs10788312",10,84079805,"T","C",0.803304,0.333385,0.0207866,0.0834558,"outcome",TRUE,"reported","DbQ5ep","textfile"
"rs11778205",8,20209107,"G","A",0.697276,0.243808,-0.0359425,0.0923972,"outcome",TRUE,"reported","DbQ5ep","textfile"
"rs11816373",10,98482169,"T","C",0.179583,0.0493057,-0.252619,0.188235,"outcome",TRUE,"reported","DbQ5ep","textfile"
"rs12411523",10,98102974,"T","C",0.00785272,0.306774,-0.226904,0.0853557,"outcome",TRUE,"reported","DbQ5ep","textfile"
"rs12814926",12,112986670,"A","G",0.507562,0.29965,-0.0571555,0.0862544,"outcome",TRUE,"reported","DbQ5ep","textfile"
"rs13410232",2,73644562,"T","A",0.558857,0.178285,-0.0604422,0.103402,"outcome",TRUE,"reported","DbQ5ep","textfile"
"rs17279437",3,45772602,"A","G",0.955244,0.099632,0.00741058,0.132042,"outcome",TRUE,"reported","DbQ5ep","textfile"
"rs1889459",10,5272080,"C","G",0.585947,0.149036,-0.0604185,0.110917,"outcome",TRUE,"reported","DbQ5ep","textfile"
"rs2118530",1,76028232,"C","T",0.448566,0.806579,-0.0756557,0.099835,"outcome",TRUE,"reported","DbQ5ep","textfile"
"rs2254969",20,57000518,"A","G",0.594077,0.526115,-0.0423391,0.079445,"outcome",TRUE,"reported","DbQ5ep","textfile"
"rs4238523",15,80537308,"G","A",0.762665,0.462244,0.0239196,0.0792085,"outcome",TRUE,"reported","DbQ5ep","textfile"
"rs4303969",4,26529876,"T","C",0.728209,0.828657,-0.0367369,0.105715,"outcome",TRUE,"reported","DbQ5ep","textfile"
"rs4919234",10,98526290,"T","G",0.592917,0.311568,0.045801,0.0856714,"outcome",TRUE,"reported","DbQ5ep","textfile"
"rs6532828",4,99733635,"G","A",0.356532,0.106233,-0.117458,0.127395,"outcome",TRUE,"reported","DbQ5ep","textfile"
"rs6559527",9,69402511,"A","G",0.832229,0.860767,-0.0243541,0.114963,"outcome",TRUE,"reported","DbQ5ep","textfile"
"rs7096654",10,98374279,"T","C",0.400921,0.594577,-0.0678725,0.0808027,"outcome",TRUE,"reported","DbQ5ep","textfile"
"rs7302669",12,99398084,"A","G",0.586826,0.363429,0.0447165,0.0822838,"outcome",TRUE,"reported","DbQ5ep","textfile"
"rs8101881",19,32873722,"T","C",0.485983,0.677574,-0.0590635,0.0847747,"outcome",TRUE,"reported","DbQ5ep","textfile"
"rs9488349",6,114245720,"C","A",0.132175,0.0173756,0.465878,0.309434,"outcome",TRUE,"reported","DbQ5ep","textfile"
"rs9952576",18,4092468,"T","G",0.0200447,0.303548,-0.200394,0.0861722,"outcome",TRUE,"reported","DbQ5ep","textfile"
