"SNP","chr.outcome","pos.outcome","effect_allele.outcome","other_allele.outcome","pval.outcome","eaf.outcome","beta.outcome","se.outcome","outcome","mr_keep.outcome","pval_origin.outcome","id.outcome","data_source.outcome"
"rs10247235",7,125659261,"T","G",0.348735,0.300962,-0.0810641,0.0865103,"outcome",TRUE,"reported","UtVWDq","textfile"
"rs10966901",9,2551594,"G","A",0.327363,0.388305,-0.0794635,0.0811316,"outcome",TRUE,"reported","UtVWDq","textfile"
"rs11623436",14,36576287,"T","C",0.378233,0.418706,-0.07057,0.0800879,"outcome",TRUE,"reported","UtVWDq","textfile"
"rs12368489",12,106220621,"T","C",0.105528,0.16354,0.173787,0.107367,"outcome",TRUE,"reported","UtVWDq","textfile"
"rs12641265",4,163184188,"G","C",0.988126,0.0250757,-0.00382699,0.257159,"outcome",TRUE,"reported","UtVWDq","textfile"
"rs17081093",13,24748315,"G","A",0.218596,0.185914,-0.125825,0.102275,"outcome",TRUE,"reported","UtVWDq","textfile"
"rs6129197",20,39142402,"G","A",0.690763,0.0585325,-0.0666902,0.167639,"outcome",TRUE,"reported","UtVWDq","textfile"
"rs6849330",4,24790553,"T","G",0.530467,0.0855674,0.0891819,0.142169,"outcome",TRUE,"reported","UtVWDq","textfile"
"rs7338260",13,45578034,"T","C",0.37569,0.108043,-0.112597,0.127105,"outcome",TRUE,"reported","UtVWDq","textfile"
"rs7855332",9,2702703,"G","T",0.391125,0.485784,-0.0678345,0.0791,"outcome",TRUE,"reported","UtVWDq","textfile"
