"SNP","chr.outcome","pos.outcome","effect_allele.outcome","other_allele.outcome","pval.outcome","eaf.outcome","beta.outcome","se.outcome","outcome","mr_keep.outcome","pval_origin.outcome","id.outcome","data_source.outcome"
"rs10469966",2,73525241,"A","G",0.410211,0.217747,-0.0786933,0.0955569,"outcome",TRUE,"reported","bWqOSt","textfile"
"rs10492598",13,67063416,"A","C",0.0754206,0.0319313,0.396643,0.223097,"outcome",TRUE,"reported","bWqOSt","textfile"
"rs11676273",2,105272892,"A","G",0.225118,0.271875,-0.108618,0.0895427,"outcome",TRUE,"reported","bWqOSt","textfile"
"rs12295872",11,83186052,"A","G",0.462891,0.0148353,0.238787,0.325281,"outcome",TRUE,"reported","bWqOSt","textfile"
"rs1280976",1,10915525,"T","C",0.776683,0.943068,0.0486219,0.171419,"outcome",TRUE,"reported","bWqOSt","textfile"
"rs1450233",4,143774710,"A","T",0.725023,0.338114,0.0293112,0.0833288,"outcome",TRUE,"reported","bWqOSt","textfile"
"rs1802376",15,64136360,"A","G",0.162206,0.0265874,-0.337469,0.241447,"outcome",TRUE,"reported","bWqOSt","textfile"
"rs42789",2,40618531,"A","G",0.673254,0.425947,-0.0337238,0.0799737,"outcome",TRUE,"reported","bWqOSt","textfile"
"rs4488133",10,98399379,"T","A",0.556358,0.37637,0.048152,0.0818549,"outcome",TRUE,"reported","bWqOSt","textfile"
"rs4899659",14,77572299,"G","C",0.563805,0.659623,-0.0480371,0.0832245,"outcome",TRUE,"reported","bWqOSt","textfile"
"rs6023015",20,54194845,"G","C",0.0137243,0.591016,-0.199725,0.081044,"outcome",TRUE,"reported","bWqOSt","textfile"
"rs6781351",3,6517493,"C","A",0.309215,0.067118,0.161077,0.158405,"outcome",TRUE,"reported","bWqOSt","textfile"
