"SNP","chr.outcome","pos.outcome","effect_allele.outcome","other_allele.outcome","pval.outcome","eaf.outcome","beta.outcome","se.outcome","outcome","mr_keep.outcome","pval_origin.outcome","id.outcome","data_source.outcome"
"rs12953402",18,48325646,"T","C",0.19364,0.191003,0.130403,0.100318,"outcome",TRUE,"reported","HJLkaw","textfile"
"rs16939910",18,12837994,"A","T",0.286483,0.24079,-0.0986764,0.0925784,"outcome",TRUE,"reported","HJLkaw","textfile"
"rs17421232",7,125532278,"C","G",0.41328,0.419469,0.0659149,0.0805672,"outcome",TRUE,"reported","HJLkaw","textfile"
"rs281796",3,193546918,"A","C",0.510299,0.867813,-0.0767738,0.116612,"outcome",TRUE,"reported","HJLkaw","textfile"
"rs537721",6,163065605,"C","T",0.106912,0.0424239,-0.318581,0.197603,"outcome",TRUE,"reported","HJLkaw","textfile"
"rs6430553",2,134873830,"T","C",0.535723,0.396445,0.049923,0.0806127,"outcome",TRUE,"reported","HJLkaw","textfile"
"rs7600589",2,117854944,"C","G",0.0997172,0.648979,-0.136123,0.0826881,"outcome",TRUE,"reported","HJLkaw","textfile"
"rs9648853",7,148341955,"C","T",0.0571176,0.380384,0.155754,0.0818717,"outcome",TRUE,"reported","HJLkaw","textfile"
