"SNP","chr.outcome","pos.outcome","effect_allele.outcome","other_allele.outcome","pval.outcome","eaf.outcome","beta.outcome","se.outcome","outcome","mr_keep.outcome","pval_origin.outcome","id.outcome","data_source.outcome"
"rs10016594",4,76980296,"C","A",0.976427,0.446737,0.00235044,0.0795459,"outcome",TRUE,"reported","7tL2Kr","textfile"
"rs10087179",8,74272357,"C","T",0.00344413,0.338246,0.231031,0.0789839,"outcome",TRUE,"reported","7tL2Kr","textfile"
"rs10976882",9,8257948,"G","A",0.165161,0.321886,0.11769,0.0847958,"outcome",TRUE,"reported","7tL2Kr","textfile"
"rs11022904",11,13610936,"A","G",0.842688,0.148077,0.0221182,0.111451,"outcome",TRUE,"reported","7tL2Kr","textfile"
"rs1110277",20,4874036,"G","A",0.333162,0.285933,-0.0849295,0.0877585,"outcome",TRUE,"reported","7tL2Kr","textfile"
"rs11660401",18,73805533,"C","T",0.865669,0.409829,0.0135888,0.0803296,"outcome",TRUE,"reported","7tL2Kr","textfile"
"rs11806477",1,151375344,"T","C",0.814456,0.285373,-0.0205489,0.0875607,"outcome",TRUE,"reported","7tL2Kr","textfile"
"rs1218924",11,101329310,"G","A",0.540976,0.446127,0.0487958,0.0798181,"outcome",TRUE,"reported","7tL2Kr","textfile"
"rs12231049",12,110911419,"G","A",0.641889,0.110494,0.0586484,0.126109,"outcome",TRUE,"reported","7tL2Kr","textfile"
"rs12287384",11,37532455,"T","C",0.324066,0.0643335,-0.160375,0.162629,"outcome",TRUE,"reported","7tL2Kr","textfile"
"rs1373219",2,31206966,"T","C",0.726578,0.567972,0.0279367,0.0798918,"outcome",TRUE,"reported","7tL2Kr","textfile"
"rs1924466",6,17772533,"A","C",0.728202,0.409356,0.0280571,0.0807358,"outcome",TRUE,"reported","7tL2Kr","textfile"
"rs2067434",2,190365620,"C","T",0.0912683,0.548976,-0.134662,0.0797408,"outcome",TRUE,"reported","7tL2Kr","textfile"
"rs2160860",8,39965626,"T","A",0.206493,0.361748,0.103959,0.0822939,"outcome",TRUE,"reported","7tL2Kr","textfile"
"rs2278908",11,68756442,"C","T",0.565317,0.849717,-0.0643322,0.111889,"outcome",TRUE,"reported","7tL2Kr","textfile"
"rs2280821",8,1949734,"G","T",0.0169703,0.551152,0.189901,0.0795446,"outcome",TRUE,"reported","7tL2Kr","textfile"
"rs2329083",13,78437578,"T","A",0.581346,0.368966,-0.0452676,0.082093,"outcome",TRUE,"reported","7tL2Kr","textfile"
"rs2494461",1,182358707,"A","C",0.351897,0.615388,0.0759465,0.0815825,"outcome",TRUE,"reported","7tL2Kr","textfile"
"rs2580344",2,121289776,"C","T",0.194281,0.345249,0.108046,0.0832394,"outcome",TRUE,"reported","7tL2Kr","textfile"
"rs2715313",18,66020376,"A","G",0.82189,0.498562,-0.0178937,0.0794868,"outcome",TRUE,"reported","7tL2Kr","textfile"
"rs402710",5,1320607,"T","C",0.178511,0.39973,0.108244,0.0804578,"outcome",TRUE,"reported","7tL2Kr","textfile"
"rs403018",16,24140299,"G","A",0.521224,0.364065,0.0526712,0.0821113,"outcome",TRUE,"reported","7tL2Kr","textfile"
"rs4509324",8,12826950,"G","A",0.218717,0.0305311,-0.285225,0.2319,"outcome",TRUE,"reported","7tL2Kr","textfile"
"rs4626675",9,75245754,"C","T",0.723782,0.569812,-0.0285806,0.0808714,"outcome",TRUE,"reported","7tL2Kr","textfile"
"rs4634107",3,186623604,"T","G",0.183253,0.520005,0.105476,0.0792573,"outcome",TRUE,"reported","7tL2Kr","textfile"
"rs4669966",2,5935550,"A","G",0.405236,0.635644,0.0684801,0.0822775,"outcome",TRUE,"reported","7tL2Kr","textfile"
"rs4766046",12,3113548,"C","A",0.111418,0.436169,0.126764,0.0796329,"outcome",TRUE,"reported","7tL2Kr","textfile"
"rs4823474",22,47165135,"C","T",0.149443,0.463483,0.1146,0.0795003,"outcome",TRUE,"reported","7tL2Kr","textfile"
"rs4843718",16,87844870,"A","G",0.985506,0.228681,-0.00170741,0.0939864,"outcome",TRUE,"reported","7tL2Kr","textfile"
"rs4890333",18,46554600,"A","G",0.5407,0.563631,-0.0487517,0.0796915,"outcome",TRUE,"reported","7tL2Kr","textfile"
"rs4902201",14,63099917,"A","G",0.324449,0.311645,0.0840285,0.0852773,"outcome",TRUE,"reported","7tL2Kr","textfile"
"rs4980965",12,724252,"C","T",0.602202,0.430094,0.0417887,0.0801723,"outcome",TRUE,"reported","7tL2Kr","textfile"
"rs6536380",4,158955227,"T","C",0.330145,0.57019,0.0781586,0.0802597,"outcome",TRUE,"reported","7tL2Kr","textfile"
"rs6694467",1,71426737,"G","A",0.930676,0.140122,-0.00996715,0.114573,"outcome",TRUE,"reported","7tL2Kr","textfile"
"rs6764891",3,153322400,"G","A",0.927272,0.748874,0.00835305,0.0915129,"outcome",TRUE,"reported","7tL2Kr","textfile"
"rs7684565",4,117146447,"T","C",0.0413466,0.497418,0.161571,0.0792002,"outcome",TRUE,"reported","7tL2Kr","textfile"
"rs7706926",5,76411328,"G","C",0.678766,0.439554,0.0330968,0.0799154,"outcome",TRUE,"reported","7tL2Kr","textfile"
"rs7922903",10,97004937,"T","G",0.0134165,0.0860862,0.347989,0.140743,"outcome",TRUE,"reported","7tL2Kr","textfile"
"rs792369",17,57368710,"A","C",0.261021,0.67695,0.095486,0.0849534,"outcome",TRUE,"reported","7tL2Kr","textfile"
"rs8045299",16,1266224,"G","A",0.699146,0.754247,-0.0356278,0.0921868,"outcome",TRUE,"reported","7tL2Kr","textfile"
"rs9827101",3,132015359,"A","C",0.970691,0.527509,0.00290956,0.0791913,"outcome",TRUE,"reported","7tL2Kr","textfile"
"rs9972361",15,37194027,"G","A",0.363465,0.637088,-0.0747801,0.082286,"outcome",TRUE,"reported","7tL2Kr","textfile"
