"SNP","chr.outcome","pos.outcome","effect_allele.outcome","other_allele.outcome","pval.outcome","eaf.outcome","beta.outcome","se.outcome","outcome","mr_keep.outcome","pval_origin.outcome","id.outcome","data_source.outcome"
"rs11133892",5,17254917,"G","A",0.693343,0.570942,0.0315158,0.0799241,"outcome",TRUE,"reported","ZdSif8","textfile"
"rs1115214",2,19827687,"G","A",0.730217,0.0778365,-0.0512295,0.148562,"outcome",TRUE,"reported","ZdSif8","textfile"
"rs12336893",9,2632365,"G","T",0.969865,0.03301,-0.00840987,0.222616,"outcome",TRUE,"reported","ZdSif8","textfile"
"rs13417885",2,166465421,"G","A",0.483874,0.06874,0.110935,0.15846,"outcome",TRUE,"reported","ZdSif8","textfile"
"rs1348656",3,145215733,"T","C",0.105187,0.81384,0.164873,0.10176,"outcome",TRUE,"reported","ZdSif8","textfile"
"rs2017823",18,2383524,"G","A",0.756303,0.161659,-0.0334767,0.107871,"outcome",TRUE,"reported","ZdSif8","textfile"
"rs2527641",7,68795677,"A","G",0.509258,0.586547,-0.0531433,0.080521,"outcome",TRUE,"reported","ZdSif8","textfile"
"rs2929381",3,19897496,"G","C",0.79474,0.353556,0.0215419,0.0828023,"outcome",TRUE,"reported","ZdSif8","textfile"
"rs35350",12,115170925,"A","G",0.0998068,0.979818,-0.47596,0.289198,"outcome",TRUE,"reported","ZdSif8","textfile"
"rs4680042",3,153249711,"T","A",0.695264,0.475745,0.031075,0.0793294,"outcome",TRUE,"reported","ZdSif8","textfile"
"rs6465164",7,88838071,"A","G",0.762804,0.136091,0.0348906,0.115608,"outcome",TRUE,"reported","ZdSif8","textfile"
"rs7260113",19,51298370,"C","T",0.353992,0.517181,-0.073644,0.0794543,"outcome",TRUE,"reported","ZdSif8","textfile"
"rs9906465",17,61266519,"G","A",0.597697,0.0461125,0.100538,0.190515,"outcome",TRUE,"reported","ZdSif8","textfile"
