"SNP","chr.outcome","pos.outcome","effect_allele.outcome","other_allele.outcome","pval.outcome","eaf.outcome","beta.outcome","se.outcome","outcome","mr_keep.outcome","pval_origin.outcome","id.outcome","data_source.outcome"
"rs11230225",11,60270703,"C","T",0.668193,0.0997792,0.0566827,0.132242,"outcome",TRUE,"reported","tR8BAC","textfile"
"rs12429935",13,90855097,"C","T",0.419467,0.0710759,-0.123405,0.152853,"outcome",TRUE,"reported","tR8BAC","textfile"
"rs12795652",11,79474288,"T","A",0.717933,0.115838,-0.0447285,0.123825,"outcome",TRUE,"reported","tR8BAC","textfile"
"rs12953402",18,48325646,"T","C",0.19364,0.191003,0.130403,0.100318,"outcome",TRUE,"reported","tR8BAC","textfile"
"rs13021657",2,66602117,"T","C",0.972315,0.0237374,0.00890282,0.256529,"outcome",TRUE,"reported","tR8BAC","textfile"
"rs1421106",12,13972800,"T","G",0.646797,0.938709,-0.075855,0.165544,"outcome",TRUE,"reported","tR8BAC","textfile"
"rs1674726",6,153537479,"G","A",0.44836,0.500522,0.0601964,0.0793988,"outcome",TRUE,"reported","tR8BAC","textfile"
"rs16830291",3,119666293,"T","G",0.714164,0.397594,-0.029615,0.0808555,"outcome",TRUE,"reported","tR8BAC","textfile"
"rs16939910",18,12837994,"A","T",0.286483,0.24079,-0.0986764,0.0925784,"outcome",TRUE,"reported","tR8BAC","textfile"
"rs17754631",3,23765267,"G","A",0.655381,0.263873,-0.040202,0.0900787,"outcome",TRUE,"reported","tR8BAC","textfile"
"rs2328991",13,76822966,"G","C",0.908763,0.892714,-0.0146562,0.127892,"outcome",TRUE,"reported","tR8BAC","textfile"
"rs248670",5,6055583,"T","C",0.431353,0.628945,0.0642918,0.0817048,"outcome",TRUE,"reported","tR8BAC","textfile"
"rs303031",6,25036752,"G","A",0.0125791,0.45456,0.198688,0.0796196,"outcome",TRUE,"reported","tR8BAC","textfile"
"rs3783853",14,89336925,"G","A",0.0129694,0.629171,-0.202409,0.0814651,"outcome",TRUE,"reported","tR8BAC","textfile"
"rs4073619",11,7469317,"G","T",0.0960019,0.487609,-0.132276,0.0794662,"outcome",TRUE,"reported","tR8BAC","textfile"
"rs4878060",9,87340543,"T","G",0.248367,0.645033,-0.0957715,0.0829676,"outcome",TRUE,"reported","tR8BAC","textfile"
"rs6055874",20,163741,"C","T",0.073119,0.533299,-0.141969,0.0792198,"outcome",TRUE,"reported","tR8BAC","textfile"
"rs6430553",2,134873830,"T","C",0.535723,0.396445,0.049923,0.0806127,"outcome",TRUE,"reported","tR8BAC","textfile"
"rs7133996",12,32776662,"T","C",0.727922,0.278449,0.0310124,0.0891438,"outcome",TRUE,"reported","tR8BAC","textfile"
"rs7327971",13,101652358,"A","G",0.269572,0.365618,0.0906929,0.0821457,"outcome",TRUE,"reported","tR8BAC","textfile"
"rs733017",16,54483570,"T","C",0.179879,0.618382,-0.109027,0.0812951,"outcome",TRUE,"reported","tR8BAC","textfile"
"rs935270",10,48549206,"G","A",0.90229,0.613179,-0.009984,0.0813237,"outcome",TRUE,"reported","tR8BAC","textfile"
"rs9451877",6,91991848,"G","A",0.803047,0.0866761,0.0353093,0.141573,"outcome",TRUE,"reported","tR8BAC","textfile"
