"SNP","chr.outcome","pos.outcome","effect_allele.outcome","other_allele.outcome","pval.outcome","eaf.outcome","beta.outcome","se.outcome","outcome","mr_keep.outcome","pval_origin.outcome","id.outcome","data_source.outcome"
"rs10168416",2,233688441,"G","C",0.43849,0.415041,0.0623398,0.0804649,"outcome",TRUE,"reported","wZaxyH","textfile"
"rs10768365",11,38285527,"A","G",0.30511,0.943093,0.176648,0.172249,"outcome",TRUE,"reported","wZaxyH","textfile"
"rs10881815",10,80609108,"C","T",0.642985,0.43873,-0.0370299,0.0798869,"outcome",TRUE,"reported","wZaxyH","textfile"
"rs11062646",12,3436020,"T","G",0.139635,0.00327892,1.06889,0.723617,"outcome",TRUE,"reported","wZaxyH","textfile"
"rs12404165",1,19824224,"A","G",0.370238,0.17898,0.0930657,0.103865,"outcome",TRUE,"reported","wZaxyH","textfile"
"rs12692453",2,12066067,"A","G",0.37377,0.233278,-0.0828579,0.0931581,"outcome",TRUE,"reported","wZaxyH","textfile"
"rs17151367",8,10218045,"C","G",0.188175,0.261947,-0.118906,0.0903546,"outcome",TRUE,"reported","wZaxyH","textfile"
"rs1741289",20,4144137,"T","A",0.650937,0.506623,0.0357735,0.0790643,"outcome",TRUE,"reported","wZaxyH","textfile"
"rs2540742",16,52217395,"A","G",0.709357,0.665848,-0.0311838,0.0836657,"outcome",TRUE,"reported","wZaxyH","textfile"
"rs4680",22,19963748,"A","G",0.889559,0.547435,-0.0110048,0.0792504,"outcome",TRUE,"reported","wZaxyH","textfile"
"rs6442358",3,1346500,"C","G",0.6927,0.481792,-0.0314781,0.0796521,"outcome",TRUE,"reported","wZaxyH","textfile"
"rs7173557",15,70388146,"A","G",0.264514,0.783956,0.106818,0.0957334,"outcome",TRUE,"reported","wZaxyH","textfile"
"rs7427160",3,150306978,"T","C",0.896117,0.430758,-0.0104301,0.0798824,"outcome",TRUE,"reported","wZaxyH","textfile"
"rs961787",4,159594185,"C","T",0.064619,0.564425,-0.147719,0.0799396,"outcome",TRUE,"reported","wZaxyH","textfile"
