"SNP","chr.outcome","pos.outcome","effect_allele.outcome","other_allele.outcome","pval.outcome","eaf.outcome","beta.outcome","se.outcome","outcome","mr_keep.outcome","pval_origin.outcome","id.outcome","data_source.outcome"
"rs11934821",4,171403183,"G","A",0.361345,0.139677,0.104829,0.114843,"outcome",TRUE,"reported","e6mXfR","textfile"
"rs12071172",1,117649451,"A","G",0.645271,0.0316648,-0.10304,0.223833,"outcome",TRUE,"reported","e6mXfR","textfile"
"rs1246172",6,156633084,"G","A",0.119081,0.655696,0.129285,0.0829474,"outcome",TRUE,"reported","e6mXfR","textfile"
"rs13376835",10,93592416,"G","A",0.719848,0.149111,0.039961,0.111417,"outcome",TRUE,"reported","e6mXfR","textfile"
"rs1434384",4,157558355,"A","G",0.789602,0.575513,-0.0213746,0.0801063,"outcome",TRUE,"reported","e6mXfR","textfile"
"rs17090140",18,56319321,"A","G",0.642108,0.0555901,-0.0806436,0.173519,"outcome",TRUE,"reported","e6mXfR","textfile"
"rs2283530",16,22868596,"A","G",0.718552,0.0278625,0.0877776,0.24356,"outcome",TRUE,"reported","e6mXfR","textfile"
"rs2933259",3,148801088,"T","C",0.2761,0.600765,-0.0879108,0.0807172,"outcome",TRUE,"reported","e6mXfR","textfile"
"rs6599251",3,38744318,"T","G",0.53747,0.521241,0.0488243,0.0791776,"outcome",TRUE,"reported","e6mXfR","textfile"
"rs6917152",6,6411946,"A","C",0.201448,0.0197589,-0.364196,0.285099,"outcome",TRUE,"reported","e6mXfR","textfile"
"rs7231703",18,3329848,"A","T",0.781196,0.368939,0.0227183,0.0817906,"outcome",TRUE,"reported","e6mXfR","textfile"
