"SNP","chr.outcome","pos.outcome","effect_allele.outcome","other_allele.outcome","pval.outcome","eaf.outcome","beta.outcome","se.outcome","outcome","mr_keep.outcome","pval_origin.outcome","id.outcome","data_source.outcome"
"rs10060182",5,179858752,"A","G",0.321835,0.373811,0.08149,0.0822555,"outcome",TRUE,"reported","sQZYwi","textfile"
"rs11681355",2,83636356,"A","G",0.720674,0.352606,0.0295033,0.0825136,"outcome",TRUE,"reported","sQZYwi","textfile"
"rs12503398",4,61912597,"G","A",0.945328,0.325471,-0.00579718,0.0845387,"outcome",TRUE,"reported","sQZYwi","textfile"
"rs1428261",5,38345420,"T","C",0.463383,0.682615,-0.0624495,0.0851637,"outcome",TRUE,"reported","sQZYwi","textfile"
"rs2957661",11,10375971,"T","C",0.935857,0.309911,-0.00689753,0.0857064,"outcome",TRUE,"reported","sQZYwi","textfile"
"rs4573623",10,100611624,"C","T",0.872811,0.527075,0.0126885,0.0792587,"outcome",TRUE,"reported","sQZYwi","textfile"
"rs6003815",22,23618000,"T","C",0.763862,0.382378,0.0245081,0.0815811,"outcome",TRUE,"reported","sQZYwi","textfile"
"rs6764543",3,55247594,"A","G",0.382153,0.406412,0.0703688,0.0805192,"outcome",TRUE,"reported","sQZYwi","textfile"
