"SNP","chr.outcome","pos.outcome","effect_allele.outcome","other_allele.outcome","pval.outcome","eaf.outcome","beta.outcome","se.outcome","outcome","mr_keep.outcome","pval_origin.outcome","id.outcome","data_source.outcome"
"rs10425480",19,40772115,"A","G",0.963306,0.00607886,-0.0232255,0.504844,"outcome",TRUE,"reported","IgVo9b","textfile"
"rs10836708",11,4814376,"C","G",0.397749,0.380451,-0.0689,0.0814759,"outcome",TRUE,"reported","IgVo9b","textfile"
"rs11747400",5,156276432,"A","T",0.812054,0.021968,0.0640377,0.269317,"outcome",TRUE,"reported","IgVo9b","textfile"
"rs11938671",4,36530393,"T","G",0.591401,0.00634165,-0.269937,0.502855,"outcome",TRUE,"reported","IgVo9b","textfile"
"rs12498013",3,66618175,"T","C",0.972699,0.0177557,-0.0106421,0.310954,"outcome",TRUE,"reported","IgVo9b","textfile"
"rs1408509",9,29447598,"G","A",0.506547,0.725042,0.0586797,0.0883434,"outcome",TRUE,"reported","IgVo9b","textfile"
"rs1572704",1,238144406,"A","G",0.673246,0.017761,-0.1269,0.300928,"outcome",TRUE,"reported","IgVo9b","textfile"
"rs1596834",2,4721132,"A","C",0.923477,0.113436,-0.0120319,0.125261,"outcome",TRUE,"reported","IgVo9b","textfile"
"rs17594255",7,78114409,"A","T",0.38353,0.102247,0.113117,0.129809,"outcome",TRUE,"reported","IgVo9b","textfile"
"rs2803893",14,38189936,"G","A",0.214135,0.211061,-0.120104,0.0966806,"outcome",TRUE,"reported","IgVo9b","textfile"
"rs321188",7,137395385,"G","A",0.117797,0.0130164,-0.543704,0.347618,"outcome",TRUE,"reported","IgVo9b","textfile"
"rs357118",3,13190989,"A","G",0.0193972,0.834883,0.249087,0.106547,"outcome",TRUE,"reported","IgVo9b","textfile"
"rs4291236",8,104538431,"G","C",0.215485,0.921435,0.181924,0.146876,"outcome",TRUE,"reported","IgVo9b","textfile"
"rs4458182",2,149534949,"T","A",0.290297,0.944798,0.181102,0.171259,"outcome",TRUE,"reported","IgVo9b","textfile"
"rs5022652",9,4766355,"G","A",0.277011,0.76969,0.102128,0.0939487,"outcome",TRUE,"reported","IgVo9b","textfile"
"rs601208",11,79913572,"C","T",0.497794,0.268345,-0.0609156,0.0898507,"outcome",TRUE,"reported","IgVo9b","textfile"
"rs6679176",1,246308319,"C","T",0.792213,0.20209,0.0258632,0.098176,"outcome",TRUE,"reported","IgVo9b","textfile"
"rs7105058",11,107679161,"A","G",0.370612,0.533223,-0.0707224,0.0789904,"outcome",TRUE,"reported","IgVo9b","textfile"
"rs7147680",14,89561047,"A","G",0.697562,0.00398627,-0.240097,0.61783,"outcome",TRUE,"reported","IgVo9b","textfile"
"rs7185611",16,20719368,"C","T",0.646472,0.0108627,0.1777,0.387425,"outcome",TRUE,"reported","IgVo9b","textfile"
"rs7222177",17,34017365,"T","C",0.243991,0.0103444,0.458172,0.393257,"outcome",TRUE,"reported","IgVo9b","textfile"
"rs7870108",9,85198444,"T","G",0.905714,0.0196835,0.0349982,0.295477,"outcome",TRUE,"reported","IgVo9b","textfile"
"rs8003714",14,86128692,"T","G",0.15334,0.0101286,0.570957,0.399877,"outcome",TRUE,"reported","IgVo9b","textfile"
"rs8036131",15,96242267,"G","T",0.708234,0.31212,0.0320161,0.0855525,"outcome",TRUE,"reported","IgVo9b","textfile"
"rs8082167",17,54416795,"C","T",0.315358,0.979242,0.27644,0.275327,"outcome",TRUE,"reported","IgVo9b","textfile"
"rs913080",9,113793283,"T","C",0.712233,0.290728,-0.032008,0.0867759,"outcome",TRUE,"reported","IgVo9b","textfile"
"rs9833839",3,173917296,"T","C",0.845661,0.00211866,-0.181996,0.934953,"outcome",TRUE,"reported","IgVo9b","textfile"
