"SNP","chr.outcome","pos.outcome","effect_allele.outcome","other_allele.outcome","pval.outcome","eaf.outcome","beta.outcome","se.outcome","outcome","mr_keep.outcome","pval_origin.outcome","id.outcome","data_source.outcome"
"rs10186642",2,167861493,"A","G",0.450504,0.00800321,0.333654,0.442175,"outcome",TRUE,"reported","axhJcl","textfile"
"rs10228942",7,121146434,"T","A",0.554241,0.189911,-0.059601,0.100777,"outcome",TRUE,"reported","axhJcl","textfile"
"rs10794793",10,1860445,"T","C",0.293578,0.308942,0.0897855,0.0854851,"outcome",TRUE,"reported","axhJcl","textfile"
"rs12461383",19,40864433,"G","C",0.960126,0.550462,0.00407364,0.0814806,"outcome",TRUE,"reported","axhJcl","textfile"
"rs12723593",1,182569447,"G","C",0.510751,0.339508,-0.055022,0.0836622,"outcome",TRUE,"reported","axhJcl","textfile"
"rs1993342",8,15844374,"C","A",0.546154,0.824359,-0.0633794,0.105014,"outcome",TRUE,"reported","axhJcl","textfile"
"rs2171596",3,1974634,"C","A",0.304446,0.432726,-0.081998,0.0798464,"outcome",TRUE,"reported","axhJcl","textfile"
"rs262749",5,165621296,"C","A",0.0345748,0.306573,0.181964,0.0861041,"outcome",TRUE,"reported","axhJcl","textfile"
"rs719203",20,53947960,"T","C",0.181379,0.35649,-0.110724,0.0828449,"outcome",TRUE,"reported","axhJcl","textfile"
"rs8096862",18,72502255,"C","T",0.356962,0.785114,0.0886547,0.0962414,"outcome",TRUE,"reported","axhJcl","textfile"
"rs830133",19,47471321,"G","A",0.330685,0.940749,-0.164299,0.168904,"outcome",TRUE,"reported","axhJcl","textfile"
