"SNP","chr.outcome","pos.outcome","effect_allele.outcome","other_allele.outcome","pval.outcome","eaf.outcome","beta.outcome","se.outcome","outcome","mr_keep.outcome","pval_origin.outcome","id.outcome","data_source.outcome"
"rs1035688",7,137113419,"C","A",0.196822,0.433941,0.102952,0.0797669,"outcome",TRUE,"reported","M8ZwSK","textfile"
"rs11725128",4,13713459,"A","C",0.510245,0.0294279,0.151006,0.229333,"outcome",TRUE,"reported","M8ZwSK","textfile"
"rs11825174",11,88789110,"T","C",0.18462,0.0628093,0.215346,0.162321,"outcome",TRUE,"reported","M8ZwSK","textfile"
"rs13111443",4,176013708,"C","T",0.041379,0.243249,0.18977,0.0930378,"outcome",TRUE,"reported","M8ZwSK","textfile"
"rs13160029",5,6327526,"G","C",0.150437,0.43211,0.114918,0.0799157,"outcome",TRUE,"reported","M8ZwSK","textfile"
"rs1443751",7,122336024,"C","T",0.14328,0.20114,0.144385,0.098645,"outcome",TRUE,"reported","M8ZwSK","textfile"
"rs1568846",7,14698374,"G","A",0.375729,0.423818,-0.070948,0.0800955,"outcome",TRUE,"reported","M8ZwSK","textfile"
"rs17130035",1,87520794,"C","T",0.666825,0.10773,0.0551646,0.128138,"outcome",TRUE,"reported","M8ZwSK","textfile"
"rs17423920",5,123993721,"C","T",0.26057,0.107791,0.144285,0.128249,"outcome",TRUE,"reported","M8ZwSK","textfile"
"rs2218152",3,165237953,"T","G",0.447629,0.438898,0.0605628,0.0797535,"outcome",TRUE,"reported","M8ZwSK","textfile"
"rs2567470",17,72743257,"C","T",0.961095,0.749042,-0.00445343,0.0912973,"outcome",TRUE,"reported","M8ZwSK","textfile"
"rs2980782",8,3946264,"C","G",0.65289,0.395575,0.0362941,0.0806983,"outcome",TRUE,"reported","M8ZwSK","textfile"
"rs3124018",9,105107564,"G","A",0.80051,0.0527242,-0.0450669,0.178351,"outcome",TRUE,"reported","M8ZwSK","textfile"
"rs6047134",20,2160408,"A","G",0.0179172,0.316158,-0.200741,0.0847967,"outcome",TRUE,"reported","M8ZwSK","textfile"
"rs6060270",20,35149011,"T","G",0.0209079,0.255097,-0.209547,0.0907269,"outcome",TRUE,"reported","M8ZwSK","textfile"
"rs6804368",3,30712081,"G","A",0.723383,0.507063,-0.0280628,0.0792865,"outcome",TRUE,"reported","M8ZwSK","textfile"
"rs7009544",8,93254718,"C","T",0.822309,0.385358,0.0182882,0.0814341,"outcome",TRUE,"reported","M8ZwSK","textfile"
"rs7082340",10,53389094,"G","A",0.185864,0.478746,0.105024,0.0793881,"outcome",TRUE,"reported","M8ZwSK","textfile"
"rs7429997",3,71186831,"T","C",0.728932,0.322,0.0293063,0.0845666,"outcome",TRUE,"reported","M8ZwSK","textfile"
"rs7775554",6,89169449,"C","A",0.308021,0.519234,0.0806611,0.0791275,"outcome",TRUE,"reported","M8ZwSK","textfile"
"rs7843729",8,17941006,"G","C",0.814559,0.119043,0.0286051,0.121958,"outcome",TRUE,"reported","M8ZwSK","textfile"
"rs8002180",13,95270511,"C","T",0.518235,0.234798,-0.0602496,0.0932557,"outcome",TRUE,"reported","M8ZwSK","textfile"
"rs842456",7,158790471,"A","G",0.736573,0.783222,-0.032286,0.0959767,"outcome",TRUE,"reported","M8ZwSK","textfile"
