"SNP","chr.outcome","pos.outcome","effect_allele.outcome","other_allele.outcome","pval.outcome","eaf.outcome","beta.outcome","se.outcome","outcome","mr_keep.outcome","pval_origin.outcome","id.outcome","data_source.outcome"
"rs10074013",5,124952500,"G","A",0.0615843,0.78074,0.179807,0.0961909,"outcome",TRUE,"reported","mgtCWx","textfile"
"rs10779577",1,212251051,"A","G",0.153389,0.310465,-0.122289,0.0856566,"outcome",TRUE,"reported","mgtCWx","textfile"
"rs11046265",12,22036696,"T","C",0.758978,0.359899,0.0254372,0.0829051,"outcome",TRUE,"reported","mgtCWx","textfile"
"rs13146757",4,90200600,"T","C",0.197541,0.0114615,0.479445,0.37207,"outcome",TRUE,"reported","mgtCWx","textfile"
"rs17358216",5,71719023,"T","C",0.0794292,0.0224814,0.470755,0.268388,"outcome",TRUE,"reported","mgtCWx","textfile"
"rs1892513",6,6978571,"A","G",0.841807,0.424163,-0.0159979,0.0801569,"outcome",TRUE,"reported","mgtCWx","textfile"
"rs6502323",17,13996773,"A","T",0.409971,0.300871,0.0712867,0.0865188,"outcome",TRUE,"reported","mgtCWx","textfile"
"rs7956425",12,42360374,"G","A",0.92859,0.123988,0.0107272,0.119697,"outcome",TRUE,"reported","mgtCWx","textfile"
