"SNP","chr.outcome","pos.outcome","effect_allele.outcome","other_allele.outcome","pval.outcome","eaf.outcome","beta.outcome","se.outcome","outcome","mr_keep.outcome","pval_origin.outcome","id.outcome","data_source.outcome"
"rs10142427",14,99206987,"C","A",0.702634,0.306832,-0.0326709,0.085578,"outcome",TRUE,"reported","i4GTXy","textfile"
"rs10783282",12,48753164,"A","G",0.129811,0.275147,0.135044,0.0891469,"outcome",TRUE,"reported","i4GTXy","textfile"
"rs11148029",13,47071554,"G","A",0.0734074,0.133695,-0.208705,0.116576,"outcome",TRUE,"reported","i4GTXy","textfile"
"rs11163350",1,81704644,"T","C",0.96033,0.419611,0.00398346,0.0800876,"outcome",TRUE,"reported","i4GTXy","textfile"
"rs1374486",1,159610613,"A","G",0.753621,0.284443,-0.0276229,0.0880082,"outcome",TRUE,"reported","i4GTXy","textfile"
"rs16928165",11,35972061,"G","A",0.918486,0.0139492,-0.0339609,0.331842,"outcome",TRUE,"reported","i4GTXy","textfile"
"rs4915719",1,60918273,"A","G",0.0181882,0.524856,0.187444,0.0793661,"outcome",TRUE,"reported","i4GTXy","textfile"
"rs8050423",16,79154382,"A","G",0.637263,0.0392036,0.095769,0.203104,"outcome",TRUE,"reported","i4GTXy","textfile"
"rs9962038",18,77048059,"T","C",0.51933,0.205625,0.0633468,0.0983068,"outcome",TRUE,"reported","i4GTXy","textfile"
