"SNP","chr.outcome","pos.outcome","effect_allele.outcome","other_allele.outcome","pval.outcome","eaf.outcome","beta.outcome","se.outcome","outcome","mr_keep.outcome","pval_origin.outcome","id.outcome","data_source.outcome"
"rs10005516",4,122163719,"A","G",0.200563,0.013659,-0.439448,0.343332,"outcome",TRUE,"reported","aTdPsx","textfile"
"rs11218454",11,121920331,"G","A",0.636567,0.501281,0.0373933,0.0791386,"outcome",TRUE,"reported","aTdPsx","textfile"
"rs12470581",2,122516243,"A","G",0.697248,0.0319671,0.0859657,0.22097,"outcome",TRUE,"reported","aTdPsx","textfile"
"rs13291283",9,81019914,"T","C",0.581629,0.0275458,-0.131118,0.237961,"outcome",TRUE,"reported","aTdPsx","textfile"
"rs16851075",3,141130298,"G","A",0.386228,0.0125891,0.303568,0.350347,"outcome",TRUE,"reported","aTdPsx","textfile"
"rs17115294",15,25143467,"C","T",0.829228,0.0724076,0.0329431,0.152732,"outcome",TRUE,"reported","aTdPsx","textfile"
"rs2074116",7,111739650,"G","A",0.106265,0.256256,0.147481,0.0913072,"outcome",TRUE,"reported","aTdPsx","textfile"
"rs6450591",5,28024720,"G","A",0.421433,0.9535,0.149391,0.185824,"outcome",TRUE,"reported","aTdPsx","textfile"
"rs6823047",4,14324569,"A","C",0.748735,0.723898,-0.0284183,0.0887216,"outcome",TRUE,"reported","aTdPsx","textfile"
"rs6930522",6,101501062,"G","A",0.167691,0.342166,0.115261,0.083543,"outcome",TRUE,"reported","aTdPsx","textfile"
"rs723124",10,56758916,"G","C",0.564192,0.00050742,-1.03765,1.79953,"outcome",TRUE,"reported","aTdPsx","textfile"
"rs8085059",18,13492910,"A","G",0.206775,0.471153,-0.100031,0.0792333,"outcome",TRUE,"reported","aTdPsx","textfile"
