"SNP","chr.outcome","pos.outcome","effect_allele.outcome","other_allele.outcome","pval.outcome","eaf.outcome","beta.outcome","se.outcome","outcome","mr_keep.outcome","pval_origin.outcome","id.outcome","data_source.outcome"
"rs12335217",8,65111605,"T","C",0.0976922,0.0434211,-0.327552,0.19778,"outcome",TRUE,"reported","a0EbYi","textfile"
"rs12633114",3,65343271,"A","G",0.46121,0.604093,0.0602247,0.081732,"outcome",TRUE,"reported","a0EbYi","textfile"
"rs12769591",10,73048287,"G","A",0.984452,0.0264333,0.00481931,0.247291,"outcome",TRUE,"reported","a0EbYi","textfile"
"rs1391470",15,76137444,"T","C",0.0508312,0.00751406,0.895521,0.458558,"outcome",TRUE,"reported","a0EbYi","textfile"
"rs1530045",2,23466164,"A","G",0.253648,0.372566,-0.0938451,0.0822096,"outcome",TRUE,"reported","a0EbYi","textfile"
"rs17065159",8,599716,"A","G",0.776161,0.0626955,-0.0469524,0.165136,"outcome",TRUE,"reported","a0EbYi","textfile"
"rs17124948",14,88895725,"T","C",0.32258,0.00213973,-0.864525,0.87399,"outcome",TRUE,"reported","a0EbYi","textfile"
"rs17433244",22,27161387,"A","C",0.561366,0.0628421,0.0942634,0.162295,"outcome",TRUE,"reported","a0EbYi","textfile"
"rs17665024",2,105939401,"G","A",0.81056,0.160193,-0.0258316,0.107764,"outcome",TRUE,"reported","a0EbYi","textfile"
"rs1899124",18,64821582,"C","T",0.417088,0.126533,-0.09629,0.118659,"outcome",TRUE,"reported","a0EbYi","textfile"
"rs2622243",7,153829697,"A","G",0.425014,0.416576,-0.0642161,0.0804962,"outcome",TRUE,"reported","a0EbYi","textfile"
"rs2801848",10,28093827,"C","T",0.536152,0.912452,-0.0872465,0.141029,"outcome",TRUE,"reported","a0EbYi","textfile"
"rs4687396",3,193241984,"A","C",0.55484,0.991546,0.259908,0.440132,"outcome",TRUE,"reported","a0EbYi","textfile"
"rs542663",9,132397517,"T","C",0.482931,0.768891,-0.0660979,0.0942106,"outcome",TRUE,"reported","a0EbYi","textfile"
"rs548027",15,53097947,"A","G",0.626298,0.00240693,-0.418823,0.860104,"outcome",TRUE,"reported","a0EbYi","textfile"
"rs6698616",1,58036003,"T","G",0.631837,0.000517817,-1.02859,2.14674,"outcome",TRUE,"reported","a0EbYi","textfile"
"rs6978556",7,50429836,"T","C",0.0637926,0.0121893,0.667805,0.36027,"outcome",TRUE,"reported","a0EbYi","textfile"
"rs7239639",18,72831385,"C","T",0.00450599,0.205018,0.256348,0.0902515,"outcome",TRUE,"reported","a0EbYi","textfile"
"rs756247",12,80912898,"T","A",0.386494,0.0483754,-0.161611,0.18662,"outcome",TRUE,"reported","a0EbYi","textfile"
"rs813108",12,28053119,"A","G",0.640065,0.0155591,-0.149196,0.319061,"outcome",TRUE,"reported","a0EbYi","textfile"
