"SNP","chr.outcome","pos.outcome","effect_allele.outcome","other_allele.outcome","pval.outcome","eaf.outcome","beta.outcome","se.outcome","outcome","mr_keep.outcome","pval_origin.outcome","id.outcome","data_source.outcome"
"rs12278387",11,5547318,"C","T",0.187755,0.339225,0.110552,0.0839262,"outcome",TRUE,"reported","iaJCOL","textfile"
"rs12521058",5,77131162,"A","C",0.707239,0.414941,0.0301509,0.0802812,"outcome",TRUE,"reported","iaJCOL","textfile"
"rs12763437",10,78453560,"A","G",0.39133,0.0764838,-0.126769,0.147886,"outcome",TRUE,"reported","iaJCOL","textfile"
"rs1460191",18,52654822,"C","A",0.929443,0.821647,-0.00920832,0.103995,"outcome",TRUE,"reported","iaJCOL","textfile"
"rs1852749",4,17446076,"A","T",0.342713,0.932776,-0.150726,0.158857,"outcome",TRUE,"reported","iaJCOL","textfile"
"rs3923017",17,236842,"T","C",0.212565,0.0567527,0.209526,0.168086,"outcome",TRUE,"reported","iaJCOL","textfile"
"rs4696727",4,7991059,"C","T",0.63641,0.42577,-0.0378972,0.0801679,"outcome",TRUE,"reported","iaJCOL","textfile"
"rs562210",8,80495561,"C","A",0.976209,0.246383,-0.00274543,0.0920603,"outcome",TRUE,"reported","iaJCOL","textfile"
"rs6432256",2,12058958,"T","C",0.491806,0.712786,0.0600453,0.0873464,"outcome",TRUE,"reported","iaJCOL","textfile"
"rs9521789",13,110467273,"T","C",0.482335,0.457999,0.0559893,0.0796942,"outcome",TRUE,"reported","iaJCOL","textfile"
