"SNP","chr.outcome","pos.outcome","effect_allele.outcome","other_allele.outcome","pval.outcome","eaf.outcome","beta.outcome","se.outcome","outcome","mr_keep.outcome","pval_origin.outcome","id.outcome","data_source.outcome"
"rs10166510",2,81808092,"G","A",0.751806,0.27386,0.0280225,0.0886065,"outcome",TRUE,"reported","aIPJRM","textfile"
"rs10861380",12,105289285,"G","A",0.527553,0.344289,-0.0524634,0.0830451,"outcome",TRUE,"reported","aIPJRM","textfile"
"rs10977422",9,8982712,"G","A",0.507494,0.152398,-0.0731273,0.11034,"outcome",TRUE,"reported","aIPJRM","textfile"
"rs1165189",6,25849551,"C","A",0.0617007,0.241257,0.171904,0.0920036,"outcome",TRUE,"reported","aIPJRM","textfile"
"rs1383950",8,3730100,"T","C",0.0385771,0.993575,1.0311,0.498434,"outcome",TRUE,"reported","aIPJRM","textfile"
"rs2776982",13,29507247,"C","A",0.19905,0.949775,-0.232446,0.180996,"outcome",TRUE,"reported","aIPJRM","textfile"
"rs3024298",17,44960549,"C","A",0.315607,0.0316535,-0.230869,0.230058,"outcome",TRUE,"reported","aIPJRM","textfile"
"rs4655028",1,22167332,"C","G",0.058027,0.364158,0.155606,0.0820929,"outcome",TRUE,"reported","aIPJRM","textfile"
"rs902092",4,63251593,"A","G",0.238179,0.169099,0.124763,0.105772,"outcome",TRUE,"reported","aIPJRM","textfile"
"rs9375094",6,122036839,"T","C",0.0458902,0.0198133,0.563027,0.282021,"outcome",TRUE,"reported","aIPJRM","textfile"
