"SNP","chr.outcome","pos.outcome","effect_allele.outcome","other_allele.outcome","pval.outcome","eaf.outcome","beta.outcome","se.outcome","outcome","mr_keep.outcome","pval_origin.outcome","id.outcome","data_source.outcome"
"rs10019295",4,160039921,"G","A",0.445165,0.0344278,0.164513,0.215471,"outcome",TRUE,"reported","fam5Sr","textfile"
"rs10510506",3,20789951,"C","A",0.958362,0.0405103,-0.0104526,0.200205,"outcome",TRUE,"reported","fam5Sr","textfile"
"rs11563459",7,127412947,"C","T",0.197571,0.107819,0.164338,0.127542,"outcome",TRUE,"reported","fam5Sr","textfile"
"rs12658525",5,57936107,"T","C",0.0479744,0.0366405,-0.418404,0.211572,"outcome",TRUE,"reported","fam5Sr","textfile"
"rs1322668",6,44505940,"C","G",0.595685,0.210769,0.0516484,0.097337,"outcome",TRUE,"reported","fam5Sr","textfile"
"rs1535321",14,90704482,"A","G",0.0419334,0.779248,-0.192642,0.0947025,"outcome",TRUE,"reported","fam5Sr","textfile"
"rs16843794",2,132931890,"C","T",0.329769,0.0283178,-0.233829,0.239928,"outcome",TRUE,"reported","fam5Sr","textfile"
"rs17082709",6,152455960,"C","A",0.435605,0.055298,0.134725,0.172805,"outcome",TRUE,"reported","fam5Sr","textfile"
"rs17091635",14,94919284,"A","G",0.162647,0.0212339,0.382121,0.273682,"outcome",TRUE,"reported","fam5Sr","textfile"
"rs2173524",10,1645604,"G","T",0.99456,0.629435,-0.000558711,0.0819424,"outcome",TRUE,"reported","fam5Sr","textfile"
"rs2292787",2,168163677,"A","G",0.778035,0.0788468,-0.0416672,0.147819,"outcome",TRUE,"reported","fam5Sr","textfile"
"rs2859567",16,81387985,"A","C",0.61138,0.859514,-0.0584337,0.115003,"outcome",TRUE,"reported","fam5Sr","textfile"
"rs29766",5,31632792,"A","G",0.184188,0.0951501,-0.179009,0.134799,"outcome",TRUE,"reported","fam5Sr","textfile"
"rs4691942",4,163942350,"A","G",0.259465,0.894079,0.144662,0.128285,"outcome",TRUE,"reported","fam5Sr","textfile"
"rs4822679",22,25996206,"G","A",0.670403,0.000495869,-0.821884,1.93114,"outcome",TRUE,"reported","fam5Sr","textfile"
"rs5998862",22,33301562,"C","A",0.225792,0.0505697,0.217992,0.17997,"outcome",TRUE,"reported","fam5Sr","textfile"
"rs6758453",2,39753182,"C","T",0.853983,0.603989,-0.0148772,0.080837,"outcome",TRUE,"reported","fam5Sr","textfile"
"rs6938476",6,162888018,"T","C",0.312839,0.242275,-0.0935424,0.0926821,"outcome",TRUE,"reported","fam5Sr","textfile"
"rs7150140",14,89190032,"C","T",0.847319,0.00773344,-0.0881877,0.458024,"outcome",TRUE,"reported","fam5Sr","textfile"
"rs7211635",17,32973387,"A","G",0.983291,0.900852,0.00274137,0.130894,"outcome",TRUE,"reported","fam5Sr","textfile"
"rs7334694",13,54972025,"C","T",0.105239,0.419629,-0.129971,0.0802309,"outcome",TRUE,"reported","fam5Sr","textfile"
"rs7925072",11,20624599,"T","C",0.0861906,0.822936,-0.178278,0.103901,"outcome",TRUE,"reported","fam5Sr","textfile"
"rs7934379",11,83950125,"T","C",0.784777,0.000126414,-1.11048,4.06622,"outcome",TRUE,"reported","fam5Sr","textfile"
"rs843172",9,103096224,"T","G",0.565158,0.994056,-0.29616,0.514885,"outcome",TRUE,"reported","fam5Sr","textfile"
"rs922025",5,2302399,"G","A",0.171348,0.69748,0.11846,0.0866004,"outcome",TRUE,"reported","fam5Sr","textfile"
"rs9451887",6,92054450,"G","A",0.343673,0.00120315,-1.02644,1.08396,"outcome",TRUE,"reported","fam5Sr","textfile"
"rs9466463",6,10504299,"C","G",0.287327,0.0722152,-0.163086,0.153276,"outcome",TRUE,"reported","fam5Sr","textfile"
