"SNP","chr.outcome","pos.outcome","effect_allele.outcome","other_allele.outcome","pval.outcome","eaf.outcome","beta.outcome","se.outcome","outcome","mr_keep.outcome","pval_origin.outcome","id.outcome","data_source.outcome"
"rs11066410",12,112776023,"A","C",0.494256,0.069798,-0.106504,0.155809,"outcome",TRUE,"reported","HxNa8l","textfile"
"rs1160835",12,44307358,"T","C",0.675178,0.0528065,-0.0746466,0.178132,"outcome",TRUE,"reported","HxNa8l","textfile"
"rs12405135",1,242555031,"A","G",0.00110263,0.0811513,-0.52356,0.160456,"outcome",TRUE,"reported","HxNa8l","textfile"
"rs12670780",7,25980333,"G","A",0.785124,0.115931,-0.0337505,0.123788,"outcome",TRUE,"reported","HxNa8l","textfile"
"rs17220921",10,107636783,"T","C",0.608848,0.0329787,-0.113267,0.221347,"outcome",TRUE,"reported","HxNa8l","textfile"
"rs1986163",4,81423233,"T","C",0.554488,0.00668498,-0.292922,0.495597,"outcome",TRUE,"reported","HxNa8l","textfile"
"rs2623476",15,39195375,"A","C",0.605454,0.327441,0.0435732,0.0843503,"outcome",TRUE,"reported","HxNa8l","textfile"
"rs4107301",13,107871875,"A","G",0.199557,0.274613,-0.114131,0.0889689,"outcome",TRUE,"reported","HxNa8l","textfile"
"rs4695275",4,47773028,"A","T",0.480399,0.0911856,-0.0966455,0.136957,"outcome",TRUE,"reported","HxNa8l","textfile"
"rs7132897",12,10342519,"A","T",0.239514,0.0559401,-0.20427,0.173669,"outcome",TRUE,"reported","HxNa8l","textfile"
"rs7544128",1,97406204,"G","C",0.396988,0.262561,0.0760934,0.0898373,"outcome",TRUE,"reported","HxNa8l","textfile"
"rs756316",17,6164797,"T","C",0.359221,0.574271,-0.0732366,0.0798784,"outcome",TRUE,"reported","HxNa8l","textfile"
"rs777828",8,115205639,"A","G",0.382995,0.947881,-0.15288,0.175243,"outcome",TRUE,"reported","HxNa8l","textfile"
"rs7828959",8,68293237,"G","A",0.950835,0.729309,-0.00549651,0.0891447,"outcome",TRUE,"reported","HxNa8l","textfile"
