"SNP","chr.outcome","pos.outcome","effect_allele.outcome","other_allele.outcome","pval.outcome","eaf.outcome","beta.outcome","se.outcome","outcome","mr_keep.outcome","pval_origin.outcome","id.outcome","data_source.outcome"
"rs11773405",7,16110207,"C","T",0.88103,0.240857,-0.0137925,0.0921571,"outcome",TRUE,"reported","b8m96X","textfile"
"rs12631637",3,2960432,"G","C",0.39264,0.274887,-0.0759983,0.0889035,"outcome",TRUE,"reported","b8m96X","textfile"
"rs12727188",1,159516538,"G","T",0.13531,0.12176,-0.180324,0.12074,"outcome",TRUE,"reported","b8m96X","textfile"
"rs13121822",4,25088740,"A","G",0.0854358,0.231062,0.161234,0.0937418,"outcome",TRUE,"reported","b8m96X","textfile"
"rs2269543",22,44849050,"T","C",0.734233,0.203117,0.0333549,0.0982475,"outcome",TRUE,"reported","b8m96X","textfile"
"rs6727350",2,22392358,"A","T",0.126714,0.141965,0.17195,0.112593,"outcome",TRUE,"reported","b8m96X","textfile"
"rs7151939",14,76148606,"T","G",0.22364,0.0811655,-0.174987,0.143797,"outcome",TRUE,"reported","b8m96X","textfile"
"rs7737048",5,79571426,"T","C",0.967611,0.0955623,0.00543353,0.133814,"outcome",TRUE,"reported","b8m96X","textfile"
