"SNP","chr.outcome","pos.outcome","effect_allele.outcome","other_allele.outcome","pval.outcome","eaf.outcome","beta.outcome","se.outcome","outcome","mr_keep.outcome","pval_origin.outcome","id.outcome","data_source.outcome"
"rs10832313",11,14900817,"G","A",0.783726,0.06159,-0.045063,0.164184,"outcome",TRUE,"reported","Qf8aKj","textfile"
"rs11714789",3,71136859,"T","C",0.965246,0.998453,0.0437521,1.00413,"outcome",TRUE,"reported","Qf8aKj","textfile"
"rs11993732",8,106724660,"C","T",0.0858994,0.0197548,-0.477246,0.277882,"outcome",TRUE,"reported","Qf8aKj","textfile"
"rs13082822",3,1496001,"G","T",0.0270539,0.0929367,-0.302647,0.136899,"outcome",TRUE,"reported","Qf8aKj","textfile"
"rs13225659",7,20753809,"T","A",0.0163365,0.101944,-0.314638,0.131028,"outcome",TRUE,"reported","Qf8aKj","textfile"
"rs13294186",9,37372440,"G","A",0.183807,0.00439253,0.802427,0.603726,"outcome",TRUE,"reported","Qf8aKj","textfile"
"rs1383681",4,12605658,"G","A",0.26706,0.582053,-0.0894056,0.0805558,"outcome",TRUE,"reported","Qf8aKj","textfile"
"rs16875784",5,5579326,"A","G",0.0974159,0.00271426,1.24327,0.750085,"outcome",TRUE,"reported","Qf8aKj","textfile"
"rs16982831",20,59501979,"A","G",0.917443,0.00568081,-0.0586859,0.566166,"outcome",TRUE,"reported","Qf8aKj","textfile"
"rs16994356",21,36633344,"G","T",0.210765,0.00702328,-0.583696,0.46641,"outcome",TRUE,"reported","Qf8aKj","textfile"
"rs17006323",3,69664779,"G","A",0.577733,0.0612357,0.0909454,0.163365,"outcome",TRUE,"reported","Qf8aKj","textfile"
"rs17073398",18,64647588,"T","C",0.872364,0.0225219,0.0426701,0.265598,"outcome",TRUE,"reported","Qf8aKj","textfile"
"rs17115338",14,44617611,"C","T",0.11897,0.0111724,-0.591117,0.379137,"outcome",TRUE,"reported","Qf8aKj","textfile"
"rs17259313",18,23572943,"C","G",0.687873,0.0167682,0.124207,0.309169,"outcome",TRUE,"reported","Qf8aKj","textfile"
"rs244904",5,168479417,"G","A",0.0734379,0.528009,-0.142006,0.0793286,"outcome",TRUE,"reported","Qf8aKj","textfile"
"rs2826321",21,20487464,"G","A",0.384578,0.0625345,0.1417,0.162969,"outcome",TRUE,"reported","Qf8aKj","textfile"
"rs3752559",20,43569264,"T","G",0.613793,0.0064127,-0.261105,0.517381,"outcome",TRUE,"reported","Qf8aKj","textfile"
"rs3791160",17,82806895,"T","C",0.6454,0.00591092,-0.232494,0.505244,"outcome",TRUE,"reported","Qf8aKj","textfile"
"rs4785153",16,48934255,"G","A",0.750549,0.983888,0.101862,0.320405,"outcome",TRUE,"reported","Qf8aKj","textfile"
"rs4897530",6,131532781,"T","C",0.0401476,0.0175389,-0.627503,0.305767,"outcome",TRUE,"reported","Qf8aKj","textfile"
"rs6109922",20,13523780,"T","A",0.159744,0.0566868,-0.244815,0.17413,"outcome",TRUE,"reported","Qf8aKj","textfile"
"rs6759985",2,210934643,"T","G",0.376593,0.0136685,-0.308081,0.348432,"outcome",TRUE,"reported","Qf8aKj","textfile"
"rs7996156",13,37130986,"T","C",0.899671,0.019408,-0.0361622,0.286825,"outcome",TRUE,"reported","Qf8aKj","textfile"
"rs827283",10,70954787,"G","A",0.72709,0.198236,-0.0347114,0.0994597,"outcome",TRUE,"reported","Qf8aKj","textfile"
"rs9288697",2,157838306,"G","T",0.862561,0.914858,-0.0249942,0.144378,"outcome",TRUE,"reported","Qf8aKj","textfile"
"rs9317012",13,58760331,"C","T",0.75863,0.104017,-0.0399571,0.130034,"outcome",TRUE,"reported","Qf8aKj","textfile"
