"SNP","chr.outcome","pos.outcome","effect_allele.outcome","other_allele.outcome","pval.outcome","eaf.outcome","beta.outcome","se.outcome","outcome","mr_keep.outcome","pval_origin.outcome","id.outcome","data_source.outcome"
"rs1053871",16,3131962,"C","T",0.654157,0.339697,-0.0373285,0.0833233,"outcome",TRUE,"reported","Vwq5xv","textfile"
"rs10869731",9,76196461,"C","T",0.50822,0.266634,0.0595128,0.0899513,"outcome",TRUE,"reported","Vwq5xv","textfile"
"rs11110563",12,100863062,"G","T",0.41708,0.542988,0.0646185,0.0796287,"outcome",TRUE,"reported","Vwq5xv","textfile"
"rs11163633",1,83011673,"A","C",0.991386,0.466074,-0.00085621,0.0793028,"outcome",TRUE,"reported","Vwq5xv","textfile"
"rs12263193",10,71882148,"G","A",0.505297,0.359052,-0.0549242,0.0824468,"outcome",TRUE,"reported","Vwq5xv","textfile"
"rs12429941",13,75457508,"A","G",0.412822,0.0242942,-0.213217,0.260359,"outcome",TRUE,"reported","Vwq5xv","textfile"
"rs138832",22,49784434,"G","A",0.83246,0.188696,0.0214331,0.101316,"outcome",TRUE,"reported","Vwq5xv","textfile"
"rs1397793",5,91175634,"A","G",0.660087,0.689821,0.0380927,0.086615,"outcome",TRUE,"reported","Vwq5xv","textfile"
"rs1494950",4,14965545,"G","A",0.811756,0.0279334,-0.057089,0.239707,"outcome",TRUE,"reported","Vwq5xv","textfile"
"rs1671152",19,55014977,"G","T",0.667011,0.882503,0.0526339,0.122333,"outcome",TRUE,"reported","Vwq5xv","textfile"
"rs2271316",17,7012082,"G","C",0.882616,0.588245,0.0118769,0.0804374,"outcome",TRUE,"reported","Vwq5xv","textfile"
"rs6580981",12,54329244,"A","G",0.408195,0.582305,-0.0662671,0.0801223,"outcome",TRUE,"reported","Vwq5xv","textfile"
"rs684448",1,95490807,"G","T",0.809485,0.800136,-0.0238632,0.0989806,"outcome",TRUE,"reported","Vwq5xv","textfile"
"rs953628",3,99120070,"T","G",0.952573,0.177293,-0.00609096,0.102409,"outcome",TRUE,"reported","Vwq5xv","textfile"
