"SNP","chr.outcome","pos.outcome","effect_allele.outcome","other_allele.outcome","pval.outcome","eaf.outcome","beta.outcome","se.outcome","outcome","mr_keep.outcome","pval_origin.outcome","id.outcome","data_source.outcome"
"rs10023843",4,32445061,"G","T",0.192587,0.00425566,0.780355,0.598907,"outcome",TRUE,"reported","rwJuSO","textfile"
"rs10152981",15,27262996,"A","G",0.973528,0.653296,0.00275698,0.0830816,"outcome",TRUE,"reported","rwJuSO","textfile"
"rs10232298",7,127579363,"G","A",0.71603,0.776586,-0.0345667,0.0950231,"outcome",TRUE,"reported","rwJuSO","textfile"
"rs1026686",3,21464570,"C","T",0.0244619,0.23188,-0.210717,0.0936604,"outcome",TRUE,"reported","rwJuSO","textfile"
"rs1057744",14,105150705,"T","C",0.95535,0.578098,0.00449449,0.0802733,"outcome",TRUE,"reported","rwJuSO","textfile"
"rs10764832",10,128952301,"T","C",0.401986,0.791323,-0.0823898,0.0983078,"outcome",TRUE,"reported","rwJuSO","textfile"
"rs10938365",4,44792242,"A","C",0.871338,0.376965,0.0132051,0.081534,"outcome",TRUE,"reported","rwJuSO","textfile"
"rs11902058",2,188998082,"C","A",0.644947,0.016162,0.14318,0.310724,"outcome",TRUE,"reported","rwJuSO","textfile"
"rs12037134",1,200752151,"G","A",0.443608,0.125298,0.0919972,0.120083,"outcome",TRUE,"reported","rwJuSO","textfile"
"rs12299255",12,46707787,"G","A",0.395632,0.130916,-0.100153,0.117903,"outcome",TRUE,"reported","rwJuSO","textfile"
"rs12356268",10,37958958,"G","A",0.503346,0.0397294,0.136826,0.204451,"outcome",TRUE,"reported","rwJuSO","textfile"
"rs12716182",5,7038418,"A","T",0.301768,0.353568,0.0856763,0.0829675,"outcome",TRUE,"reported","rwJuSO","textfile"
"rs1544149",1,245961981,"T","C",0.579389,0.611081,0.0452613,0.081658,"outcome",TRUE,"reported","rwJuSO","textfile"
"rs167675",17,32692978,"G","C",0.225457,0.739407,0.109592,0.0904113,"outcome",TRUE,"reported","rwJuSO","textfile"
"rs17155780",5,103739386,"G","A",0.928143,0.13842,-0.0104018,0.115343,"outcome",TRUE,"reported","rwJuSO","textfile"
"rs17380093",2,83409931,"C","T",0.918334,0.425391,-0.00823819,0.0803466,"outcome",TRUE,"reported","rwJuSO","textfile"
"rs17420616",8,20594583,"C","G",0.0663636,0.0560128,-0.318352,0.173398,"outcome",TRUE,"reported","rwJuSO","textfile"
"rs17468022",4,14392240,"T","C",0.599037,0.400908,0.0424517,0.0807398,"outcome",TRUE,"reported","rwJuSO","textfile"
"rs1861512",2,205278469,"C","T",0.156152,0.657352,0.118778,0.0837567,"outcome",TRUE,"reported","rwJuSO","textfile"
"rs1995777",5,32987850,"C","T",0.860771,0.41735,0.0141743,0.0808148,"outcome",TRUE,"reported","rwJuSO","textfile"
"rs20301",22,33587608,"A","G",0.321864,0.494519,0.0783815,0.0791224,"outcome",TRUE,"reported","rwJuSO","textfile"
"rs2116833",10,76952603,"G","A",0.837604,0.738123,-0.0184686,0.0901091,"outcome",TRUE,"reported","rwJuSO","textfile"
"rs2889961",9,84578520,"A","G",0.230078,0.294364,0.104321,0.0869226,"outcome",TRUE,"reported","rwJuSO","textfile"
"rs2898615",5,107225626,"C","G",0.648164,0.455512,0.0362894,0.0795271,"outcome",TRUE,"reported","rwJuSO","textfile"
"rs3007381",1,168981270,"G","T",0.491351,0.471673,-0.05455,0.0792692,"outcome",TRUE,"reported","rwJuSO","textfile"
"rs3783687",14,58012223,"C","A",0.466826,0.000836746,-1.07246,1.47387,"outcome",TRUE,"reported","rwJuSO","textfile"
"rs4467622",4,184101919,"G","C",0.430796,0.405481,-0.0635849,0.0807089,"outcome",TRUE,"reported","rwJuSO","textfile"
"rs6882710",5,108615094,"G","A",0.112015,0.531951,0.126085,0.0793386,"outcome",TRUE,"reported","rwJuSO","textfile"
"rs7584770",2,168415340,"C","G",0.0284695,0.0412004,-0.442052,0.201781,"outcome",TRUE,"reported","rwJuSO","textfile"
"rs891527",1,68175477,"T","A",0.575848,0.36114,0.045877,0.0820023,"outcome",TRUE,"reported","rwJuSO","textfile"
