"SNP","chr.outcome","pos.outcome","effect_allele.outcome","other_allele.outcome","pval.outcome","eaf.outcome","beta.outcome","se.outcome","outcome","mr_keep.outcome","pval_origin.outcome","id.outcome","data_source.outcome"
"rs10261620",7,149816940,"G","T",0.238542,0.3181,-0.100079,0.0849102,"outcome",TRUE,"reported","8rFK6u","textfile"
"rs1041323",9,87450124,"C","T",0.457398,0.607633,0.0603943,0.0812693,"outcome",TRUE,"reported","8rFK6u","textfile"
"rs13103561",4,72662965,"C","T",0.437677,0.288448,0.0681107,0.0877579,"outcome",TRUE,"reported","8rFK6u","textfile"
"rs1402168",2,50308930,"G","T",0.546268,0.104058,-0.0774864,0.128424,"outcome",TRUE,"reported","8rFK6u","textfile"
"rs2028829",5,143493465,"C","T",0.52655,0.0391301,0.129725,0.204846,"outcome",TRUE,"reported","8rFK6u","textfile"
"rs4530331",2,186285331,"A","G",0.52518,0.412949,0.0509924,0.0802548,"outcome",TRUE,"reported","8rFK6u","textfile"
"rs542320",15,29244741,"T","A",0.423838,0.587895,-0.0643663,0.08048,"outcome",TRUE,"reported","8rFK6u","textfile"
"rs9317917",13,70298323,"C","A",0.669525,0.733659,0.0383237,0.0897933,"outcome",TRUE,"reported","8rFK6u","textfile"
"rs9349529",6,50294165,"A","C",0.526916,0.475669,0.050112,0.0792009,"outcome",TRUE,"reported","8rFK6u","textfile"
