"SNP","chr.outcome","pos.outcome","effect_allele.outcome","other_allele.outcome","pval.outcome","eaf.outcome","beta.outcome","se.outcome","outcome","mr_keep.outcome","pval_origin.outcome","id.outcome","data_source.outcome"
"rs10088108",8,20205301,"G","A",0.811919,0.11327,-0.0297936,0.125209,"outcome",TRUE,"reported","recLxd","textfile"
"rs10136315",14,68596847,"G","A",0.564362,0.425458,0.0459919,0.0797952,"outcome",TRUE,"reported","recLxd","textfile"
"rs12986863",2,42905407,"T","C",0.357973,0.312116,-0.0784147,0.0853043,"outcome",TRUE,"reported","recLxd","textfile"
"rs1360605",6,137479757,"G","C",0.0147428,0.03755,-0.511618,0.209797,"outcome",TRUE,"reported","recLxd","textfile"
"rs240841",6,159546121,"T","A",0.78197,0.483914,-0.0220336,0.0796145,"outcome",TRUE,"reported","recLxd","textfile"
"rs2789615",10,8153044,"G","A",0.513426,0.765809,0.0612765,0.0937648,"outcome",TRUE,"reported","recLxd","textfile"
"rs4781436",16,13211462,"A","G",0.59358,0.0394797,0.108776,0.203832,"outcome",TRUE,"reported","recLxd","textfile"
"rs4947639",7,51775096,"T","G",0.477518,0.0459497,-0.134287,0.189057,"outcome",TRUE,"reported","recLxd","textfile"
"rs6925144",6,122382365,"T","C",0.909571,0.354491,0.0094225,0.0829595,"outcome",TRUE,"reported","recLxd","textfile"
"rs924931",3,16193535,"T","C",0.26675,0.579306,-0.0891032,0.0802315,"outcome",TRUE,"reported","recLxd","textfile"
