"SNP","chr.outcome","pos.outcome","effect_allele.outcome","other_allele.outcome","pval.outcome","eaf.outcome","beta.outcome","se.outcome","outcome","mr_keep.outcome","pval_origin.outcome","id.outcome","data_source.outcome"
"rs10072514",5,147348586,"G","C",0.757427,0.804267,0.0309448,0.10019,"outcome",TRUE,"reported","l5l8g4","textfile"
"rs10884473",10,107517381,"G","A",0.473829,0.157936,0.0779574,0.108839,"outcome",TRUE,"reported","l5l8g4","textfile"
"rs12210045",6,68723885,"A","G",0.552313,0.374801,-0.0485073,0.0816211,"outcome",TRUE,"reported","l5l8g4","textfile"
"rs13098081",3,121597093,"G","C",0.640114,0.164533,0.0498066,0.106529,"outcome",TRUE,"reported","l5l8g4","textfile"
"rs1535",11,61830500,"G","A",0.142548,0.41404,-0.117263,0.0799686,"outcome",TRUE,"reported","l5l8g4","textfile"
"rs247197",5,128744863,"T","C",0.525625,0.434971,0.0506679,0.0798298,"outcome",TRUE,"reported","l5l8g4","textfile"
"rs249619",12,97776895,"T","C",0.0567231,0.573217,0.15199,0.0797664,"outcome",TRUE,"reported","l5l8g4","textfile"
"rs4256853",1,245356816,"C","T",0.856073,0.00564446,-0.101824,0.561398,"outcome",TRUE,"reported","l5l8g4","textfile"
"rs432642",5,117514645,"A","T",0.721036,0.148823,-0.0397665,0.111368,"outcome",TRUE,"reported","l5l8g4","textfile"
"rs6034091",20,15039372,"A","G",0.448004,0.00186645,-0.739587,0.974747,"outcome",TRUE,"reported","l5l8g4","textfile"
"rs6426630",1,19012576,"A","G",0.791194,0.0465156,-0.0492982,0.186199,"outcome",TRUE,"reported","l5l8g4","textfile"
"rs6593732",1,147094757,"T","C",0.0434981,0.501455,0.159738,0.0791217,"outcome",TRUE,"reported","l5l8g4","textfile"
"rs8104825",19,49812166,"A","G",0.433559,0.438708,0.0623359,0.0795998,"outcome",TRUE,"reported","l5l8g4","textfile"
