"SNP","chr.outcome","pos.outcome","effect_allele.outcome","other_allele.outcome","pval.outcome","eaf.outcome","beta.outcome","se.outcome","outcome","mr_keep.outcome","pval_origin.outcome","id.outcome","data_source.outcome"
"rs10031835",4,135166429,"C","T",0.620217,0.392412,-0.0401515,0.0810253,"outcome",TRUE,"reported","KaGAga","textfile"
"rs11078645",17,6721825,"G","A",0.884261,0.224021,-0.0140723,0.0966707,"outcome",TRUE,"reported","KaGAga","textfile"
"rs12715789",4,67828367,"G","A",0.0133355,0.163321,-0.265921,0.107457,"outcome",TRUE,"reported","KaGAga","textfile"
"rs685747",11,78988295,"C","G",0.346767,0.973637,0.235796,0.250613,"outcome",TRUE,"reported","KaGAga","textfile"
"rs7096907",10,18737912,"C","T",0.546972,0.739755,-0.0546106,0.0906695,"outcome",TRUE,"reported","KaGAga","textfile"
"rs7239714",18,74278020,"A","G",0.141424,0.697821,-0.126631,0.0861135,"outcome",TRUE,"reported","KaGAga","textfile"
"rs7575509",2,141981296,"C","T",0.396846,0.416741,0.0680049,0.0802638,"outcome",TRUE,"reported","KaGAga","textfile"
"rs7937",19,40796801,"T","C",0.11679,0.631831,-0.128483,0.0819201,"outcome",TRUE,"reported","KaGAga","textfile"
