"SNP","chr.outcome","pos.outcome","effect_allele.outcome","other_allele.outcome","pval.outcome","eaf.outcome","beta.outcome","se.outcome","outcome","mr_keep.outcome","pval_origin.outcome","id.outcome","data_source.outcome"
"rs10035040",4,179793653,"A","G",0.884002,0.200585,-0.014494,0.0993434,"outcome",TRUE,"reported","c2VOax","textfile"
"rs10187244",2,98199547,"A","T",0.219048,0.843477,-0.135166,0.109974,"outcome",TRUE,"reported","c2VOax","textfile"
"rs10899114",11,75759543,"G","A",0.648254,0.112664,-0.0572343,0.125462,"outcome",TRUE,"reported","c2VOax","textfile"
"rs12062130",1,55441166,"C","T",0.548476,0.0241895,-0.151899,0.253147,"outcome",TRUE,"reported","c2VOax","textfile"
"rs12431406",14,100047514,"C","G",0.618113,0.10913,0.0636027,0.127581,"outcome",TRUE,"reported","c2VOax","textfile"
"rs12449476",17,11749691,"C","T",0.86791,0.742369,0.0150971,0.0907751,"outcome",TRUE,"reported","c2VOax","textfile"
"rs17013280",4,87841144,"A","G",0.318929,0.0519109,0.1782,0.178797,"outcome",TRUE,"reported","c2VOax","textfile"
"rs17085774",6,154893699,"A","G",0.772821,0.0246505,0.0734645,0.254478,"outcome",TRUE,"reported","c2VOax","textfile"
"rs2482705",9,91420220,"A","G",0.0612238,0.169691,-0.197515,0.105517,"outcome",TRUE,"reported","c2VOax","textfile"
"rs2720495",8,17528087,"G","C",0.741754,0.67218,0.0279085,0.0846918,"outcome",TRUE,"reported","c2VOax","textfile"
"rs272461",5,6488004,"A","G",0.0248079,0.239017,-0.207285,0.0923574,"outcome",TRUE,"reported","c2VOax","textfile"
"rs3198697",16,15036083,"T","C",0.778094,0.41329,-0.0226672,0.0804361,"outcome",TRUE,"reported","c2VOax","textfile"
"rs4504394",5,31189800,"C","T",0.111027,0.686788,-0.136331,0.0855493,"outcome",TRUE,"reported","c2VOax","textfile"
"rs6817243",4,120070283,"A","G",0.0740508,0.239999,0.165085,0.0924177,"outcome",TRUE,"reported","c2VOax","textfile"
"rs7181157",15,22954689,"G","C",0.144891,0.234321,0.137873,0.0945751,"outcome",TRUE,"reported","c2VOax","textfile"
"rs748196",17,17519454,"G","T",0.119273,0.486893,0.123126,0.0790365,"outcome",TRUE,"reported","c2VOax","textfile"
"rs7659812",4,177012633,"G","A",0.672975,0.381172,0.034525,0.0817995,"outcome",TRUE,"reported","c2VOax","textfile"
"rs9321466",6,134658845,"G","C",0.58183,0.0346539,0.119391,0.216793,"outcome",TRUE,"reported","c2VOax","textfile"
"rs968567",11,61828092,"T","C",0.359923,0.10701,0.116858,0.127642,"outcome",TRUE,"reported","c2VOax","textfile"
"rs980142",21,17359304,"A","G",0.569845,0.182714,-0.058652,0.10321,"outcome",TRUE,"reported","c2VOax","textfile"
