"SNP","chr.outcome","pos.outcome","effect_allele.outcome","other_allele.outcome","pval.outcome","eaf.outcome","beta.outcome","se.outcome","outcome","mr_keep.outcome","pval_origin.outcome","id.outcome","data_source.outcome"
"rs11717259",3,22064730,"A","G",0.900558,0.668863,-0.0105022,0.084047,"outcome",TRUE,"reported","JJflN6","textfile"
"rs11883258",19,31299463,"C","G",0.534233,0.272817,0.0552348,0.0888651,"outcome",TRUE,"reported","JJflN6","textfile"
"rs12068349",1,14343550,"A","G",0.211458,0.0307548,-0.289088,0.231351,"outcome",TRUE,"reported","JJflN6","textfile"
"rs2123517",2,129440004,"T","C",0.0299413,0.0747641,0.325579,0.149976,"outcome",TRUE,"reported","JJflN6","textfile"
"rs2915420",9,101193268,"T","C",0.398666,0.21961,-0.0810548,0.0960357,"outcome",TRUE,"reported","JJflN6","textfile"
"rs3770914",2,36409687,"C","T",0.974762,0.083516,-0.0045998,0.145394,"outcome",TRUE,"reported","JJflN6","textfile"
"rs393228",6,24962200,"G","T",0.192897,0.981054,0.372432,0.286033,"outcome",TRUE,"reported","JJflN6","textfile"
"rs6073326",20,44103360,"T","A",0.503051,0.535237,-0.0533293,0.0796319,"outcome",TRUE,"reported","JJflN6","textfile"
"rs6685187",1,151886412,"G","A",0.643662,0.642788,0.0380806,0.0823213,"outcome",TRUE,"reported","JJflN6","textfile"
"rs7621575",3,176738485,"C","A",0.511333,0.91437,0.0926124,0.141013,"outcome",TRUE,"reported","JJflN6","textfile"
"rs7826057",8,94783038,"A","G",0.648261,0.677332,0.0385439,0.0844927,"outcome",TRUE,"reported","JJflN6","textfile"
"rs8037595",15,29372911,"C","T",0.530249,0.0522934,0.111541,0.17772,"outcome",TRUE,"reported","JJflN6","textfile"
"rs9552232",13,20547218,"A","G",0.129889,0.0433848,-0.298132,0.196847,"outcome",TRUE,"reported","JJflN6","textfile"
"rs9654430",5,76351925,"G","A",0.0951305,0.406666,-0.134681,0.0806992,"outcome",TRUE,"reported","JJflN6","textfile"
