"SNP","chr.outcome","pos.outcome","effect_allele.outcome","other_allele.outcome","pval.outcome","eaf.outcome","beta.outcome","se.outcome","outcome","mr_keep.outcome","pval_origin.outcome","id.outcome","data_source.outcome"
"rs12066643",1,55774605,"T","C",0.741331,0.132301,-0.0385175,0.116687,"outcome",TRUE,"reported","A25It1","textfile"
"rs601338",19,48703417,"A","G",0.681893,0.374739,-0.0333897,0.0814616,"outcome",TRUE,"reported","A25It1","textfile"
"rs651007",9,133278431,"C","T",0.297392,0.777012,0.0986748,0.0946938,"outcome",TRUE,"reported","A25It1","textfile"
"rs6893667",5,137612542,"T","C",0.727884,0.615113,-0.028363,0.0815167,"outcome",TRUE,"reported","A25It1","textfile"
"rs7579137",2,111681062,"A","G",0.816528,0.520536,-0.0184211,0.0793968,"outcome",TRUE,"reported","A25It1","textfile"
"rs9684934",4,27433108,"T","G",0.39568,0.0323752,-0.189745,0.223397,"outcome",TRUE,"reported","A25It1","textfile"
