"SNP","chr.outcome","pos.outcome","effect_allele.outcome","other_allele.outcome","pval.outcome","eaf.outcome","beta.outcome","se.outcome","outcome","mr_keep.outcome","pval_origin.outcome","id.outcome","data_source.outcome"
"rs10282242",7,57178467,"C","G",0.141932,0.206148,-0.143725,0.0978631,"outcome",TRUE,"reported","hIF4GU","textfile"
"rs1122407",20,23394460,"G","A",0.424735,0.0412477,-0.160868,0.20153,"outcome",TRUE,"reported","hIF4GU","textfile"
"rs11679513",2,85161063,"A","G",0.675554,0.0889691,-0.0586966,0.140242,"outcome",TRUE,"reported","hIF4GU","textfile"
"rs12050606",15,42103989,"C","G",0.010003,0.101018,0.299559,0.116301,"outcome",TRUE,"reported","hIF4GU","textfile"
"rs1511938",18,38387956,"G","A",0.0198481,0.482518,0.184834,0.0793549,"outcome",TRUE,"reported","hIF4GU","textfile"
"rs1538388",1,111835338,"T","A",0.0997769,0.544949,-0.13061,0.0793529,"outcome",TRUE,"reported","hIF4GU","textfile"
"rs1810195",8,23624397,"A","C",0.845009,0.962353,-0.0406875,0.20813,"outcome",TRUE,"reported","hIF4GU","textfile"
"rs335952",5,16391772,"T","C",0.0518633,0.200831,0.1918,0.0986491,"outcome",TRUE,"reported","hIF4GU","textfile"
"rs4698919",4,104367925,"T","G",0.989041,0.0334452,0.00299846,0.218307,"outcome",TRUE,"reported","hIF4GU","textfile"
"rs7191710",16,79783582,"T","A",0.240152,0.976628,0.30838,0.262539,"outcome",TRUE,"reported","hIF4GU","textfile"
"rs7655244",4,10566589,"T","G",0.25368,0.03693,-0.242542,0.212484,"outcome",TRUE,"reported","hIF4GU","textfile"
"rs7718486",5,179666430,"T","C",0.779525,0.744934,-0.0253829,0.0906728,"outcome",TRUE,"reported","hIF4GU","textfile"
"rs9839976",3,31486370,"A","G",0.93544,0.0635698,-0.0130346,0.160917,"outcome",TRUE,"reported","hIF4GU","textfile"
