"SNP","chr.outcome","pos.outcome","effect_allele.outcome","other_allele.outcome","pval.outcome","eaf.outcome","beta.outcome","se.outcome","outcome","mr_keep.outcome","pval_origin.outcome","id.outcome","data_source.outcome"
"rs1037422",15,69894863,"G","A",0.386409,0.750182,-0.0792026,0.0914422,"outcome",TRUE,"reported","SLLk8b","textfile"
"rs10742833",11,48117646,"C","T",0.695386,0.920804,-0.0572427,0.146193,"outcome",TRUE,"reported","SLLk8b","textfile"
"rs11133486",4,57134132,"T","G",0.420026,0.332127,0.0680764,0.0844225,"outcome",TRUE,"reported","SLLk8b","textfile"
"rs11709408",3,22064643,"G","A",0.890249,0.669102,-0.0115971,0.0840436,"outcome",TRUE,"reported","SLLk8b","textfile"
"rs11941943",4,167434343,"A","G",0.0170102,0.288673,0.207598,0.086989,"outcome",TRUE,"reported","SLLk8b","textfile"
"rs12484413",22,20947048,"G","A",0.880454,0.0878925,-0.0209114,0.139044,"outcome",TRUE,"reported","SLLk8b","textfile"
"rs17711814",7,22229141,"T","C",0.391032,0.253608,0.0781667,0.0911302,"outcome",TRUE,"reported","SLLk8b","textfile"
"rs2194101",4,180655892,"A","G",0.117922,0.768168,0.146027,0.0933942,"outcome",TRUE,"reported","SLLk8b","textfile"
"rs2279501",1,151944917,"C","G",0.513044,0.636607,0.0537266,0.0821377,"outcome",TRUE,"reported","SLLk8b","textfile"
"rs2501242",13,70002296,"T","G",0.0843879,0.282207,0.152392,0.0883035,"outcome",TRUE,"reported","SLLk8b","textfile"
"rs2915420",9,101193268,"T","C",0.398666,0.21961,-0.0810548,0.0960357,"outcome",TRUE,"reported","SLLk8b","textfile"
"rs3748771",1,230837961,"G","T",0.976181,0.00603329,0.0152145,0.509571,"outcome",TRUE,"reported","SLLk8b","textfile"
"rs4668061",2,168315250,"A","G",0.0942128,0.0294664,-0.394207,0.235548,"outcome",TRUE,"reported","SLLk8b","textfile"
"rs603424",10,100315722,"A","G",0.499249,0.116341,-0.0833873,0.123414,"outcome",TRUE,"reported","SLLk8b","textfile"
"rs6544157",2,38319776,"A","G",0.842112,0.929796,-0.0306105,0.153673,"outcome",TRUE,"reported","SLLk8b","textfile"
"rs7164415",15,59814411,"G","C",0.32896,0.0309504,0.223505,0.228951,"outcome",TRUE,"reported","SLLk8b","textfile"
"rs728797",22,45272225,"T","C",0.624278,0.182883,-0.0501462,0.102382,"outcome",TRUE,"reported","SLLk8b","textfile"
"rs8088457",18,13929779,"A","G",0.665739,0.0271878,-0.104251,0.241319,"outcome",TRUE,"reported","SLLk8b","textfile"
"rs9888349",12,2044652,"C","T",0.463626,0.251312,0.066983,0.0913958,"outcome",TRUE,"reported","SLLk8b","textfile"
