"SNP","chr.outcome","pos.outcome","effect_allele.outcome","other_allele.outcome","pval.outcome","eaf.outcome","beta.outcome","se.outcome","outcome","mr_keep.outcome","pval_origin.outcome","id.outcome","data_source.outcome"
"rs10004910",4,57102278,"A","G",0.179427,0.490348,-0.106536,0.0793549,"outcome",TRUE,"reported","JJwqYX","textfile"
"rs10098688",8,67876258,"C","A",0.604655,0.502537,-0.0407821,0.078773,"outcome",TRUE,"reported","JJwqYX","textfile"
"rs1348656",3,145215733,"T","C",0.105187,0.81384,0.164873,0.10176,"outcome",TRUE,"reported","JJwqYX","textfile"
"rs1870912",11,42547157,"C","G",0.545701,0.487165,-0.047853,0.0791988,"outcome",TRUE,"reported","JJwqYX","textfile"
"rs2929381",3,19897496,"G","C",0.79474,0.353556,0.0215419,0.0828023,"outcome",TRUE,"reported","JJwqYX","textfile"
"rs35350",12,115170925,"A","G",0.0998068,0.979818,-0.47596,0.289198,"outcome",TRUE,"reported","JJwqYX","textfile"
"rs530942",19,6004094,"A","G",0.39923,0.783309,-0.0816096,0.0968088,"outcome",TRUE,"reported","JJwqYX","textfile"
"rs703138",1,158710281,"T","G",0.0494368,0.478647,0.155253,0.0790173,"outcome",TRUE,"reported","JJwqYX","textfile"
"rs7677730",4,170223878,"T","C",0.505799,0.555101,-0.0530385,0.0797099,"outcome",TRUE,"reported","JJwqYX","textfile"
