"SNP","chr.outcome","pos.outcome","effect_allele.outcome","other_allele.outcome","pval.outcome","eaf.outcome","beta.outcome","se.outcome","outcome","mr_keep.outcome","pval_origin.outcome","id.outcome","data_source.outcome"
"rs10272008",7,8979338,"C","T",0.0617447,0.922356,-0.290621,0.155569,"outcome",TRUE,"reported","O2pt9j","textfile"
"rs10483863",14,74855624,"G","A",0.884039,0.619134,0.011851,0.0812538,"outcome",TRUE,"reported","O2pt9j","textfile"
"rs10487813",7,124205935,"A","C",0.811743,0.513239,0.0189454,0.0795429,"outcome",TRUE,"reported","O2pt9j","textfile"
"rs10491617",9,33514845,"G","T",0.74967,0.0225405,0.0864495,0.270938,"outcome",TRUE,"reported","O2pt9j","textfile"
"rs11594263",10,116020579,"A","G",0.325751,0.0755328,0.147774,0.150374,"outcome",TRUE,"reported","O2pt9j","textfile"
"rs11671495",19,11065525,"A","G",0.959575,0.0182132,-0.014564,0.287335,"outcome",TRUE,"reported","O2pt9j","textfile"
"rs13361985",5,41016904,"A","G",0.190166,0.462518,-0.103673,0.079134,"outcome",TRUE,"reported","O2pt9j","textfile"
"rs1344998",2,4875778,"T","C",0.137278,0.527376,-0.117613,0.0791469,"outcome",TRUE,"reported","O2pt9j","textfile"
"rs17503355",2,50795375,"A","G",0.528406,0.0418629,-0.122189,0.193816,"outcome",TRUE,"reported","O2pt9j","textfile"
"rs1952103",10,90049617,"G","T",0.730622,0.235088,-0.0321768,0.0934562,"outcome",TRUE,"reported","O2pt9j","textfile"
"rs2246344",13,38621498,"T","G",0.00696065,0.856854,-0.276197,0.102344,"outcome",TRUE,"reported","O2pt9j","textfile"
"rs7645103",3,171535967,"A","G",0.603109,0.428313,0.0417908,0.080377,"outcome",TRUE,"reported","O2pt9j","textfile"
"rs822336",9,5448690,"C","G",0.596604,0.578266,-0.0423675,0.0800459,"outcome",TRUE,"reported","O2pt9j","textfile"
