"SNP","chr.outcome","pos.outcome","effect_allele.outcome","other_allele.outcome","pval.outcome","eaf.outcome","beta.outcome","se.outcome","outcome","mr_keep.outcome","pval_origin.outcome","id.outcome","data_source.outcome"
"rs11100892",4,145671859,"G","A",0.434561,0.450448,0.0622156,0.0796196,"outcome",TRUE,"reported","kCG1oS","textfile"
"rs12412179",10,57555432,"T","G",0.5904,0.0523202,-0.0965151,0.179311,"outcome",TRUE,"reported","kCG1oS","textfile"
"rs1397264",15,36030114,"C","T",0.658611,0.132503,-0.0513826,0.116295,"outcome",TRUE,"reported","kCG1oS","textfile"
"rs1405992",7,39099784,"A","C",0.301037,0.0859775,-0.145778,0.140956,"outcome",TRUE,"reported","kCG1oS","textfile"
"rs1489866",14,62531538,"T","G",0.691165,0.851295,-0.0443534,0.111644,"outcome",TRUE,"reported","kCG1oS","textfile"
"rs1595416",2,133058911,"G","A",0.245512,0.715991,-0.101868,0.0877175,"outcome",TRUE,"reported","kCG1oS","textfile"
"rs2076521",6,32403489,"T","C",0.474726,0.0297736,0.167691,0.234595,"outcome",TRUE,"reported","kCG1oS","textfile"
"rs2267922",19,18167956,"G","C",0.35089,0.494202,-0.0738031,0.0791145,"outcome",TRUE,"reported","kCG1oS","textfile"
"rs3844028",1,100646059,"A","C",0.468445,0.22909,-0.0680313,0.0938349,"outcome",TRUE,"reported","kCG1oS","textfile"
"rs4082919",17,78381401,"G","T",0.109542,0.378836,0.130583,0.0816015,"outcome",TRUE,"reported","kCG1oS","textfile"
"rs476092",11,128249369,"A","C",0.0294978,0.346871,0.182062,0.0836387,"outcome",TRUE,"reported","kCG1oS","textfile"
"rs7305796",12,10140260,"G","A",0.765974,0.0523,-0.0539974,0.181415,"outcome",TRUE,"reported","kCG1oS","textfile"
"rs748196",17,17519454,"G","T",0.119273,0.486893,0.123126,0.0790365,"outcome",TRUE,"reported","kCG1oS","textfile"
"rs8004616",14,31654120,"G","A",0.828261,0.00725078,0.102602,0.472968,"outcome",TRUE,"reported","kCG1oS","textfile"
