"SNP","chr.outcome","pos.outcome","effect_allele.outcome","other_allele.outcome","pval.outcome","eaf.outcome","beta.outcome","se.outcome","outcome","mr_keep.outcome","pval_origin.outcome","id.outcome","data_source.outcome"
"rs10059896",5,23240461,"T","C",0.112508,0.788228,-0.153927,0.096991,"outcome",TRUE,"reported","y8wbHq","textfile"
"rs10283250",8,73087340,"A","C",0.0585315,0.111529,0.239475,0.126592,"outcome",TRUE,"reported","y8wbHq","textfile"
"rs10814589",9,3772674,"A","G",0.0429161,0.255442,-0.183834,0.0908038,"outcome",TRUE,"reported","y8wbHq","textfile"
"rs10913710",1,179305557,"A","G",0.826366,0.215862,-0.0210199,0.0958214,"outcome",TRUE,"reported","y8wbHq","textfile"
"rs10953026",7,90920876,"A","G",0.983635,0.775876,0.00194766,0.0949496,"outcome",TRUE,"reported","y8wbHq","textfile"
"rs10966017",9,23681869,"A","G",0.145994,0.314428,-0.124588,0.0856965,"outcome",TRUE,"reported","y8wbHq","textfile"
"rs11654527",17,78707434,"T","G",0.562275,0.209029,0.0560819,0.096782,"outcome",TRUE,"reported","y8wbHq","textfile"
"rs1235119",20,12845425,"A","T",0.910371,0.855182,-0.0128544,0.11419,"outcome",TRUE,"reported","y8wbHq","textfile"
"rs12880914",14,62000415,"C","T",0.865918,0.277547,-0.0148608,0.0880143,"outcome",TRUE,"reported","y8wbHq","textfile"
"rs1433098",19,45564751,"G","T",0.325096,0.255234,0.0896978,0.0911526,"outcome",TRUE,"reported","y8wbHq","textfile"
"rs1442583",3,137792293,"A","G",0.554183,0.0877834,0.0830189,0.140352,"outcome",TRUE,"reported","y8wbHq","textfile"
"rs17814868",2,143310710,"G","A",0.704739,0.216691,-0.036409,0.0960832,"outcome",TRUE,"reported","y8wbHq","textfile"
"rs1822906",3,145210500,"G","A",0.0915103,0.812685,0.171893,0.101863,"outcome",TRUE,"reported","y8wbHq","textfile"
"rs1875897",8,4331369,"A","G",0.426443,0.418313,0.0640845,0.0805797,"outcome",TRUE,"reported","y8wbHq","textfile"
"rs2273534",20,57710484,"C","T",0.361516,0.0453771,-0.174235,0.190946,"outcome",TRUE,"reported","y8wbHq","textfile"
"rs2490289",10,99458941,"C","T",0.147748,0.825093,-0.152565,0.105397,"outcome",TRUE,"reported","y8wbHq","textfile"
"rs2748805",14,99290814,"T","C",0.604324,0.401563,0.0420032,0.0810571,"outcome",TRUE,"reported","y8wbHq","textfile"
"rs353694",19,4243795,"A","G",0.487505,0.442857,-0.0553057,0.0796587,"outcome",TRUE,"reported","y8wbHq","textfile"
"rs3735474",7,44673665,"G","A",0.158762,0.118142,-0.1726,0.122477,"outcome",TRUE,"reported","y8wbHq","textfile"
"rs3851441",5,41517404,"C","G",0.557213,0.208618,0.0570923,0.0972634,"outcome",TRUE,"reported","y8wbHq","textfile"
"rs4414129",10,6970555,"C","T",0.970272,0.0436013,-0.00723353,0.194101,"outcome",TRUE,"reported","y8wbHq","textfile"
"rs4459845",3,126198785,"C","A",0.700226,0.177719,-0.0398376,0.10347,"outcome",TRUE,"reported","y8wbHq","textfile"
"rs474566",9,110068426,"G","A",0.284811,0.177306,-0.111435,0.104186,"outcome",TRUE,"reported","y8wbHq","textfile"
"rs476092",11,128249369,"A","C",0.0294978,0.346871,0.182062,0.0836387,"outcome",TRUE,"reported","y8wbHq","textfile"
"rs6714201",2,222787800,"A","G",0.548412,0.526138,0.0476663,0.0794251,"outcome",TRUE,"reported","y8wbHq","textfile"
"rs6777718",3,125184317,"G","T",0.959503,0.76219,0.00471558,0.0928675,"outcome",TRUE,"reported","y8wbHq","textfile"
"rs7124459",11,42557801,"T","C",0.467575,0.360265,0.0596999,0.0821826,"outcome",TRUE,"reported","y8wbHq","textfile"
"rs7547153",1,61664747,"G","A",0.22564,0.383973,0.0987297,0.0814826,"outcome",TRUE,"reported","y8wbHq","textfile"
"rs7759176",6,2915430,"T","G",0.669162,0.245725,-0.0397428,0.0930095,"outcome",TRUE,"reported","y8wbHq","textfile"
"rs8028440",15,22952350,"A","G",0.147274,0.234638,0.137023,0.0945488,"outcome",TRUE,"reported","y8wbHq","textfile"
"rs8052052",16,54242331,"T","G",0.438062,0.114027,-0.0963501,0.124247,"outcome",TRUE,"reported","y8wbHq","textfile"
"rs9318232",13,73956142,"C","T",0.476419,0.783709,0.0687692,0.0965758,"outcome",TRUE,"reported","y8wbHq","textfile"
"rs9880529",3,176691276,"T","C",0.440856,0.913158,0.108024,0.140154,"outcome",TRUE,"reported","y8wbHq","textfile"
