"SNP","chr.outcome","pos.outcome","effect_allele.outcome","other_allele.outcome","pval.outcome","eaf.outcome","beta.outcome","se.outcome","outcome","mr_keep.outcome","pval_origin.outcome","id.outcome","data_source.outcome"
"rs10868458",9,86662272,"A","T",0.275229,0.392443,0.0883596,0.0809821,"outcome",TRUE,"reported","nyYqLn","textfile"
"rs17638535",6,52069294,"A","G",0.892829,0.0109058,0.0504986,0.374825,"outcome",TRUE,"reported","nyYqLn","textfile"
"rs2133336",17,8410536,"A","G",0.88446,0.411418,0.0117175,0.0806342,"outcome",TRUE,"reported","nyYqLn","textfile"
"rs2720162",2,230764645,"T","G",0.739035,0.574374,-0.0267625,0.0803364,"outcome",TRUE,"reported","nyYqLn","textfile"
"rs274567",5,132378717,"T","C",0.757059,0.491873,0.0244634,0.0790814,"outcome",TRUE,"reported","nyYqLn","textfile"
"rs4672596",2,210784082,"C","T",0.0703105,0.574138,0.145004,0.0801167,"outcome",TRUE,"reported","nyYqLn","textfile"
"rs6907864",6,24293096,"T","C",0.829339,0.0576545,-0.0364831,0.169257,"outcome",TRUE,"reported","nyYqLn","textfile"
"rs7130402",11,48094054,"G","A",0.730298,0.0795122,0.0502841,0.145865,"outcome",TRUE,"reported","nyYqLn","textfile"
"rs7246133",19,52658849,"C","T",0.131311,0.337799,-0.127259,0.0843359,"outcome",TRUE,"reported","nyYqLn","textfile"
"rs7334793",13,105860292,"T","C",0.466875,0.452779,0.0579742,0.0796817,"outcome",TRUE,"reported","nyYqLn","textfile"
"rs7552404",1,75670261,"G","A",0.750205,0.261885,-0.0287048,0.0901625,"outcome",TRUE,"reported","nyYqLn","textfile"
"rs7660477",4,159027028,"T","C",0.230899,0.392345,0.0978111,0.0816421,"outcome",TRUE,"reported","nyYqLn","textfile"
"rs8396",4,158709665,"C","T",0.393175,0.259966,-0.0770394,0.0902235,"outcome",TRUE,"reported","nyYqLn","textfile"
"rs884760",6,8363620,"C","T",0.441816,0.72253,-0.0679727,0.088376,"outcome",TRUE,"reported","nyYqLn","textfile"
"rs888860",19,34974283,"C","A",0.217246,0.624694,0.100652,0.0815736,"outcome",TRUE,"reported","nyYqLn","textfile"
"rs924135",16,16029602,"T","A",0.66245,0.545899,-0.0345162,0.0790686,"outcome",TRUE,"reported","nyYqLn","textfile"
