"SNP","chr.outcome","pos.outcome","effect_allele.outcome","other_allele.outcome","pval.outcome","eaf.outcome","beta.outcome","se.outcome","outcome","mr_keep.outcome","pval_origin.outcome","id.outcome","data_source.outcome"
"rs11655421",17,78255437,"A","T",0.267618,0.222485,0.105523,0.0951886,"outcome",TRUE,"reported","ZTp6ly","textfile"
"rs11692169",2,210809193,"T","C",0.0614087,0.219384,-0.179321,0.0958662,"outcome",TRUE,"reported","ZTp6ly","textfile"
"rs12857329",13,20264347,"C","T",0.127457,0.162892,0.162971,0.106922,"outcome",TRUE,"reported","ZTp6ly","textfile"
"rs1869289",8,112493338,"A","C",0.885472,0.237778,-0.0133886,0.0929535,"outcome",TRUE,"reported","ZTp6ly","textfile"
"rs2103694",1,14581577,"A","G",0.000789532,0.123541,0.354343,0.105571,"outcome",TRUE,"reported","ZTp6ly","textfile"
"rs3891367",4,58612279,"C","T",0.899814,0.137648,-0.0145859,0.115856,"outcome",TRUE,"reported","ZTp6ly","textfile"
"rs4666270",2,29766337,"G","T",0.855268,0.216621,0.0177922,0.0975443,"outcome",TRUE,"reported","ZTp6ly","textfile"
"rs4831776",8,15895857,"T","C",0.575783,0.937952,0.0916603,0.163809,"outcome",TRUE,"reported","ZTp6ly","textfile"
"rs508482",15,55118309,"T","G",0.470435,0.840018,0.0783039,0.108489,"outcome",TRUE,"reported","ZTp6ly","textfile"
"rs6453164",5,75821802,"A","G",0.172423,0.315792,-0.116045,0.085048,"outcome",TRUE,"reported","ZTp6ly","textfile"
"rs817338",20,63972848,"C","T",0.972222,0.171991,-0.00363893,0.104502,"outcome",TRUE,"reported","ZTp6ly","textfile"
"rs9397729",6,150194714,"T","A",0.75221,0.686186,0.0269341,0.085308,"outcome",TRUE,"reported","ZTp6ly","textfile"
