"SNP","chr.outcome","pos.outcome","effect_allele.outcome","other_allele.outcome","pval.outcome","eaf.outcome","beta.outcome","se.outcome","outcome","mr_keep.outcome","pval_origin.outcome","id.outcome","data_source.outcome"
"rs10019315",4,145672910,"C","T",0.434664,0.450452,0.0622011,0.079619,"outcome",TRUE,"reported","8xZr2J","textfile"
"rs10849438",12,6302870,"G","T",0.326695,0.139762,0.112637,0.114843,"outcome",TRUE,"reported","8xZr2J","textfile"
"rs12100883",14,76162471,"T","C",0.24042,0.0762173,-0.173007,0.147373,"outcome",TRUE,"reported","8xZr2J","textfile"
"rs12201199",6,18139571,"T","A",0.998903,0.0596926,-0.000227487,0.165482,"outcome",TRUE,"reported","8xZr2J","textfile"
"rs3824359",9,136213383,"C","T",0.471593,0.0857047,-0.101438,0.140908,"outcome",TRUE,"reported","8xZr2J","textfile"
"rs6530980",8,12775726,"C","T",0.326549,0.966345,-0.215058,0.219204,"outcome",TRUE,"reported","8xZr2J","textfile"
"rs6573597",14,65254165,"A","G",0.471478,0.105211,0.0927756,0.128841,"outcome",TRUE,"reported","8xZr2J","textfile"
"rs6833678",4,87386125,"T","C",0.188159,0.285641,0.115501,0.0877642,"outcome",TRUE,"reported","8xZr2J","textfile"
"rs7727774",5,53868405,"G","A",0.405484,0.531377,-0.065833,0.0791389,"outcome",TRUE,"reported","8xZr2J","textfile"
"rs8081778",17,75316191,"C","T",0.118196,0.884647,0.194062,0.124208,"outcome",TRUE,"reported","8xZr2J","textfile"
