"SNP","chr.outcome","pos.outcome","effect_allele.outcome","other_allele.outcome","pval.outcome","eaf.outcome","beta.outcome","se.outcome","outcome","mr_keep.outcome","pval_origin.outcome","id.outcome","data_source.outcome"
"rs10177768",2,205174001,"G","A",0.59118,0.354048,-0.0442765,0.0824321,"outcome",TRUE,"reported","1RMgZC","textfile"
"rs12867367",13,76791842,"C","A",0.623949,0.220971,0.046638,0.095129,"outcome",TRUE,"reported","1RMgZC","textfile"
"rs12877392",13,89449536,"C","A",0.77164,0.0841028,-0.0419398,0.144506,"outcome",TRUE,"reported","1RMgZC","textfile"
"rs13054841",22,47909236,"T","A",0.923995,0.123714,-0.0114576,0.120097,"outcome",TRUE,"reported","1RMgZC","textfile"
"rs16853746",3,169441348,"C","T",0.924637,0.105173,0.0121997,0.128968,"outcome",TRUE,"reported","1RMgZC","textfile"
"rs17057341",18,75598136,"A","G",0.98887,0.018401,0.00407947,0.292441,"outcome",TRUE,"reported","1RMgZC","textfile"
"rs17192023",17,73790493,"A","G",0.942539,0.0686741,0.0113181,0.157024,"outcome",TRUE,"reported","1RMgZC","textfile"
"rs1854521",13,102946703,"G","A",0.502212,0.5133,0.053158,0.0792204,"outcome",TRUE,"reported","1RMgZC","textfile"
"rs2432026",5,98070297,"G","A",0.533912,0.931344,0.0978668,0.157331,"outcome",TRUE,"reported","1RMgZC","textfile"
"rs2547231",19,47881800,"A","C",0.587378,0.819797,-0.0565768,0.104262,"outcome",TRUE,"reported","1RMgZC","textfile"
"rs2867882",19,28156682,"G","A",0.830146,0.495566,0.0168978,0.0787724,"outcome",TRUE,"reported","1RMgZC","textfile"
"rs4149022",12,21142678,"A","G",0.675663,0.289214,0.0363452,0.0868696,"outcome",TRUE,"reported","1RMgZC","textfile"
"rs4149056",12,21178615,"C","T",0.328039,0.201348,0.0965769,0.0987423,"outcome",TRUE,"reported","1RMgZC","textfile"
"rs4402594",16,74667462,"T","C",0.387476,0.344526,-0.0720559,0.0833783,"outcome",TRUE,"reported","1RMgZC","textfile"
"rs4953276",2,45856703,"A","C",0.392152,0.10157,0.111408,0.130191,"outcome",TRUE,"reported","1RMgZC","textfile"
"rs6565488",17,80909172,"C","A",0.0362944,0.848983,0.230859,0.110268,"outcome",TRUE,"reported","1RMgZC","textfile"
"rs6584331",10,99909229,"C","T",0.316545,0.432173,0.0800421,0.0799155,"outcome",TRUE,"reported","1RMgZC","textfile"
"rs6987078",8,102032733,"A","G",0.482493,0.204754,0.0694121,0.0988356,"outcome",TRUE,"reported","1RMgZC","textfile"
"rs8024954",15,22818460,"T","C",0.23587,0.0414317,-0.241259,0.20353,"outcome",TRUE,"reported","1RMgZC","textfile"
"rs9864709",3,194939070,"G","T",0.513133,0.874564,0.0778997,0.119119,"outcome",TRUE,"reported","1RMgZC","textfile"
