"SNP","chr.outcome","pos.outcome","effect_allele.outcome","other_allele.outcome","pval.outcome","eaf.outcome","beta.outcome","se.outcome","outcome","mr_keep.outcome","pval_origin.outcome","id.outcome","data_source.outcome"
"rs11236516",11,75740623,"C","T",0.539457,0.106096,-0.078965,0.128684,"outcome",TRUE,"reported","pJ822E","textfile"
"rs12583004",13,103427842,"T","C",0.289113,0.0589994,0.179,0.168857,"outcome",TRUE,"reported","pJ822E","textfile"
"rs174601",11,61855668,"T","C",0.151743,0.42719,-0.114519,0.0798932,"outcome",TRUE,"reported","pJ822E","textfile"
"rs2265047",10,7473695,"A","G",0.777147,0.323508,-0.0238374,0.0842196,"outcome",TRUE,"reported","pJ822E","textfile"
"rs3750045",7,77330467,"C","T",0.764774,0.0652884,-0.0474951,0.158731,"outcome",TRUE,"reported","pJ822E","textfile"
"rs4529031",4,151299821,"T","C",0.745439,0.887084,-0.0405398,0.124869,"outcome",TRUE,"reported","pJ822E","textfile"
"rs4811800",20,57088814,"G","A",0.0846058,0.481591,0.136912,0.079389,"outcome",TRUE,"reported","pJ822E","textfile"
"rs6473533",8,84227023,"G","T",0.00197688,0.275913,-0.275357,0.0890061,"outcome",TRUE,"reported","pJ822E","textfile"
"rs6986249",8,36931175,"C","T",0.994574,0.515417,0.000537961,0.0791117,"outcome",TRUE,"reported","pJ822E","textfile"
"rs7142028",14,88922729,"C","A",0.757246,0.362541,-0.0255111,0.0825335,"outcome",TRUE,"reported","pJ822E","textfile"
