"SNP","chr.outcome","pos.outcome","effect_allele.outcome","other_allele.outcome","pval.outcome","eaf.outcome","beta.outcome","se.outcome","outcome","mr_keep.outcome","pval_origin.outcome","id.outcome","data_source.outcome"
"rs11151591",18,70485180,"C","A",0.438362,0.329584,0.0656938,0.0847703,"outcome",TRUE,"reported","bsH3Jt","textfile"
"rs11953823",5,107943069,"T","C",0.07753,0.279555,0.155446,0.0880616,"outcome",TRUE,"reported","bsH3Jt","textfile"
"rs12141041",1,119410153,"C","T",0.75132,0.594091,0.0256117,0.0808198,"outcome",TRUE,"reported","bsH3Jt","textfile"
"rs16892052",4,15494396,"C","G",0.357796,0.00532406,0.506404,0.550696,"outcome",TRUE,"reported","bsH3Jt","textfile"
"rs2378733",9,87370099,"G","A",0.927333,0.9231,0.0136797,0.149995,"outcome",TRUE,"reported","bsH3Jt","textfile"
"rs2403254",11,18303599,"T","C",0.144066,0.528017,-0.115696,0.0792,"outcome",TRUE,"reported","bsH3Jt","textfile"
"rs2679896",2,105199927,"C","T",0.130144,0.702737,0.131223,0.0866995,"outcome",TRUE,"reported","bsH3Jt","textfile"
"rs2906973",17,15466379,"T","A",0.659759,0.0328207,0.0982537,0.223178,"outcome",TRUE,"reported","bsH3Jt","textfile"
"rs3125596",10,130949480,"G","A",0.552548,0.100036,-0.0781417,0.131564,"outcome",TRUE,"reported","bsH3Jt","textfile"
"rs320265",9,102096958,"T","C",0.225263,0.152998,0.132488,0.109255,"outcome",TRUE,"reported","bsH3Jt","textfile"
"rs3821477",3,59961204,"T","C",0.246562,0.949078,-0.209546,0.18084,"outcome",TRUE,"reported","bsH3Jt","textfile"
"rs4328432",16,57691319,"A","G",0.834507,0.18996,0.0213051,0.101975,"outcome",TRUE,"reported","bsH3Jt","textfile"
"rs480547",1,96820791,"C","G",0.512703,0.441497,0.0521734,0.0796986,"outcome",TRUE,"reported","bsH3Jt","textfile"
"rs7933681",11,82559802,"A","G",0.560934,0.0965379,-0.077276,0.132901,"outcome",TRUE,"reported","bsH3Jt","textfile"
"rs893971",4,88282518,"G","A",0.697317,0.372299,0.0321494,0.0826579,"outcome",TRUE,"reported","bsH3Jt","textfile"
