"SNP","chr.outcome","pos.outcome","effect_allele.outcome","other_allele.outcome","pval.outcome","eaf.outcome","beta.outcome","se.outcome","outcome","mr_keep.outcome","pval_origin.outcome","id.outcome","data_source.outcome"
"rs11896399",2,195560341,"T","C",0.497264,0.0151472,0.218247,0.321519,"outcome",TRUE,"reported","ca54Sm","textfile"
"rs12485393",3,192350846,"A","G",0.0130443,0.280395,-0.218788,0.0881299,"outcome",TRUE,"reported","ca54Sm","textfile"
"rs16880327",5,8302474,"G","T",0.140491,0.0554589,-0.255262,0.173181,"outcome",TRUE,"reported","ca54Sm","textfile"
"rs17137472",7,17256448,"T","C",0.125499,0.581709,-0.123419,0.080556,"outcome",TRUE,"reported","ca54Sm","textfile"
"rs1741285",20,4135789,"G","A",0.588287,0.567839,0.043311,0.08001,"outcome",TRUE,"reported","ca54Sm","textfile"
"rs506506",11,90630995,"G","A",0.63865,0.430525,0.0375677,0.0800014,"outcome",TRUE,"reported","ca54Sm","textfile"
"rs6074527",20,12948591,"C","T",0.0418071,0.261365,0.182486,0.0896544,"outcome",TRUE,"reported","ca54Sm","textfile"
"rs7183091",15,80665377,"C","T",0.0921574,0.314985,0.143427,0.0851642,"outcome",TRUE,"reported","ca54Sm","textfile"
"rs768846",18,33830273,"C","T",0.769866,0.0306997,0.0673558,0.230237,"outcome",TRUE,"reported","ca54Sm","textfile"
"rs8085038",18,30218591,"A","C",0.593077,0.0991017,-0.070111,0.1312,"outcome",TRUE,"reported","ca54Sm","textfile"
"rs9348689",6,25684425,"T","G",0.868991,0.609102,0.0134871,0.0817695,"outcome",TRUE,"reported","ca54Sm","textfile"
