"SNP","chr.outcome","pos.outcome","effect_allele.outcome","other_allele.outcome","pval.outcome","eaf.outcome","beta.outcome","se.outcome","outcome","mr_keep.outcome","pval_origin.outcome","id.outcome","data_source.outcome"
"rs11981478",7,99566327,"T","C",0.963297,0.151676,0.00504312,0.109595,"outcome",TRUE,"reported","Vfr2e5","textfile"
"rs1419352",10,90681202,"C","G",0.234624,0.36529,0.0973418,0.081901,"outcome",TRUE,"reported","Vfr2e5","textfile"
"rs1474102",2,140398560,"T","C",0.141489,0.321276,-0.124709,0.0848203,"outcome",TRUE,"reported","Vfr2e5","textfile"
"rs17638060",4,27375630,"T","G",0.996688,0.283647,0.000365729,0.0880934,"outcome",TRUE,"reported","Vfr2e5","textfile"
"rs1939769",11,63146730,"G","A",0.177221,0.968481,-0.300864,0.222967,"outcome",TRUE,"reported","Vfr2e5","textfile"
"rs2572023",7,99876804,"G","A",0.71193,0.546192,0.0292373,0.0791769,"outcome",TRUE,"reported","Vfr2e5","textfile"
"rs4439540",11,5350917,"G","A",0.701711,0.254756,-0.0348592,0.0910131,"outcome",TRUE,"reported","Vfr2e5","textfile"
"rs6578042",8,139739014,"T","C",0.0562549,0.856556,-0.214064,0.112131,"outcome",TRUE,"reported","Vfr2e5","textfile"
"rs7078211",10,5211675,"G","A",0.475852,0.141285,-0.0808332,0.113372,"outcome",TRUE,"reported","Vfr2e5","textfile"
"rs7152358",14,50136157,"G","A",0.608729,0.0745418,0.0775933,0.151583,"outcome",TRUE,"reported","Vfr2e5","textfile"
"rs807019",10,101013083,"C","T",0.167013,0.841767,-0.150564,0.108957,"outcome",TRUE,"reported","Vfr2e5","textfile"
"rs9676475",19,9067101,"T","C",0.820759,0.149501,0.0250802,0.110696,"outcome",TRUE,"reported","Vfr2e5","textfile"
