"SNP","chr.outcome","pos.outcome","effect_allele.outcome","other_allele.outcome","pval.outcome","eaf.outcome","beta.outcome","se.outcome","outcome","mr_keep.outcome","pval_origin.outcome","id.outcome","data_source.outcome"
"rs10098688",8,67876258,"C","A",0.604655,0.502537,-0.0407821,0.078773,"outcome",TRUE,"reported","qYC804","textfile"
"rs11118120",1,218532419,"C","A",0.465222,0.199661,-0.072274,0.0989683,"outcome",TRUE,"reported","qYC804","textfile"
"rs1348656",3,145215733,"T","C",0.105187,0.81384,0.164873,0.10176,"outcome",TRUE,"reported","qYC804","textfile"
"rs4129516",7,49041228,"C","T",0.821976,0.290094,0.0197526,0.0877877,"outcome",TRUE,"reported","qYC804","textfile"
"rs4288115",5,17249547,"A","T",0.586597,0.329526,-0.0457981,0.0842227,"outcome",TRUE,"reported","qYC804","textfile"
