"SNP","chr.outcome","pos.outcome","effect_allele.outcome","other_allele.outcome","pval.outcome","eaf.outcome","beta.outcome","se.outcome","outcome","mr_keep.outcome","pval_origin.outcome","id.outcome","data_source.outcome"
"rs10019315",4,145672910,"C","T",0.434664,0.450452,0.0622011,0.079619,"outcome",TRUE,"reported","YTTsQ5","textfile"
"rs10465080",9,34012224,"A","T",0.047481,0.226338,0.186894,0.0942967,"outcome",TRUE,"reported","YTTsQ5","textfile"
"rs12202351",6,113695119,"C","T",0.184112,0.226539,0.125879,0.0947745,"outcome",TRUE,"reported","YTTsQ5","textfile"
"rs12605650",18,67546845,"C","T",0.405828,0.653755,-0.0698322,0.084008,"outcome",TRUE,"reported","YTTsQ5","textfile"
"rs1366823",2,83432454,"A","G",0.438991,0.602469,0.0627314,0.0810592,"outcome",TRUE,"reported","YTTsQ5","textfile"
"rs16968711",15,39300958,"G","A",0.782537,0.223701,-0.0263913,0.0956156,"outcome",TRUE,"reported","YTTsQ5","textfile"
"rs17089560",4,59310536,"T","C",0.362914,0.0608085,0.15049,0.165405,"outcome",TRUE,"reported","YTTsQ5","textfile"
"rs303610",9,103289050,"T","A",0.800089,0.680429,-0.0215473,0.0850891,"outcome",TRUE,"reported","YTTsQ5","textfile"
"rs4736583",8,132428897,"A","C",0.608453,0.470637,-0.0405131,0.0790834,"outcome",TRUE,"reported","YTTsQ5","textfile"
"rs476092",11,128249369,"A","C",0.0294978,0.346871,0.182062,0.0836387,"outcome",TRUE,"reported","YTTsQ5","textfile"
"rs4817185",21,27729316,"C","G",0.684597,0.121453,-0.0492928,0.121352,"outcome",TRUE,"reported","YTTsQ5","textfile"
"rs6061764",20,61404298,"G","A",0.474781,0.664636,0.0601021,0.0840915,"outcome",TRUE,"reported","YTTsQ5","textfile"
"rs6977605",7,44646068,"C","A",0.106797,0.101735,-0.209368,0.12982,"outcome",TRUE,"reported","YTTsQ5","textfile"
"rs9489697",6,119378359,"T","C",0.82881,0.395372,0.0175087,0.0809732,"outcome",TRUE,"reported","YTTsQ5","textfile"
"rs969948",4,27121465,"C","T",0.671236,0.452359,0.0337414,0.079494,"outcome",TRUE,"reported","YTTsQ5","textfile"
