"SNP","chr.outcome","pos.outcome","effect_allele.outcome","other_allele.outcome","pval.outcome","eaf.outcome","beta.outcome","se.outcome","outcome","mr_keep.outcome","pval_origin.outcome","id.outcome","data_source.outcome"
"rs10036208",5,132235630,"C","T",0.401692,0.50869,0.0662757,0.079031,"outcome",TRUE,"reported","EScNrq","textfile"
"rs1220578",13,24156008,"A","G",0.975421,0.0687408,0.00481292,0.156212,"outcome",TRUE,"reported","EScNrq","textfile"
"rs12932433",16,7064042,"T","G",0.608393,0.778673,0.0489274,0.0954927,"outcome",TRUE,"reported","EScNrq","textfile"
"rs17157494",5,105073320,"A","G",0.548434,0.0643647,-0.0974213,0.162339,"outcome",TRUE,"reported","EScNrq","textfile"
"rs17638535",6,52069294,"A","G",0.892829,0.0109058,0.0504986,0.374825,"outcome",TRUE,"reported","EScNrq","textfile"
"rs2062541",16,16033378,"A","G",0.657069,0.546031,-0.0351052,0.0790724,"outcome",TRUE,"reported","EScNrq","textfile"
"rs2140779",2,120545143,"T","C",0.530147,0.161138,-0.0693326,0.110441,"outcome",TRUE,"reported","EScNrq","textfile"
"rs2156436",18,59790035,"T","C",0.155494,0.0279677,0.34956,0.246101,"outcome",TRUE,"reported","EScNrq","textfile"
"rs6475272",9,18949251,"C","T",0.995518,0.712906,0.000493138,0.087787,"outcome",TRUE,"reported","EScNrq","textfile"
"rs6537038",4,141245558,"G","A",0.252432,0.538209,-0.0916615,0.0800913,"outcome",TRUE,"reported","EScNrq","textfile"
"rs7552404",1,75670261,"G","A",0.750205,0.261885,-0.0287048,0.0901625,"outcome",TRUE,"reported","EScNrq","textfile"
"rs7819483",8,143269224,"G","A",0.809504,0.286321,0.0210501,0.0873209,"outcome",TRUE,"reported","EScNrq","textfile"
"rs8396",4,158709665,"C","T",0.393175,0.259966,-0.0770394,0.0902235,"outcome",TRUE,"reported","EScNrq","textfile"
"rs9556",9,99969955,"C","T",0.0255982,0.77264,-0.210211,0.0941698,"outcome",TRUE,"reported","EScNrq","textfile"
