"SNP","chr.outcome","pos.outcome","effect_allele.outcome","other_allele.outcome","pval.outcome","eaf.outcome","beta.outcome","se.outcome","outcome","mr_keep.outcome","pval_origin.outcome","id.outcome","data_source.outcome"
"rs10161949",13,64528383,"A","G",0.859356,0.00538174,-0.0981956,0.55417,"outcome",TRUE,"reported","uvHDPG","textfile"
"rs10497685",2,187685303,"G","A",0.134198,0.0974593,0.198181,0.132319,"outcome",TRUE,"reported","uvHDPG","textfile"
"rs1080101",11,44082672,"T","C",0.338122,0.291666,-0.083629,0.0873062,"outcome",TRUE,"reported","uvHDPG","textfile"
"rs11029744",11,26930910,"T","G",0.845751,0.0122421,-0.071584,0.36796,"outcome",TRUE,"reported","uvHDPG","textfile"
"rs11076175",16,56972466,"G","A",0.0520391,0.172283,-0.202894,0.104433,"outcome",TRUE,"reported","uvHDPG","textfile"
"rs11583844",1,230453499,"C","A",0.0961302,0.0638916,0.266965,0.160444,"outcome",TRUE,"reported","uvHDPG","textfile"
"rs12658008",5,121906588,"G","T",0.265948,0.790617,-0.107648,0.0967672,"outcome",TRUE,"reported","uvHDPG","textfile"
"rs12884251",14,26255333,"A","G",0.803559,0.134326,0.0288598,0.116022,"outcome",TRUE,"reported","uvHDPG","textfile"
"rs17105481",12,68429060,"G","A",0.409063,0.111943,0.103932,0.125895,"outcome",TRUE,"reported","uvHDPG","textfile"
"rs17150366",7,21272506,"T","A",0.517436,0.130152,0.076403,0.118033,"outcome",TRUE,"reported","uvHDPG","textfile"
"rs17352",20,5117330,"G","T",0.716386,0.0718347,-0.0555374,0.152872,"outcome",TRUE,"reported","uvHDPG","textfile"
"rs1926815",10,4337773,"A","C",0.953359,0.237793,-0.00546522,0.0934399,"outcome",TRUE,"reported","uvHDPG","textfile"
"rs1938299",1,45279138,"G","A",0.160898,0.0638838,0.226725,0.161709,"outcome",TRUE,"reported","uvHDPG","textfile"
"rs2029490",1,4295533,"G","A",0.0484607,0.765673,-0.185384,0.0939461,"outcome",TRUE,"reported","uvHDPG","textfile"
"rs2301783",12,47788458,"C","A",0.061052,0.12842,-0.22286,0.118978,"outcome",TRUE,"reported","uvHDPG","textfile"
"rs2780242",9,117970744,"T","C",0.299193,0.0954214,-0.139071,0.133958,"outcome",TRUE,"reported","uvHDPG","textfile"
"rs325614",11,6195922,"G","A",0.494094,0.0890754,-0.0950808,0.139046,"outcome",TRUE,"reported","uvHDPG","textfile"
"rs3729908",16,24219927,"T","C",0.960998,0.0792312,-0.0071734,0.146693,"outcome",TRUE,"reported","uvHDPG","textfile"
"rs3764387",17,55842808,"A","G",0.700856,0.153899,-0.0427545,0.111292,"outcome",TRUE,"reported","uvHDPG","textfile"
"rs4394864",11,112315958,"T","C",0.959072,0.0500819,0.00925044,0.180258,"outcome",TRUE,"reported","uvHDPG","textfile"
"rs4964963",12,131634088,"G","A",0.530765,0.283381,-0.0555394,0.0886024,"outcome",TRUE,"reported","uvHDPG","textfile"
"rs559422",11,248181,"C","A",0.458841,0.0870024,-0.104193,0.140658,"outcome",TRUE,"reported","uvHDPG","textfile"
"rs5999780",22,35231926,"C","T",0.784843,0.80047,0.0270201,0.09897,"outcome",TRUE,"reported","uvHDPG","textfile"
"rs6124759",20,45948363,"G","C",0.0461264,0.101979,-0.260622,0.130688,"outcome",TRUE,"reported","uvHDPG","textfile"
"rs6749150",2,238942823,"A","G",0.201111,0.833632,-0.13524,0.105789,"outcome",TRUE,"reported","uvHDPG","textfile"
"rs6898299",5,160777838,"T","G",0.765496,0.128952,-0.0352539,0.118194,"outcome",TRUE,"reported","uvHDPG","textfile"
"rs7167675",15,92727092,"G","C",0.229083,0.0132581,0.416645,0.346417,"outcome",TRUE,"reported","uvHDPG","textfile"
"rs9973286",19,44712442,"G","C",0.0542838,0.0843605,-0.273906,0.142321,"outcome",TRUE,"reported","uvHDPG","textfile"
