"SNP","chr.outcome","pos.outcome","effect_allele.outcome","other_allele.outcome","pval.outcome","eaf.outcome","beta.outcome","se.outcome","outcome","mr_keep.outcome","pval_origin.outcome","id.outcome","data_source.outcome"
"rs10209727",2,121070759,"A","G",0.252302,0.162863,-0.122639,0.107129,"outcome",TRUE,"reported","UbgqSX","textfile"
"rs1165209",6,25801091,"A","G",0.250146,0.626853,0.0941188,0.0818429,"outcome",TRUE,"reported","UbgqSX","textfile"
"rs13538",2,73641201,"G","A",0.550686,0.179977,-0.0614505,0.102978,"outcome",TRUE,"reported","UbgqSX","textfile"
"rs1466245",3,15921104,"C","T",0.0581567,0.914327,0.267318,0.141101,"outcome",TRUE,"reported","UbgqSX","textfile"
"rs1933041",9,1196586,"G","A",0.975912,0.280504,-0.00266384,0.0882242,"outcome",TRUE,"reported","UbgqSX","textfile"
"rs2469215",15,76319592,"T","C",0.0966652,0.12885,0.197849,0.119097,"outcome",TRUE,"reported","UbgqSX","textfile"
"rs4363421",1,210487625,"A","G",0.500025,0.705632,0.0583719,0.0865474,"outcome",TRUE,"reported","UbgqSX","textfile"
"rs4434099",3,194809074,"C","T",0.767791,0.220394,0.0283232,0.0959244,"outcome",TRUE,"reported","UbgqSX","textfile"
"rs4447076",10,86936624,"G","A",0.94083,0.325615,0.00631111,0.0850242,"outcome",TRUE,"reported","UbgqSX","textfile"
"rs4865204",4,57237361,"T","C",0.76458,0.539139,-0.0237968,0.079463,"outcome",TRUE,"reported","UbgqSX","textfile"
"rs550353",5,31385889,"A","G",0.684647,0.193668,0.0409792,0.100902,"outcome",TRUE,"reported","UbgqSX","textfile"
"rs6689147",1,111344033,"C","T",0.416759,0.754698,0.0745922,0.0918559,"outcome",TRUE,"reported","UbgqSX","textfile"
"rs7607175",2,222955307,"C","T",0.402504,0.0932225,-0.114717,0.137032,"outcome",TRUE,"reported","UbgqSX","textfile"
"rs7718044",5,101762239,"C","T",0.783675,0.522356,-0.0217394,0.0791867,"outcome",TRUE,"reported","UbgqSX","textfile"
"rs862225",16,87571155,"C","T",0.790775,0.943485,0.0460861,0.17371,"outcome",TRUE,"reported","UbgqSX","textfile"
