"SNP","chr.outcome","pos.outcome","effect_allele.outcome","other_allele.outcome","pval.outcome","eaf.outcome","beta.outcome","se.outcome","outcome","mr_keep.outcome","pval_origin.outcome","id.outcome","data_source.outcome"
"rs1034879",7,147690417,"A","C",0.705112,0.0220712,0.103252,0.272843,"outcome",TRUE,"reported","ThzmzG","textfile"
"rs13132193",4,102432434,"A","T",0.527927,0.178443,-0.065609,0.103948,"outcome",TRUE,"reported","ThzmzG","textfile"
"rs1348656",3,145215733,"T","C",0.105187,0.81384,0.164873,0.10176,"outcome",TRUE,"reported","ThzmzG","textfile"
"rs2242415",5,17225224,"C","A",0.683825,0.356135,-0.0336147,0.0825408,"outcome",TRUE,"reported","ThzmzG","textfile"
"rs6125916",20,37699980,"A","G",0.134876,0.00309682,1.09373,0.731519,"outcome",TRUE,"reported","ThzmzG","textfile"
