"SNP","chr.outcome","pos.outcome","effect_allele.outcome","other_allele.outcome","pval.outcome","eaf.outcome","beta.outcome","se.outcome","outcome","mr_keep.outcome","pval_origin.outcome","id.outcome","data_source.outcome"
"rs1024561",7,106094062,"A","G",0.507951,0.106697,-0.0849978,0.128389,"outcome",TRUE,"reported","NR1khi","textfile"
"rs10519822",5,125561596,"C","T",0.266585,0.00894586,-0.466332,0.419755,"outcome",TRUE,"reported","NR1khi","textfile"
"rs11842833",13,41336556,"G","A",0.984252,0.20747,0.0019418,0.0983747,"outcome",TRUE,"reported","NR1khi","textfile"
"rs12047385",1,231309461,"C","T",0.729202,0.0801586,-0.0500229,0.144497,"outcome",TRUE,"reported","NR1khi","textfile"
"rs12462688",19,23195636,"T","A",0.987565,0.0669919,0.0025242,0.161963,"outcome",TRUE,"reported","NR1khi","textfile"
"rs12483918",22,34963754,"C","T",0.293527,0.0342821,0.227351,0.216439,"outcome",TRUE,"reported","NR1khi","textfile"
"rs12661060",6,33928343,"T","C",0.782869,0.0905044,0.0381745,0.138523,"outcome",TRUE,"reported","NR1khi","textfile"
"rs12937280",17,14481843,"T","C",0.038866,0.0844595,0.296081,0.143339,"outcome",TRUE,"reported","NR1khi","textfile"
"rs12969690",18,22202537,"T","A",0.228596,0.0256299,-0.297963,0.247481,"outcome",TRUE,"reported","NR1khi","textfile"
"rs13049288",21,21444959,"A","T",0.331244,0.0256751,-0.246728,0.253938,"outcome",TRUE,"reported","NR1khi","textfile"
"rs13190410",5,62666148,"T","G",0.200902,0.215303,-0.12334,0.0964359,"outcome",TRUE,"reported","NR1khi","textfile"
"rs13394534",2,167652129,"A","G",0.703866,0.0181895,-0.118556,0.311902,"outcome",TRUE,"reported","NR1khi","textfile"
"rs1565932",4,11539483,"A","T",0.825166,0.920206,-0.0323479,0.146433,"outcome",TRUE,"reported","NR1khi","textfile"
"rs1652045",14,20550679,"C","T",0.937261,0.119909,-0.00960641,0.122044,"outcome",TRUE,"reported","NR1khi","textfile"
"rs16902795",5,87778155,"C","G",0.756983,0.0613606,-0.0517597,0.167267,"outcome",TRUE,"reported","NR1khi","textfile"
"rs17124948",14,88895725,"T","C",0.32258,0.00213973,-0.864525,0.87399,"outcome",TRUE,"reported","NR1khi","textfile"
"rs2002691",14,65432667,"C","A",0.225405,0.0150984,-0.390241,0.321907,"outcome",TRUE,"reported","NR1khi","textfile"
"rs2255960",10,117889569,"C","G",0.0957789,0.0235835,0.440759,0.264614,"outcome",TRUE,"reported","NR1khi","textfile"
"rs2582067",1,214238055,"G","A",0.551799,0.0842749,0.0856829,0.143989,"outcome",TRUE,"reported","NR1khi","textfile"
"rs2588032",6,81443396,"T","G",0.343589,0.0335942,0.20802,0.219639,"outcome",TRUE,"reported","NR1khi","textfile"
"rs2663073",5,72722702,"G","A",0.717812,0.0747045,-0.0539921,0.149404,"outcome",TRUE,"reported","NR1khi","textfile"
"rs2928923",8,92301067,"A","G",0.493496,0.991639,0.29264,0.427361,"outcome",TRUE,"reported","NR1khi","textfile"
"rs3935934",10,12341618,"G","C",0.185365,0.471449,0.105682,0.0797951,"outcome",TRUE,"reported","NR1khi","textfile"
"rs4448374",9,20563366,"T","C",0.556647,0.0310949,-0.133111,0.226445,"outcome",TRUE,"reported","NR1khi","textfile"
"rs6745020",2,107304207,"A","G",0.452014,0.0071657,-0.353882,0.470549,"outcome",TRUE,"reported","NR1khi","textfile"
"rs6944023",7,5437775,"A","C",0.678581,0.0141047,-0.13831,0.33376,"outcome",TRUE,"reported","NR1khi","textfile"
"rs7088085",10,107346370,"G","A",0.76869,0.00534223,-0.159309,0.541704,"outcome",TRUE,"reported","NR1khi","textfile"
"rs7912030",10,57038112,"G","A",0.781077,0.0502311,0.0503292,0.181096,"outcome",TRUE,"reported","NR1khi","textfile"
"rs7967284",12,114985388,"G","A",0.096654,0.542227,-0.131873,0.0793796,"outcome",TRUE,"reported","NR1khi","textfile"
"rs7970370",12,104058512,"T","C",0.225031,0.00217981,-1.08367,0.893192,"outcome",TRUE,"reported","NR1khi","textfile"
"rs9465476",6,19671907,"T","C",0.394113,0.163786,0.0922931,0.108302,"outcome",TRUE,"reported","NR1khi","textfile"
"rs9558761",13,106407380,"G","C",0.548396,0.964183,-0.127948,0.213188,"outcome",TRUE,"reported","NR1khi","textfile"
"rs9929954",16,4972313,"T","G",0.181932,0.753236,-0.12212,0.0914873,"outcome",TRUE,"reported","NR1khi","textfile"
