"SNP","chr.outcome","pos.outcome","effect_allele.outcome","other_allele.outcome","pval.outcome","eaf.outcome","beta.outcome","se.outcome","outcome","mr_keep.outcome","pval_origin.outcome","id.outcome","data_source.outcome"
"rs11114036",12,108711725,"A","G",0.428113,0.0377104,0.167851,0.211819,"outcome",TRUE,"reported","MJi1oS","textfile"
"rs11594597",10,29841955,"C","G",0.787475,0.0840453,-0.0385196,0.142882,"outcome",TRUE,"reported","MJi1oS","textfile"
"rs1188542",14,20181007,"T","C",0.0401893,0.540073,-0.163459,0.0796664,"outcome",TRUE,"reported","MJi1oS","textfile"
"rs12588138",14,98231988,"C","G",0.883228,0.0726855,-0.0226676,0.15433,"outcome",TRUE,"reported","MJi1oS","textfile"
"rs1552059",4,5730500,"A","G",0.556672,0.0985275,0.0781458,0.132948,"outcome",TRUE,"reported","MJi1oS","textfile"
"rs16924889",10,24554857,"A","G",0.0917466,0.103684,-0.218093,0.129335,"outcome",TRUE,"reported","MJi1oS","textfile"
"rs2228069",19,38466163,"A","G",0.216003,0.581455,-0.0991686,0.080154,"outcome",TRUE,"reported","MJi1oS","textfile"
"rs2798002",10,94208457,"G","A",0.803556,0.984616,0.0810111,0.325677,"outcome",TRUE,"reported","MJi1oS","textfile"
"rs28384",22,20168892,"C","T",0.174561,0.699329,-0.117232,0.0863465,"outcome",TRUE,"reported","MJi1oS","textfile"
"rs2992439",1,38545156,"G","A",0.301236,0.220202,-0.0991705,0.0959295,"outcome",TRUE,"reported","MJi1oS","textfile"
"rs4149000",12,21295063,"T","C",0.961391,0.173326,0.0051089,0.105537,"outcome",TRUE,"reported","MJi1oS","textfile"
"rs4627421",17,7490962,"C","T",0.249475,0.820623,0.119012,0.103343,"outcome",TRUE,"reported","MJi1oS","textfile"
"rs4736435",8,133111141,"A","C",0.986734,0.140178,-0.00189398,0.113911,"outcome",TRUE,"reported","MJi1oS","textfile"
"rs6848587",4,139004197,"T","C",0.0562989,0.24997,0.174968,0.0916677,"outcome",TRUE,"reported","MJi1oS","textfile"
"rs6911308",6,3375463,"G","T",0.425667,0.391926,-0.0646285,0.0811277,"outcome",TRUE,"reported","MJi1oS","textfile"
"rs887829",2,233759924,"T","C",0.37135,0.394024,0.0723056,0.0808837,"outcome",TRUE,"reported","MJi1oS","textfile"
