"SNP","chr.outcome","pos.outcome","effect_allele.outcome","other_allele.outcome","pval.outcome","eaf.outcome","beta.outcome","se.outcome","outcome","mr_keep.outcome","pval_origin.outcome","id.outcome","data_source.outcome"
"rs10410999",19,53502054,"C","A",0.258936,0.132294,-0.13234,0.117228,"outcome",TRUE,"reported","MdTjdx","textfile"
"rs1158932",21,27284881,"A","C",0.837623,0.593356,0.0165584,0.0807986,"outcome",TRUE,"reported","MdTjdx","textfile"
"rs12470772",2,160918978,"T","C",0.469879,0.45717,0.0573164,0.0793114,"outcome",TRUE,"reported","MdTjdx","textfile"
"rs164100",3,11230962,"T","C",0.259003,0.402143,0.0909023,0.0805335,"outcome",TRUE,"reported","MdTjdx","textfile"
"rs17256713",14,24170490,"T","C",0.0062385,0.140069,-0.324728,0.118732,"outcome",TRUE,"reported","MdTjdx","textfile"
"rs202815",5,158130898,"A","G",0.497256,0.371501,0.0554061,0.081622,"outcome",TRUE,"reported","MdTjdx","textfile"
"rs2187448",11,79622733,"C","T",0.436372,0.833413,0.083133,0.106809,"outcome",TRUE,"reported","MdTjdx","textfile"
"rs2234518",14,100375722,"G","A",0.857718,0.792582,-0.0174151,0.0971396,"outcome",TRUE,"reported","MdTjdx","textfile"
"rs2235649",16,1787405,"T","C",0.626425,0.216,-0.0466214,0.0957782,"outcome",TRUE,"reported","MdTjdx","textfile"
"rs251456",3,119025735,"A","G",0.892431,0.165974,0.0144077,0.106543,"outcome",TRUE,"reported","MdTjdx","textfile"
"rs27419",5,53125108,"T","C",0.870767,0.609469,-0.013266,0.0815443,"outcome",TRUE,"reported","MdTjdx","textfile"
"rs3773977",3,190569420,"C","T",0.954175,0.26967,0.00513856,0.0894218,"outcome",TRUE,"reported","MdTjdx","textfile"
"rs3782411",12,54574117,"T","C",0.109731,0.362176,-0.131835,0.0824275,"outcome",TRUE,"reported","MdTjdx","textfile"
"rs4271495",13,73764689,"A","G",0.702412,0.163504,-0.0409725,0.107239,"outcome",TRUE,"reported","MdTjdx","textfile"
"rs4675874",2,240880379,"A","G",0.255364,0.739295,-0.102456,0.0900779,"outcome",TRUE,"reported","MdTjdx","textfile"
"rs4738400",8,73944930,"T","C",0.5846,0.294086,0.0476121,0.0870934,"outcome",TRUE,"reported","MdTjdx","textfile"
"rs523932",11,59701077,"C","T",0.0759102,0.012416,-0.633761,0.357064,"outcome",TRUE,"reported","MdTjdx","textfile"
"rs6034944",20,18043909,"G","C",0.879184,0.0419211,0.0298947,0.196671,"outcome",TRUE,"reported","MdTjdx","textfile"
"rs6431170",2,126669178,"A","C",0.468487,0.353895,0.0596176,0.0822377,"outcome",TRUE,"reported","MdTjdx","textfile"
"rs7483614",11,32708101,"C","T",0.982335,0.111045,0.00277669,0.125405,"outcome",TRUE,"reported","MdTjdx","textfile"
"rs878013",16,6481617,"C","G",0.843538,0.186833,0.020025,0.10146,"outcome",TRUE,"reported","MdTjdx","textfile"
