"SNP","chr.outcome","pos.outcome","effect_allele.outcome","other_allele.outcome","pval.outcome","eaf.outcome","beta.outcome","se.outcome","outcome","mr_keep.outcome","pval_origin.outcome","id.outcome","data_source.outcome"
"rs1072961",5,89993056,"T","C",0.702283,0.380525,-0.031189,0.0815948,"outcome",TRUE,"reported","lteKUi","textfile"
"rs10875436",8,134935833,"G","C",0.527379,0.345644,-0.0525405,0.0831322,"outcome",TRUE,"reported","lteKUi","textfile"
"rs1412535",9,16244122,"T","C",0.690024,0.567991,0.0319331,0.0800684,"outcome",TRUE,"reported","lteKUi","textfile"
"rs17064491",8,2005319,"A","T",0.0528725,0.0155258,0.623658,0.322145,"outcome",TRUE,"reported","lteKUi","textfile"
"rs17745320",12,11548668,"C","T",0.167042,0.0220508,-0.376701,0.272622,"outcome",TRUE,"reported","lteKUi","textfile"
"rs2076434",16,1518401,"G","A",0.986317,0.233796,-0.0016031,0.0934748,"outcome",TRUE,"reported","lteKUi","textfile"
"rs2705534",3,112489538,"G","T",0.845542,0.0701054,-0.0304571,0.156343,"outcome",TRUE,"reported","lteKUi","textfile"
"rs2821373",1,200052338,"C","T",0.754892,0.108981,0.0398163,0.127537,"outcome",TRUE,"reported","lteKUi","textfile"
"rs2839011",21,45823160,"T","C",0.206013,0.230112,0.118665,0.0938355,"outcome",TRUE,"reported","lteKUi","textfile"
"rs4455656",6,18429689,"A","G",0.622981,0.141675,0.0555674,0.113027,"outcome",TRUE,"reported","lteKUi","textfile"
"rs4750514",10,5603932,"A","G",0.245071,0.521736,0.0921471,0.0792728,"outcome",TRUE,"reported","lteKUi","textfile"
"rs4850779",2,197269464,"A","G",0.486942,0.517149,-0.0550421,0.0791767,"outcome",TRUE,"reported","lteKUi","textfile"
"rs6502243",17,13231650,"G","T",0.814127,0.414176,0.0189739,0.0807039,"outcome",TRUE,"reported","lteKUi","textfile"
"rs6596884",6,2469999,"T","C",0.999412,0.418498,5.91675e-05,0.080222,"outcome",TRUE,"reported","lteKUi","textfile"
"rs7836759",8,29119595,"C","A",0.433099,0.631159,-0.0643683,0.0821129,"outcome",TRUE,"reported","lteKUi","textfile"
"rs7971484",12,68094009,"G","T",0.532667,0.840147,-0.0673861,0.108001,"outcome",TRUE,"reported","lteKUi","textfile"
"rs9297054",6,18032304,"C","T",0.859479,0.466048,-0.014105,0.0796726,"outcome",TRUE,"reported","lteKUi","textfile"
"rs9319761",18,68431622,"G","T",0.955803,0.0816352,0.00804002,0.145072,"outcome",TRUE,"reported","lteKUi","textfile"
