"SNP","chr.outcome","pos.outcome","effect_allele.outcome","other_allele.outcome","pval.outcome","eaf.outcome","beta.outcome","se.outcome","outcome","mr_keep.outcome","pval_origin.outcome","id.outcome","data_source.outcome"
"rs10434643",5,73958930,"G","A",0.391029,0.160058,-0.0925015,0.107842,"outcome",TRUE,"reported","pcVFH6","textfile"
"rs10489084",4,13714405,"C","T",0.696093,0.214012,0.0374816,0.0959587,"outcome",TRUE,"reported","pcVFH6","textfile"
"rs11532037",11,130085102,"G","A",0.714148,0.0336821,-0.0803559,0.219376,"outcome",TRUE,"reported","pcVFH6","textfile"
"rs11634716",15,25061499,"G","A",0.198784,0.611512,-0.104189,0.0810796,"outcome",TRUE,"reported","pcVFH6","textfile"
"rs13228763",7,964612,"C","G",0.706923,0.160338,-0.0406027,0.107988,"outcome",TRUE,"reported","pcVFH6","textfile"
"rs16215",7,24219174,"C","T",0.733648,0.039134,0.069321,0.203719,"outcome",TRUE,"reported","pcVFH6","textfile"
"rs16841556",1,231209554,"C","A",0.39022,0.334772,-0.0720786,0.0838885,"outcome",TRUE,"reported","pcVFH6","textfile"
"rs16853271",1,13958147,"G","T",0.306507,0.138564,0.117623,0.115026,"outcome",TRUE,"reported","pcVFH6","textfile"
"rs16908783",12,13222552,"A","G",0.113424,0.135127,-0.183446,0.115886,"outcome",TRUE,"reported","pcVFH6","textfile"
"rs1821897",2,12143149,"C","G",0.137733,0.759214,-0.137789,0.0928318,"outcome",TRUE,"reported","pcVFH6","textfile"
"rs4714588",6,12446700,"C","T",0.155738,0.18149,0.145933,0.102802,"outcome",TRUE,"reported","pcVFH6","textfile"
"rs4919206",10,98289722,"G","C",0.0665043,0.511547,0.145719,0.0794108,"outcome",TRUE,"reported","pcVFH6","textfile"
"rs574773",1,206859406,"T","C",0.326513,0.0875941,0.13672,0.139345,"outcome",TRUE,"reported","pcVFH6","textfile"
"rs6929665",6,148589919,"A","G",0.530393,0.684059,0.0539813,0.0860389,"outcome",TRUE,"reported","pcVFH6","textfile"
