"SNP","chr.outcome","pos.outcome","effect_allele.outcome","other_allele.outcome","pval.outcome","eaf.outcome","beta.outcome","se.outcome","outcome","mr_keep.outcome","pval_origin.outcome","id.outcome","data_source.outcome"
"rs10927006",1,243394357,"C","T",0.314555,0.160707,-0.107661,0.10705,"outcome",TRUE,"reported","vRjfbO","textfile"
"rs11966563",6,71741914,"G","C",0.321688,0.14082,-0.112909,0.113935,"outcome",TRUE,"reported","vRjfbO","textfile"
"rs17170000",7,146238004,"G","C",0.188815,0.228954,-0.124296,0.0945872,"outcome",TRUE,"reported","vRjfbO","textfile"
"rs17679866",17,14236763,"T","C",0.788321,0.0980875,-0.0358328,0.13346,"outcome",TRUE,"reported","vRjfbO","textfile"
"rs2267575",19,35334302,"T","A",0.499191,0.195018,-0.0677994,0.10033,"outcome",TRUE,"reported","vRjfbO","textfile"
"rs2275353",1,203181080,"A","G",0.816105,0.0958511,0.0310899,0.133687,"outcome",TRUE,"reported","vRjfbO","textfile"
"rs335170",5,123146549,"C","A",0.385556,0.492555,-0.0685448,0.0789956,"outcome",TRUE,"reported","vRjfbO","textfile"
"rs4713169",6,11084321,"C","G",0.381519,0.462829,-0.0699969,0.0799873,"outcome",TRUE,"reported","vRjfbO","textfile"
"rs4955937",3,55160226,"G","A",0.963364,0.547845,0.00368205,0.0801621,"outcome",TRUE,"reported","vRjfbO","textfile"
"rs7148806",14,32859581,"A","G",0.899499,0.832715,-0.0134178,0.106242,"outcome",TRUE,"reported","vRjfbO","textfile"
"rs9569679",13,57390743,"T","G",0.793612,0.276161,-0.0231288,0.0884048,"outcome",TRUE,"reported","vRjfbO","textfile"
"rs9809853",3,146892850,"T","C",0.680978,0.718183,0.0361074,0.0878248,"outcome",TRUE,"reported","vRjfbO","textfile"
