"SNP","chr.outcome","pos.outcome","effect_allele.outcome","other_allele.outcome","pval.outcome","eaf.outcome","beta.outcome","se.outcome","outcome","mr_keep.outcome","pval_origin.outcome","id.outcome","data_source.outcome"
"rs1028777",8,138064963,"C","A",0.450892,0.327714,-0.0634208,0.0841206,"outcome",TRUE,"reported","Qilul9","textfile"
"rs10444467",12,127568091,"C","T",0.82097,0.520257,-0.0178832,0.0790251,"outcome",TRUE,"reported","Qilul9","textfile"
"rs10503601",8,17667959,"C","T",0.479514,0.0936314,-0.0953965,0.134915,"outcome",TRUE,"reported","Qilul9","textfile"
"rs11126005",2,64472003,"A","G",0.606195,0.403141,-0.0426016,0.0826392,"outcome",TRUE,"reported","Qilul9","textfile"
"rs11170195",12,52609778,"C","T",0.445598,0.385256,0.0620531,0.0813518,"outcome",TRUE,"reported","Qilul9","textfile"
"rs1146975",13,81336144,"G","A",0.865133,0.688621,-0.0144726,0.085211,"outcome",TRUE,"reported","Qilul9","textfile"
"rs11614753",12,62778149,"C","T",0.951151,0.0101914,-0.0247086,0.403327,"outcome",TRUE,"reported","Qilul9","textfile"
"rs11778747",8,8974152,"T","C",0.995441,0.207246,0.000557438,0.0975661,"outcome",TRUE,"reported","Qilul9","textfile"
"rs11801253",1,88001984,"G","A",0.873861,0.542517,0.0126191,0.0794876,"outcome",TRUE,"reported","Qilul9","textfile"
"rs11865240",16,6819311,"T","G",0.232771,0.54278,0.0948345,0.0794756,"outcome",TRUE,"reported","Qilul9","textfile"
"rs12136030",1,184205732,"T","C",0.361084,0.493754,-0.0722952,0.079158,"outcome",TRUE,"reported","Qilul9","textfile"
"rs12241172",10,17507771,"C","T",0.451267,0.289422,-0.0659067,0.0874903,"outcome",TRUE,"reported","Qilul9","textfile"
"rs12327010",18,2173323,"G","A",0.791504,0.265884,-0.0236901,0.0896132,"outcome",TRUE,"reported","Qilul9","textfile"
"rs12663966",6,1986707,"A","T",0.134655,0.354277,0.124074,0.0829374,"outcome",TRUE,"reported","Qilul9","textfile"
"rs13174601",5,51942266,"C","T",0.732965,0.0654716,-0.0550842,0.16145,"outcome",TRUE,"reported","Qilul9","textfile"
"rs1324707",1,195308606,"G","A",0.186246,0.377483,0.107758,0.0815255,"outcome",TRUE,"reported","Qilul9","textfile"
"rs13259125",8,5967383,"T","C",0.332277,0.405308,0.0783052,0.0807655,"outcome",TRUE,"reported","Qilul9","textfile"
"rs13269603",8,22631237,"T","C",0.357577,0.148624,-0.102645,0.111572,"outcome",TRUE,"reported","Qilul9","textfile"
"rs1338571",1,99665088,"A","G",0.931182,0.47936,-0.00683521,0.0791504,"outcome",TRUE,"reported","Qilul9","textfile"
"rs1531507",3,82682148,"G","A",0.643526,0.777235,0.0441774,0.0954618,"outcome",TRUE,"reported","Qilul9","textfile"
"rs1536873",9,36994684,"A","G",0.101981,0.512092,-0.130005,0.0794978,"outcome",TRUE,"reported","Qilul9","textfile"
"rs17345286",7,97860710,"T","C",0.783298,0.772895,0.0262058,0.0952856,"outcome",TRUE,"reported","Qilul9","textfile"
"rs1797387",2,231549981,"G","A",0.335504,0.519725,0.0761848,0.0791048,"outcome",TRUE,"reported","Qilul9","textfile"
"rs188611",3,11957667,"G","A",0.927777,0.503321,-0.00718728,0.0792925,"outcome",TRUE,"reported","Qilul9","textfile"
"rs1957025",14,32467672,"A","G",0.911014,0.48298,-0.00885806,0.0792599,"outcome",TRUE,"reported","Qilul9","textfile"
"rs2011069",14,104141731,"G","A",0.978798,0.676478,0.00224965,0.0846494,"outcome",TRUE,"reported","Qilul9","textfile"
"rs2245730",21,42705218,"C","A",0.00295284,0.425938,-0.233148,0.0784322,"outcome",TRUE,"reported","Qilul9","textfile"
"rs2372474",14,83694566,"G","A",0.9209,0.606037,0.0080355,0.0809216,"outcome",TRUE,"reported","Qilul9","textfile"
"rs2911711",2,27527679,"A","T",0.0256354,0.605727,0.181034,0.0811196,"outcome",TRUE,"reported","Qilul9","textfile"
"rs3017098",11,62409471,"G","A",0.206653,0.39502,0.102403,0.0810904,"outcome",TRUE,"reported","Qilul9","textfile"
"rs3103098",4,8510523,"C","G",0.394485,0.432376,0.0677169,0.0795254,"outcome",TRUE,"reported","Qilul9","textfile"
"rs313125",4,126653415,"G","A",0.948864,0.871418,0.00753335,0.117464,"outcome",TRUE,"reported","Qilul9","textfile"
"rs4305952",9,10011184,"C","G",0.956578,0.597228,0.00438709,0.0805741,"outcome",TRUE,"reported","Qilul9","textfile"
"rs4690523",4,177440008,"C","T",0.310608,0.492708,-0.0802389,0.0791351,"outcome",TRUE,"reported","Qilul9","textfile"
"rs4701742",5,6613714,"C","T",0.642973,0.560794,0.0369743,0.079764,"outcome",TRUE,"reported","Qilul9","textfile"
"rs4888479",16,76140732,"G","A",0.635027,0.232846,-0.0446174,0.0939977,"outcome",TRUE,"reported","Qilul9","textfile"
"rs4896596",6,124931585,"T","C",0.304723,0.446877,0.0815564,0.0794619,"outcome",TRUE,"reported","Qilul9","textfile"
"rs512721",3,172423883,"G","A",0.660989,0.941014,-0.0736708,0.167988,"outcome",TRUE,"reported","Qilul9","textfile"
"rs6683094",1,231602819,"A","G",0.576327,0.594226,0.0451499,0.080804,"outcome",TRUE,"reported","Qilul9","textfile"
"rs6755681",2,133081886,"T","C",0.694935,0.0337725,-0.0856656,0.218441,"outcome",TRUE,"reported","Qilul9","textfile"
"rs7161226",14,87861460,"A","C",0.773647,0.996418,0.186542,0.6486,"outcome",TRUE,"reported","Qilul9","textfile"
"rs7445640",5,1236097,"G","T",0.883888,0.33545,-0.0122373,0.0837928,"outcome",TRUE,"reported","Qilul9","textfile"
"rs7822643",8,68510371,"G","A",0.910619,0.118637,0.0137295,0.122303,"outcome",TRUE,"reported","Qilul9","textfile"
