"SNP","chr.outcome","pos.outcome","effect_allele.outcome","other_allele.outcome","pval.outcome","eaf.outcome","beta.outcome","se.outcome","outcome","mr_keep.outcome","pval_origin.outcome","id.outcome","data_source.outcome"
"rs10512731",5,40308688,"G","C",0.182159,0.211609,0.129251,0.09688,"outcome",TRUE,"reported","ertiTn","textfile"
"rs10977991",9,9798666,"G","A",0.29664,0.0694708,-0.162579,0.155777,"outcome",TRUE,"reported","ertiTn","textfile"
"rs11068695",12,117839458,"A","G",0.486572,0.0631488,-0.113901,0.163704,"outcome",TRUE,"reported","ertiTn","textfile"
"rs12234425",7,154325563,"C","A",0.463131,0.127335,0.0871169,0.118736,"outcome",TRUE,"reported","ertiTn","textfile"
"rs12886782",14,94667638,"A","G",0.460982,0.214263,0.0710717,0.0964036,"outcome",TRUE,"reported","ertiTn","textfile"
"rs1461941",16,51754700,"C","G",0.73299,0.640936,-0.0282359,0.0827664,"outcome",TRUE,"reported","ertiTn","textfile"
"rs1630427",11,82619162,"G","C",0.143149,0.927438,0.223347,0.152542,"outcome",TRUE,"reported","ertiTn","textfile"
"rs168190",5,78641142,"T","C",0.966694,0.524691,0.00334882,0.0802009,"outcome",TRUE,"reported","ertiTn","textfile"
"rs16852455",3,106408184,"G","T",0.339466,0.468264,0.0757335,0.0792838,"outcome",TRUE,"reported","ertiTn","textfile"
"rs2070895",15,58431740,"A","G",0.199456,0.258507,-0.116253,0.0906035,"outcome",TRUE,"reported","ertiTn","textfile"
"rs2912035",8,6774628,"G","T",0.248256,0.413243,-0.0929931,0.0805418,"outcome",TRUE,"reported","ertiTn","textfile"
"rs2980872",8,125404678,"A","G",0.748987,0.432067,0.0256872,0.0802784,"outcome",TRUE,"reported","ertiTn","textfile"
"rs308589",13,62089730,"G","A",0.660678,0.544995,0.0348803,0.0794583,"outcome",TRUE,"reported","ertiTn","textfile"
"rs311496",20,63590257,"C","T",0.403411,0.740098,0.0756576,0.0905488,"outcome",TRUE,"reported","ertiTn","textfile"
"rs317279",2,76058339,"G","A",0.478555,0.325051,-0.0600271,0.0847088,"outcome",TRUE,"reported","ertiTn","textfile"
"rs397923",15,58399919,"T","A",0.658629,0.537923,-0.0350897,0.0794232,"outcome",TRUE,"reported","ertiTn","textfile"
"rs6004798",22,25851640,"T","C",0.575167,0.352975,-0.0463513,0.0827024,"outcome",TRUE,"reported","ertiTn","textfile"
"rs7796052",7,106607238,"T","A",0.0423653,0.143471,0.2292,0.112911,"outcome",TRUE,"reported","ertiTn","textfile"
"rs807741",22,19115785,"G","T",0.455747,0.911974,0.105193,0.141034,"outcome",TRUE,"reported","ertiTn","textfile"
"rs923673",4,20789575,"A","C",0.181962,0.750111,0.121864,0.0913022,"outcome",TRUE,"reported","ertiTn","textfile"
