"SNP","chr.outcome","pos.outcome","effect_allele.outcome","other_allele.outcome","pval.outcome","eaf.outcome","beta.outcome","se.outcome","outcome","mr_keep.outcome","pval_origin.outcome","id.outcome","data_source.outcome"
"rs1077835",15,58431227,"G","A",0.24452,0.257882,-0.105554,0.0907005,"outcome",TRUE,"reported","2LVLDd","textfile"
"rs10956695",8,133176894,"C","T",0.932385,0.466786,-0.00685046,0.0807414,"outcome",TRUE,"reported","2LVLDd","textfile"
"rs10956723",8,133795317,"C","T",0.859989,0.114631,0.022065,0.125094,"outcome",TRUE,"reported","2LVLDd","textfile"
"rs11183616",12,46801122,"A","C",0.600586,0.808163,-0.0524981,0.100272,"outcome",TRUE,"reported","2LVLDd","textfile"
"rs11231705",11,55967496,"T","A",0.0741361,0.478371,0.141821,0.0794173,"outcome",TRUE,"reported","2LVLDd","textfile"
"rs11811387",1,36451700,"T","A",0.492762,0.151455,0.0760468,0.110868,"outcome",TRUE,"reported","2LVLDd","textfile"
"rs12886864",14,68481401,"A","G",0.66835,0.430046,0.0342146,0.0798633,"outcome",TRUE,"reported","2LVLDd","textfile"
"rs13009980",2,19427746,"A","G",0.0257425,0.0770304,0.331027,0.148438,"outcome",TRUE,"reported","2LVLDd","textfile"
"rs1341296",11,29342169,"T","C",0.782615,0.361686,0.022742,0.0824244,"outcome",TRUE,"reported","2LVLDd","textfile"
"rs1391971",5,39747791,"A","G",0.22145,0.226809,-0.115663,0.0945976,"outcome",TRUE,"reported","2LVLDd","textfile"
"rs1532085",15,58391167,"G","A",0.962548,0.577485,-0.00375523,0.0799737,"outcome",TRUE,"reported","2LVLDd","textfile"
"rs17448272",4,77688706,"G","A",0.884035,0.116394,0.0180728,0.123909,"outcome",TRUE,"reported","2LVLDd","textfile"
"rs1822378",18,11913616,"C","T",0.437721,0.216946,-0.0742277,0.0956484,"outcome",TRUE,"reported","2LVLDd","textfile"
"rs1883995",22,24819469,"A","G",0.76803,0.69254,-0.0252881,0.0857363,"outcome",TRUE,"reported","2LVLDd","textfile"
"rs2444830",6,80631458,"C","T",0.876481,0.426931,-0.0124673,0.0802106,"outcome",TRUE,"reported","2LVLDd","textfile"
"rs3807839",7,8152336,"C","T",0.499849,0.716279,-0.0591352,0.0876431,"outcome",TRUE,"reported","2LVLDd","textfile"
"rs4566308",2,211275573,"G","C",0.0363664,0.617763,-0.170537,0.0814873,"outcome",TRUE,"reported","2LVLDd","textfile"
"rs6510986",19,966693,"T","C",0.721069,0.796887,0.0351003,0.0983123,"outcome",TRUE,"reported","2LVLDd","textfile"
"rs7200919",16,67282697,"A","G",0.145427,0.461351,0.116116,0.079757,"outcome",TRUE,"reported","2LVLDd","textfile"
"rs7969341",12,21232670,"G","A",0.109153,0.297372,0.138729,0.086597,"outcome",TRUE,"reported","2LVLDd","textfile"
"rs914702",10,44982078,"G","C",0.832212,0.824547,-0.0219785,0.103738,"outcome",TRUE,"reported","2LVLDd","textfile"
"rs945631",1,92960610,"A","G",0.261139,0.0747864,0.171567,0.15268,"outcome",TRUE,"reported","2LVLDd","textfile"
"rs987693",3,29264225,"G","A",0.222319,0.520134,-0.0969583,0.079449,"outcome",TRUE,"reported","2LVLDd","textfile"
