"SNP","chr.outcome","pos.outcome","effect_allele.outcome","other_allele.outcome","pval.outcome","eaf.outcome","beta.outcome","se.outcome","outcome","mr_keep.outcome","pval_origin.outcome","id.outcome","data_source.outcome"
"rs10829734",10,130383604,"G","C",0.54452,0.10726,-0.0780248,0.128755,"outcome",TRUE,"reported","8xYX5P","textfile"
"rs11163340",1,81619229,"A","G",0.319815,0.305176,-0.0852697,0.0857122,"outcome",TRUE,"reported","8xYX5P","textfile"
"rs1260333",2,27525757,"G","A",0.0243646,0.605788,0.182938,0.0812578,"outcome",TRUE,"reported","8xYX5P","textfile"
"rs12613874",2,204741369,"A","G",0.29647,0.734501,0.093853,0.0898946,"outcome",TRUE,"reported","8xYX5P","textfile"
"rs17064388",4,177184505,"A","G",0.677188,0.124278,-0.0502711,0.120756,"outcome",TRUE,"reported","8xYX5P","textfile"
"rs17250948",4,181850805,"C","G",0.603404,0.437695,0.0413535,0.0796008,"outcome",TRUE,"reported","8xYX5P","textfile"
"rs174578",11,61838027,"A","T",0.151348,0.415032,-0.114722,0.0799576,"outcome",TRUE,"reported","8xYX5P","textfile"
"rs1871395",12,21199381,"G","A",0.264493,0.279887,0.0984873,0.0882633,"outcome",TRUE,"reported","8xYX5P","textfile"
"rs4148998",12,21297983,"A","G",0.40371,0.185774,0.0844627,0.101151,"outcome",TRUE,"reported","8xYX5P","textfile"
"rs4521036",2,240988060,"A","G",0.883715,0.118788,-0.0178987,0.122374,"outcome",TRUE,"reported","8xYX5P","textfile"
"rs4943187",13,34148012,"C","G",0.973125,0.941697,0.00572249,0.16986,"outcome",TRUE,"reported","8xYX5P","textfile"
"rs4973862",3,27231503,"C","T",0.281855,0.343788,-0.090161,0.08378,"outcome",TRUE,"reported","8xYX5P","textfile"
"rs6973089",7,136162570,"T","A",0.781655,0.102594,-0.0362135,0.130658,"outcome",TRUE,"reported","8xYX5P","textfile"
"rs7267516",20,58800395,"C","T",0.0749066,0.582516,-0.14309,0.0803406,"outcome",TRUE,"reported","8xYX5P","textfile"
"rs7303969",12,132588104,"T","C",0.768796,0.772902,-0.0278887,0.0948753,"outcome",TRUE,"reported","8xYX5P","textfile"
"rs7903596",10,121704583,"G","A",0.910341,0.00335706,-0.0780745,0.693328,"outcome",TRUE,"reported","8xYX5P","textfile"
"rs8736",19,54173495,"C","T",0.743598,0.605878,-0.0266579,0.0814995,"outcome",TRUE,"reported","8xYX5P","textfile"
"rs9326061",1,64521116,"C","G",0.562055,0.896996,0.0752303,0.129754,"outcome",TRUE,"reported","8xYX5P","textfile"
"rs9997",22,20441888,"C","T",0.880388,0.386068,0.0122157,0.0811794,"outcome",TRUE,"reported","8xYX5P","textfile"
