"SNP","chr.outcome","pos.outcome","effect_allele.outcome","other_allele.outcome","pval.outcome","eaf.outcome","beta.outcome","se.outcome","outcome","mr_keep.outcome","pval_origin.outcome","id.outcome","data_source.outcome"
"rs10243870",7,15175652,"G","T",0.405199,0.182844,-0.0851048,0.102244,"outcome",TRUE,"reported","MqJQeq","textfile"
"rs10485760",20,12668419,"C","T",0.561239,0.0329017,-0.131499,0.226332,"outcome",TRUE,"reported","MqJQeq","textfile"
"rs10811676",9,2229388,"T","C",0.0321959,0.178608,0.22107,0.103209,"outcome",TRUE,"reported","MqJQeq","textfile"
"rs11059438",12,128020855,"T","C",0.61697,0.014188,0.171821,0.34354,"outcome",TRUE,"reported","MqJQeq","textfile"
"rs1111835",13,78908583,"G","A",0.211178,0.988122,-0.461779,0.369325,"outcome",TRUE,"reported","MqJQeq","textfile"
"rs11656024",17,78648485,"A","G",0.682617,0.214956,-0.0391348,0.0957086,"outcome",TRUE,"reported","MqJQeq","textfile"
"rs11817310",10,42787578,"C","T",0.0323519,0.0249866,0.547458,0.255817,"outcome",TRUE,"reported","MqJQeq","textfile"
"rs11878582",19,19948700,"G","C",0.264325,0.00173751,-1.01855,0.912496,"outcome",TRUE,"reported","MqJQeq","textfile"
"rs12070861",1,179581155,"C","T",0.807379,0.0832511,-0.0346062,0.14194,"outcome",TRUE,"reported","MqJQeq","textfile"
"rs12092233",1,13963014,"T","G",0.786347,0.0280619,-0.0652209,0.240616,"outcome",TRUE,"reported","MqJQeq","textfile"
"rs12639034",3,154057954,"C","T",0.362055,0.0140656,-0.308994,0.339012,"outcome",TRUE,"reported","MqJQeq","textfile"
"rs12646855",4,163649934,"A","G",0.748008,0.0192523,0.0948413,0.295209,"outcome",TRUE,"reported","MqJQeq","textfile"
"rs13176512",5,52208016,"A","G",0.442621,0.0570504,0.131588,0.171389,"outcome",TRUE,"reported","MqJQeq","textfile"
"rs13354441",5,40085850,"G","A",0.535618,0.0275789,-0.150921,0.243637,"outcome",TRUE,"reported","MqJQeq","textfile"
"rs13429065",2,52390540,"T","C",0.379497,0.0274219,0.213756,0.24323,"outcome",TRUE,"reported","MqJQeq","textfile"
"rs1447600",3,135739142,"C","T",0.649947,0.282599,-0.0399753,0.088083,"outcome",TRUE,"reported","MqJQeq","textfile"
"rs159314",17,34359065,"G","A",0.20199,0.946488,0.224826,0.17621,"outcome",TRUE,"reported","MqJQeq","textfile"
"rs17066980",3,62714064,"T","C",0.439193,0.0529237,-0.136427,0.176363,"outcome",TRUE,"reported","MqJQeq","textfile"
"rs17157982",7,110801294,"C","T",0.015384,0.014138,0.626134,0.25839,"outcome",TRUE,"reported","MqJQeq","textfile"
"rs17619273",13,67659595,"A","G",0.506156,0.0564684,0.113046,0.170036,"outcome",TRUE,"reported","MqJQeq","textfile"
"rs17797732",18,24008230,"T","C",0.902716,0.0790361,0.0181257,0.148289,"outcome",TRUE,"reported","MqJQeq","textfile"
"rs1824189",15,37461242,"C","T",0.937478,0.21407,0.00754228,0.0961534,"outcome",TRUE,"reported","MqJQeq","textfile"
"rs197712",15,67016650,"C","T",0.954584,0.140142,-0.00648054,0.113791,"outcome",TRUE,"reported","MqJQeq","textfile"
"rs2280350",17,48752783,"T","C",0.288415,0.00884126,-0.441696,0.416065,"outcome",TRUE,"reported","MqJQeq","textfile"
"rs2425619",20,44106117,"C","G",0.367839,0.112033,-0.113575,0.12612,"outcome",TRUE,"reported","MqJQeq","textfile"
"rs3813761",16,1839713,"C","T",0.784921,0.0508992,0.0491753,0.180187,"outcome",TRUE,"reported","MqJQeq","textfile"
"rs418889",19,18039165,"A","G",0.535916,0.0366956,-0.129522,0.209243,"outcome",TRUE,"reported","MqJQeq","textfile"
"rs4589435",13,65722920,"C","T",0.602027,0.266647,-0.0468425,0.0898246,"outcome",TRUE,"reported","MqJQeq","textfile"
"rs6562537",13,68795913,"G","A",0.466148,0.00923313,-0.307086,0.421382,"outcome",TRUE,"reported","MqJQeq","textfile"
"rs6961104",7,25658018,"C","T",0.214073,0.0995591,0.165928,0.13355,"outcome",TRUE,"reported","MqJQeq","textfile"
"rs7009700",8,68389191,"G","C",0.213883,0.0365903,-0.265025,0.213221,"outcome",TRUE,"reported","MqJQeq","textfile"
"rs707922",6,31657730,"T","G",0.207145,0.00937125,-0.513924,0.407406,"outcome",TRUE,"reported","MqJQeq","textfile"
"rs726389",20,19635154,"C","T",0.61753,0.0245747,-0.126837,0.254002,"outcome",TRUE,"reported","MqJQeq","textfile"
"rs736289",19,33266156,"C","T",0.954232,0.417084,0.00461425,0.0803977,"outcome",TRUE,"reported","MqJQeq","textfile"
"rs745932",18,62802703,"A","G",0.7502,0.146863,0.0354589,0.111375,"outcome",TRUE,"reported","MqJQeq","textfile"
"rs8014529",14,106784065,"A","G",0.134157,0.400015,0.121813,0.081322,"outcome",TRUE,"reported","MqJQeq","textfile"
"rs9375892",6,99075228,"G","T",0.980324,0.0608595,0.00409708,0.166127,"outcome",TRUE,"reported","MqJQeq","textfile"
"rs9577914",13,113879897,"G","A",0.238475,0.34346,-0.0986426,0.08368,"outcome",TRUE,"reported","MqJQeq","textfile"
