"SNP","chr.outcome","pos.outcome","effect_allele.outcome","other_allele.outcome","pval.outcome","eaf.outcome","beta.outcome","se.outcome","outcome","mr_keep.outcome","pval_origin.outcome","id.outcome","data_source.outcome"
"rs10030952",4,94016966,"T","C",0.455556,0.341562,-0.0622852,0.0834716,"outcome",TRUE,"reported","YQvjGg","textfile"
"rs10826860",10,30734649,"T","C",0.469752,0.656491,0.0603348,0.0834643,"outcome",TRUE,"reported","YQvjGg","textfile"
"rs1470777",8,1122775,"C","T",0.0123222,0.349534,0.20811,0.0831516,"outcome",TRUE,"reported","YQvjGg","textfile"
"rs16856300",2,168961792,"C","A",0.841763,0.40676,-0.0161232,0.0807614,"outcome",TRUE,"reported","YQvjGg","textfile"
"rs4454960",16,83209000,"C","G",0.443402,0.985202,-0.248557,0.324292,"outcome",TRUE,"reported","YQvjGg","textfile"
"rs4953342",2,46324908,"G","A",0.0652725,0.363741,0.151993,0.0824533,"outcome",TRUE,"reported","YQvjGg","textfile"
"rs5993792",22,16648848,"C","T",0.0938275,0.300155,-0.145303,0.0867195,"outcome",TRUE,"reported","YQvjGg","textfile"
"rs6575039",14,89181480,"T","C",0.255108,0.798701,0.112696,0.0990272,"outcome",TRUE,"reported","YQvjGg","textfile"
"rs6597533",9,131873617,"G","A",0.916393,0.0361274,0.02215,0.210997,"outcome",TRUE,"reported","YQvjGg","textfile"
"rs9345410",6,64713141,"C","G",0.118863,0.893467,-0.200186,0.12836,"outcome",TRUE,"reported","YQvjGg","textfile"
"rs9935968",16,80347723,"A","G",0.893526,0.282071,-0.011895,0.0888725,"outcome",TRUE,"reported","YQvjGg","textfile"
