"SNP","chr.outcome","pos.outcome","effect_allele.outcome","other_allele.outcome","pval.outcome","eaf.outcome","beta.outcome","se.outcome","outcome","mr_keep.outcome","pval_origin.outcome","id.outcome","data_source.outcome"
"rs10916770",1,20341882,"T","A",0.895163,0.182439,-0.0135576,0.102886,"outcome",TRUE,"reported","u7fRFl","textfile"
"rs12200779",6,96266319,"A","G",0.328337,0.0830835,-0.139933,0.143158,"outcome",TRUE,"reported","u7fRFl","textfile"
"rs12466783",2,10377351,"G","C",0.824761,0.0365488,-0.0465452,0.210207,"outcome",TRUE,"reported","u7fRFl","textfile"
"rs12748135",1,110831471,"C","T",0.992552,0.143966,-0.00105251,0.112758,"outcome",TRUE,"reported","u7fRFl","textfile"
"rs1373562",15,25816357,"C","T",0.0265968,0.837513,-0.239005,0.107787,"outcome",TRUE,"reported","u7fRFl","textfile"
"rs2826581",21,20877193,"A","T",0.615357,0.000225185,-1.95855,3.89806,"outcome",TRUE,"reported","u7fRFl","textfile"
"rs2925759",2,160223386,"C","T",0.613047,0.807913,0.0510006,0.100846,"outcome",TRUE,"reported","u7fRFl","textfile"
"rs7036822",9,1450428,"A","G",0.603908,0.738988,0.047279,0.0911336,"outcome",TRUE,"reported","u7fRFl","textfile"
"rs898219",5,71944311,"G","T",0.467819,0.393805,0.0588992,0.0811248,"outcome",TRUE,"reported","u7fRFl","textfile"
