"SNP","chr.outcome","pos.outcome","effect_allele.outcome","other_allele.outcome","pval.outcome","eaf.outcome","beta.outcome","se.outcome","outcome","mr_keep.outcome","pval_origin.outcome","id.outcome","data_source.outcome"
"rs10509709",10,96404600,"G","C",0.976677,0.0906739,0.00403712,0.13809,"outcome",TRUE,"reported","hkdA3K","textfile"
"rs11778877",8,41565582,"C","T",0.872344,0.0431996,0.0311841,0.194074,"outcome",TRUE,"reported","hkdA3K","textfile"
"rs12194922",6,96048937,"T","C",0.586921,0.0100549,-0.215664,0.39695,"outcome",TRUE,"reported","hkdA3K","textfile"
"rs1791914",11,116093114,"A","G",0.247534,0.406352,0.0937217,0.0810488,"outcome",TRUE,"reported","hkdA3K","textfile"
"rs226818",20,48267206,"A","G",0.640889,0.893156,0.059286,0.127099,"outcome",TRUE,"reported","hkdA3K","textfile"
"rs2513248",11,105548923,"C","T",0.101518,0.848457,0.18199,0.111136,"outcome",TRUE,"reported","hkdA3K","textfile"
"rs3748400",16,87412233,"T","C",0.110149,0.77346,-0.150398,0.0941446,"outcome",TRUE,"reported","hkdA3K","textfile"
"rs595526",6,10466868,"G","A",0.885071,0.420942,0.0115907,0.0801883,"outcome",TRUE,"reported","hkdA3K","textfile"
"rs7524781",1,106340946,"A","G",0.372346,0.150824,-0.0985469,0.110468,"outcome",TRUE,"reported","hkdA3K","textfile"
"rs9561023",13,92370148,"A","G",0.202824,0.0796484,-0.185535,0.145684,"outcome",TRUE,"reported","hkdA3K","textfile"
"rs9870766",3,191622529,"A","G",0.521852,0.130066,-0.075235,0.117464,"outcome",TRUE,"reported","hkdA3K","textfile"
"rs9971507",11,10148348,"A","G",0.73904,0.0395319,-0.0673889,0.202293,"outcome",TRUE,"reported","hkdA3K","textfile"
