"SNP","chr.outcome","pos.outcome","effect_allele.outcome","other_allele.outcome","pval.outcome","eaf.outcome","beta.outcome","se.outcome","outcome","mr_keep.outcome","pval_origin.outcome","id.outcome","data_source.outcome"
"rs10020998",4,105507297,"G","A",0.201946,0.8701,-0.151259,0.118539,"outcome",TRUE,"reported","vrrq1h","textfile"
"rs10213999",5,118571597,"A","C",0.891181,0.209811,0.0133255,0.0974008,"outcome",TRUE,"reported","vrrq1h","textfile"
"rs10408650",19,42027033,"T","C",0.959754,0.0565661,0.00873059,0.173012,"outcome",TRUE,"reported","vrrq1h","textfile"
"rs11573590",1,44826501,"A","G",0.0278407,0.0461713,-0.415592,0.188946,"outcome",TRUE,"reported","vrrq1h","textfile"
"rs11694339",2,34805632,"A","G",0.759322,0.0130351,-0.104098,0.339777,"outcome",TRUE,"reported","vrrq1h","textfile"
"rs11725533",4,185288119,"G","A",0.850004,0.052454,0.0336799,0.178093,"outcome",TRUE,"reported","vrrq1h","textfile"
"rs12071018",1,158118051,"T","C",0.197368,0.286052,0.11286,0.0875505,"outcome",TRUE,"reported","vrrq1h","textfile"
"rs12326998",18,35176529,"A","C",0.742154,0.0303841,0.0769846,0.233994,"outcome",TRUE,"reported","vrrq1h","textfile"
"rs12525617",6,165093683,"T","C",0.663628,0.00925969,0.179815,0.413455,"outcome",TRUE,"reported","vrrq1h","textfile"
"rs12626169",20,51153346,"C","G",0.825673,0.0399667,0.044232,0.200823,"outcome",TRUE,"reported","vrrq1h","textfile"
"rs12702615",7,7516926,"A","G",0.164378,0.00789668,-0.622891,0.447963,"outcome",TRUE,"reported","vrrq1h","textfile"
"rs12769714",10,71400293,"T","C",0.115542,0.036388,0.336256,0.213663,"outcome",TRUE,"reported","vrrq1h","textfile"
"rs13028212",2,83748465,"G","C",0.176892,0.0394416,-0.276001,0.204387,"outcome",TRUE,"reported","vrrq1h","textfile"
"rs13094553",3,156891511,"G","A",0.644821,0.048916,-0.084737,0.183824,"outcome",TRUE,"reported","vrrq1h","textfile"
"rs13121716",4,5231809,"C","A",0.770703,0.0496704,-0.0541034,0.185632,"outcome",TRUE,"reported","vrrq1h","textfile"
"rs13147512",4,8643350,"T","C",0.0729794,0.0490747,0.331834,0.185076,"outcome",TRUE,"reported","vrrq1h","textfile"
"rs1618850",10,8130610,"T","G",0.139457,0.553702,0.118026,0.0798652,"outcome",TRUE,"reported","vrrq1h","textfile"
"rs16831763",3,120826130,"G","A",0.481609,0.0380581,-0.144674,0.205586,"outcome",TRUE,"reported","vrrq1h","textfile"
"rs16896783",6,65537458,"G","A",0.600181,0.0111327,-0.195195,0.37241,"outcome",TRUE,"reported","vrrq1h","textfile"
"rs16928617",10,28220367,"T","C",0.222281,0.00365535,0.82818,0.678567,"outcome",TRUE,"reported","vrrq1h","textfile"
"rs17415487",10,22308245,"G","A",0.20212,0.0980443,0.169905,0.133203,"outcome",TRUE,"reported","vrrq1h","textfile"
"rs17784966",2,161773683,"G","T",0.150992,0.0402601,-0.288363,0.200805,"outcome",TRUE,"reported","vrrq1h","textfile"
"rs17796969",6,129234175,"C","T",0.0199682,0.107599,0.301195,0.129438,"outcome",TRUE,"reported","vrrq1h","textfile"
"rs1912320",10,85450161,"G","A",0.78006,0.962141,0.0581424,0.208216,"outcome",TRUE,"reported","vrrq1h","textfile"
"rs1954396",14,43132633,"A","G",0.116311,0.963237,0.324911,0.206891,"outcome",TRUE,"reported","vrrq1h","textfile"
"rs207703",4,16827171,"T","C",0.810586,0.97365,-0.0593113,0.24747,"outcome",TRUE,"reported","vrrq1h","textfile"
"rs2087348",7,119307457,"T","G",0.884718,0.989678,-0.0627189,0.432571,"outcome",TRUE,"reported","vrrq1h","textfile"
"rs2212841",18,75648556,"T","C",0.635369,0.0158066,0.148688,0.313565,"outcome",TRUE,"reported","vrrq1h","textfile"
"rs2390633",7,22350826,"A","C",0.249923,0.0607332,-0.194838,0.169345,"outcome",TRUE,"reported","vrrq1h","textfile"
"rs2830801",21,27248412,"A","G",0.420424,0.0768967,0.119673,0.148536,"outcome",TRUE,"reported","vrrq1h","textfile"
"rs3734021",5,157115588,"A","G",0.873926,0.0785351,-0.0234435,0.147747,"outcome",TRUE,"reported","vrrq1h","textfile"
"rs3735210",7,2029953,"C","T",0.657013,0.0241007,0.115686,0.26053,"outcome",TRUE,"reported","vrrq1h","textfile"
"rs3749229",3,184381418,"T","C",0.841494,0.0711761,-0.03102,0.155113,"outcome",TRUE,"reported","vrrq1h","textfile"
"rs3750318",9,128908673,"T","C",0.284419,0.06284,-0.175406,0.163862,"outcome",TRUE,"reported","vrrq1h","textfile"
"rs4976704",5,177615619,"C","T",0.753685,0.194444,0.031464,0.100273,"outcome",TRUE,"reported","vrrq1h","textfile"
"rs6511851",19,13172861,"C","G",0.619598,0.970205,-0.117304,0.2363,"outcome",TRUE,"reported","vrrq1h","textfile"
"rs693833",1,194120687,"C","A",0.294359,0.00408687,-0.646926,0.616938,"outcome",TRUE,"reported","vrrq1h","textfile"
"rs7954487",12,274671,"G","C",0.420655,0.0225832,-0.219799,0.272946,"outcome",TRUE,"reported","vrrq1h","textfile"
"rs8089543",18,21263789,"T","C",0.555766,0.0119231,-0.216498,0.36748,"outcome",TRUE,"reported","vrrq1h","textfile"
"rs8187736",15,84887723,"T","C",0.0513653,0.0254796,-0.499943,0.25659,"outcome",TRUE,"reported","vrrq1h","textfile"
"rs9566930",13,42136300,"T","C",0.70834,0.00418354,-0.23713,0.633892,"outcome",TRUE,"reported","vrrq1h","textfile"
"rs9812186",3,172998384,"G","A",0.927545,0.0239285,-0.0235242,0.258695,"outcome",TRUE,"reported","vrrq1h","textfile"
