"SNP","chr.outcome","pos.outcome","effect_allele.outcome","other_allele.outcome","pval.outcome","eaf.outcome","beta.outcome","se.outcome","outcome","mr_keep.outcome","pval_origin.outcome","id.outcome","data_source.outcome"
"rs10071202",5,95183879,"A","G",0.651844,0.445372,0.0360029,0.0797935,"outcome",TRUE,"reported","kWyXcd","textfile"
"rs10146370",14,63323647,"C","G",0.969278,0.208615,-0.0037802,0.0981505,"outcome",TRUE,"reported","kWyXcd","textfile"
"rs10182315",2,7677505,"T","C",0.00747636,0.154924,-0.305155,0.114083,"outcome",TRUE,"reported","kWyXcd","textfile"
"rs10244572",7,20117607,"G","A",0.0126812,0.12331,0.27314,0.10958,"outcome",TRUE,"reported","kWyXcd","textfile"
"rs10473625",5,23184553,"C","A",0.0961037,0.548164,-0.133196,0.0800437,"outcome",TRUE,"reported","kWyXcd","textfile"
"rs10787147",10,109319780,"T","C",0.167326,0.659988,0.115533,0.0836682,"outcome",TRUE,"reported","kWyXcd","textfile"
"rs10892025",11,98600802,"A","G",0.742891,0.448575,0.0260924,0.0795436,"outcome",TRUE,"reported","kWyXcd","textfile"
"rs10920206",1,201453336,"C","T",0.892134,0.0206105,-0.037585,0.277167,"outcome",TRUE,"reported","kWyXcd","textfile"
"rs1184474",13,111510622,"A","C",0.132384,0.312368,0.128793,0.0855897,"outcome",TRUE,"reported","kWyXcd","textfile"
"rs11965227",6,131377804,"A","C",0.250956,0.374715,-0.0942472,0.0820946,"outcome",TRUE,"reported","kWyXcd","textfile"
"rs12005759",9,33522047,"A","G",0.0293569,0.333937,-0.183545,0.0842465,"outcome",TRUE,"reported","kWyXcd","textfile"
"rs12051514",16,80908980,"A","G",0.0297708,0.0913634,0.299533,0.137835,"outcome",TRUE,"reported","kWyXcd","textfile"
"rs12074764",1,219872312,"C","T",0.588262,0.0341757,0.117042,0.216201,"outcome",TRUE,"reported","kWyXcd","textfile"
"rs12191555",6,99089840,"T","C",0.315057,0.174267,0.105109,0.104621,"outcome",TRUE,"reported","kWyXcd","textfile"
"rs12221514",11,23521036,"G","T",0.877008,0.0629632,0.0251286,0.162368,"outcome",TRUE,"reported","kWyXcd","textfile"
"rs12357028",10,20650080,"A","G",0.808406,0.135912,0.027907,0.115089,"outcome",TRUE,"reported","kWyXcd","textfile"
"rs12498092",3,73226387,"G","A",0.964353,0.479811,0.00353842,0.0791732,"outcome",TRUE,"reported","kWyXcd","textfile"
"rs12697346",5,35712411,"T","C",0.329648,0.773867,0.0923472,0.0947322,"outcome",TRUE,"reported","kWyXcd","textfile"
"rs132382",22,29216747,"A","G",0.98031,0.951795,0.00456666,0.185031,"outcome",TRUE,"reported","kWyXcd","textfile"
"rs13270412",8,21477371,"C","T",0.00439835,0.211476,-0.282076,0.0990408,"outcome",TRUE,"reported","kWyXcd","textfile"
"rs157009",13,109106730,"C","T",0.176863,0.523268,0.106709,0.079016,"outcome",TRUE,"reported","kWyXcd","textfile"
"rs1606973",2,51647562,"A","C",0.729199,0.827188,0.0363051,0.10487,"outcome",TRUE,"reported","kWyXcd","textfile"
"rs1614887",6,26392793,"A","G",0.56943,0.534953,-0.0449738,0.0790551,"outcome",TRUE,"reported","kWyXcd","textfile"
"rs17357891",1,189150393,"G","C",0.725082,0.183889,0.0366978,0.104351,"outcome",TRUE,"reported","kWyXcd","textfile"
"rs17401989",20,20277539,"A","G",0.759838,0.0484158,0.0570251,0.186544,"outcome",TRUE,"reported","kWyXcd","textfile"
"rs17736971",15,26244482,"T","G",0.530214,0.0500947,0.115278,0.183656,"outcome",TRUE,"reported","kWyXcd","textfile"
"rs1806807",9,135283132,"G","A",0.724975,0.174121,-0.0367044,0.104328,"outcome",TRUE,"reported","kWyXcd","textfile"
"rs1900968",6,156003300,"G","C",0.021687,0.650695,-0.189869,0.0827025,"outcome",TRUE,"reported","kWyXcd","textfile"
"rs1941075",18,12774849,"C","T",0.477009,0.225818,-0.0675178,0.0949455,"outcome",TRUE,"reported","kWyXcd","textfile"
"rs2075384",12,113859364,"C","T",0.147827,0.0715024,0.223085,0.154144,"outcome",TRUE,"reported","kWyXcd","textfile"
"rs2309461",4,181356930,"T","C",0.604501,0.626628,-0.0422609,0.0815944,"outcome",TRUE,"reported","kWyXcd","textfile"
"rs2402511",14,94818927,"G","A",0.922576,0.527204,0.00772311,0.0794642,"outcome",TRUE,"reported","kWyXcd","textfile"
"rs2408190",16,63008400,"G","A",0.187219,0.471942,0.104437,0.079188,"outcome",TRUE,"reported","kWyXcd","textfile"
"rs3743526",16,16052938,"G","C",0.103491,0.280704,0.142796,0.0877039,"outcome",TRUE,"reported","kWyXcd","textfile"
"rs3745836",19,56141223,"A","G",0.868443,0.914569,0.0236004,0.142483,"outcome",TRUE,"reported","kWyXcd","textfile"
"rs3759903",15,99228437,"T","G",0.888638,0.114644,-0.0174133,0.124357,"outcome",TRUE,"reported","kWyXcd","textfile"
"rs4282172",4,19449023,"G","A",0.181454,0.694332,0.114349,0.0855722,"outcome",TRUE,"reported","kWyXcd","textfile"
"rs4420497",15,84127515,"C","T",0.111399,0.886028,0.198603,0.124755,"outcome",TRUE,"reported","kWyXcd","textfile"
"rs4477518",12,66612308,"G","A",0.364512,0.472912,0.0720871,0.0794961,"outcome",TRUE,"reported","kWyXcd","textfile"
"rs4765467",12,124229808,"A","T",0.801743,0.0961825,0.0336004,0.133817,"outcome",TRUE,"reported","kWyXcd","textfile"
"rs606242",6,116718060,"C","T",0.177495,0.336272,0.112701,0.0835746,"outcome",TRUE,"reported","kWyXcd","textfile"
"rs6464160",7,151660614,"T","G",0.842406,0.353395,0.0164865,0.0829232,"outcome",TRUE,"reported","kWyXcd","textfile"
"rs6553660",4,172931893,"A","T",0.220313,0.110288,0.154861,0.126345,"outcome",TRUE,"reported","kWyXcd","textfile"
"rs6773303",3,60363245,"G","A",0.727183,0.55679,-0.0284293,0.0814889,"outcome",TRUE,"reported","kWyXcd","textfile"
"rs679622",1,63845976,"A","T",0.512592,0.314882,-0.0556997,0.085063,"outcome",TRUE,"reported","kWyXcd","textfile"
"rs6830940",4,15208863,"C","T",0.69891,0.220053,0.0371016,0.0959211,"outcome",TRUE,"reported","kWyXcd","textfile"
"rs7090161",10,88124663,"C","A",0.384787,0.0266468,-0.213635,0.245809,"outcome",TRUE,"reported","kWyXcd","textfile"
"rs7463317",8,65490636,"G","A",0.39512,0.788404,-0.0827027,0.0972551,"outcome",TRUE,"reported","kWyXcd","textfile"
"rs7693137",4,56348606,"T","C",0.726138,0.697429,-0.030209,0.0862457,"outcome",TRUE,"reported","kWyXcd","textfile"
"rs7721259",5,136951589,"C","T",0.218042,0.89286,0.15609,0.126722,"outcome",TRUE,"reported","kWyXcd","textfile"
"rs7771614",6,46008061,"T","C",0.0461434,0.322861,0.169252,0.084877,"outcome",TRUE,"reported","kWyXcd","textfile"
"rs7900257",10,44391787,"T","G",0.0110992,0.239063,0.217521,0.085653,"outcome",TRUE,"reported","kWyXcd","textfile"
"rs8105343",19,56056639,"G","A",0.338598,0.123782,-0.115903,0.121119,"outcome",TRUE,"reported","kWyXcd","textfile"
"rs820860",5,74664483,"T","C",0.132212,0.605415,0.12169,0.0808337,"outcome",TRUE,"reported","kWyXcd","textfile"
"rs9815685",3,190640563,"A","G",0.751683,0.252687,-0.0289831,0.0915965,"outcome",TRUE,"reported","kWyXcd","textfile"
"rs9864332",3,140364218,"A","C",0.995126,0.150397,-0.000676202,0.110693,"outcome",TRUE,"reported","kWyXcd","textfile"
