"SNP","chr.outcome","pos.outcome","effect_allele.outcome","other_allele.outcome","pval.outcome","eaf.outcome","beta.outcome","se.outcome","outcome","mr_keep.outcome","pval_origin.outcome","id.outcome","data_source.outcome"
"rs1000702",12,94862520,"G","T",0.169872,0.562378,0.109377,0.0796849,"outcome",TRUE,"reported","B9PpCR","textfile"
"rs10481772",9,72751010,"C","T",0.231067,0.140715,-0.13556,0.113191,"outcome",TRUE,"reported","B9PpCR","textfile"
"rs10971203",9,32899741,"C","T",0.332677,0.587827,-0.0777111,0.080219,"outcome",TRUE,"reported","B9PpCR","textfile"
"rs11077095",16,6866450,"G","A",0.525824,0.628531,-0.0518087,0.0816663,"outcome",TRUE,"reported","B9PpCR","textfile"
"rs11097262",4,76193783,"T","C",0.175577,0.135096,0.156213,0.115329,"outcome",TRUE,"reported","B9PpCR","textfile"
"rs12046325",1,79040725,"C","A",0.615445,0.210188,0.0492676,0.0980808,"outcome",TRUE,"reported","B9PpCR","textfile"
"rs1360637",13,39257544,"G","A",0.581778,0.960256,0.114294,0.207509,"outcome",TRUE,"reported","B9PpCR","textfile"
"rs16855886",2,168790925,"T","G",0.787459,0.0165632,0.0845987,0.313781,"outcome",TRUE,"reported","B9PpCR","textfile"
"rs2876587",6,21258023,"C","T",0.608817,0.878768,-0.0616773,0.12052,"outcome",TRUE,"reported","B9PpCR","textfile"
"rs472038",11,74816098,"G","C",0.246811,0.934596,-0.186612,0.161132,"outcome",TRUE,"reported","B9PpCR","textfile"
"rs7655049",4,105131307,"T","C",0.981581,0.131963,0.00268385,0.116249,"outcome",TRUE,"reported","B9PpCR","textfile"
"rs9965173",18,7211757,"G","A",0.304337,0.0894364,0.143326,0.139534,"outcome",TRUE,"reported","B9PpCR","textfile"
