"SNP","chr.outcome","pos.outcome","effect_allele.outcome","other_allele.outcome","pval.outcome","eaf.outcome","beta.outcome","se.outcome","outcome","mr_keep.outcome","pval_origin.outcome","id.outcome","data_source.outcome"
"rs10171231",2,72253407,"T","C",0.323131,0.0427246,0.192069,0.194394,"outcome",TRUE,"reported","odOs1f","textfile"
"rs10496053",2,55783120,"C","T",0.461504,0.0630642,0.120265,0.163321,"outcome",TRUE,"reported","odOs1f","textfile"
"rs1054363",16,522855,"T","G",0.35826,0.0226531,0.244256,0.265876,"outcome",TRUE,"reported","odOs1f","textfile"
"rs11871671",17,73412887,"T","C",0.35475,0.293394,-0.0799778,0.0864238,"outcome",TRUE,"reported","odOs1f","textfile"
"rs1188240",9,108409925,"C","A",0.161622,0.47204,-0.110648,0.079055,"outcome",TRUE,"reported","odOs1f","textfile"
"rs12701171",7,3805217,"G","T",0.0648112,0.0341119,-0.397454,0.21524,"outcome",TRUE,"reported","odOs1f","textfile"
"rs13052926",21,41213161,"G","A",0.889012,0.159414,0.0151103,0.108275,"outcome",TRUE,"reported","odOs1f","textfile"
"rs17216158",4,181750949,"T","A",0.894066,0.0445469,0.0255512,0.191882,"outcome",TRUE,"reported","odOs1f","textfile"
"rs17218189",4,58478872,"T","C",0.788081,0.0602822,0.0443594,0.165025,"outcome",TRUE,"reported","odOs1f","textfile"
"rs17646069",13,42229127,"C","T",0.905797,0.0346763,0.0259625,0.219387,"outcome",TRUE,"reported","odOs1f","textfile"
"rs3810529",20,47860118,"T","C",0.40814,0.0611631,0.135096,0.163322,"outcome",TRUE,"reported","odOs1f","textfile"
"rs610810",18,2988769,"T","G",0.51608,0.995197,0.363377,0.559558,"outcome",TRUE,"reported","odOs1f","textfile"
"rs6794734",3,62661666,"A","C",0.364048,0.725511,-0.0810295,0.0892712,"outcome",TRUE,"reported","odOs1f","textfile"
"rs6837910",4,8254225,"G","A",0.804052,0.260682,0.022252,0.0896874,"outcome",TRUE,"reported","odOs1f","textfile"
"rs749427",9,864122,"A","G",0.325792,0.0950243,0.131292,0.133614,"outcome",TRUE,"reported","odOs1f","textfile"
"rs862029",14,74527498,"A","G",0.616462,0.0235742,0.129516,0.258581,"outcome",TRUE,"reported","odOs1f","textfile"
"rs9667032",11,71633395,"T","G",0.502373,0.0129341,-0.24063,0.358742,"outcome",TRUE,"reported","odOs1f","textfile"
"rs9831047",3,2065466,"A","G",0.194597,0.11586,-0.16042,0.123676,"outcome",TRUE,"reported","odOs1f","textfile"
