"SNP","chr.outcome","pos.outcome","effect_allele.outcome","other_allele.outcome","pval.outcome","eaf.outcome","beta.outcome","se.outcome","outcome","mr_keep.outcome","pval_origin.outcome","id.outcome","data_source.outcome"
"rs11129047",3,22140532,"C","A",0.0612858,0.376381,0.153496,0.0820208,"outcome",TRUE,"reported","zpS1hr","textfile"
"rs11664183",18,59932491,"G","A",0.320657,0.161176,0.105918,0.106653,"outcome",TRUE,"reported","zpS1hr","textfile"
"rs1445437",12,64989727,"A","G",0.666345,0.455135,-0.0345953,0.0802359,"outcome",TRUE,"reported","zpS1hr","textfile"
"rs2151358",10,2199317,"G","A",0.771948,0.273425,0.0255788,0.0882552,"outcome",TRUE,"reported","zpS1hr","textfile"
"rs332176",10,28616150,"G","A",0.170738,0.186544,0.138663,0.101226,"outcome",TRUE,"reported","zpS1hr","textfile"
"rs3825895",15,101430131,"C","T",0.855816,0.538163,0.0145534,0.0800945,"outcome",TRUE,"reported","zpS1hr","textfile"
"rs4921914",8,18414928,"T","C",0.43624,0.748183,-0.070725,0.0908408,"outcome",TRUE,"reported","zpS1hr","textfile"
"rs494075",1,240999200,"A","C",0.296752,0.466928,0.082861,0.0794126,"outcome",TRUE,"reported","zpS1hr","textfile"
"rs6803606",3,197134172,"C","T",0.860364,0.160308,0.0190075,0.108051,"outcome",TRUE,"reported","zpS1hr","textfile"
"rs704852",1,167494679,"C","A",0.32112,0.218582,-0.0987508,0.0995311,"outcome",TRUE,"reported","zpS1hr","textfile"
"rs7905007",10,83687456,"G","T",0.971715,0.897188,-0.00464462,0.130989,"outcome",TRUE,"reported","zpS1hr","textfile"
"rs9837363",3,68286969,"C","T",0.741288,0.569896,-0.02703,0.0818726,"outcome",TRUE,"reported","zpS1hr","textfile"
"rs9910557",17,13759368,"G","A",0.379284,0.350153,0.0731797,0.083233,"outcome",TRUE,"reported","zpS1hr","textfile"
