"SNP","chr.outcome","pos.outcome","effect_allele.outcome","other_allele.outcome","pval.outcome","eaf.outcome","beta.outcome","se.outcome","outcome","mr_keep.outcome","pval_origin.outcome","id.outcome","data_source.outcome"
"rs10839562",11,6412035,"G","C",0.975784,0.303236,-0.0026674,0.087872,"outcome",TRUE,"reported","FHYUKz","textfile"
"rs10893653",11,127217859,"G","A",0.238645,0.0819452,0.171673,0.145686,"outcome",TRUE,"reported","FHYUKz","textfile"
"rs12592330",15,48353083,"C","T",0.636474,0.141648,-0.0535813,0.113367,"outcome",TRUE,"reported","FHYUKz","textfile"
"rs1424107",16,79183043,"C","G",0.375728,0.466543,-0.0702703,0.07933,"outcome",TRUE,"reported","FHYUKz","textfile"
"rs17819012",15,55220888,"T","G",0.458733,0.095478,-0.100138,0.135152,"outcome",TRUE,"reported","FHYUKz","textfile"
"rs3093135",19,15893561,"T","A",0.825276,0.115986,0.0274817,0.124484,"outcome",TRUE,"reported","FHYUKz","textfile"
"rs35620",16,16074483,"C","G",0.446197,0.842457,-0.0829415,0.10888,"outcome",TRUE,"reported","FHYUKz","textfile"
"rs3917538",7,95308581,"A","G",0.435813,0.202661,0.0769111,0.0986947,"outcome",TRUE,"reported","FHYUKz","textfile"
"rs4001461",4,118520525,"T","C",0.764784,0.572963,-0.0239127,0.079921,"outcome",TRUE,"reported","FHYUKz","textfile"
"rs4631721",1,27141528,"G","A",0.82591,0.37399,0.0180195,0.0819254,"outcome",TRUE,"reported","FHYUKz","textfile"
"rs516834",13,48930674,"C","T",0.797838,0.32175,-0.0216578,0.0845524,"outcome",TRUE,"reported","FHYUKz","textfile"
"rs6793840",3,118301823,"G","A",0.502521,0.429598,0.0537501,0.0801608,"outcome",TRUE,"reported","FHYUKz","textfile"
"rs7551986",1,111678094,"A","T",0.555554,0.0746324,-0.0890682,0.151102,"outcome",TRUE,"reported","FHYUKz","textfile"
"rs9538657",13,60354110,"A","C",0.380683,0.0119203,-0.329504,0.375872,"outcome",TRUE,"reported","FHYUKz","textfile"
