"SNP","chr.outcome","pos.outcome","effect_allele.outcome","other_allele.outcome","pval.outcome","eaf.outcome","beta.outcome","se.outcome","outcome","mr_keep.outcome","pval_origin.outcome","id.outcome","data_source.outcome"
"rs17630756",18,39880674,"A","G",0.340212,0.0281448,-0.229154,0.240268,"outcome",TRUE,"reported","1sMHUd","textfile"
"rs2688892",2,50154606,"C","T",0.792865,0.806358,0.0263549,0.100364,"outcome",TRUE,"reported","1sMHUd","textfile"
"rs3741793",12,12098870,"C","G",0.155051,0.204001,0.140043,0.0984888,"outcome",TRUE,"reported","1sMHUd","textfile"
"rs4708385",6,168874505,"G","A",0.566685,0.636097,-0.0470844,0.0821803,"outcome",TRUE,"reported","1sMHUd","textfile"
"rs7975440",12,14109955,"C","T",0.0764117,0.868093,-0.20951,0.118241,"outcome",TRUE,"reported","1sMHUd","textfile"
"rs9319364",13,27376928,"C","T",0.249812,0.608073,0.0944129,0.0820408,"outcome",TRUE,"reported","1sMHUd","textfile"
"rs9443691",6,79731758,"A","G",0.979078,0.136883,-0.00301096,0.114814,"outcome",TRUE,"reported","1sMHUd","textfile"
