"SNP","chr.outcome","pos.outcome","effect_allele.outcome","other_allele.outcome","pval.outcome","eaf.outcome","beta.outcome","se.outcome","outcome","mr_keep.outcome","pval_origin.outcome","id.outcome","data_source.outcome"
"rs12711494",16,86117281,"A","T",0.849222,0.321134,0.0161424,0.0849103,"outcome",TRUE,"reported","FJFmTk","textfile"
"rs12777985",10,127596323,"T","C",0.0121398,0.228187,0.219849,0.0876569,"outcome",TRUE,"reported","FJFmTk","textfile"
"rs1820124",5,57521696,"A","G",0.930342,0.25124,-0.00797636,0.0912468,"outcome",TRUE,"reported","FJFmTk","textfile"
"rs1892651",21,32168729,"A","G",0.262312,0.378629,-0.0914631,0.0815947,"outcome",TRUE,"reported","FJFmTk","textfile"
"rs2163783",5,169012471,"T","C",0.510706,0.225326,-0.0628695,0.0955842,"outcome",TRUE,"reported","FJFmTk","textfile"
"rs4331333",16,51074808,"C","T",0.144355,0.395729,0.117867,0.0807438,"outcome",TRUE,"reported","FJFmTk","textfile"
"rs4805131",19,35606395,"G","A",0.754562,0.201326,-0.03089,0.0988068,"outcome",TRUE,"reported","FJFmTk","textfile"
"rs4861412",4,179748411,"C","G",0.215069,0.512984,0.0987153,0.0796254,"outcome",TRUE,"reported","FJFmTk","textfile"
"rs8069788",17,2855363,"T","C",0.853606,0.41235,0.0148048,0.080234,"outcome",TRUE,"reported","FJFmTk","textfile"
"rs9305620",21,37553998,"G","A",0.462864,0.588563,-0.0591475,0.0805672,"outcome",TRUE,"reported","FJFmTk","textfile"
"rs999445",12,113972336,"T","C",0.947949,0.100814,0.00859137,0.131603,"outcome",TRUE,"reported","FJFmTk","textfile"
