"SNP","chr.outcome","pos.outcome","effect_allele.outcome","other_allele.outcome","pval.outcome","eaf.outcome","beta.outcome","se.outcome","outcome","mr_keep.outcome","pval_origin.outcome","id.outcome","data_source.outcome"
"rs1005464",20,6775501,"A","G",0.898348,0.212392,0.0124564,0.0975078,"outcome",TRUE,"reported","PoUIa5","textfile"
"rs10064959",5,60537649,"C","G",0.836212,0.075789,0.0307204,0.148593,"outcome",TRUE,"reported","PoUIa5","textfile"
"rs11039351",11,5864616,"T","C",0.172004,0.0927942,0.187488,0.137274,"outcome",TRUE,"reported","PoUIa5","textfile"
"rs11058897",12,126996691,"T","C",0.389535,0.109161,0.109298,0.127022,"outcome",TRUE,"reported","PoUIa5","textfile"
"rs12456708",18,6901660,"T","G",0.507072,0.294151,0.0578256,0.0871651,"outcome",TRUE,"reported","PoUIa5","textfile"
"rs13419959",2,207884283,"C","T",0.613388,0.212868,0.0491178,0.0972161,"outcome",TRUE,"reported","PoUIa5","textfile"
"rs16963974",19,30249171,"A","G",0.945794,0.0915141,0.00925697,0.136154,"outcome",TRUE,"reported","PoUIa5","textfile"
"rs17144083",16,7547657,"A","T",0.584945,0.0686692,0.0859383,0.157346,"outcome",TRUE,"reported","PoUIa5","textfile"
"rs17478715",13,49295601,"G","C",0.181411,0.148782,0.148991,0.111485,"outcome",TRUE,"reported","PoUIa5","textfile"
"rs17521554",18,27898314,"T","C",0.0831017,0.00710681,0.810488,0.467689,"outcome",TRUE,"reported","PoUIa5","textfile"
"rs2380875",9,3671063,"T","G",0.228486,0.0344816,-0.264322,0.219488,"outcome",TRUE,"reported","PoUIa5","textfile"
"rs4533654",3,133539753,"T","G",0.725994,0.522609,0.0278272,0.0794022,"outcome",TRUE,"reported","PoUIa5","textfile"
"rs606567",11,125116196,"G","A",0.502454,0.202488,-0.0658686,0.0982184,"outcome",TRUE,"reported","PoUIa5","textfile"
"rs7029730",9,16178818,"A","C",0.580379,0.350899,0.0459456,0.0831098,"outcome",TRUE,"reported","PoUIa5","textfile"
"rs7203112",16,73498829,"A","C",0.552771,0.0103455,-0.235074,0.396005,"outcome",TRUE,"reported","PoUIa5","textfile"
"rs7256113",19,52679298,"A","G",0.318734,0.819092,0.10234,0.102642,"outcome",TRUE,"reported","PoUIa5","textfile"
"rs7607574",2,17852610,"G","A",0.564291,0.427936,-0.0466411,0.0809068,"outcome",TRUE,"reported","PoUIa5","textfile"
"rs7795256",7,53719595,"T","C",0.97875,0.272963,0.00236312,0.0887202,"outcome",TRUE,"reported","PoUIa5","textfile"
"rs893712",5,125298374,"C","T",0.806304,0.202455,0.0241106,0.0983316,"outcome",TRUE,"reported","PoUIa5","textfile"
"rs894127",8,69540076,"A","G",0.554799,0.189734,0.0595678,0.100863,"outcome",TRUE,"reported","PoUIa5","textfile"
"rs921048",13,24752041,"C","G",0.84916,0.446235,0.0151601,0.0797104,"outcome",TRUE,"reported","PoUIa5","textfile"
"rs9462736",6,41687602,"T","C",0.414992,0.389961,0.066082,0.0810683,"outcome",TRUE,"reported","PoUIa5","textfile"
