"SNP","chr.outcome","pos.outcome","effect_allele.outcome","other_allele.outcome","pval.outcome","eaf.outcome","beta.outcome","se.outcome","outcome","mr_keep.outcome","pval_origin.outcome","id.outcome","data_source.outcome"
"rs10752061",10,16811901,"G","A",0.924606,0.344204,0.00792467,0.0837405,"outcome",TRUE,"reported","v5JWiP","textfile"
"rs10880751",12,38233683,"G","A",0.957463,0.453254,0.00424244,0.0795392,"outcome",TRUE,"reported","v5JWiP","textfile"
"rs10898067",11,82973655,"C","T",0.585457,0.368297,0.0447832,0.0821061,"outcome",TRUE,"reported","v5JWiP","textfile"
"rs11843600",13,44843314,"A","G",0.146035,0.508193,-0.115267,0.079293,"outcome",TRUE,"reported","v5JWiP","textfile"
"rs12190347",6,118729418,"A","G",0.547243,0.284684,-0.05263,0.08744,"outcome",TRUE,"reported","v5JWiP","textfile"
"rs12331965",4,7489440,"C","A",0.863305,0.512489,-0.0136306,0.0791704,"outcome",TRUE,"reported","v5JWiP","textfile"
"rs12516976",5,90419951,"G","C",0.714743,0.149523,0.0404048,0.110548,"outcome",TRUE,"reported","v5JWiP","textfile"
"rs13212916",6,22450033,"G","A",0.86166,0.279876,-0.0154486,0.088652,"outcome",TRUE,"reported","v5JWiP","textfile"
"rs13298337",9,74905408,"T","C",0.68392,0.602818,0.0329548,0.0809463,"outcome",TRUE,"reported","v5JWiP","textfile"
"rs13381824",18,59211279,"C","G",0.757223,0.698725,0.0266732,0.0862853,"outcome",TRUE,"reported","v5JWiP","textfile"
"rs1352907",12,19861970,"T","C",0.967477,0.321672,0.00345637,0.0847706,"outcome",TRUE,"reported","v5JWiP","textfile"
"rs136230",22,30818395,"G","A",0.000841763,0.286778,-0.291708,0.0873721,"outcome",TRUE,"reported","v5JWiP","textfile"
"rs1478747",11,134899532,"A","G",0.860484,0.203568,-0.0178753,0.101704,"outcome",TRUE,"reported","v5JWiP","textfile"
"rs1761768",6,43712725,"A","G",0.243947,0.4046,-0.0941374,0.0807922,"outcome",TRUE,"reported","v5JWiP","textfile"
"rs17638873",17,63816716,"C","T",0.139395,0.113871,0.184278,0.124676,"outcome",TRUE,"reported","v5JWiP","textfile"
"rs1905351",3,109442919,"T","C",0.0999171,0.419748,0.132056,0.0802646,"outcome",TRUE,"reported","v5JWiP","textfile"
"rs1910775",12,127367295,"G","A",0.201731,0.918943,0.187193,0.14663,"outcome",TRUE,"reported","v5JWiP","textfile"
"rs2154355",1,118253488,"C","T",0.55028,0.0994014,0.0789492,0.132168,"outcome",TRUE,"reported","v5JWiP","textfile"
"rs2281071",6,25621984,"A","G",0.917918,0.278481,0.00916107,0.088893,"outcome",TRUE,"reported","v5JWiP","textfile"
"rs2541164",9,129114629,"A","G",0.944732,0.227976,0.00653913,0.0943274,"outcome",TRUE,"reported","v5JWiP","textfile"
"rs2712549",12,127153379,"G","A",0.107331,0.589912,0.129642,0.0805074,"outcome",TRUE,"reported","v5JWiP","textfile"
"rs2824210",21,17060924,"C","G",0.0911675,0.434218,0.134672,0.0797219,"outcome",TRUE,"reported","v5JWiP","textfile"
"rs2861609",2,78406754,"G","A",0.923822,0.704429,0.00827438,0.0865334,"outcome",TRUE,"reported","v5JWiP","textfile"
"rs2881130",11,6706989,"G","A",0.461786,0.687892,0.0628088,0.0853485,"outcome",TRUE,"reported","v5JWiP","textfile"
"rs293064",5,4586719,"C","T",0.538184,0.572125,-0.051321,0.0833726,"outcome",TRUE,"reported","v5JWiP","textfile"
"rs310325",8,23828054,"T","C",0.89789,0.470463,-0.0101722,0.0792672,"outcome",TRUE,"reported","v5JWiP","textfile"
"rs3875143",19,50898551,"C","A",0.882778,0.347183,-0.0122163,0.0828509,"outcome",TRUE,"reported","v5JWiP","textfile"
"rs4281086",8,10494798,"A","C",0.434591,0.629703,-0.0642431,0.0822197,"outcome",TRUE,"reported","v5JWiP","textfile"
"rs4664490",2,151615409,"C","G",0.634112,0.382535,0.0385615,0.0810205,"outcome",TRUE,"reported","v5JWiP","textfile"
"rs4905134",14,93993499,"G","A",0.206207,0.479972,0.0999285,0.0790534,"outcome",TRUE,"reported","v5JWiP","textfile"
"rs4925536",1,247345150,"A","G",0.322652,0.880574,0.121155,0.1225,"outcome",TRUE,"reported","v5JWiP","textfile"
"rs501438",2,173567313,"G","C",0.918635,0.483157,-0.00811649,0.0794538,"outcome",TRUE,"reported","v5JWiP","textfile"
"rs6123329",20,53945384,"T","C",0.383432,0.568456,-0.0698965,0.0801942,"outcome",TRUE,"reported","v5JWiP","textfile"
"rs6151429",22,50625049,"C","T",0.8607,0.0362601,0.0372113,0.21205,"outcome",TRUE,"reported","v5JWiP","textfile"
"rs6507247",18,38250190,"G","A",0.0624266,0.514429,-0.146977,0.0788821,"outcome",TRUE,"reported","v5JWiP","textfile"
"rs6687408",1,76772733,"C","G",0.47974,0.851422,-0.0787933,0.111492,"outcome",TRUE,"reported","v5JWiP","textfile"
"rs6925949",6,3340435,"A","G",0.530591,0.070179,-0.0987235,0.157428,"outcome",TRUE,"reported","v5JWiP","textfile"
"rs749514",11,127485946,"A","G",0.0616481,0.293599,-0.162099,0.0867387,"outcome",TRUE,"reported","v5JWiP","textfile"
"rs8030512",15,94251355,"T","C",0.348109,0.412325,0.0751928,0.0801404,"outcome",TRUE,"reported","v5JWiP","textfile"
"rs8071165",17,14135599,"T","G",0.714636,0.0137218,0.123993,0.339115,"outcome",TRUE,"reported","v5JWiP","textfile"
"rs9322898",14,32360621,"T","C",0.132484,0.272096,0.134137,0.0891644,"outcome",TRUE,"reported","v5JWiP","textfile"
"rs973634",10,82111568,"T","C",0.239702,0.485836,0.0931903,0.0792615,"outcome",TRUE,"reported","v5JWiP","textfile"
