"SNP","chr.outcome","pos.outcome","effect_allele.outcome","other_allele.outcome","pval.outcome","eaf.outcome","beta.outcome","se.outcome","outcome","mr_keep.outcome","pval_origin.outcome","id.outcome","data_source.outcome"
"rs10244178",7,29517456,"G","A",0.371066,0.388267,0.0724655,0.0810143,"outcome",TRUE,"reported","yFYIiz","textfile"
"rs10492511",13,89420284,"T","C",0.683858,0.0966745,0.0547082,0.134351,"outcome",TRUE,"reported","yFYIiz","textfile"
"rs10738265",9,1223322,"C","T",0.371563,0.900621,-0.117856,0.131896,"outcome",TRUE,"reported","yFYIiz","textfile"
"rs12176630",8,94730166,"A","C",0.560485,0.0824791,-0.0837629,0.143892,"outcome",TRUE,"reported","yFYIiz","textfile"
"rs1495741",8,18415371,"A","G",0.444792,0.747952,-0.0694005,0.0908233,"outcome",TRUE,"reported","yFYIiz","textfile"
"rs16881070",4,28830017,"G","T",0.364604,0.349018,0.0754052,0.0831712,"outcome",TRUE,"reported","yFYIiz","textfile"
"rs17004392",21,23515054,"A","C",0.877369,0.0211411,0.0407867,0.264325,"outcome",TRUE,"reported","yFYIiz","textfile"
"rs202534",20,1687214,"G","A",0.542083,0.394964,-0.0490713,0.0804889,"outcome",TRUE,"reported","yFYIiz","textfile"
"rs3852445",10,69832418,"C","G",0.921077,0.199049,0.00980746,0.0989883,"outcome",TRUE,"reported","yFYIiz","textfile"
"rs4244070",12,67125433,"T","C",0.906314,0.843067,0.0127177,0.108062,"outcome",TRUE,"reported","yFYIiz","textfile"
"rs4356633",2,174685950,"C","A",0.0359998,0.812198,0.212128,0.101161,"outcome",TRUE,"reported","yFYIiz","textfile"
"rs7705239",5,38049420,"G","A",0.158915,0.25281,0.127721,0.090664,"outcome",TRUE,"reported","yFYIiz","textfile"
"rs7801805",7,157961790,"C","A",0.698717,0.264301,-0.0348315,0.0899913,"outcome",TRUE,"reported","yFYIiz","textfile"
"rs7973154",12,128190416,"G","C",0.610134,0.9338,-0.0812234,0.159298,"outcome",TRUE,"reported","yFYIiz","textfile"
"rs8043508",15,66054993,"G","A",0.25678,0.0310993,-0.258919,0.228317,"outcome",TRUE,"reported","yFYIiz","textfile"
"rs9846511",3,178998264,"C","A",0.332893,0.808341,0.098085,0.101296,"outcome",TRUE,"reported","yFYIiz","textfile"
"rs9907459",17,57608218,"T","C",0.677841,0.988171,0.147077,0.354051,"outcome",TRUE,"reported","yFYIiz","textfile"
