"SNP","chr.outcome","pos.outcome","effect_allele.outcome","other_allele.outcome","pval.outcome","eaf.outcome","beta.outcome","se.outcome","outcome","mr_keep.outcome","pval_origin.outcome","id.outcome","data_source.outcome"
"rs10942715",5,74656979,"C","G",0.87615,0.526139,0.0123975,0.0795469,"outcome",TRUE,"reported","EPwSkK","textfile"
"rs1124386",6,91093619,"T","C",0.416535,0.0857459,-0.115018,0.14157,"outcome",TRUE,"reported","EPwSkK","textfile"
"rs11925980",3,99443434,"T","C",0.748421,0.0260453,-0.0786159,0.245123,"outcome",TRUE,"reported","EPwSkK","textfile"
"rs12465802",2,135623778,"A","G",0.923334,0.400977,-0.00789642,0.0820541,"outcome",TRUE,"reported","EPwSkK","textfile"
"rs12475101",2,66655093,"A","C",0.911489,0.0225802,-0.0297246,0.267402,"outcome",TRUE,"reported","EPwSkK","textfile"
"rs12598924",16,3935080,"T","G",0.0839305,0.212068,0.16714,0.0967061,"outcome",TRUE,"reported","EPwSkK","textfile"
"rs12903172",15,61077011,"C","T",0.691304,0.362058,0.0326999,0.0823493,"outcome",TRUE,"reported","EPwSkK","textfile"
"rs1389923",6,165747283,"T","G",0.28512,0.367701,-0.0877005,0.0820483,"outcome",TRUE,"reported","EPwSkK","textfile"
"rs1452253",12,84841790,"A","C",0.554035,0.445647,0.0477342,0.0806696,"outcome",TRUE,"reported","EPwSkK","textfile"
"rs17355487",2,5335651,"T","C",0.250052,0.309403,-0.0980198,0.0852181,"outcome",TRUE,"reported","EPwSkK","textfile"
"rs21806",4,110329170,"T","C",0.196636,0.351724,0.106802,0.0827156,"outcome",TRUE,"reported","EPwSkK","textfile"
"rs2271196",4,174218910,"C","T",0.039797,0.0121884,-0.746771,0.363242,"outcome",TRUE,"reported","EPwSkK","textfile"
"rs2550251",3,195775067,"G","T",0.436661,0.615369,0.0632552,0.0813212,"outcome",TRUE,"reported","EPwSkK","textfile"
"rs3800993",7,142101207,"T","C",0.454936,0.17351,-0.0785871,0.105174,"outcome",TRUE,"reported","EPwSkK","textfile"
"rs4622179",10,56697251,"T","C",0.805408,0.869625,-0.0287548,0.116721,"outcome",TRUE,"reported","EPwSkK","textfile"
"rs7071570",10,27925559,"T","C",0.871622,0.092473,-0.0221636,0.137152,"outcome",TRUE,"reported","EPwSkK","textfile"
"rs7080146",10,69608034,"C","T",0.277174,0.409523,-0.0872181,0.0802602,"outcome",TRUE,"reported","EPwSkK","textfile"
"rs7120732",11,24817298,"T","C",0.771021,0.0576965,0.0498987,0.17145,"outcome",TRUE,"reported","EPwSkK","textfile"
"rs9389095",6,133773211,"C","T",0.898823,0.586298,0.0102691,0.0807644,"outcome",TRUE,"reported","EPwSkK","textfile"
"rs9393409",6,23383201,"G","A",0.983545,0.690706,-0.00177885,0.0862495,"outcome",TRUE,"reported","EPwSkK","textfile"
"rs9972792",16,66418294,"C","A",0.853393,0.357083,-0.0152237,0.0823834,"outcome",TRUE,"reported","EPwSkK","textfile"
