"SNP","chr.outcome","pos.outcome","effect_allele.outcome","other_allele.outcome","pval.outcome","eaf.outcome","beta.outcome","se.outcome","outcome","mr_keep.outcome","pval_origin.outcome","id.outcome","data_source.outcome"
"rs10429330",8,67541429,"T","C",0.229412,0.240497,-0.111586,0.0928437,"outcome",TRUE,"reported","cuik2S","textfile"
"rs11106512",12,92333017,"C","G",0.903537,0.370766,-0.00991337,0.0817973,"outcome",TRUE,"reported","cuik2S","textfile"
"rs11250064",8,10724372,"C","A",0.667334,0.67444,0.0364185,0.0847315,"outcome",TRUE,"reported","cuik2S","textfile"
"rs12219186",10,66510405,"C","T",0.282908,0.17567,-0.111863,0.104174,"outcome",TRUE,"reported","cuik2S","textfile"
"rs1260326",2,27508073,"C","T",0.0385381,0.649919,0.171942,0.0831002,"outcome",TRUE,"reported","cuik2S","textfile"
"rs12981207",19,15356631,"A","C",0.446163,0.0635979,-0.122841,0.161245,"outcome",TRUE,"reported","cuik2S","textfile"
"rs1522209",4,106585697,"T","G",0.807145,0.336936,0.020546,0.0841669,"outcome",TRUE,"reported","cuik2S","textfile"
"rs1532085",15,58391167,"G","A",0.962548,0.577485,-0.00375523,0.0799737,"outcome",TRUE,"reported","cuik2S","textfile"
"rs2043422",8,141226238,"A","G",0.860392,0.312122,-0.0150085,0.0853362,"outcome",TRUE,"reported","cuik2S","textfile"
"rs588136",15,58438299,"T","C",0.284116,0.765954,0.100483,0.093811,"outcome",TRUE,"reported","cuik2S","textfile"
"rs6036745",20,24353213,"G","A",0.736514,0.596539,0.0270601,0.0804228,"outcome",TRUE,"reported","cuik2S","textfile"
"rs6466344",7,110564647,"G","C",0.544067,0.697078,0.0523641,0.0863132,"outcome",TRUE,"reported","cuik2S","textfile"
