"SNP","chr.outcome","pos.outcome","effect_allele.outcome","other_allele.outcome","pval.outcome","eaf.outcome","beta.outcome","se.outcome","outcome","mr_keep.outcome","pval_origin.outcome","id.outcome","data_source.outcome"
"rs11123838",2,100596576,"A","G",0.407666,0.235937,0.0776061,0.0937263,"outcome",TRUE,"reported","4tJoDp","textfile"
"rs1171615",10,59709332,"T","C",0.993257,0.841462,0.000912637,0.107991,"outcome",TRUE,"reported","4tJoDp","textfile"
"rs1173242",5,4794612,"T","C",0.20548,0.748728,-0.116426,0.0919569,"outcome",TRUE,"reported","4tJoDp","textfile"
"rs12238759",9,100664873,"T","C",0.874795,0.0428011,-0.0309938,0.196697,"outcome",TRUE,"reported","4tJoDp","textfile"
"rs1641387",2,149748136,"C","T",0.722159,0.461118,-0.0281304,0.0791128,"outcome",TRUE,"reported","4tJoDp","textfile"
"rs2453573",17,19549343,"C","T",0.479124,0.213313,-0.0681477,0.096293,"outcome",TRUE,"reported","4tJoDp","textfile"
"rs316020",6,160248049,"G","A",0.49012,0.932729,-0.108049,0.156566,"outcome",TRUE,"reported","4tJoDp","textfile"
"rs3799344",6,25786765,"T","C",0.25596,0.383557,-0.0926449,0.0815542,"outcome",TRUE,"reported","4tJoDp","textfile"
"rs743263",14,64890380,"G","A",0.544064,0.651667,0.0502736,0.0828669,"outcome",TRUE,"reported","4tJoDp","textfile"
