"SNP","chr.outcome","pos.outcome","effect_allele.outcome","other_allele.outcome","pval.outcome","eaf.outcome","beta.outcome","se.outcome","outcome","mr_keep.outcome","pval_origin.outcome","id.outcome","data_source.outcome"
"rs10889028",1,57159976,"G","A",0.982602,0.496457,-0.0017257,0.0791347,"outcome",TRUE,"reported","SzF2WL","textfile"
"rs10947808",6,39355839,"C","T",0.0310728,0.207037,-0.211161,0.097935,"outcome",TRUE,"reported","SzF2WL","textfile"
"rs11051552",12,31737668,"A","G",0.581634,0.503855,-0.0434657,0.0788852,"outcome",TRUE,"reported","SzF2WL","textfile"
"rs11950562",5,132316836,"C","A",0.197043,0.340336,-0.107711,0.0834952,"outcome",TRUE,"reported","SzF2WL","textfile"
"rs12494255",3,99284890,"A","G",0.90955,0.712645,0.00994437,0.0875341,"outcome",TRUE,"reported","SzF2WL","textfile"
"rs13075137",3,4723409,"T","C",0.768369,0.412862,0.0236307,0.0802378,"outcome",TRUE,"reported","SzF2WL","textfile"
"rs16874160",8,106157196,"G","A",0.808167,0.0534238,-0.0429537,0.176916,"outcome",TRUE,"reported","SzF2WL","textfile"
"rs2291449",15,76286893,"G","A",0.255876,0.123431,0.137734,0.121225,"outcome",TRUE,"reported","SzF2WL","textfile"
"rs2501856",1,212683643,"G","C",0.303099,0.510088,0.0814942,0.0791352,"outcome",TRUE,"reported","SzF2WL","textfile"
"rs2852371",11,106537485,"G","A",0.30669,0.446859,-0.0817307,0.0799563,"outcome",TRUE,"reported","SzF2WL","textfile"
"rs2963485",5,149072480,"T","C",0.0275417,0.137869,0.253185,0.114888,"outcome",TRUE,"reported","SzF2WL","textfile"
"rs383911",3,41080854,"A","G",0.200471,0.585115,0.102765,0.0802722,"outcome",TRUE,"reported","SzF2WL","textfile"
"rs4463295",6,122695106,"A","G",0.965098,0.495158,-0.00345201,0.0788899,"outcome",TRUE,"reported","SzF2WL","textfile"
"rs4505564",2,239931601,"T","C",0.113989,0.783061,-0.151969,0.0961518,"outcome",TRUE,"reported","SzF2WL","textfile"
"rs7106005",11,11576825,"T","C",0.736711,0.838004,0.0361437,0.107502,"outcome",TRUE,"reported","SzF2WL","textfile"
"rs7668227",4,186139930,"A","G",0.290216,0.849787,0.116586,0.110232,"outcome",TRUE,"reported","SzF2WL","textfile"
"rs8007846",14,65796245,"G","A",0.55495,0.488349,-0.0470526,0.0797018,"outcome",TRUE,"reported","SzF2WL","textfile"
"rs891404",8,40418872,"G","A",0.316764,0.57537,0.0806063,0.0805154,"outcome",TRUE,"reported","SzF2WL","textfile"
"rs9635324",15,40411012,"G","A",0.116196,0.453121,0.124367,0.0791673,"outcome",TRUE,"reported","SzF2WL","textfile"
"rs9775485",9,92849631,"C","T",0.731304,0.330005,0.0287999,0.0838688,"outcome",TRUE,"reported","SzF2WL","textfile"
