"SNP","chr.outcome","pos.outcome","effect_allele.outcome","other_allele.outcome","pval.outcome","eaf.outcome","beta.outcome","se.outcome","outcome","mr_keep.outcome","pval_origin.outcome","id.outcome","data_source.outcome"
"rs11822948",11,70027827,"C","T",0.65005,0.191585,0.0455367,0.100369,"outcome",TRUE,"reported","4DNMNY","textfile"
"rs12443081",15,82934811,"A","G",0.204901,0.0923575,0.173733,0.137045,"outcome",TRUE,"reported","4DNMNY","textfile"
"rs12743548",1,182288122,"C","G",0.963399,0.443126,0.00364649,0.0794641,"outcome",TRUE,"reported","4DNMNY","textfile"
"rs17198824",20,51173803,"G","A",0.246622,0.0187026,-0.341743,0.294964,"outcome",TRUE,"reported","4DNMNY","textfile"
"rs1936458",10,55138544,"A","G",0.759675,0.427782,0.0245229,0.0801646,"outcome",TRUE,"reported","4DNMNY","textfile"
"rs2984639",5,158070748,"G","A",0.131789,0.22569,0.142465,0.0945301,"outcome",TRUE,"reported","4DNMNY","textfile"
"rs34170",7,31692847,"T","C",0.922384,0.927071,-0.0151372,0.155363,"outcome",TRUE,"reported","4DNMNY","textfile"
"rs7152969",14,98829629,"G","A",0.164541,0.813647,0.14093,0.101391,"outcome",TRUE,"reported","4DNMNY","textfile"
