"SNP","chr.outcome","pos.outcome","effect_allele.outcome","other_allele.outcome","pval.outcome","eaf.outcome","beta.outcome","se.outcome","outcome","mr_keep.outcome","pval_origin.outcome","id.outcome","data_source.outcome"
"rs10916110",1,227258906,"C","T",0.494799,0.175299,0.070844,0.103771,"outcome",TRUE,"reported","zYRzmR","textfile"
"rs10955109",8,97218317,"A","C",0.142608,0.525078,0.116037,0.0791445,"outcome",TRUE,"reported","zYRzmR","textfile"
"rs11885739",2,17043325,"T","A",0.14921,0.282159,0.127513,0.088408,"outcome",TRUE,"reported","zYRzmR","textfile"
"rs11997201",8,127403489,"G","C",0.891922,0.651353,0.0112772,0.0829987,"outcome",TRUE,"reported","zYRzmR","textfile"
"rs1944577",18,48203732,"T","C",0.57627,0.226594,-0.053072,0.0949681,"outcome",TRUE,"reported","zYRzmR","textfile"
"rs3913646",4,30081770,"C","T",0.1703,0.00480459,0.834776,0.608774,"outcome",TRUE,"reported","zYRzmR","textfile"
"rs6911611",6,136022067,"T","A",0.296947,0.0465708,0.194662,0.186636,"outcome",TRUE,"reported","zYRzmR","textfile"
"rs7042159",9,18545211,"A","C",0.832602,0.275616,-0.0187561,0.0887378,"outcome",TRUE,"reported","zYRzmR","textfile"
"rs9415646",10,62122257,"T","G",0.851926,0.730988,0.0167683,0.089833,"outcome",TRUE,"reported","zYRzmR","textfile"
"rs9945857",18,66745056,"A","G",0.922929,0.103125,0.0126126,0.13037,"outcome",TRUE,"reported","zYRzmR","textfile"
