"SNP","chr.outcome","pos.outcome","effect_allele.outcome","other_allele.outcome","pval.outcome","eaf.outcome","beta.outcome","se.outcome","outcome","mr_keep.outcome","pval_origin.outcome","id.outcome","data_source.outcome"
"rs1188542",14,20181007,"T","C",0.0401893,0.540073,-0.163459,0.0796664,"outcome",TRUE,"reported","48Tc0c","textfile"
"rs1790796",18,49938053,"T","C",0.359638,0.831471,0.096858,0.105734,"outcome",TRUE,"reported","48Tc0c","textfile"
"rs212051",3,60048729,"C","T",0.484321,0.752585,-0.0641498,0.0917251,"outcome",TRUE,"reported","48Tc0c","textfile"
"rs254488",5,53152500,"A","G",0.0491621,0.152315,-0.216795,0.110206,"outcome",TRUE,"reported","48Tc0c","textfile"
"rs272881",5,132333571,"A","G",0.460014,0.499802,-0.0583701,0.0790042,"outcome",TRUE,"reported","48Tc0c","textfile"
"rs7015612",8,3806449,"A","G",0.173262,0.425475,-0.108575,0.0797295,"outcome",TRUE,"reported","48Tc0c","textfile"
