"SNP","chr.outcome","pos.outcome","effect_allele.outcome","other_allele.outcome","pval.outcome","eaf.outcome","beta.outcome","se.outcome","outcome","mr_keep.outcome","pval_origin.outcome","id.outcome","data_source.outcome"
"rs10900892",5,106807627,"A","T",0.834361,0.266056,-0.0187554,0.0896909,"outcome",TRUE,"reported","YeOIE0","textfile"
"rs11153306",6,111629446,"A","G",0.876157,0.478345,-0.012433,0.0797792,"outcome",TRUE,"reported","YeOIE0","textfile"
"rs11683662",2,227583312,"A","G",0.204495,0.565669,0.101567,0.0800467,"outcome",TRUE,"reported","YeOIE0","textfile"
"rs12311571",12,100814211,"C","T",0.808969,0.133131,0.0283827,0.117402,"outcome",TRUE,"reported","YeOIE0","textfile"
"rs13233654",7,70574040,"G","A",0.438679,0.0992664,0.102766,0.132699,"outcome",TRUE,"reported","YeOIE0","textfile"
"rs1327014",10,128778863,"G","A",0.416674,0.258707,0.0738857,0.0909692,"outcome",TRUE,"reported","YeOIE0","textfile"
"rs1566888",12,117735113,"T","C",0.707827,0.725395,-0.0331597,0.0884788,"outcome",TRUE,"reported","YeOIE0","textfile"
"rs1702447",18,76101631,"G","A",0.298401,0.730236,0.0928673,0.0893067,"outcome",TRUE,"reported","YeOIE0","textfile"
"rs17033081",3,35363100,"T","C",0.0155171,0.253803,-0.220819,0.0912443,"outcome",TRUE,"reported","YeOIE0","textfile"
"rs2850377",4,101991002,"T","C",0.862112,0.484659,0.0137252,0.0790228,"outcome",TRUE,"reported","YeOIE0","textfile"
"rs640631",17,44008812,"T","C",0.618263,0.948546,-0.0893964,0.179398,"outcome",TRUE,"reported","YeOIE0","textfile"
"rs6824135",4,60424866,"T","C",0.108347,0.0903303,-0.220176,0.137125,"outcome",TRUE,"reported","YeOIE0","textfile"
"rs7074531",10,129821235,"C","T",0.0291461,0.293664,0.188905,0.0865936,"outcome",TRUE,"reported","YeOIE0","textfile"
"rs7923671",10,47324792,"C","T",0.326332,0.954626,-0.190922,0.194514,"outcome",TRUE,"reported","YeOIE0","textfile"
"rs802424",7,86665378,"C","G",0.665322,0.273705,0.0383365,0.0886235,"outcome",TRUE,"reported","YeOIE0","textfile"
"rs895397",2,119219679,"A","G",0.083008,0.415309,0.13931,0.0803635,"outcome",TRUE,"reported","YeOIE0","textfile"
