"SNP","chr.outcome","pos.outcome","effect_allele.outcome","other_allele.outcome","pval.outcome","eaf.outcome","beta.outcome","se.outcome","outcome","mr_keep.outcome","pval_origin.outcome","id.outcome","data_source.outcome"
"rs1073744",18,46672311,"T","G",0.180905,0.26433,-0.120043,0.0897201,"outcome",TRUE,"reported","YG8Cv1","textfile"
"rs11729080",4,111582716,"A","G",0.893842,0.138339,0.0153267,0.114854,"outcome",TRUE,"reported","YG8Cv1","textfile"
"rs11981474",7,39266410,"C","A",0.391954,0.157531,-0.093062,0.108707,"outcome",TRUE,"reported","YG8Cv1","textfile"
"rs12448314",16,7072046,"G","A",0.561032,0.0100009,-0.228939,0.393833,"outcome",TRUE,"reported","YG8Cv1","textfile"
"rs12745827",1,111157379,"G","T",0.28424,0.145422,0.121468,0.113432,"outcome",TRUE,"reported","YG8Cv1","textfile"
"rs17300762",21,46474811,"G","A",0.0979693,0.0851117,0.234107,0.141473,"outcome",TRUE,"reported","YG8Cv1","textfile"
"rs174548",11,61803876,"G","C",0.221023,0.390481,-0.0989022,0.0808148,"outcome",TRUE,"reported","YG8Cv1","textfile"
"rs17794487",4,24153102,"T","C",0.360892,0.259618,-0.0827277,0.0905448,"outcome",TRUE,"reported","YG8Cv1","textfile"
"rs1979024",2,80216752,"C","T",0.60165,0.207838,0.0510156,0.0977255,"outcome",TRUE,"reported","YG8Cv1","textfile"
"rs2966481",7,112652822,"T","C",0.618436,0.460133,0.0394426,0.0791913,"outcome",TRUE,"reported","YG8Cv1","textfile"
"rs4789188",17,75401790,"C","A",0.12114,0.884272,0.19198,0.123857,"outcome",TRUE,"reported","YG8Cv1","textfile"
"rs6791775",3,140130239,"G","C",0.541206,0.00746898,0.281105,0.460082,"outcome",TRUE,"reported","YG8Cv1","textfile"
"rs6997983",8,128736472,"A","G",0.634027,0.0523019,0.084178,0.17682,"outcome",TRUE,"reported","YG8Cv1","textfile"
"rs8085108",18,35424474,"T","C",0.269783,0.233552,0.103091,0.0934169,"outcome",TRUE,"reported","YG8Cv1","textfile"
"rs980142",21,17359304,"A","G",0.569845,0.182714,-0.058652,0.10321,"outcome",TRUE,"reported","YG8Cv1","textfile"
