"SNP","chr.outcome","pos.outcome","effect_allele.outcome","other_allele.outcome","pval.outcome","eaf.outcome","beta.outcome","se.outcome","outcome","mr_keep.outcome","pval_origin.outcome","id.outcome","data_source.outcome"
"rs10959207",9,10622032,"C","T",0.127624,0.273742,-0.134717,0.0884241,"outcome",TRUE,"reported","lJkm4P","textfile"
"rs11086652",20,58623782,"T","G",0.682691,0.2741,-0.036806,0.0900357,"outcome",TRUE,"reported","lJkm4P","textfile"
"rs12505728",4,182255271,"T","C",0.905275,0.243658,-0.0109732,0.0922115,"outcome",TRUE,"reported","lJkm4P","textfile"
"rs1395489",12,61654697,"G","A",0.82973,0.861456,0.0247543,0.115111,"outcome",TRUE,"reported","lJkm4P","textfile"
"rs3763790",10,128079395,"T","G",0.945932,0.0890787,0.00951038,0.140238,"outcome",TRUE,"reported","lJkm4P","textfile"
"rs4358841",8,88704456,"G","A",0.00983694,0.02222,0.557452,0.21594,"outcome",TRUE,"reported","lJkm4P","textfile"
"rs4398579",4,137446559,"A","C",0.0108161,0.391124,-0.206974,0.0812114,"outcome",TRUE,"reported","lJkm4P","textfile"
"rs4724785",7,6172504,"T","C",0.0855362,0.78054,-0.165307,0.096141,"outcome",TRUE,"reported","lJkm4P","textfile"
"rs4780314",16,10607022,"G","C",0.456825,0.234854,-0.0693571,0.0932113,"outcome",TRUE,"reported","lJkm4P","textfile"
"rs624649",1,195176509,"G","T",0.0372786,0.825522,-0.214756,0.103114,"outcome",TRUE,"reported","lJkm4P","textfile"
"rs739163",22,44437700,"C","T",0.771484,0.684531,-0.0247984,0.0853837,"outcome",TRUE,"reported","lJkm4P","textfile"
"rs9333273",10,15576891,"A","G",0.316535,0.00499031,0.567909,0.567,"outcome",TRUE,"reported","lJkm4P","textfile"
