"SNP","chr.outcome","pos.outcome","effect_allele.outcome","other_allele.outcome","pval.outcome","eaf.outcome","beta.outcome","se.outcome","outcome","mr_keep.outcome","pval_origin.outcome","id.outcome","data_source.outcome"
"rs10074559",5,129196657,"A","G",0.841128,0.434181,-0.0159691,0.0796656,"outcome",TRUE,"reported","xI9arz","textfile"
"rs11082534",18,46548849,"T","A",0.697445,0.0575547,0.0659437,0.169621,"outcome",TRUE,"reported","xI9arz","textfile"
"rs11751412",6,36313686,"G","T",0.274541,0.351029,-0.0910763,0.0833526,"outcome",TRUE,"reported","xI9arz","textfile"
"rs12083531",1,178052285,"T","C",0.277579,0.280355,0.0956911,0.0881316,"outcome",TRUE,"reported","xI9arz","textfile"
"rs12996938",2,18717005,"A","G",0.542289,0.0430578,0.119169,0.195566,"outcome",TRUE,"reported","xI9arz","textfile"
"rs17088876",18,74156061,"G","A",0.648676,0.0680294,0.0721902,0.15845,"outcome",TRUE,"reported","xI9arz","textfile"
"rs17163774",1,223293974,"G","T",0.557196,0.387596,0.0476785,0.0812226,"outcome",TRUE,"reported","xI9arz","textfile"
"rs17346455",8,4703025,"C","T",0.575616,0.0302278,-0.129343,0.231052,"outcome",TRUE,"reported","xI9arz","textfile"
"rs2390196",7,19824403,"A","G",0.69179,0.0990857,-0.0526418,0.13279,"outcome",TRUE,"reported","xI9arz","textfile"
"rs2731672",5,177415473,"C","T",0.085489,0.740614,-0.156732,0.0911402,"outcome",TRUE,"reported","xI9arz","textfile"
"rs2803054",6,162608065,"A","C",0.269609,0.534425,-0.0876198,0.0793684,"outcome",TRUE,"reported","xI9arz","textfile"
"rs2938675",18,25957401,"A","C",0.6053,0.446385,0.041338,0.0799895,"outcome",TRUE,"reported","xI9arz","textfile"
"rs4253311",4,186253529,"G","A",0.560161,0.578176,-0.0466072,0.0799984,"outcome",TRUE,"reported","xI9arz","textfile"
"rs4743627",9,96187068,"A","T",0.360378,0.896755,-0.118594,0.129661,"outcome",TRUE,"reported","xI9arz","textfile"
"rs4899048",14,61442625,"G","A",0.688982,0.907435,-0.0544436,0.136029,"outcome",TRUE,"reported","xI9arz","textfile"
"rs5030062",3,186736391,"C","A",0.353891,0.346643,0.0769505,0.0830041,"outcome",TRUE,"reported","xI9arz","textfile"
"rs754739",4,8330156,"C","A",0.957631,0.67941,-0.00449473,0.0846051,"outcome",TRUE,"reported","xI9arz","textfile"
"rs9394200",6,34250941,"C","T",0.083073,0.976422,-0.453148,0.261462,"outcome",TRUE,"reported","xI9arz","textfile"
"rs961928",7,78844275,"T","C",0.519209,0.480346,0.050963,0.0790657,"outcome",TRUE,"reported","xI9arz","textfile"
