"SNP","chr.outcome","pos.outcome","effect_allele.outcome","other_allele.outcome","pval.outcome","eaf.outcome","beta.outcome","se.outcome","outcome","mr_keep.outcome","pval_origin.outcome","id.outcome","data_source.outcome"
"rs10275746",7,36077092,"C","T",0.0507762,0.582387,-0.156663,0.0802016,"outcome",TRUE,"reported","Tw6mPB","textfile"
"rs10756216",9,11262339,"C","T",0.594136,0.748579,0.0487681,0.0915228,"outcome",TRUE,"reported","Tw6mPB","textfile"
"rs11905798",20,63839845,"A","G",0.142383,0.0626374,0.237418,0.161842,"outcome",TRUE,"reported","Tw6mPB","textfile"
"rs1195892",12,131028997,"T","C",0.271288,0.666805,-0.0927511,0.0843114,"outcome",TRUE,"reported","Tw6mPB","textfile"
"rs1235385",8,90200479,"T","C",0.209361,0.208833,0.122352,0.0974661,"outcome",TRUE,"reported","Tw6mPB","textfile"
"rs12580426",12,108769365,"G","A",0.491083,0.0186867,0.197614,0.286985,"outcome",TRUE,"reported","Tw6mPB","textfile"
"rs12640478",4,144166140,"C","G",0.699191,0.531726,0.030591,0.0791667,"outcome",TRUE,"reported","Tw6mPB","textfile"
"rs12810144",12,71497954,"T","C",0.790282,0.0940104,0.0360329,0.13549,"outcome",TRUE,"reported","Tw6mPB","textfile"
"rs133565",22,48244181,"G","A",0.342821,0.662256,-0.0792727,0.0835677,"outcome",TRUE,"reported","Tw6mPB","textfile"
"rs4630827",20,14456292,"T","C",0.138429,0.30344,0.127018,0.0857264,"outcome",TRUE,"reported","Tw6mPB","textfile"
"rs8086010",18,76915041,"C","A",0.563727,0.371449,-0.0471018,0.0815878,"outcome",TRUE,"reported","Tw6mPB","textfile"
"rs9635567",16,76103360,"C","T",0.216497,0.259915,-0.111741,0.0904132,"outcome",TRUE,"reported","Tw6mPB","textfile"
