"SNP","chr.outcome","pos.outcome","effect_allele.outcome","other_allele.outcome","pval.outcome","eaf.outcome","beta.outcome","se.outcome","outcome","mr_keep.outcome","pval_origin.outcome","id.outcome","data_source.outcome"
"rs10793993",10,125235584,"T","G",0.828969,0.609664,0.0174717,0.0808786,"outcome",TRUE,"reported","nlPf1i","textfile"
"rs12593036",15,80766311,"G","A",0.392721,0.28155,0.0753377,0.088146,"outcome",TRUE,"reported","nlPf1i","textfile"
"rs13165535",5,26227077,"T","A",0.847763,0.448737,0.015292,0.0796568,"outcome",TRUE,"reported","nlPf1i","textfile"
"rs1333111",9,9416962,"G","A",0.822275,0.628236,-0.0183874,0.0818602,"outcome",TRUE,"reported","nlPf1i","textfile"
"rs1372856",17,56498026,"G","A",0.760557,0.61864,0.0248182,0.0814381,"outcome",TRUE,"reported","nlPf1i","textfile"
"rs1506682",11,60782493,"A","C",0.0293427,0.138972,0.250298,0.114876,"outcome",TRUE,"reported","nlPf1i","textfile"
"rs165582",4,151865835,"G","A",0.311423,0.798056,0.100192,0.0989807,"outcome",TRUE,"reported","nlPf1i","textfile"
"rs17202087",14,85423803,"G","A",0.982056,0.179034,-0.00231463,0.102913,"outcome",TRUE,"reported","nlPf1i","textfile"
"rs1800600",1,156815987,"A","G",0.744324,0.642839,-0.0268326,0.0822753,"outcome",TRUE,"reported","nlPf1i","textfile"
"rs2158587",8,5698507,"T","A",0.129056,0.490712,0.120567,0.0794339,"outcome",TRUE,"reported","nlPf1i","textfile"
"rs2867882",19,28156682,"G","A",0.830146,0.495566,0.0168978,0.0787724,"outcome",TRUE,"reported","nlPf1i","textfile"
"rs358374",3,13144609,"G","A",0.519784,0.846874,-0.0710236,0.11034,"outcome",TRUE,"reported","nlPf1i","textfile"
"rs3800552",6,47266509,"A","T",0.625108,0.336317,-0.0406839,0.0832622,"outcome",TRUE,"reported","nlPf1i","textfile"
"rs4505228",14,47184018,"T","C",0.993313,0.837496,0.000903371,0.107791,"outcome",TRUE,"reported","nlPf1i","textfile"
"rs4918082",10,94100172,"G","A",0.528509,0.254423,-0.0573676,0.0910187,"outcome",TRUE,"reported","nlPf1i","textfile"
"rs6049700",20,24449378,"G","T",0.579866,0.801409,-0.0550397,0.0994249,"outcome",TRUE,"reported","nlPf1i","textfile"
"rs6430457",2,133804354,"A","C",0.245776,0.749262,0.106062,0.0913799,"outcome",TRUE,"reported","nlPf1i","textfile"
"rs6785727",3,119320043,"G","A",0.262009,0.462697,-0.0890209,0.0793657,"outcome",TRUE,"reported","nlPf1i","textfile"
"rs6820313",4,139213505,"T","G",0.488721,0.581015,-0.0554295,0.0800605,"outcome",TRUE,"reported","nlPf1i","textfile"
"rs6964878",7,51733363,"A","T",0.683554,0.737533,-0.0364466,0.0894137,"outcome",TRUE,"reported","nlPf1i","textfile"
"rs715",2,210678331,"C","T",0.413028,0.313956,0.0703543,0.0859472,"outcome",TRUE,"reported","nlPf1i","textfile"
"rs7215587",17,2439125,"T","G",0.761732,0.0790072,0.0444562,0.14662,"outcome",TRUE,"reported","nlPf1i","textfile"
"rs7924532",11,4995100,"T","A",0.766066,0.347762,-0.0247223,0.0830936,"outcome",TRUE,"reported","nlPf1i","textfile"
"rs7961249",12,61482254,"T","C",0.193369,0.151549,-0.143513,0.110337,"outcome",TRUE,"reported","nlPf1i","textfile"
"rs8002491",13,51911442,"G","A",0.785594,0.140362,-0.0309107,0.113627,"outcome",TRUE,"reported","nlPf1i","textfile"
"rs918174",18,3736629,"C","T",0.42798,0.270351,0.0706362,0.0891135,"outcome",TRUE,"reported","nlPf1i","textfile"
"rs9696823",9,26754890,"G","A",0.323937,0.322473,0.0831303,0.0842765,"outcome",TRUE,"reported","nlPf1i","textfile"
