"SNP","chr.outcome","pos.outcome","effect_allele.outcome","other_allele.outcome","pval.outcome","eaf.outcome","beta.outcome","se.outcome","outcome","mr_keep.outcome","pval_origin.outcome","id.outcome","data_source.outcome"
"rs10010466",4,20599688,"G","T",0.711382,0.335576,0.03119,0.0842974,"outcome",TRUE,"reported","xWIGdh","textfile"
"rs11042916",11,10683614,"T","C",0.823113,0.263532,0.0202222,0.0904618,"outcome",TRUE,"reported","xWIGdh","textfile"
"rs11117202",16,86706351,"T","C",0.661701,0.59503,0.0353191,0.0807171,"outcome",TRUE,"reported","xWIGdh","textfile"
"rs1171614",10,59709780,"C","T",0.986788,0.841347,0.00178781,0.107966,"outcome",TRUE,"reported","xWIGdh","textfile"
"rs12083933",1,184335734,"T","C",0.197538,0.119206,0.159031,0.123414,"outcome",TRUE,"reported","xWIGdh","textfile"
"rs12136754",1,75764547,"A","C",0.978419,0.282789,0.00237365,0.087746,"outcome",TRUE,"reported","xWIGdh","textfile"
"rs12323577",14,83748530,"A","G",0.214804,0.00492204,-0.700479,0.564691,"outcome",TRUE,"reported","xWIGdh","textfile"
"rs12621754",2,173626147,"T","C",0.800968,0.0846838,-0.036217,0.143664,"outcome",TRUE,"reported","xWIGdh","textfile"
"rs1274137",10,89939945,"C","G",0.222732,0.561474,-0.0975771,0.0800275,"outcome",TRUE,"reported","xWIGdh","textfile"
"rs1490956",17,29013588,"G","A",0.954634,0.203103,-0.00559631,0.0983725,"outcome",TRUE,"reported","xWIGdh","textfile"
"rs1711005",3,188205927,"G","A",0.138569,0.891063,-0.1882,0.127064,"outcome",TRUE,"reported","xWIGdh","textfile"
"rs17187240",1,208253274,"C","T",0.75642,0.0363983,-0.0652999,0.210519,"outcome",TRUE,"reported","xWIGdh","textfile"
"rs2026781",10,132027535,"C","G",0.275152,0.583964,-0.0889789,0.0815367,"outcome",TRUE,"reported","xWIGdh","textfile"
"rs2230604",20,50579747,"T","C",0.93793,0.126076,-0.00915307,0.11754,"outcome",TRUE,"reported","xWIGdh","textfile"
"rs2246344",13,38621498,"T","G",0.00696065,0.856854,-0.276197,0.102344,"outcome",TRUE,"reported","xWIGdh","textfile"
"rs3751563",15,29123495,"G","A",0.303578,0.89397,-0.133338,0.129606,"outcome",TRUE,"reported","xWIGdh","textfile"
"rs7340748",3,150925575,"A","G",0.251571,0.0690209,-0.181231,0.158068,"outcome",TRUE,"reported","xWIGdh","textfile"
"rs837767",3,189980146,"G","A",0.765449,0.866297,-0.0344567,0.115498,"outcome",TRUE,"reported","xWIGdh","textfile"
"rs9348403",6,19955075,"T","C",0.590265,0.631796,-0.0441748,0.0820402,"outcome",TRUE,"reported","xWIGdh","textfile"
"rs9832461",3,39708102,"G","A",0.0895241,0.204929,-0.166764,0.0982174,"outcome",TRUE,"reported","xWIGdh","textfile"
