"SNP","chr.outcome","pos.outcome","effect_allele.outcome","other_allele.outcome","pval.outcome","eaf.outcome","beta.outcome","se.outcome","outcome","mr_keep.outcome","pval_origin.outcome","id.outcome","data_source.outcome"
"rs1003470",19,36111827,"C","G",0.010868,0.483326,0.202435,0.0794825,"outcome",TRUE,"reported","3nqHiJ","textfile"
"rs10979297",9,108262403,"T","A",0.95013,0.365848,0.00514755,0.0823041,"outcome",TRUE,"reported","3nqHiJ","textfile"
"rs12902624",15,82240895,"G","C",0.437687,0.0886604,0.107809,0.138911,"outcome",TRUE,"reported","3nqHiJ","textfile"
"rs12928583",16,84927670,"A","G",0.737666,0.534117,0.0264805,0.0790593,"outcome",TRUE,"reported","3nqHiJ","textfile"
"rs1385234",8,95669740,"T","A",0.57831,0.636841,-0.0456656,0.082154,"outcome",TRUE,"reported","3nqHiJ","textfile"
"rs16966673",16,63864080,"T","C",0.14301,0.0188321,-0.428512,0.292565,"outcome",TRUE,"reported","3nqHiJ","textfile"
"rs274559",5,132384378,"G","A",0.474506,0.499165,0.0565143,0.0790227,"outcome",TRUE,"reported","3nqHiJ","textfile"
"rs4140469",20,7171594,"G","A",0.122535,0.222561,-0.146979,0.0951799,"outcome",TRUE,"reported","3nqHiJ","textfile"
"rs4690909",4,158707999,"C","G",0.351721,0.738621,0.0838862,0.0900785,"outcome",TRUE,"reported","3nqHiJ","textfile"
"rs4836309",5,127118398,"C","T",0.817943,0.554096,0.0182631,0.0793391,"outcome",TRUE,"reported","3nqHiJ","textfile"
"rs4900991",14,50152019,"G","C",0.24935,0.371071,-0.0940595,0.0816539,"outcome",TRUE,"reported","3nqHiJ","textfile"
"rs7162018",15,39072994,"G","A",0.346475,0.475424,0.0745637,0.079201,"outcome",TRUE,"reported","3nqHiJ","textfile"
"rs943087",6,76045259,"T","C",0.508032,0.177538,0.0682382,0.103094,"outcome",TRUE,"reported","3nqHiJ","textfile"
"rs9880529",3,176691276,"T","C",0.440856,0.913158,0.108024,0.140154,"outcome",TRUE,"reported","3nqHiJ","textfile"
