"SNP","chr.outcome","pos.outcome","effect_allele.outcome","other_allele.outcome","pval.outcome","eaf.outcome","beta.outcome","se.outcome","outcome","mr_keep.outcome","pval_origin.outcome","id.outcome","data_source.outcome"
"rs10024907",4,24357034,"A","C",0.777942,0.217674,0.0271565,0.0962984,"outcome",TRUE,"reported","JnbCUP","textfile"
"rs10836652",11,4793016,"A","G",0.99371,0.145889,0.000880451,0.111678,"outcome",TRUE,"reported","JnbCUP","textfile"
"rs11044220",12,18624517,"G","C",0.723064,0.417725,-0.0284612,0.0803156,"outcome",TRUE,"reported","JnbCUP","textfile"
"rs1234318",1,173128296,"A","G",0.939141,0.616205,-0.00630467,0.082576,"outcome",TRUE,"reported","JnbCUP","textfile"
"rs12419430",11,76258476,"T","C",0.36186,0.299311,0.07875,0.0863652,"outcome",TRUE,"reported","JnbCUP","textfile"
"rs12521113",5,67640590,"T","G",0.895701,0.182562,-0.0134287,0.102436,"outcome",TRUE,"reported","JnbCUP","textfile"
"rs12882240",14,78675407,"A","G",0.682523,0.0609634,-0.0676118,0.165301,"outcome",TRUE,"reported","JnbCUP","textfile"
"rs2816252",6,1454737,"C","T",0.186641,0.76696,-0.124721,0.0944436,"outcome",TRUE,"reported","JnbCUP","textfile"
"rs2974445",5,83185561,"C","T",0.489236,0.473007,0.0547703,0.0792022,"outcome",TRUE,"reported","JnbCUP","textfile"
"rs317894",4,16130552,"G","A",0.147417,0.582291,0.1172,0.0808993,"outcome",TRUE,"reported","JnbCUP","textfile"
"rs4901004",14,50256913,"C","T",0.517091,0.0923026,0.088737,0.136974,"outcome",TRUE,"reported","JnbCUP","textfile"
"rs8058752",16,8389872,"G","T",0.546856,0.0307886,-0.138854,0.230472,"outcome",TRUE,"reported","JnbCUP","textfile"
