"SNP","chr.outcome","pos.outcome","effect_allele.outcome","other_allele.outcome","pval.outcome","eaf.outcome","beta.outcome","se.outcome","outcome","mr_keep.outcome","pval_origin.outcome","id.outcome","data_source.outcome"
"rs10179884",2,125771507,"T","C",0.0838185,0.139366,0.197124,0.114014,"outcome",TRUE,"reported","dNTpws","textfile"
"rs1045530",7,32868523,"G","C",0.900611,0.383754,0.0101669,0.0814068,"outcome",TRUE,"reported","dNTpws","textfile"
"rs10463012",5,171844185,"G","A",0.844193,0.00728225,0.0929044,0.472716,"outcome",TRUE,"reported","dNTpws","textfile"
"rs11171791",12,56289032,"C","T",0.906422,0.0346822,-0.0253772,0.215879,"outcome",TRUE,"reported","dNTpws","textfile"
"rs11686391",2,84396039,"C","T",0.567227,0.213203,0.0549974,0.0961257,"outcome",TRUE,"reported","dNTpws","textfile"
"rs11893356",2,228473985,"A","G",0.640227,0.0252211,-0.115476,0.24707,"outcome",TRUE,"reported","dNTpws","textfile"
"rs12441816",15,49918736,"A","T",0.246599,0.0835485,-0.166583,0.143774,"outcome",TRUE,"reported","dNTpws","textfile"
"rs1396287",4,100713536,"A","G",0.49179,0.863496,-0.0795579,0.115727,"outcome",TRUE,"reported","dNTpws","textfile"
"rs1546239",10,108266161,"T","A",0.274068,0.266963,-0.0973424,0.0889994,"outcome",TRUE,"reported","dNTpws","textfile"
"rs16955210",16,81377890,"G","A",0.3305,0.0396552,-0.195936,0.201351,"outcome",TRUE,"reported","dNTpws","textfile"
"rs17083481",4,53790781,"T","C",0.504333,0.280016,-0.0596434,0.0893284,"outcome",TRUE,"reported","dNTpws","textfile"
"rs6111973",20,18464622,"T","C",0.361,0.18892,-0.0926295,0.101405,"outcome",TRUE,"reported","dNTpws","textfile"
"rs6541298",1,230158901,"G","A",0.224055,0.975968,0.324403,0.266819,"outcome",TRUE,"reported","dNTpws","textfile"
"rs7549636",1,4160241,"A","G",0.551626,0.279599,-0.0525036,0.0881931,"outcome",TRUE,"reported","dNTpws","textfile"
"rs7655071",4,80789172,"C","G",0.130312,0.13803,-0.173973,0.114995,"outcome",TRUE,"reported","dNTpws","textfile"
"rs907609",11,1836040,"T","C",0.73936,0.236806,-0.0310766,0.0934072,"outcome",TRUE,"reported","dNTpws","textfile"
