"SNP","chr.outcome","pos.outcome","effect_allele.outcome","other_allele.outcome","pval.outcome","eaf.outcome","beta.outcome","se.outcome","outcome","mr_keep.outcome","pval_origin.outcome","id.outcome","data_source.outcome"
"rs10790819",11,126658320,"C","G",0.429226,0.155223,0.0867163,0.109696,"outcome",TRUE,"reported","Pe7s6R","textfile"
"rs10797373",1,2987492,"A","G",0.754144,0.750642,-0.0286097,0.0913519,"outcome",TRUE,"reported","Pe7s6R","textfile"
"rs11040799",11,6199984,"A","T",0.992653,0.7146,-0.00080628,0.0875592,"outcome",TRUE,"reported","Pe7s6R","textfile"
"rs11666603",19,12386120,"C","T",0.928561,0.73401,-0.00812499,0.0906248,"outcome",TRUE,"reported","Pe7s6R","textfile"
"rs12456616",18,46133098,"G","T",0.774223,0.0859715,0.0410667,0.143161,"outcome",TRUE,"reported","Pe7s6R","textfile"
"rs13264997",8,138679373,"G","A",0.916978,0.767957,-0.00977629,0.0937857,"outcome",TRUE,"reported","Pe7s6R","textfile"
"rs17614939",4,69494511,"G","A",0.757687,0.176185,-0.0321635,0.104251,"outcome",TRUE,"reported","Pe7s6R","textfile"
"rs1939769",11,63146730,"G","A",0.177221,0.968481,-0.300864,0.222967,"outcome",TRUE,"reported","Pe7s6R","textfile"
"rs2035647",7,138114823,"G","A",0.739525,0.81323,-0.0336521,0.101215,"outcome",TRUE,"reported","Pe7s6R","textfile"
"rs2076196",22,41499405,"A","G",0.277165,0.119679,-0.131671,0.121165,"outcome",TRUE,"reported","Pe7s6R","textfile"
"rs322906",1,199114593,"G","T",0.985902,0.567006,0.00140805,0.0796845,"outcome",TRUE,"reported","Pe7s6R","textfile"
"rs4953640",2,48899663,"T","C",0.484978,0.212309,0.0674318,0.0965631,"outcome",TRUE,"reported","Pe7s6R","textfile"
"rs6062634",20,64120459,"C","A",0.615808,0.671219,0.0424761,0.0846474,"outcome",TRUE,"reported","Pe7s6R","textfile"
"rs659599",2,12700449,"G","A",0.22105,0.454545,0.0975666,0.0797281,"outcome",TRUE,"reported","Pe7s6R","textfile"
