"SNP","chr.outcome","pos.outcome","effect_allele.outcome","other_allele.outcome","pval.outcome","eaf.outcome","beta.outcome","se.outcome","outcome","mr_keep.outcome","pval_origin.outcome","id.outcome","data_source.outcome"
"rs10505869",12,20758653,"T","G",0.663324,0.604486,-0.035188,0.0808311,"outcome",TRUE,"reported","5VtZaR","textfile"
"rs10741653",11,14683294,"A","C",0.183357,0.62251,-0.108588,0.0816153,"outcome",TRUE,"reported","5VtZaR","textfile"
"rs11019976",11,92492096,"C","G",0.215751,0.0670289,-0.195677,0.15807,"outcome",TRUE,"reported","5VtZaR","textfile"
"rs11190334",10,99942716,"A","G",0.82138,0.0247074,0.0570883,0.25286,"outcome",TRUE,"reported","5VtZaR","textfile"
"rs12026640",1,208151652,"C","A",0.311422,0.0871569,-0.141776,0.140061,"outcome",TRUE,"reported","5VtZaR","textfile"
"rs1351284",5,77248226,"C","A",0.608153,0.418367,0.0411305,0.0802216,"outcome",TRUE,"reported","5VtZaR","textfile"
"rs1473500",6,168110336,"T","C",0.149712,0.0236095,-0.384609,0.266988,"outcome",TRUE,"reported","5VtZaR","textfile"
"rs2218275",12,70620745,"T","A",0.46822,0.0429524,0.142648,0.196654,"outcome",TRUE,"reported","5VtZaR","textfile"
"rs2243133",3,159994486,"T","C",0.968055,0.00782317,-0.0179116,0.447258,"outcome",TRUE,"reported","5VtZaR","textfile"
"rs2326675",6,5862525,"C","A",0.846838,0.306686,-0.0165872,0.085875,"outcome",TRUE,"reported","5VtZaR","textfile"
"rs2429426",17,63315684,"G","A",0.922563,0.299606,-0.00839632,0.0863763,"outcome",TRUE,"reported","5VtZaR","textfile"
"rs2547231",19,47881800,"A","C",0.587378,0.819797,-0.0565768,0.104262,"outcome",TRUE,"reported","5VtZaR","textfile"
"rs279941",13,103045818,"C","A",0.854653,0.885697,0.0226316,0.123545,"outcome",TRUE,"reported","5VtZaR","textfile"
"rs4764937",12,103097240,"G","T",0.299008,0.529948,-0.0825599,0.0794944,"outcome",TRUE,"reported","5VtZaR","textfile"
"rs6657613",1,17001705,"T","A",0.813902,0.474191,-0.0186923,0.079408,"outcome",TRUE,"reported","5VtZaR","textfile"
"rs9324832",5,155622751,"T","C",0.711521,0.0931754,-0.0502643,0.135918,"outcome",TRUE,"reported","5VtZaR","textfile"
