"SNP","chr.outcome","pos.outcome","effect_allele.outcome","other_allele.outcome","pval.outcome","eaf.outcome","beta.outcome","se.outcome","outcome","mr_keep.outcome","pval_origin.outcome","id.outcome","data_source.outcome"
"rs10074057",5,124623820,"A","G",0.428593,0.86277,0.0915236,0.115618,"outcome",TRUE,"reported","0DCkYT","textfile"
"rs10829406",10,128451417,"A","G",0.680395,0.130513,-0.0483298,0.117327,"outcome",TRUE,"reported","0DCkYT","textfile"
"rs10887481",10,85460285,"T","C",0.310119,0.0141139,0.329414,0.324555,"outcome",TRUE,"reported","0DCkYT","textfile"
"rs11577980",1,36370875,"T","C",0.15971,0.0544026,-0.24659,0.175378,"outcome",TRUE,"reported","0DCkYT","textfile"
"rs11946836",4,172836714,"T","C",0.210235,0.030754,-0.290637,0.231967,"outcome",TRUE,"reported","0DCkYT","textfile"
"rs11962139",6,65406838,"A","G",0.957263,0.0175857,-0.0161781,0.301892,"outcome",TRUE,"reported","0DCkYT","textfile"
"rs16991685",4,35925813,"A","T",0.562626,0.0932902,-0.0791856,0.136775,"outcome",TRUE,"reported","0DCkYT","textfile"
"rs17287098",3,46563957,"A","G",0.638293,0.0788296,0.0683916,0.145487,"outcome",TRUE,"reported","0DCkYT","textfile"
"rs7733505",5,79835020,"A","C",0.584392,0.0114784,0.201492,0.368372,"outcome",TRUE,"reported","0DCkYT","textfile"
"rs9277380",6,33082592,"G","C",0.196405,0.250636,-0.117919,0.0912783,"outcome",TRUE,"reported","0DCkYT","textfile"
