"SNP","chr.outcome","pos.outcome","effect_allele.outcome","other_allele.outcome","pval.outcome","eaf.outcome","beta.outcome","se.outcome","outcome","mr_keep.outcome","pval_origin.outcome","id.outcome","data_source.outcome"
"rs10801685",1,87769510,"T","G",0.769541,0.504777,0.023446,0.0800277,"outcome",TRUE,"reported","v9XfUB","textfile"
"rs11070217",15,39529666,"C","T",0.430585,0.638896,0.0648519,0.0822794,"outcome",TRUE,"reported","v9XfUB","textfile"
"rs11743823",5,168737739,"T","C",0.0813823,0.261785,-0.158095,0.0907174,"outcome",TRUE,"reported","v9XfUB","textfile"
"rs2941589",2,54678641,"A","G",0.831029,0.901055,0.0285484,0.13379,"outcome",TRUE,"reported","v9XfUB","textfile"
"rs705795",6,165963337,"C","T",0.855771,0.736366,-0.0164285,0.0903856,"outcome",TRUE,"reported","v9XfUB","textfile"
"rs8180157",4,177261493,"A","G",0.950938,0.328599,-0.00516992,0.084024,"outcome",TRUE,"reported","v9XfUB","textfile"
"rs9634561",13,107097110,"A","G",0.946888,0.208194,0.00653328,0.0980741,"outcome",TRUE,"reported","v9XfUB","textfile"
