"SNP","chr.outcome","pos.outcome","effect_allele.outcome","other_allele.outcome","pval.outcome","eaf.outcome","beta.outcome","se.outcome","outcome","mr_keep.outcome","pval_origin.outcome","id.outcome","data_source.outcome"
"rs12150661",17,75197575,"A","G",0.97612,0.123432,0.00363517,0.121442,"outcome",TRUE,"reported","35iZye","textfile"
"rs16879493",4,27575159,"C","A",0.718054,0.0218315,0.0987239,0.273428,"outcome",TRUE,"reported","35iZye","textfile"
"rs17423134",3,161651414,"A","G",0.639937,0.0346688,0.100887,0.215669,"outcome",TRUE,"reported","35iZye","textfile"
"rs2099919",4,16095066,"C","T",0.476838,0.117169,-0.0882822,0.124097,"outcome",TRUE,"reported","35iZye","textfile"
"rs2172784",6,165876605,"C","T",0.995811,0.221119,-0.000500799,0.0953774,"outcome",TRUE,"reported","35iZye","textfile"
"rs2727271",11,61835886,"T","A",0.0169961,0.270502,-0.212763,0.0891421,"outcome",TRUE,"reported","35iZye","textfile"
"rs4452305",3,77378420,"G","A",0.885222,0.00834332,-0.0646319,0.447737,"outcome",TRUE,"reported","35iZye","textfile"
"rs6436677",2,227312156,"T","C",0.479669,0.0104666,-0.270601,0.382835,"outcome",TRUE,"reported","35iZye","textfile"
"rs6947774",7,77285056,"T","C",0.286874,0.322415,0.0902048,0.0846991,"outcome",TRUE,"reported","35iZye","textfile"
"rs7008266",8,76959608,"G","A",0.510511,0.52498,0.0521587,0.0792633,"outcome",TRUE,"reported","35iZye","textfile"
"rs8178281",17,58239832,"G","A",0.78486,0.00643493,0.130947,0.479673,"outcome",TRUE,"reported","35iZye","textfile"
"rs9806159",15,30917451,"T","G",0.883629,0.115948,0.0179885,0.122897,"outcome",TRUE,"reported","35iZye","textfile"
