"SNP","chr.outcome","pos.outcome","effect_allele.outcome","other_allele.outcome","pval.outcome","eaf.outcome","beta.outcome","se.outcome","outcome","mr_keep.outcome","pval_origin.outcome","id.outcome","data_source.outcome"
"rs10833309",11,20356499,"A","G",0.153683,0.310305,0.121921,0.0854605,"outcome",TRUE,"reported","gZIF39","textfile"
"rs11919637",3,126283542,"G","A",0.624212,0.169998,-0.0514397,0.105003,"outcome",TRUE,"reported","gZIF39","textfile"
"rs12443738",16,13308482,"T","G",0.251796,0.124527,-0.138495,0.120851,"outcome",TRUE,"reported","gZIF39","textfile"
"rs13019537",2,48749438,"G","C",0.66231,0.136209,0.0503227,0.115227,"outcome",TRUE,"reported","gZIF39","textfile"
"rs1419916",7,33467749,"C","T",0.983069,0.787491,0.00205945,0.0970442,"outcome",TRUE,"reported","gZIF39","textfile"
"rs1477025",16,49777522,"C","T",0.361973,0.39261,0.0736578,0.0807995,"outcome",TRUE,"reported","gZIF39","textfile"
"rs17597208",4,99531555,"G","A",0.279379,0.044459,-0.20825,0.192518,"outcome",TRUE,"reported","gZIF39","textfile"
"rs2114655",2,49508113,"A","G",0.0110693,0.0478502,-0.473153,0.186244,"outcome",TRUE,"reported","gZIF39","textfile"
"rs512251",1,111711144,"A","T",0.282696,0.853159,-0.119868,0.111579,"outcome",TRUE,"reported","gZIF39","textfile"
"rs5997515",22,29744289,"T","C",0.857402,0.051867,-0.0318709,0.177374,"outcome",TRUE,"reported","gZIF39","textfile"
"rs6075489",20,19228326,"G","A",0.626589,0.252927,0.0444152,0.0912891,"outcome",TRUE,"reported","gZIF39","textfile"
"rs633290",6,4114554,"G","A",0.817834,0.249675,-0.0210898,0.0915628,"outcome",TRUE,"reported","gZIF39","textfile"
"rs6544157",2,38319776,"A","G",0.842112,0.929796,-0.0306105,0.153673,"outcome",TRUE,"reported","gZIF39","textfile"
"rs7130402",11,48094054,"G","A",0.730298,0.0795122,0.0502841,0.145865,"outcome",TRUE,"reported","gZIF39","textfile"
"rs8022857",14,73626461,"C","T",0.531743,0.0178896,0.187531,0.299883,"outcome",TRUE,"reported","gZIF39","textfile"
"rs9788090",12,67496180,"G","C",0.036226,0.239107,0.195918,0.0935443,"outcome",TRUE,"reported","gZIF39","textfile"
