"SNP","chr.outcome","pos.outcome","effect_allele.outcome","other_allele.outcome","pval.outcome","eaf.outcome","beta.outcome","se.outcome","outcome","mr_keep.outcome","pval_origin.outcome","id.outcome","data_source.outcome"
"rs1456197",3,118005546,"C","T",0.188987,0.401956,-0.106212,0.0808571,"outcome",TRUE,"reported","17WXjq","textfile"
"rs4680092",3,153786771,"T","G",0.470741,0.224007,-0.0683557,0.0947707,"outcome",TRUE,"reported","17WXjq","textfile"
"rs4861137",4,40440899,"C","T",0.621859,0.431468,0.0393906,0.0798648,"outcome",TRUE,"reported","17WXjq","textfile"
"rs6907935",6,41750117,"T","C",0.345448,0.734317,0.084375,0.0894319,"outcome",TRUE,"reported","17WXjq","textfile"
