"SNP","chr.outcome","pos.outcome","effect_allele.outcome","other_allele.outcome","pval.outcome","eaf.outcome","beta.outcome","se.outcome","outcome","mr_keep.outcome","pval_origin.outcome","id.outcome","data_source.outcome"
"rs10955887",8,118450216,"C","G",0.8377,0.58234,-0.0164026,0.0800767,"outcome",TRUE,"reported","koWh49","textfile"
"rs11102783",1,114339465,"A","G",0.13589,0.198398,-0.149777,0.100436,"outcome",TRUE,"reported","koWh49","textfile"
"rs11752994",6,25268292,"T","C",0.318327,0.0113216,0.377566,0.378359,"outcome",TRUE,"reported","koWh49","textfile"
"rs1384609",10,125690620,"T","C",0.848064,0.516977,0.0167615,0.0874869,"outcome",TRUE,"reported","koWh49","textfile"
"rs16960359",16,58670592,"A","G",0.842594,0.133573,0.023278,0.117225,"outcome",TRUE,"reported","koWh49","textfile"
"rs16964257",13,104175006,"C","T",0.228076,0.0471882,0.221226,0.18354,"outcome",TRUE,"reported","koWh49","textfile"
"rs1859570",7,141656384,"C","T",0.0806603,0.990361,0.688958,0.394397,"outcome",TRUE,"reported","koWh49","textfile"
"rs32281",5,11183299,"C","T",0.828,0.00752828,0.101689,0.468037,"outcome",TRUE,"reported","koWh49","textfile"
"rs7942717",11,61879816,"A","G",0.656082,0.879317,0.0542086,0.121727,"outcome",TRUE,"reported","koWh49","textfile"
"rs9344588",6,86246530,"T","C",0.742139,0.105943,0.0423002,0.128564,"outcome",TRUE,"reported","koWh49","textfile"
"rs9924628",16,82272946,"A","C",0.478725,0.335845,0.0594235,0.0838895,"outcome",TRUE,"reported","koWh49","textfile"
