"SNP","chr.outcome","pos.outcome","effect_allele.outcome","other_allele.outcome","pval.outcome","eaf.outcome","beta.outcome","se.outcome","outcome","mr_keep.outcome","pval_origin.outcome","id.outcome","data_source.outcome"
"rs10194375",2,127082205,"A","C",0.74013,0.396387,-0.0267779,0.0807336,"outcome",TRUE,"reported","1IWcwh","textfile"
"rs10902096",11,1123373,"C","T",0.0100935,0.832233,0.273018,0.106125,"outcome",TRUE,"reported","1IWcwh","textfile"
"rs10934975",3,131737971,"C","T",0.824286,0.492921,-0.0175516,0.0790488,"outcome",TRUE,"reported","1IWcwh","textfile"
"rs11076175",16,56972466,"G","A",0.0520391,0.172283,-0.202894,0.104433,"outcome",TRUE,"reported","1IWcwh","textfile"
"rs11130715",3,59506975,"G","C",0.735067,0.554949,-0.0268596,0.0793738,"outcome",TRUE,"reported","1IWcwh","textfile"
"rs11263765",17,37822778,"G","A",0.226203,0.195345,0.120837,0.0998493,"outcome",TRUE,"reported","1IWcwh","textfile"
"rs11606597",11,57201962,"A","C",0.094304,0.509638,-0.132524,0.0792078,"outcome",TRUE,"reported","1IWcwh","textfile"
"rs11607529",11,13239843,"T","C",0.391939,0.473,0.0680131,0.0794446,"outcome",TRUE,"reported","1IWcwh","textfile"
"rs11802105",1,221759158,"G","A",0.474338,0.477587,0.0566788,0.0792225,"outcome",TRUE,"reported","1IWcwh","textfile"
"rs11880261",19,40282734,"C","T",0.543365,0.669711,-0.0509904,0.0839028,"outcome",TRUE,"reported","1IWcwh","textfile"
"rs12195633",6,23316365,"T","C",0.231645,0.589911,0.0957602,0.0800582,"outcome",TRUE,"reported","1IWcwh","textfile"
"rs12215840",6,95967885,"C","T",0.963133,0.35481,0.0038273,0.0828025,"outcome",TRUE,"reported","1IWcwh","textfile"
"rs12286796",11,79411165,"C","A",0.843318,0.465594,-0.0156717,0.0792898,"outcome",TRUE,"reported","1IWcwh","textfile"
"rs12708853",16,63660160,"A","C",0.592827,0.427623,0.0428741,0.0801769,"outcome",TRUE,"reported","1IWcwh","textfile"
"rs13023630",2,116375128,"T","G",0.839839,0.408878,-0.0162559,0.0804348,"outcome",TRUE,"reported","1IWcwh","textfile"
"rs13261860",8,77007771,"G","A",0.930128,0.484697,-0.00695622,0.0793333,"outcome",TRUE,"reported","1IWcwh","textfile"
"rs1339995",1,163862493,"C","A",0.685954,0.579583,-0.0322963,0.0798718,"outcome",TRUE,"reported","1IWcwh","textfile"
"rs1347222",12,82000375,"C","T",0.957936,0.587677,0.00425036,0.0805856,"outcome",TRUE,"reported","1IWcwh","textfile"
"rs1374653",4,30787987,"A","G",0.943149,0.128743,-0.00844428,0.118412,"outcome",TRUE,"reported","1IWcwh","textfile"
"rs1422587",5,147954442,"C","T",0.233842,0.71171,0.103511,0.0869463,"outcome",TRUE,"reported","1IWcwh","textfile"
"rs17406556",8,4249489,"C","T",0.562692,0.111152,0.074048,0.127923,"outcome",TRUE,"reported","1IWcwh","textfile"
"rs17712928",18,49603972,"A","G",0.301809,0.301813,-0.0887511,0.0859523,"outcome",TRUE,"reported","1IWcwh","textfile"
"rs1887820",10,123354663,"G","A",0.506312,0.323854,0.05589,0.0840968,"outcome",TRUE,"reported","1IWcwh","textfile"
"rs1933830",6,120587573,"T","C",0.842004,0.611765,-0.0162016,0.08128,"outcome",TRUE,"reported","1IWcwh","textfile"
"rs202093",13,30240781,"C","T",0.641978,0.756296,-0.0428163,0.0920908,"outcome",TRUE,"reported","1IWcwh","textfile"
"rs2072583",3,8733771,"A","G",0.835106,0.21703,-0.0201085,0.0966025,"outcome",TRUE,"reported","1IWcwh","textfile"
"rs2970366",15,59824618,"A","G",0.322053,0.176338,-0.103067,0.104082,"outcome",TRUE,"reported","1IWcwh","textfile"
"rs32487",5,56306202,"G","A",0.401452,0.108072,0.107094,0.12764,"outcome",TRUE,"reported","1IWcwh","textfile"
"rs4244568",15,39027714,"G","T",0.996658,0.44373,0.000335026,0.079975,"outcome",TRUE,"reported","1IWcwh","textfile"
"rs4520895",17,47092394,"A","C",0.535215,0.890401,0.0785868,0.126739,"outcome",TRUE,"reported","1IWcwh","textfile"
"rs4674025",2,215766830,"T","C",0.29651,0.46412,0.0829905,0.0794968,"outcome",TRUE,"reported","1IWcwh","textfile"
"rs4676471",3,40147445,"A","G",0.566201,0.0315038,0.130855,0.228108,"outcome",TRUE,"reported","1IWcwh","textfile"
"rs4797280",18,7147348,"G","C",0.0945867,0.336788,0.139982,0.0837371,"outcome",TRUE,"reported","1IWcwh","textfile"
"rs4976671",5,177049197,"G","C",0.577636,0.00804896,0.258266,0.463805,"outcome",TRUE,"reported","1IWcwh","textfile"
"rs6796650",3,88328672,"A","G",0.202803,0.484697,0.10106,0.0793496,"outcome",TRUE,"reported","1IWcwh","textfile"
"rs6834482",4,41357948,"C","T",0.0245013,0.353627,-0.185908,0.082656,"outcome",TRUE,"reported","1IWcwh","textfile"
"rs698015",14,56803107,"T","C",0.213329,0.66319,-0.103978,0.0835525,"outcome",TRUE,"reported","1IWcwh","textfile"
"rs7022352",9,101108413,"G","A",0.693541,0.400805,0.031941,0.0810574,"outcome",TRUE,"reported","1IWcwh","textfile"
"rs762864",4,3417950,"A","G",0.594436,0.742517,0.0481118,0.0903645,"outcome",TRUE,"reported","1IWcwh","textfile"
"rs7755681",6,161575338,"T","C",8.9238e-05,0.650139,-0.302478,0.0771995,"outcome",TRUE,"reported","1IWcwh","textfile"
"rs9380120",6,29367760,"C","T",0.192692,0.134041,0.151418,0.116237,"outcome",TRUE,"reported","1IWcwh","textfile"
"rs9807799",18,78358216,"T","C",0.720074,0.161192,-0.03866,0.10788,"outcome",TRUE,"reported","1IWcwh","textfile"
"rs982702",1,168327198,"C","T",0.394626,0.671461,0.0713117,0.0837722,"outcome",TRUE,"reported","1IWcwh","textfile"
"rs9845510",3,186477534,"C","T",0.608597,0.452201,0.0407064,0.0794926,"outcome",TRUE,"reported","1IWcwh","textfile"
