"SNP","chr.outcome","pos.outcome","effect_allele.outcome","other_allele.outcome","pval.outcome","eaf.outcome","beta.outcome","se.outcome","outcome","mr_keep.outcome","pval_origin.outcome","id.outcome","data_source.outcome"
"rs10060813",5,63860912,"A","G",0.833458,0.305909,-0.0182305,0.086701,"outcome",TRUE,"reported","H416IZ","textfile"
"rs1015380",8,21070031,"C","T",0.245631,0.0894703,0.16257,0.140022,"outcome",TRUE,"reported","H416IZ","textfile"
"rs10492449",13,46181745,"G","T",0.874174,0.287677,-0.0138621,0.0875361,"outcome",TRUE,"reported","H416IZ","textfile"
"rs10962395",9,16363555,"C","T",0.803852,0.413796,0.0200666,0.0807948,"outcome",TRUE,"reported","H416IZ","textfile"
"rs1106609",2,220373468,"T","C",0.0474045,0.568049,0.158387,0.0798861,"outcome",TRUE,"reported","H416IZ","textfile"
"rs11131993",4,180354213,"G","T",0.314239,0.389349,0.0814564,0.080941,"outcome",TRUE,"reported","H416IZ","textfile"
"rs11657003",17,54377218,"G","T",0.964086,0.278545,0.00398452,0.0884933,"outcome",TRUE,"reported","H416IZ","textfile"
"rs12499670",4,173700342,"C","T",0.568879,0.6351,-0.0469264,0.0823699,"outcome",TRUE,"reported","H416IZ","textfile"
"rs12520768",5,52883466,"A","C",0.329344,0.359443,-0.0805723,0.0826014,"outcome",TRUE,"reported","H416IZ","textfile"
"rs1464136",2,189262652,"A","C",0.236608,0.691377,-0.101297,0.0855903,"outcome",TRUE,"reported","H416IZ","textfile"
"rs1468977",3,170557309,"G","A",0.943533,0.415583,0.00567693,0.0801482,"outcome",TRUE,"reported","H416IZ","textfile"
"rs16986182",20,36518581,"G","C",0.683515,0.0469602,-0.077894,0.191071,"outcome",TRUE,"reported","H416IZ","textfile"
"rs17113525",14,42808065,"G","T",0.0487686,0.109729,0.249218,0.126467,"outcome",TRUE,"reported","H416IZ","textfile"
"rs17340319",8,106481147,"G","C",0.682012,0.12393,-0.0489437,0.119457,"outcome",TRUE,"reported","H416IZ","textfile"
"rs2036152",4,90541043,"A","G",0.462909,0.371351,0.0601889,0.081994,"outcome",TRUE,"reported","H416IZ","textfile"
"rs2064443",20,19378180,"G","A",0.498839,0.407154,-0.0544827,0.0805578,"outcome",TRUE,"reported","H416IZ","textfile"
"rs2267290",22,33802641,"G","C",0.28931,0.431791,-0.0844969,0.0797414,"outcome",TRUE,"reported","H416IZ","textfile"
"rs2351921",12,31515039,"T","C",0.787829,0.416546,-0.0215583,0.0801034,"outcome",TRUE,"reported","H416IZ","textfile"
"rs2468526",5,36515888,"T","C",0.273164,0.644838,0.0904854,0.0825743,"outcome",TRUE,"reported","H416IZ","textfile"
"rs2928949",18,51943239,"T","C",0.17447,0.75622,-0.125422,0.0923593,"outcome",TRUE,"reported","H416IZ","textfile"
"rs2966713",7,143469982,"G","A",0.367519,0.690722,-0.0768802,0.0853154,"outcome",TRUE,"reported","H416IZ","textfile"
"rs3121910",1,232001447,"G","T",0.999692,0.317333,-3.28632e-05,0.0850018,"outcome",TRUE,"reported","H416IZ","textfile"
"rs3801969",7,107071047,"T","G",0.598014,0.515074,0.0417808,0.0792414,"outcome",TRUE,"reported","H416IZ","textfile"
"rs3843430",4,14099649,"C","T",0.306383,0.654521,0.0850803,0.0831805,"outcome",TRUE,"reported","H416IZ","textfile"
"rs4142154",2,210671545,"A","G",0.136019,0.347359,-0.123993,0.0831728,"outcome",TRUE,"reported","H416IZ","textfile"
"rs4326611",1,244744230,"C","T",0.89194,0.565658,0.0108521,0.0798833,"outcome",TRUE,"reported","H416IZ","textfile"
"rs4398300",2,78930896,"A","G",0.561729,0.696585,0.0498016,0.0858241,"outcome",TRUE,"reported","H416IZ","textfile"
"rs4975842",5,1780104,"G","C",0.354724,0.651875,0.0771091,0.0833193,"outcome",TRUE,"reported","H416IZ","textfile"
"rs550328",11,96231890,"A","G",0.669837,0.263211,0.038329,0.0898955,"outcome",TRUE,"reported","H416IZ","textfile"
"rs595286",18,62612864,"A","G",0.400476,0.545188,-0.0669942,0.0796817,"outcome",TRUE,"reported","H416IZ","textfile"
"rs6026567",20,58869860,"G","A",0.445693,0.408852,0.0618069,0.0810461,"outcome",TRUE,"reported","H416IZ","textfile"
"rs618791",17,28572484,"C","T",0.497566,0.357725,0.0560192,0.0825847,"outcome",TRUE,"reported","H416IZ","textfile"
"rs6659436",1,10159144,"T","C",0.53063,0.0390416,-0.127841,0.203879,"outcome",TRUE,"reported","H416IZ","textfile"
"rs6786214",3,76455645,"A","G",0.165942,0.341452,-0.115575,0.0834259,"outcome",TRUE,"reported","H416IZ","textfile"
"rs6788007",3,117180939,"T","C",0.123426,0.488393,-0.122644,0.0796104,"outcome",TRUE,"reported","H416IZ","textfile"
"rs6836081",4,156091569,"C","T",0.792949,0.661353,-0.0219038,0.0834483,"outcome",TRUE,"reported","H416IZ","textfile"
"rs6871718",5,160906429,"C","T",0.237465,0.240137,0.109334,0.0925506,"outcome",TRUE,"reported","H416IZ","textfile"
"rs696958",1,208460657,"A","G",0.551635,0.286665,-0.0538307,0.0904246,"outcome",TRUE,"reported","H416IZ","textfile"
"rs6979908",7,10931428,"A","G",0.175141,0.103819,0.174544,0.128732,"outcome",TRUE,"reported","H416IZ","textfile"
"rs7179088",15,31499754,"C","T",0.368014,0.661565,-0.0750091,0.0833249,"outcome",TRUE,"reported","H416IZ","textfile"
"rs7200218",16,81825907,"C","G",0.170135,0.708225,0.119268,0.0869447,"outcome",TRUE,"reported","H416IZ","textfile"
"rs7203065",16,84714909,"G","T",0.157243,0.471988,0.112975,0.0798748,"outcome",TRUE,"reported","H416IZ","textfile"
"rs744432",8,73343265,"A","C",0.0302845,0.420289,0.173614,0.0801414,"outcome",TRUE,"reported","H416IZ","textfile"
"rs7446715",5,84773621,"G","A",0.356433,0.372668,-0.0753261,0.0816824,"outcome",TRUE,"reported","H416IZ","textfile"
"rs764134",17,10458360,"G","C",0.352328,0.4147,0.0746022,0.0802103,"outcome",TRUE,"reported","H416IZ","textfile"
"rs7749940",6,156169394,"A","C",0.219646,0.347487,-0.10214,0.0832114,"outcome",TRUE,"reported","H416IZ","textfile"
"rs7770207",6,40731479,"C","T",0.441003,0.296493,-0.0669044,0.0868325,"outcome",TRUE,"reported","H416IZ","textfile"
"rs7927428",11,109028907,"A","C",0.202516,0.587489,-0.102072,0.0800934,"outcome",TRUE,"reported","H416IZ","textfile"
"rs8039730",15,98147556,"T","C",0.379131,0.307003,-0.0755733,0.0859277,"outcome",TRUE,"reported","H416IZ","textfile"
"rs820140",17,75612122,"C","T",0.326623,0.461722,0.0781431,0.0796616,"outcome",TRUE,"reported","H416IZ","textfile"
"rs9297758",8,127474343,"A","G",0.82639,0.418368,0.0176646,0.0805372,"outcome",TRUE,"reported","H416IZ","textfile"
"rs9649625",7,75758619,"A","C",0.292655,0.347922,-0.0873622,0.0830191,"outcome",TRUE,"reported","H416IZ","textfile"
