"SNP","chr.outcome","pos.outcome","effect_allele.outcome","other_allele.outcome","pval.outcome","eaf.outcome","beta.outcome","se.outcome","outcome","mr_keep.outcome","pval_origin.outcome","id.outcome","data_source.outcome"
"rs1028374",1,167596152,"A","G",0.964938,0.14195,0.00502242,0.114256,"outcome",TRUE,"reported","lrTLDU","textfile"
"rs1348656",3,145215733,"T","C",0.105187,0.81384,0.164873,0.10176,"outcome",TRUE,"reported","lrTLDU","textfile"
"rs17777742",15,63982160,"C","A",0.252678,0.365441,0.0941515,0.0823097,"outcome",TRUE,"reported","lrTLDU","textfile"
"rs2458177",15,70313182,"G","C",0.670098,0.633572,-0.0350939,0.0823771,"outcome",TRUE,"reported","lrTLDU","textfile"
"rs2485904",6,76084386,"A","C",0.549494,0.155824,0.0651233,0.108807,"outcome",TRUE,"reported","lrTLDU","textfile"
"rs273914",5,132324738,"T","A",0.459274,0.499802,-0.0584643,0.0790013,"outcome",TRUE,"reported","lrTLDU","textfile"
"rs360020",5,173782861,"G","A",0.337061,0.34859,-0.07956,0.082876,"outcome",TRUE,"reported","lrTLDU","textfile"
"rs3748771",1,230837961,"G","T",0.976181,0.00603329,0.0152145,0.509571,"outcome",TRUE,"reported","lrTLDU","textfile"
"rs4703415",5,35588987,"T","C",0.77476,0.165055,0.0306232,0.107016,"outcome",TRUE,"reported","lrTLDU","textfile"
"rs7115681",11,42437723,"T","C",0.536006,0.363467,0.0508898,0.0822312,"outcome",TRUE,"reported","lrTLDU","textfile"
"rs7672265",4,82633669,"T","G",0.76996,0.231992,-0.0274157,0.0937522,"outcome",TRUE,"reported","lrTLDU","textfile"
"rs9600082",13,73169762,"A","C",0.710133,0.168709,-0.0395796,0.106489,"outcome",TRUE,"reported","lrTLDU","textfile"
