"SNP","chr.outcome","pos.outcome","effect_allele.outcome","other_allele.outcome","pval.outcome","eaf.outcome","beta.outcome","se.outcome","outcome","mr_keep.outcome","pval_origin.outcome","id.outcome","data_source.outcome"
"rs12049480",1,219792880,"T","G",0.349647,0.744889,-0.0847103,0.0905727,"outcome",TRUE,"reported","HAO4Ck","textfile"
"rs12431841",14,39667112,"T","C",0.175987,0.0197438,0.39112,0.28903,"outcome",TRUE,"reported","HAO4Ck","textfile"
"rs1415540",1,47516970,"G","C",0.739687,0.781727,0.0317355,0.095512,"outcome",TRUE,"reported","HAO4Ck","textfile"
"rs3949795",14,103163199,"G","A",0.752336,0.579306,0.0252812,0.080115,"outcome",TRUE,"reported","HAO4Ck","textfile"
"rs4737772",8,66280163,"A","C",0.309082,0.00426313,-0.640565,0.629765,"outcome",TRUE,"reported","HAO4Ck","textfile"
"rs677302",9,9597252,"T","C",0.150783,0.482958,0.113712,0.0791445,"outcome",TRUE,"reported","HAO4Ck","textfile"
"rs6915542",6,19547603,"C","T",0.982425,0.181863,-0.00227323,0.103195,"outcome",TRUE,"reported","HAO4Ck","textfile"
"rs6969207",7,27663137,"A","G",0.00346027,0.214944,-0.287015,0.0981722,"outcome",TRUE,"reported","HAO4Ck","textfile"
"rs6981309",8,134355620,"A","G",0.390345,0.758137,-0.0792141,0.0922175,"outcome",TRUE,"reported","HAO4Ck","textfile"
"rs9513567",13,99146387,"G","C",0.0302545,0.648586,-0.179279,0.0827415,"outcome",TRUE,"reported","HAO4Ck","textfile"
"rs9992384",4,14809636,"T","G",0.883141,0.214502,-0.0142078,0.0966592,"outcome",TRUE,"reported","HAO4Ck","textfile"
