"SNP","chr.outcome","pos.outcome","effect_allele.outcome","other_allele.outcome","pval.outcome","eaf.outcome","beta.outcome","se.outcome","outcome","mr_keep.outcome","pval_origin.outcome","id.outcome","data_source.outcome"
"rs10211153",2,76588048,"G","T",0.531424,0.578083,0.0500417,0.07996,"outcome",TRUE,"reported","QVTF0i","textfile"
"rs11150996",18,77051161,"T","C",0.0688098,0.602448,0.147245,0.0809183,"outcome",TRUE,"reported","QVTF0i","textfile"
"rs12071803",1,96569918,"A","G",0.825711,0.414601,0.0176762,0.0802715,"outcome",TRUE,"reported","QVTF0i","textfile"
"rs12352994",9,11019846,"C","T",0.200619,0.249461,-0.116809,0.0912719,"outcome",TRUE,"reported","QVTF0i","textfile"
"rs13390982",2,18891079,"C","T",0.196611,0.0731522,-0.195938,0.151741,"outcome",TRUE,"reported","QVTF0i","textfile"
"rs16865980",2,7164525,"A","G",0.916279,0.165435,0.011181,0.106362,"outcome",TRUE,"reported","QVTF0i","textfile"
"rs1853936",6,76018329,"T","C",0.428331,0.177975,0.0812293,0.102556,"outcome",TRUE,"reported","QVTF0i","textfile"
"rs1991108",2,220038994,"C","T",0.249622,0.890398,-0.147017,0.1277,"outcome",TRUE,"reported","QVTF0i","textfile"
"rs2062541",16,16033378,"A","G",0.657069,0.546031,-0.0351052,0.0790724,"outcome",TRUE,"reported","QVTF0i","textfile"
"rs2326537",20,4582387,"T","A",0.634546,0.982315,0.141847,0.298412,"outcome",TRUE,"reported","QVTF0i","textfile"
"rs2378668",9,84582310,"A","C",0.234332,0.294375,0.103381,0.0869274,"outcome",TRUE,"reported","QVTF0i","textfile"
"rs274567",5,132378717,"T","C",0.757059,0.491873,0.0244634,0.0790814,"outcome",TRUE,"reported","QVTF0i","textfile"
"rs3752192",19,14840793,"A","G",0.319124,0.55915,-0.0797198,0.0800189,"outcome",TRUE,"reported","QVTF0i","textfile"
"rs4536931",4,105672729,"G","C",0.292857,0.978061,0.286417,0.272292,"outcome",TRUE,"reported","QVTF0i","textfile"
"rs6107820",20,6506001,"G","A",0.992203,0.490158,0.000772755,0.0790717,"outcome",TRUE,"reported","QVTF0i","textfile"
"rs6817210",4,69138720,"C","A",0.866589,0.578188,0.0134353,0.079976,"outcome",TRUE,"reported","QVTF0i","textfile"
"rs6973126",7,95501905,"T","C",0.793118,0.493568,0.0207586,0.0791517,"outcome",TRUE,"reported","QVTF0i","textfile"
"rs7942744",11,6722659,"T","C",0.79544,0.620393,0.0211684,0.0816512,"outcome",TRUE,"reported","QVTF0i","textfile"
"rs9392556",6,4145964,"C","T",0.753057,0.276367,-0.0279436,0.0888196,"outcome",TRUE,"reported","QVTF0i","textfile"
"rs9588850",13,90065380,"A","G",0.0372263,0.222846,0.199233,0.0956345,"outcome",TRUE,"reported","QVTF0i","textfile"
"rs9871214",3,187397896,"T","G",0.416413,0.144658,-0.0911163,0.112121,"outcome",TRUE,"reported","QVTF0i","textfile"
