"SNP","chr.outcome","pos.outcome","effect_allele.outcome","other_allele.outcome","pval.outcome","eaf.outcome","beta.outcome","se.outcome","outcome","mr_keep.outcome","pval_origin.outcome","id.outcome","data_source.outcome"
"rs11150072",16,78385625,"A","G",0.687518,0.624497,-0.0328128,0.0815781,"outcome",TRUE,"reported","yWtY3G","textfile"
"rs12260890",10,52129649,"C","T",0.592438,0.08478,-0.0758281,0.141654,"outcome",TRUE,"reported","yWtY3G","textfile"
"rs12895662",14,32739511,"C","T",0.793473,0.355139,-0.0216761,0.082795,"outcome",TRUE,"reported","yWtY3G","textfile"
"rs17624641",5,144582635,"C","G",0.788733,0.20196,-0.0265288,0.0990043,"outcome",TRUE,"reported","yWtY3G","textfile"
"rs2688",17,37686928,"G","T",0.233893,0.410169,-0.095969,0.0806198,"outcome",TRUE,"reported","yWtY3G","textfile"
"rs4340260",14,96081204,"C","T",0.556062,0.584627,-0.0472591,0.080277,"outcome",TRUE,"reported","yWtY3G","textfile"
"rs4758441",11,6605445,"A","G",0.62007,0.253126,0.0450044,0.0907802,"outcome",TRUE,"reported","yWtY3G","textfile"
"rs5760492",22,24599235,"A","G",0.44662,0.329486,-0.063832,0.0838722,"outcome",TRUE,"reported","yWtY3G","textfile"
"rs7218918",17,79104639,"A","G",0.743021,0.36921,0.0269062,0.0820672,"outcome",TRUE,"reported","yWtY3G","textfile"
