"SNP","chr.outcome","pos.outcome","effect_allele.outcome","other_allele.outcome","pval.outcome","eaf.outcome","beta.outcome","se.outcome","outcome","mr_keep.outcome","pval_origin.outcome","id.outcome","data_source.outcome"
"rs1095462",2,183892575,"T","C",0.727719,0.344224,-0.0291518,0.0837306,"outcome",TRUE,"reported","GTiwpC","textfile"
"rs10963693",9,18637771,"G","C",0.524719,0.381202,0.0519882,0.0817313,"outcome",TRUE,"reported","GTiwpC","textfile"
"rs1136613",17,47658609,"A","G",0.939651,0.00296549,0.0552113,0.729264,"outcome",TRUE,"reported","GTiwpC","textfile"
"rs11920551",3,57094183,"A","G",0.209061,0.210086,-0.122121,0.0972185,"outcome",TRUE,"reported","GTiwpC","textfile"
"rs12703821",7,146545254,"A","T",0.750214,0.614871,0.0259287,0.0814452,"outcome",TRUE,"reported","GTiwpC","textfile"
"rs177387",14,73262249,"A","G",0.177599,0.570018,-0.108134,0.0802072,"outcome",TRUE,"reported","GTiwpC","textfile"
"rs1812081",2,133522266,"T","G",0.78473,0.447716,0.0217093,0.0794744,"outcome",TRUE,"reported","GTiwpC","textfile"
"rs1896198",8,18964739,"A","G",0.396503,0.473033,-0.0671223,0.0791645,"outcome",TRUE,"reported","GTiwpC","textfile"
"rs1930131",9,98627126,"T","C",0.669484,0.814764,0.0434543,0.101801,"outcome",TRUE,"reported","GTiwpC","textfile"
"rs1957252",14,43764822,"C","G",0.302921,0.120859,-0.124589,0.120938,"outcome",TRUE,"reported","GTiwpC","textfile"
"rs270771",19,54708842,"T","C",0.651255,0.0406015,-0.0903078,0.199787,"outcome",TRUE,"reported","GTiwpC","textfile"
"rs3108879",8,109734881,"C","T",0.231579,0.414189,0.0963324,0.0805252,"outcome",TRUE,"reported","GTiwpC","textfile"
"rs4839333",1,113676539,"T","A",0.94193,0.0962323,0.00987404,0.135549,"outcome",TRUE,"reported","GTiwpC","textfile"
"rs645288",9,2547822,"C","G",0.386903,0.305049,0.0741903,0.0857445,"outcome",TRUE,"reported","GTiwpC","textfile"
"rs737842",22,22162812,"G","A",0.837654,0.414772,-0.0164891,0.0804755,"outcome",TRUE,"reported","GTiwpC","textfile"
"rs748651",4,1017327,"C","T",0.111105,0.483237,0.127036,0.0797341,"outcome",TRUE,"reported","GTiwpC","textfile"
"rs9479367",6,152651995,"A","G",0.680545,0.412139,0.0329314,0.0799852,"outcome",TRUE,"reported","GTiwpC","textfile"
"rs9528023",13,59652857,"T","C",0.892249,0.1916,-0.0135537,0.100057,"outcome",TRUE,"reported","GTiwpC","textfile"
"rs9594738",13,42378009,"T","C",0.116995,0.530205,0.124875,0.0796648,"outcome",TRUE,"reported","GTiwpC","textfile"
