"SNP","chr.outcome","pos.outcome","effect_allele.outcome","other_allele.outcome","pval.outcome","eaf.outcome","beta.outcome","se.outcome","outcome","mr_keep.outcome","pval_origin.outcome","id.outcome","data_source.outcome"
"rs12160763",22,31398768,"G","A",0.490206,0.0400233,-0.139892,0.202749,"outcome",TRUE,"reported","kU2HYz","textfile"
"rs12317268",12,21199607,"G","A",0.265713,0.280142,0.0982437,0.0882702,"outcome",TRUE,"reported","kU2HYz","textfile"
"rs13276952",8,1389683,"A","C",0.656024,0.281085,0.0391132,0.0878142,"outcome",TRUE,"reported","kU2HYz","textfile"
"rs296381",19,47867845,"T","C",0.144974,0.848886,-0.162185,0.111275,"outcome",TRUE,"reported","kU2HYz","textfile"
"rs4084390",11,84519163,"C","G",0.104291,0.163396,-0.174232,0.107259,"outcome",TRUE,"reported","kU2HYz","textfile"
"rs4149002",12,21291949,"A","G",0.405459,0.185839,0.0841469,0.101149,"outcome",TRUE,"reported","kU2HYz","textfile"
"rs8063217",16,20411047,"T","C",0.408878,0.0964006,-0.111229,0.134681,"outcome",TRUE,"reported","kU2HYz","textfile"
