"SNP","chr.outcome","pos.outcome","effect_allele.outcome","other_allele.outcome","pval.outcome","eaf.outcome","beta.outcome","se.outcome","outcome","mr_keep.outcome","pval_origin.outcome","id.outcome","data_source.outcome"
"rs10044369",5,52875801,"C","T",0.736692,0.188882,-0.0339765,0.101049,"outcome",TRUE,"reported","hxGJI4","textfile"
"rs1010377",20,42067587,"C","T",0.357363,0.765918,0.086008,0.0934462,"outcome",TRUE,"reported","hxGJI4","textfile"
"rs10468017",15,58386313,"T","C",0.683531,0.331262,-0.0341911,0.0838739,"outcome",TRUE,"reported","hxGJI4","textfile"
"rs11081670",18,78948276,"C","T",0.208716,0.670052,-0.105649,0.0840412,"outcome",TRUE,"reported","hxGJI4","textfile"
"rs1161762",6,1167333,"T","C",0.656529,0.752429,0.040782,0.0917049,"outcome",TRUE,"reported","hxGJI4","textfile"
"rs17031728",4,154491429,"G","C",0.780491,0.232652,-0.0261707,0.0939102,"outcome",TRUE,"reported","hxGJI4","textfile"
"rs17152841",8,11085419,"C","T",0.45534,0.237728,0.0693841,0.0929408,"outcome",TRUE,"reported","hxGJI4","textfile"
"rs174578",11,61838027,"A","T",0.151348,0.415032,-0.114722,0.0799576,"outcome",TRUE,"reported","hxGJI4","textfile"
"rs1984049",9,12916711,"C","A",0.301674,0.19086,-0.104381,0.101061,"outcome",TRUE,"reported","hxGJI4","textfile"
"rs2033371",10,69452554,"A","G",0.787838,0.215589,-0.0258661,0.0961137,"outcome",TRUE,"reported","hxGJI4","textfile"
"rs2072583",3,8733771,"A","G",0.835106,0.21703,-0.0201085,0.0966025,"outcome",TRUE,"reported","hxGJI4","textfile"
"rs2504453",1,107682452,"A","T",0.455288,0.899112,0.0988205,0.132356,"outcome",TRUE,"reported","hxGJI4","textfile"
"rs35544",5,107766458,"A","G",0.924543,0.803091,0.00943223,0.0995877,"outcome",TRUE,"reported","hxGJI4","textfile"
"rs39741",7,82259893,"A","G",0.22645,0.0428003,0.234124,0.193562,"outcome",TRUE,"reported","hxGJI4","textfile"
"rs4149056",12,21178615,"C","T",0.328039,0.201348,0.0965769,0.0987423,"outcome",TRUE,"reported","hxGJI4","textfile"
"rs4257232",16,76446030,"A","G",0.247257,0.519465,-0.091925,0.0794487,"outcome",TRUE,"reported","hxGJI4","textfile"
"rs4530945",7,42516720,"T","C",0.773877,0.763864,-0.0268077,0.0933066,"outcome",TRUE,"reported","hxGJI4","textfile"
"rs4689611",4,7145325,"G","C",0.425315,0.64915,0.0662796,0.0831369,"outcome",TRUE,"reported","hxGJI4","textfile"
"rs6722402",2,223575975,"G","T",0.936938,0.204918,-0.00774189,0.0978511,"outcome",TRUE,"reported","hxGJI4","textfile"
"rs7307046",12,47784411,"G","A",0.110743,0.632571,-0.130936,0.0820987,"outcome",TRUE,"reported","hxGJI4","textfile"
"rs7599943",2,240802560,"T","C",0.166049,0.399101,-0.112082,0.0809251,"outcome",TRUE,"reported","hxGJI4","textfile"
"rs9624896",22,25777217,"T","C",0.021723,0.391216,0.186403,0.0812154,"outcome",TRUE,"reported","hxGJI4","textfile"
