"SNP","chr.outcome","pos.outcome","effect_allele.outcome","other_allele.outcome","pval.outcome","eaf.outcome","beta.outcome","se.outcome","outcome","mr_keep.outcome","pval_origin.outcome","id.outcome","data_source.outcome"
"rs10031835",4,135166429,"C","T",0.620217,0.392412,-0.0401515,0.0810253,"outcome",TRUE,"reported","ljJJp1","textfile"
"rs12680735",8,76696744,"G","A",0.41305,0.0355679,-0.174878,0.213648,"outcome",TRUE,"reported","ljJJp1","textfile"
"rs17826943",14,94708690,"G","A",0.0148957,0.0186682,0.579141,0.23785,"outcome",TRUE,"reported","ljJJp1","textfile"
"rs2025277",10,10197180,"G","A",0.627402,0.760764,-0.0449647,0.092637,"outcome",TRUE,"reported","ljJJp1","textfile"
"rs2073123",20,20050226,"C","T",0.0186037,0.544517,0.187502,0.0796734,"outcome",TRUE,"reported","ljJJp1","textfile"
"rs2217851",4,174071697,"A","G",0.880101,0.568779,0.0120617,0.0799626,"outcome",TRUE,"reported","ljJJp1","textfile"
"rs3127434",6,166133296,"G","A",0.723354,0.394741,-0.0286459,0.0809255,"outcome",TRUE,"reported","ljJJp1","textfile"
"rs3911458",5,83560513,"G","C",0.46471,0.00998563,0.295515,0.404199,"outcome",TRUE,"reported","ljJJp1","textfile"
"rs4628823",13,93767583,"T","C",0.319883,0.95387,0.189858,0.19087,"outcome",TRUE,"reported","ljJJp1","textfile"
"rs4797105",18,3370564,"G","C",0.303814,0.220986,-0.0976843,0.094997,"outcome",TRUE,"reported","ljJJp1","textfile"
"rs4938200",11,115347958,"T","C",0.0696883,0.445935,-0.143807,0.0792792,"outcome",TRUE,"reported","ljJJp1","textfile"
"rs551938",9,125660749,"G","A",0.645581,0.676291,-0.0389388,0.0846664,"outcome",TRUE,"reported","ljJJp1","textfile"
"rs629187",3,105546273,"G","A",0.0198852,0.104102,-0.301917,0.129661,"outcome",TRUE,"reported","ljJJp1","textfile"
"rs6429216",1,240651051,"G","A",0.825484,0.452805,-0.0175157,0.0794371,"outcome",TRUE,"reported","ljJJp1","textfile"
"rs6972443",7,96823773,"C","G",0.662854,0.857873,0.0494451,0.113412,"outcome",TRUE,"reported","ljJJp1","textfile"
"rs879092",1,4760906,"T","A",0.215881,0.101348,0.163208,0.13188,"outcome",TRUE,"reported","ljJJp1","textfile"
"rs929005",4,3707900,"T","A",0.289866,0.850646,-0.117941,0.111432,"outcome",TRUE,"reported","ljJJp1","textfile"
"rs973579",19,48738719,"G","A",0.477496,0.41486,-0.0570283,0.0802837,"outcome",TRUE,"reported","ljJJp1","textfile"
