"SNP","chr.outcome","pos.outcome","effect_allele.outcome","other_allele.outcome","pval.outcome","eaf.outcome","beta.outcome","se.outcome","outcome","mr_keep.outcome","pval_origin.outcome","id.outcome","data_source.outcome"
"rs11758894",6,39871291,"T","C",0.331143,0.0132322,0.330698,0.340289,"outcome",TRUE,"reported","bC3PWD","textfile"
"rs12566232",1,151867362,"C","A",0.818755,0.251979,-0.0208526,0.091001,"outcome",TRUE,"reported","bC3PWD","textfile"
"rs1693551",8,100663356,"C","T",0.95507,0.429237,0.004487,0.0796389,"outcome",TRUE,"reported","bC3PWD","textfile"
"rs17743577",14,47414739,"C","T",0.72572,0.219354,0.0335784,0.0957125,"outcome",TRUE,"reported","bC3PWD","textfile"
"rs17865343",4,117351922,"A","G",0.983462,0.120855,0.00252033,0.121584,"outcome",TRUE,"reported","bC3PWD","textfile"
"rs1947110",2,46839143,"G","A",0.622097,0.76998,0.0462901,0.0939173,"outcome",TRUE,"reported","bC3PWD","textfile"
"rs2048073",4,177349762,"G","A",0.821727,0.772807,-0.0212771,0.0944291,"outcome",TRUE,"reported","bC3PWD","textfile"
"rs2493599",9,79204474,"C","T",0.939755,0.470726,0.00598365,0.0791718,"outcome",TRUE,"reported","bC3PWD","textfile"
"rs3738934",2,210009522,"C","T",0.894541,0.395581,0.0107589,0.0811627,"outcome",TRUE,"reported","bC3PWD","textfile"
"rs3742758",14,76203693,"A","G",0.511144,0.0389725,-0.135845,0.206747,"outcome",TRUE,"reported","bC3PWD","textfile"
"rs4687148",3,190546481,"G","T",0.126546,0.143525,-0.17546,0.11484,"outcome",TRUE,"reported","bC3PWD","textfile"
"rs7740539",6,106383791,"C","T",0.843575,0.344856,0.0163736,0.0829788,"outcome",TRUE,"reported","bC3PWD","textfile"
"rs7741438",6,5722885,"G","A",0.010983,0.518625,0.196074,0.077096,"outcome",TRUE,"reported","bC3PWD","textfile"
