"SNP","chr.outcome","pos.outcome","effect_allele.outcome","other_allele.outcome","pval.outcome","eaf.outcome","beta.outcome","se.outcome","outcome","mr_keep.outcome","pval_origin.outcome","id.outcome","data_source.outcome"
"rs10069896",5,130574672,"A","C",0.307302,0.235946,0.0950299,0.0930845,"outcome",TRUE,"reported","IjfQse","textfile"
"rs10519864",15,33724853,"G","A",0.278819,0.740763,0.0977867,0.0902945,"outcome",TRUE,"reported","IjfQse","textfile"
"rs10852002",15,29746460,"T","C",0.949189,0.0909684,-0.0088573,0.138992,"outcome",TRUE,"reported","IjfQse","textfile"
"rs10892306",11,118880617,"T","A",0.227376,0.958926,-0.238582,0.197642,"outcome",TRUE,"reported","IjfQse","textfile"
"rs11184821",1,106235693,"A","G",0.441296,0.0158059,0.23977,0.311387,"outcome",TRUE,"reported","IjfQse","textfile"
"rs11979077",7,156956342,"G","A",0.151559,0.273065,-0.127048,0.0885939,"outcome",TRUE,"reported","IjfQse","textfile"
"rs1229658",7,26395777,"A","G",0.634688,0.336515,0.0398136,0.0837935,"outcome",TRUE,"reported","IjfQse","textfile"
"rs12403949",1,215903817,"A","C",0.909638,0.052006,-0.0201509,0.177548,"outcome",TRUE,"reported","IjfQse","textfile"
"rs13188321",5,112578409,"T","C",0.0516143,0.192843,-0.194384,0.099872,"outcome",TRUE,"reported","IjfQse","textfile"
"rs1331927",13,83744314,"G","C",0.834328,0.155727,-0.0227604,0.108821,"outcome",TRUE,"reported","IjfQse","textfile"
"rs1462120",5,153209119,"T","C",0.177859,0.0415993,-0.267016,0.198175,"outcome",TRUE,"reported","IjfQse","textfile"
"rs17625634",1,177660588,"T","C",0.115172,0.172746,0.165708,0.105187,"outcome",TRUE,"reported","IjfQse","textfile"
"rs17764539",16,49007084,"A","G",0.138668,0.272493,-0.13182,0.0890215,"outcome",TRUE,"reported","IjfQse","textfile"
"rs1883261",6,25601137,"A","G",0.502897,0.445654,0.0536396,0.0800665,"outcome",TRUE,"reported","IjfQse","textfile"
"rs197926",17,46934721,"G","A",0.462329,0.491456,0.0580487,0.078976,"outcome",TRUE,"reported","IjfQse","textfile"
"rs1994003",10,44681497,"A","C",0.18919,0.130143,-0.154796,0.117897,"outcome",TRUE,"reported","IjfQse","textfile"
"rs2011637",12,47355166,"C","A",0.892639,0.284206,0.0118297,0.0876496,"outcome",TRUE,"reported","IjfQse","textfile"
"rs2078875",15,91248409,"T","C",0.280787,0.19149,0.108851,0.100923,"outcome",TRUE,"reported","IjfQse","textfile"
"rs2267292",22,33815011,"T","C",0.0508745,0.349901,-0.161935,0.0829356,"outcome",TRUE,"reported","IjfQse","textfile"
"rs2395911",7,107683668,"T","G",0.820132,0.688638,0.0194879,0.0857084,"outcome",TRUE,"reported","IjfQse","textfile"
"rs26764",16,23700604,"G","C",0.344114,0.306217,0.081636,0.0862897,"outcome",TRUE,"reported","IjfQse","textfile"
"rs2727985",3,1075534,"C","G",0.412944,0.688658,0.0699421,0.0854283,"outcome",TRUE,"reported","IjfQse","textfile"
"rs2834543",21,34563073,"C","T",0.858152,0.195299,0.0178935,0.100117,"outcome",TRUE,"reported","IjfQse","textfile"
"rs3770124",2,181479197,"C","T",0.109159,0.154074,-0.176718,0.110312,"outcome",TRUE,"reported","IjfQse","textfile"
"rs4690150",4,80290416,"C","G",0.0476749,0.781428,0.19008,0.0959873,"outcome",TRUE,"reported","IjfQse","textfile"
"rs4766517",12,110921908,"C","G",0.674871,0.618803,-0.034433,0.0820867,"outcome",TRUE,"reported","IjfQse","textfile"
"rs484080",6,103206443,"C","T",0.857935,0.950704,0.0325391,0.181779,"outcome",TRUE,"reported","IjfQse","textfile"
"rs4886189",13,59655216,"G","A",0.914934,0.580366,0.00858975,0.0804153,"outcome",TRUE,"reported","IjfQse","textfile"
"rs6559771",9,84177646,"G","C",0.284546,0.222161,-0.101954,0.0952699,"outcome",TRUE,"reported","IjfQse","textfile"
"rs6784156",3,121319958,"C","G",0.480096,0.736222,0.0629072,0.089085,"outcome",TRUE,"reported","IjfQse","textfile"
"rs708496",14,52305977,"T","C",0.263602,0.530474,-0.0890487,0.0796559,"outcome",TRUE,"reported","IjfQse","textfile"
"rs7153218",14,95433810,"A","G",0.861119,0.255644,0.0158764,0.0907484,"outcome",TRUE,"reported","IjfQse","textfile"
"rs7508059",19,21655549,"G","A",0.456898,0.860004,0.084411,0.113461,"outcome",TRUE,"reported","IjfQse","textfile"
"rs7670227",4,44902236,"C","A",0.712902,0.710198,0.0320577,0.0871223,"outcome",TRUE,"reported","IjfQse","textfile"
"rs7815445",8,34494831,"G","A",0.136885,0.0531397,0.261456,0.175769,"outcome",TRUE,"reported","IjfQse","textfile"
"rs795213",6,4359471,"A","G",0.518653,0.345924,0.0536124,0.0830656,"outcome",TRUE,"reported","IjfQse","textfile"
"rs8069296",17,44857691,"C","T",0.495716,0.223278,0.0650471,0.0954827,"outcome",TRUE,"reported","IjfQse","textfile"
"rs8107162",19,33253966,"A","T",0.339308,0.475886,-0.0760621,0.0796018,"outcome",TRUE,"reported","IjfQse","textfile"
"rs852030",20,17103462,"G","A",0.806946,0.833968,0.0260226,0.106489,"outcome",TRUE,"reported","IjfQse","textfile"
"rs9351602",6,66845333,"T","C",0.248225,0.257458,-0.104754,0.0907222,"outcome",TRUE,"reported","IjfQse","textfile"
"rs9395466",6,49209819,"A","G",0.0555853,0.23874,0.177729,0.092844,"outcome",TRUE,"reported","IjfQse","textfile"
