"SNP","chr.outcome","pos.outcome","effect_allele.outcome","other_allele.outcome","pval.outcome","eaf.outcome","beta.outcome","se.outcome","outcome","mr_keep.outcome","pval_origin.outcome","id.outcome","data_source.outcome"
"rs10463157",5,165626680,"T","C",0.150227,0.277322,-0.127925,0.0889153,"outcome",TRUE,"reported","BxwoCs","textfile"
"rs11671900",19,4246696,"C","A",0.658273,0.272063,-0.0394336,0.0891561,"outcome",TRUE,"reported","BxwoCs","textfile"
"rs1431465",9,101142294,"G","A",0.977515,0.577322,0.00225358,0.0799569,"outcome",TRUE,"reported","BxwoCs","textfile"
"rs1667944",18,77159467,"G","A",0.49589,0.546822,0.0547267,0.0803657,"outcome",TRUE,"reported","BxwoCs","textfile"
"rs16962845",16,60994769,"C","T",0.885266,0.0954169,-0.0192639,0.133502,"outcome",TRUE,"reported","BxwoCs","textfile"
"rs17032984",3,10487385,"T","G",0.557811,0.077493,0.0880679,0.150262,"outcome",TRUE,"reported","BxwoCs","textfile"
"rs2076060",6,106096070,"C","G",0.693375,0.3166,0.033515,0.085003,"outcome",TRUE,"reported","BxwoCs","textfile"
"rs2121073",14,76199397,"T","C",0.240098,0.0762669,-0.173103,0.147354,"outcome",TRUE,"reported","BxwoCs","textfile"
"rs2490288",10,99453496,"C","T",0.202119,0.750324,-0.117472,0.0920961,"outcome",TRUE,"reported","BxwoCs","textfile"
"rs476092",11,128249369,"A","C",0.0294978,0.346871,0.182062,0.0836387,"outcome",TRUE,"reported","BxwoCs","textfile"
"rs7277840",21,38993578,"G","A",0.905522,0.451418,-0.00943924,0.0795295,"outcome",TRUE,"reported","BxwoCs","textfile"
"rs7733625",5,81086987,"T","G",0.273955,0.204089,0.107952,0.0986765,"outcome",TRUE,"reported","BxwoCs","textfile"
"rs9857115",3,190498702,"A","C",0.432878,0.394515,0.0636402,0.0811452,"outcome",TRUE,"reported","BxwoCs","textfile"
