"SNP","chr.outcome","pos.outcome","effect_allele.outcome","other_allele.outcome","pval.outcome","eaf.outcome","beta.outcome","se.outcome","outcome","mr_keep.outcome","pval_origin.outcome","id.outcome","data_source.outcome"
"rs1058337",5,434906,"G","T",0.169004,0.189922,-0.138439,0.100653,"outcome",TRUE,"reported","xuAmq9","textfile"
"rs11152132",18,59182197,"G","A",0.155446,0.114751,-0.175904,0.123828,"outcome",TRUE,"reported","xuAmq9","textfile"
"rs11712564",3,15106482,"T","C",0.668241,0.22119,0.0408054,0.0952141,"outcome",TRUE,"reported","xuAmq9","textfile"
"rs13168489",5,85557133,"T","C",0.147308,0.182005,-0.148176,0.102253,"outcome",TRUE,"reported","xuAmq9","textfile"
"rs1397182",1,217813619,"A","G",0.409158,0.108969,0.104982,0.127193,"outcome",TRUE,"reported","xuAmq9","textfile"
"rs17156176",7,108773432,"C","T",0.733863,0.134039,0.039758,0.116939,"outcome",TRUE,"reported","xuAmq9","textfile"
"rs17160851",7,32064020,"G","T",0.00678313,0.0490205,0.420202,0.15521,"outcome",TRUE,"reported","xuAmq9","textfile"
"rs17300762",21,46474811,"G","A",0.0979693,0.0851117,0.234107,0.141473,"outcome",TRUE,"reported","xuAmq9","textfile"
"rs174450",11,61874070,"T","G",0.793431,0.550106,0.0208115,0.079476,"outcome",TRUE,"reported","xuAmq9","textfile"
"rs17700084",18,46683274,"T","C",0.49973,0.228672,-0.0638699,0.0946338,"outcome",TRUE,"reported","xuAmq9","textfile"
"rs2073234",20,12910929,"G","A",0.384224,0.380849,0.0715228,0.0821967,"outcome",TRUE,"reported","xuAmq9","textfile"
"rs2627272",8,2897548,"C","T",0.533663,0.0982536,-0.0831126,0.13353,"outcome",TRUE,"reported","xuAmq9","textfile"
"rs416324",8,89803007,"A","G",0.64619,0.612086,0.0372217,0.081082,"outcome",TRUE,"reported","xuAmq9","textfile"
"rs4270639",4,6390008,"G","A",0.235555,0.317382,-0.100472,0.0847029,"outcome",TRUE,"reported","xuAmq9","textfile"
"rs6813055",4,87708879,"T","A",0.163955,0.555149,0.110594,0.0794561,"outcome",TRUE,"reported","xuAmq9","textfile"
"rs7588373",2,133068785,"C","A",0.501553,0.278817,-0.0593251,0.0882751,"outcome",TRUE,"reported","xuAmq9","textfile"
"rs8008572",14,75885497,"T","C",0.374517,0.84183,-0.0961541,0.108276,"outcome",TRUE,"reported","xuAmq9","textfile"
"rs847391",7,16931051,"G","A",0.879133,0.0888357,0.0212197,0.139541,"outcome",TRUE,"reported","xuAmq9","textfile"
"rs9405761",6,4686814,"T","A",0.846931,0.181926,-0.019928,0.103235,"outcome",TRUE,"reported","xuAmq9","textfile"
"rs9788021",12,77632112,"A","T",0.292442,0.146845,-0.118728,0.112776,"outcome",TRUE,"reported","xuAmq9","textfile"
