"SNP","chr.outcome","pos.outcome","effect_allele.outcome","other_allele.outcome","pval.outcome","eaf.outcome","beta.outcome","se.outcome","outcome","mr_keep.outcome","pval_origin.outcome","id.outcome","data_source.outcome"
"rs10019315",4,145672910,"C","T",0.434664,0.450452,0.0622011,0.079619,"outcome",TRUE,"reported","GzbhPh","textfile"
"rs11078257",17,14561146,"G","A",0.857659,0.695328,-0.0154384,0.0860774,"outcome",TRUE,"reported","GzbhPh","textfile"
"rs11949991",5,25880421,"G","C",0.323072,0.218751,-0.0950629,0.0962015,"outcome",TRUE,"reported","GzbhPh","textfile"
"rs12155847",8,57789970,"T","C",0.337785,0.62571,-0.0788847,0.0822959,"outcome",TRUE,"reported","GzbhPh","textfile"
"rs12726916",1,157431647,"T","G",0.0151349,0.214114,-0.23458,0.0965693,"outcome",TRUE,"reported","GzbhPh","textfile"
"rs17176375",7,38996811,"A","G",0.574591,0.133986,-0.0648681,0.115567,"outcome",TRUE,"reported","GzbhPh","textfile"
"rs1745299",4,73581392,"T","G",0.120211,0.0207937,-0.425557,0.273866,"outcome",TRUE,"reported","GzbhPh","textfile"
"rs1954482",14,62052165,"A","G",0.701008,0.33191,0.0322257,0.08393,"outcome",TRUE,"reported","GzbhPh","textfile"
"rs2236434",21,36804031,"G","C",0.611423,0.307047,0.0437079,0.0860322,"outcome",TRUE,"reported","GzbhPh","textfile"
"rs2479415",1,55033072,"T","C",0.390294,0.612983,-0.0703061,0.0818385,"outcome",TRUE,"reported","GzbhPh","textfile"
"rs329498",2,64100410,"T","G",0.173263,0.288699,-0.119021,0.0874002,"outcome",TRUE,"reported","GzbhPh","textfile"
"rs4507280",3,88136359,"T","A",0.277925,0.8213,0.111515,0.102779,"outcome",TRUE,"reported","GzbhPh","textfile"
"rs485868",11,128242770,"G","A",0.0469083,0.347084,0.165895,0.0834852,"outcome",TRUE,"reported","GzbhPh","textfile"
"rs4905",19,4237070,"G","A",0.841472,0.30765,-0.0171567,0.0857789,"outcome",TRUE,"reported","GzbhPh","textfile"
"rs6817243",4,120070283,"A","G",0.0740508,0.239999,0.165085,0.0924177,"outcome",TRUE,"reported","GzbhPh","textfile"
"rs736396",14,93889115,"T","C",0.385495,0.300648,0.0747843,0.0861753,"outcome",TRUE,"reported","GzbhPh","textfile"
"rs748196",17,17519454,"G","T",0.119273,0.486893,0.123126,0.0790365,"outcome",TRUE,"reported","GzbhPh","textfile"
"rs7767262",6,134658259,"C","T",0.583142,0.0346675,0.118958,0.21676,"outcome",TRUE,"reported","GzbhPh","textfile"
"rs7987737",13,26293177,"C","T",0.863136,0.00430507,0.105284,0.610756,"outcome",TRUE,"reported","GzbhPh","textfile"
"rs9293713",5,77409430,"A","G",0.936331,0.0689108,-0.012464,0.156029,"outcome",TRUE,"reported","GzbhPh","textfile"
