"SNP","chr.outcome","pos.outcome","effect_allele.outcome","other_allele.outcome","pval.outcome","eaf.outcome","beta.outcome","se.outcome","outcome","mr_keep.outcome","pval_origin.outcome","id.outcome","data_source.outcome"
"rs10892968",11,99239958,"G","T",0.258892,0.161918,-0.122101,0.108148,"outcome",TRUE,"reported","kJwndb","textfile"
"rs11049103",12,27709148,"A","G",0.834366,0.148462,-0.023363,0.111728,"outcome",TRUE,"reported","kJwndb","textfile"
"rs11078257",17,14561146,"G","A",0.857659,0.695328,-0.0154384,0.0860774,"outcome",TRUE,"reported","kJwndb","textfile"
"rs11100892",4,145671859,"G","A",0.434561,0.450448,0.0622156,0.0796196,"outcome",TRUE,"reported","kJwndb","textfile"
"rs1263632",2,207069476,"T","C",0.085155,0.481662,0.136356,0.079206,"outcome",TRUE,"reported","kJwndb","textfile"
"rs13149488",4,40448739,"A","G",0.994732,0.498657,0.000524303,0.0794126,"outcome",TRUE,"reported","kJwndb","textfile"
"rs1440201",14,33310747,"C","G",0.901235,0.43755,0.00990333,0.0798002,"outcome",TRUE,"reported","kJwndb","textfile"
"rs17084522",13,69046039,"A","G",0.407911,0.100776,0.108518,0.131128,"outcome",TRUE,"reported","kJwndb","textfile"
"rs17751407",7,3561443,"T","G",0.491559,0.0142044,-0.231383,0.336394,"outcome",TRUE,"reported","kJwndb","textfile"
"rs17832491",14,55874503,"T","C",0.719545,0.0682856,0.056567,0.157539,"outcome",TRUE,"reported","kJwndb","textfile"
"rs2319973",18,58798086,"C","A",0.834244,0.575986,0.0167297,0.0799465,"outcome",TRUE,"reported","kJwndb","textfile"
"rs3808756",9,17613836,"G","A",0.30275,0.351526,0.0855341,0.0829983,"outcome",TRUE,"reported","kJwndb","textfile"
"rs4736583",8,132428897,"A","C",0.608453,0.470637,-0.0405131,0.0790834,"outcome",TRUE,"reported","kJwndb","textfile"
"rs486052",11,84424363,"G","T",0.784121,0.313361,-0.023491,0.085748,"outcome",TRUE,"reported","kJwndb","textfile"
"rs530792",11,120113091,"C","T",0.276561,0.848769,-0.119755,0.110061,"outcome",TRUE,"reported","kJwndb","textfile"
"rs6061764",20,61404298,"G","A",0.474781,0.664636,0.0601021,0.0840915,"outcome",TRUE,"reported","kJwndb","textfile"
"rs9470238",6,36260823,"G","T",0.218541,0.682801,0.105446,0.0856997,"outcome",TRUE,"reported","kJwndb","textfile"
"rs9483731",6,134655349,"T","C",0.600819,0.0348632,0.113146,0.216249,"outcome",TRUE,"reported","kJwndb","textfile"
