"SNP","chr.outcome","pos.outcome","effect_allele.outcome","other_allele.outcome","pval.outcome","eaf.outcome","beta.outcome","se.outcome","outcome","mr_keep.outcome","pval_origin.outcome","id.outcome","data_source.outcome"
"rs10206899",2,73673773,"C","T",0.554891,0.17814,-0.0611242,0.103522,"outcome",TRUE,"reported","nMGhLj","textfile"
"rs10274162",7,144514457,"T","G",0.222278,0.511582,0.09665,0.0791894,"outcome",TRUE,"reported","nMGhLj","textfile"
"rs1151428",13,111449578,"A","G",0.629605,0.155808,0.0527618,0.1094,"outcome",TRUE,"reported","nMGhLj","textfile"
"rs11726946",4,68871318,"G","A",0.426661,0.100071,0.103868,0.130665,"outcome",TRUE,"reported","nMGhLj","textfile"
"rs1188774",10,84547731,"T","C",0.756441,0.066572,-0.0492178,0.158686,"outcome",TRUE,"reported","nMGhLj","textfile"
"rs17022603",4,147100268,"G","A",0.146119,0.0100142,-0.564086,0.388121,"outcome",TRUE,"reported","nMGhLj","textfile"
"rs1981524",5,132420814,"T","C",0.233919,0.216717,-0.113951,0.0957308,"outcome",TRUE,"reported","nMGhLj","textfile"
"rs6981610",8,9072353,"G","A",0.597917,0.252808,-0.0482331,0.0914547,"outcome",TRUE,"reported","nMGhLj","textfile"
