"SNP","chr.outcome","pos.outcome","effect_allele.outcome","other_allele.outcome","pval.outcome","eaf.outcome","beta.outcome","se.outcome","outcome","mr_keep.outcome","pval_origin.outcome","id.outcome","data_source.outcome"
"rs10108139",8,133855383,"C","T",0.149934,0.332379,0.120976,0.0840244,"outcome",TRUE,"reported","6fY3ew","textfile"
"rs10987651",9,127438090,"A","G",0.61333,0.0877932,-0.0710952,0.140692,"outcome",TRUE,"reported","6fY3ew","textfile"
"rs17301396",3,59923947,"T","C",0.745432,0.242906,-0.029972,0.0923159,"outcome",TRUE,"reported","6fY3ew","textfile"
"rs17305086",4,182115761,"T","G",0.485227,0.230236,-0.065888,0.0944064,"outcome",TRUE,"reported","6fY3ew","textfile"
"rs17815776",8,117717781,"C","A",0.146688,0.0188655,0.410957,0.283159,"outcome",TRUE,"reported","6fY3ew","textfile"
"rs6695423",1,75137416,"G","A",0.562919,0.273869,-0.0511467,0.0884108,"outcome",TRUE,"reported","6fY3ew","textfile"
"rs764419",6,154861199,"T","G",0.258248,0.200146,0.111386,0.0985247,"outcome",TRUE,"reported","6fY3ew","textfile"
"rs9885127",5,69026007,"C","T",0.934186,0.0126017,-0.0296414,0.358947,"outcome",TRUE,"reported","6fY3ew","textfile"
