"SNP","chr.outcome","pos.outcome","effect_allele.outcome","other_allele.outcome","pval.outcome","eaf.outcome","beta.outcome","se.outcome","outcome","mr_keep.outcome","pval_origin.outcome","id.outcome","data_source.outcome"
"rs10415849",19,19394278,"T","C",0.422259,0.0921131,0.110052,0.137136,"outcome",TRUE,"reported","i3gT8i","textfile"
"rs10491073",10,64058097,"T","C",0.653677,0.00808834,-0.200526,0.446945,"outcome",TRUE,"reported","i3gT8i","textfile"
"rs12210574",6,102768956,"T","C",0.815604,0.443686,-0.0186226,0.0798558,"outcome",TRUE,"reported","i3gT8i","textfile"
"rs1386540",2,187096269,"C","T",0.172857,0.556017,-0.109058,0.0800084,"outcome",TRUE,"reported","i3gT8i","textfile"
"rs1507362",4,133668925,"T","C",0.127768,0.408141,-0.122644,0.0805301,"outcome",TRUE,"reported","i3gT8i","textfile"
"rs1554690",7,146049240,"C","A",0.215369,0.365894,-0.101898,0.0822466,"outcome",TRUE,"reported","i3gT8i","textfile"
"rs2702042",2,24323673,"T","C",0.187256,0.259846,-0.118978,0.0902212,"outcome",TRUE,"reported","i3gT8i","textfile"
"rs3993153",11,11369038,"G","T",0.799766,0.261646,0.0227911,0.0898526,"outcome",TRUE,"reported","i3gT8i","textfile"
"rs7800039",7,88348490,"G","A",0.550434,0.633274,-0.0489203,0.0819285,"outcome",TRUE,"reported","i3gT8i","textfile"
"rs8083552",18,73686742,"G","A",0.339649,0.695625,0.0821703,0.0860548,"outcome",TRUE,"reported","i3gT8i","textfile"
