"SNP","chr.outcome","pos.outcome","effect_allele.outcome","other_allele.outcome","pval.outcome","eaf.outcome","beta.outcome","se.outcome","outcome","mr_keep.outcome","pval_origin.outcome","id.outcome","data_source.outcome"
"rs1000823",12,3352296,"T","A",0.264506,0.510447,0.0884808,0.0792978,"outcome",TRUE,"reported","gHNCds","textfile"
"rs10025675",4,117875110,"T","G",0.613381,0.208764,0.0490062,0.0969933,"outcome",TRUE,"reported","gHNCds","textfile"
"rs1029481",7,43214960,"A","T",0.458472,0.763136,0.0689243,0.0929695,"outcome",TRUE,"reported","gHNCds","textfile"
"rs11100274",4,160181126,"G","A",0.0687274,0.276161,-0.160892,0.0883924,"outcome",TRUE,"reported","gHNCds","textfile"
"rs11592475",10,12398210,"C","T",0.295112,0.28303,-0.0919852,0.0878583,"outcome",TRUE,"reported","gHNCds","textfile"
"rs12571259",10,79464194,"T","C",0.353152,0.0333181,0.203217,0.218868,"outcome",TRUE,"reported","gHNCds","textfile"
"rs17122683",14,50613704,"A","G",0.148117,0.12814,0.171511,0.118593,"outcome",TRUE,"reported","gHNCds","textfile"
"rs17654276",3,116468943,"G","A",0.469612,0.052405,-0.129299,0.178809,"outcome",TRUE,"reported","gHNCds","textfile"
"rs1798613",12,32124588,"A","G",0.409417,0.271204,0.0735026,0.0891028,"outcome",TRUE,"reported","gHNCds","textfile"
"rs1855534",6,72451691,"T","C",0.68213,0.172434,0.0429709,0.10492,"outcome",TRUE,"reported","gHNCds","textfile"
"rs1978526",2,162967737,"G","T",0.943733,0.0366039,0.0148276,0.210084,"outcome",TRUE,"reported","gHNCds","textfile"
"rs2498680",6,139070354,"A","G",0.480437,0.789127,0.0681631,0.096603,"outcome",TRUE,"reported","gHNCds","textfile"
"rs340310",3,158851931,"A","C",0.951943,0.755335,0.00556016,0.0922588,"outcome",TRUE,"reported","gHNCds","textfile"
"rs4307594",1,107150545,"C","T",0.749169,0.273909,0.0284022,0.0888303,"outcome",TRUE,"reported","gHNCds","textfile"
"rs450852",11,2735084,"A","G",0.757445,0.194806,-0.0308619,0.0999289,"outcome",TRUE,"reported","gHNCds","textfile"
"rs6477329",9,8736878,"A","T",0.554638,0.675341,-0.0497783,0.0842524,"outcome",TRUE,"reported","gHNCds","textfile"
"rs731908",13,102915313,"A","C",0.894265,0.18592,0.0134201,0.100971,"outcome",TRUE,"reported","gHNCds","textfile"
"rs7816986",8,96359070,"G","A",0.955426,0.262541,-0.00503735,0.0901228,"outcome",TRUE,"reported","gHNCds","textfile"
"rs9787087",1,83740577,"A","G",0.158011,0.163617,0.150726,0.106762,"outcome",TRUE,"reported","gHNCds","textfile"
