"SNP","chr.outcome","pos.outcome","effect_allele.outcome","other_allele.outcome","pval.outcome","eaf.outcome","beta.outcome","se.outcome","outcome","mr_keep.outcome","pval_origin.outcome","id.outcome","data_source.outcome"
"rs11210343",1,73755113,"A","G",0.795913,0.438457,0.0205645,0.0795099,"outcome",TRUE,"reported","Jgt7pC","textfile"
"rs11889985",2,170096109,"T","C",0.413449,0.647914,0.0675628,0.0826112,"outcome",TRUE,"reported","Jgt7pC","textfile"
"rs12660977",6,165175137,"T","G",0.82633,0.149983,-0.0245046,0.111684,"outcome",TRUE,"reported","Jgt7pC","textfile"
"rs16982373",21,15357875,"A","G",0.892973,0.0165953,0.0420254,0.312357,"outcome",TRUE,"reported","Jgt7pC","textfile"
"rs4741433",9,1497818,"T","G",0.187915,0.503161,-0.10449,0.079353,"outcome",TRUE,"reported","Jgt7pC","textfile"
"rs623248",18,62485042,"A","G",0.565426,0.896658,-0.0751165,0.130683,"outcome",TRUE,"reported","Jgt7pC","textfile"
"rs645013",4,24059555,"T","C",0.0616694,0.304925,0.159921,0.0855805,"outcome",TRUE,"reported","Jgt7pC","textfile"
"rs6897900",5,38148692,"A","C",0.226752,0.722047,-0.107068,0.0885763,"outcome",TRUE,"reported","Jgt7pC","textfile"
"rs7249061",19,50733577,"T","C",0.388547,0.573258,0.0685496,0.0795004,"outcome",TRUE,"reported","Jgt7pC","textfile"
"rs769805",3,3727777,"T","C",0.357996,0.260006,0.0826814,0.0899503,"outcome",TRUE,"reported","Jgt7pC","textfile"
"rs841225",16,4686315,"T","C",0.734695,0.585551,-0.0273569,0.0807257,"outcome",TRUE,"reported","Jgt7pC","textfile"
"rs9362985",6,92564866,"T","C",0.332841,0.353265,0.0801697,0.0827852,"outcome",TRUE,"reported","Jgt7pC","textfile"
