"SNP","chr.outcome","pos.outcome","effect_allele.outcome","other_allele.outcome","pval.outcome","eaf.outcome","beta.outcome","se.outcome","outcome","mr_keep.outcome","pval_origin.outcome","id.outcome","data_source.outcome"
"rs10514235",18,77198522,"A","G",0.90736,0.0818423,-0.0169203,0.145402,"outcome",TRUE,"reported","lJmfCI","textfile"
"rs10972586",9,3588675,"A","T",0.457422,0.125596,-0.0894507,0.120375,"outcome",TRUE,"reported","lJmfCI","textfile"
"rs11011929",10,17990827,"T","C",0.953597,0.0316247,-0.0130013,0.223429,"outcome",TRUE,"reported","lJmfCI","textfile"
"rs11119746",1,211477693,"G","C",0.496008,0.0859409,-0.096324,0.14149,"outcome",TRUE,"reported","lJmfCI","textfile"
"rs11924406",3,166213434,"C","T",0.154182,0.121708,0.174628,0.122553,"outcome",TRUE,"reported","lJmfCI","textfile"
"rs12436835",14,21184678,"G","A",0.558309,0.461155,0.0465288,0.0794884,"outcome",TRUE,"reported","lJmfCI","textfile"
"rs1561164",3,87076876,"A","G",0.0905128,0.0298937,-0.394496,0.233057,"outcome",TRUE,"reported","lJmfCI","textfile"
"rs17151588",8,10291702,"C","A",0.231412,0.376561,-0.0975101,0.0814805,"outcome",TRUE,"reported","lJmfCI","textfile"
"rs2819083",6,156379682,"A","G",0.880411,0.469986,0.0119696,0.0795591,"outcome",TRUE,"reported","lJmfCI","textfile"
"rs3212446",5,53043284,"C","T",0.833309,0.327702,-0.0177745,0.0844554,"outcome",TRUE,"reported","lJmfCI","textfile"
"rs385748",13,103101556,"T","C",0.665986,0.965308,-0.0936292,0.216903,"outcome",TRUE,"reported","lJmfCI","textfile"
"rs4751073",10,129284556,"C","T",0.0678282,0.0362683,0.387802,0.212362,"outcome",TRUE,"reported","lJmfCI","textfile"
"rs724467",11,123809863,"T","C",0.370911,0.230813,-0.0839574,0.0938315,"outcome",TRUE,"reported","lJmfCI","textfile"
"rs748276",10,69484595,"A","G",0.322274,0.0508775,0.178273,0.180111,"outcome",TRUE,"reported","lJmfCI","textfile"
"rs905176",5,18794939,"G","A",0.280849,0.621596,-0.0882459,0.0818294,"outcome",TRUE,"reported","lJmfCI","textfile"
