"SNP","chr.outcome","pos.outcome","effect_allele.outcome","other_allele.outcome","pval.outcome","eaf.outcome","beta.outcome","se.outcome","outcome","mr_keep.outcome","pval_origin.outcome","id.outcome","data_source.outcome"
"rs10955167",8,98362649,"G","A",0.0134546,0.232519,-0.231997,0.0938689,"outcome",TRUE,"reported","RzGq2N","textfile"
"rs11681627",2,71747683,"T","G",0.945285,0.403542,-0.00553048,0.0805852,"outcome",TRUE,"reported","RzGq2N","textfile"
"rs12154661",7,96409751,"C","T",0.289226,0.303571,-0.0909403,0.0858072,"outcome",TRUE,"reported","RzGq2N","textfile"
"rs12512765",4,113667211,"C","T",0.214773,0.215421,-0.119725,0.0965102,"outcome",TRUE,"reported","RzGq2N","textfile"
"rs12528756",6,130296326,"A","G",0.96196,0.125319,0.0057223,0.119979,"outcome",TRUE,"reported","RzGq2N","textfile"
"rs12613833",2,238840770,"C","T",0.645182,0.267673,-0.0411668,0.0894025,"outcome",TRUE,"reported","RzGq2N","textfile"
"rs1877564",3,39118908,"C","T",0.8144,0.283454,-0.0206043,0.0877698,"outcome",TRUE,"reported","RzGq2N","textfile"
"rs1878022",12,108305255,"T","C",0.81338,0.657224,-0.0198553,0.0841083,"outcome",TRUE,"reported","RzGq2N","textfile"
"rs1943505",11,95479714,"T","C",0.28647,0.123327,0.128926,0.120955,"outcome",TRUE,"reported","RzGq2N","textfile"
"rs1995087",8,20104502,"G","A",0.543419,0.62508,-0.0495693,0.0815752,"outcome",TRUE,"reported","RzGq2N","textfile"
"rs2075158",16,11851374,"C","T",0.770467,0.645499,0.0243187,0.0833507,"outcome",TRUE,"reported","RzGq2N","textfile"
"rs2090103",4,127497215,"G","A",0.446833,0.793481,0.0741838,0.0975196,"outcome",TRUE,"reported","RzGq2N","textfile"
"rs2421332",2,61649830,"C","T",0.407443,0.202921,-0.0816335,0.0985434,"outcome",TRUE,"reported","RzGq2N","textfile"
"rs2835977",21,37809894,"G","A",0.597503,0.765366,-0.0491071,0.0930067,"outcome",TRUE,"reported","RzGq2N","textfile"
"rs2841549",6,13489322,"A","G",0.372978,0.858033,-0.101016,0.113385,"outcome",TRUE,"reported","RzGq2N","textfile"
"rs3786099",17,9961435,"T","C",0.866549,0.220461,0.0160509,0.0955167,"outcome",TRUE,"reported","RzGq2N","textfile"
"rs4269090",3,103274561,"T","C",0.217544,0.205775,0.12041,0.0976498,"outcome",TRUE,"reported","RzGq2N","textfile"
"rs4690099",4,3452727,"T","C",0.54145,0.351216,-0.0506185,0.0828966,"outcome",TRUE,"reported","RzGq2N","textfile"
"rs4898845",14,54664000,"A","G",0.346263,0.0166037,0.301125,0.319713,"outcome",TRUE,"reported","RzGq2N","textfile"
"rs4917204",7,49156099,"A","G",0.204857,0.828296,-0.133312,0.10515,"outcome",TRUE,"reported","RzGq2N","textfile"
"rs572132",15,47876551,"T","A",0.105058,0.0749383,0.240983,0.14868,"outcome",TRUE,"reported","RzGq2N","textfile"
"rs662966",11,83556942,"C","G",0.967398,0.370796,-0.0033481,0.081916,"outcome",TRUE,"reported","RzGq2N","textfile"
"rs6892541",5,170850178,"A","G",0.0462285,0.808537,0.200359,0.100516,"outcome",TRUE,"reported","RzGq2N","textfile"
"rs6963604",7,21129097,"G","A",0.845844,0.802101,-0.0194702,0.100143,"outcome",TRUE,"reported","RzGq2N","textfile"
"rs6998531",8,31380317,"T","C",0.10941,0.230598,0.150877,0.0942483,"outcome",TRUE,"reported","RzGq2N","textfile"
"rs7190694",16,23888924,"C","G",0.266874,0.214804,-0.10731,0.0966508,"outcome",TRUE,"reported","RzGq2N","textfile"
"rs7546483",1,200541628,"G","C",0.54182,0.371734,-0.0500979,0.0821193,"outcome",TRUE,"reported","RzGq2N","textfile"
"rs7551359",1,205379087,"A","C",0.225462,0.678733,-0.102969,0.0849486,"outcome",TRUE,"reported","RzGq2N","textfile"
"rs7674482",4,45865444,"C","T",0.145217,0.319066,0.12428,0.0853202,"outcome",TRUE,"reported","RzGq2N","textfile"
"rs7812354",8,6137844,"G","C",0.724428,0.0773577,-0.0523865,0.148594,"outcome",TRUE,"reported","RzGq2N","textfile"
"rs7988423",13,51883246,"T","C",0.0850041,0.972267,0.411244,0.238768,"outcome",TRUE,"reported","RzGq2N","textfile"
