"SNP","chr.outcome","pos.outcome","effect_allele.outcome","other_allele.outcome","pval.outcome","eaf.outcome","beta.outcome","se.outcome","outcome","mr_keep.outcome","pval_origin.outcome","id.outcome","data_source.outcome"
"rs10155015",3,112999761,"A","G",0.584377,0.275301,-0.0487112,0.089051,"outcome",TRUE,"reported","9qLaTA","textfile"
"rs10778622",12,108326046,"A","C",0.61485,0.422672,0.040296,0.0800856,"outcome",TRUE,"reported","9qLaTA","textfile"
"rs11188904",10,96748525,"G","A",0.167333,0.320421,-0.117575,0.0851484,"outcome",TRUE,"reported","9qLaTA","textfile"
"rs11623995",14,22436733,"G","A",0.679348,0.656359,0.0344574,0.0833606,"outcome",TRUE,"reported","9qLaTA","textfile"
"rs11653272",17,80665960,"G","T",0.119975,0.32009,-0.13199,0.0848876,"outcome",TRUE,"reported","9qLaTA","textfile"
"rs1187601",14,95217555,"C","T",0.915361,0.906798,-0.0144569,0.136029,"outcome",TRUE,"reported","9qLaTA","textfile"
"rs12049798",11,97517680,"A","G",0.626643,0.162044,-0.0520702,0.107039,"outcome",TRUE,"reported","9qLaTA","textfile"
"rs12246027",10,272136,"A","G",0.23208,0.270531,-0.106653,0.0892477,"outcome",TRUE,"reported","9qLaTA","textfile"
"rs12587899",14,87140302,"T","C",0.633946,0.971041,0.111735,0.234648,"outcome",TRUE,"reported","9qLaTA","textfile"
"rs12597210",16,49568529,"C","T",0.0749187,0.286762,0.156173,0.0876899,"outcome",TRUE,"reported","9qLaTA","textfile"
"rs13004622",2,113742554,"A","C",0.107943,0.4483,-0.12831,0.0798191,"outcome",TRUE,"reported","9qLaTA","textfile"
"rs13137632",4,167060895,"C","T",0.281688,0.707757,-0.0936075,0.0869525,"outcome",TRUE,"reported","9qLaTA","textfile"
"rs1398096",3,62675334,"C","T",0.39828,0.172365,0.0882573,0.104484,"outcome",TRUE,"reported","9qLaTA","textfile"
"rs1571011",10,88998030,"C","A",0.177434,0.46648,-0.106702,0.0791149,"outcome",TRUE,"reported","9qLaTA","textfile"
"rs17447104",13,105909749,"T","A",0.365033,0.201438,0.0889328,0.0981798,"outcome",TRUE,"reported","9qLaTA","textfile"
"rs180106",17,69936525,"A","G",0.968734,0.362931,0.00322262,0.0822189,"outcome",TRUE,"reported","9qLaTA","textfile"
"rs1838137",3,157558020,"A","G",0.769274,0.688517,0.0250324,0.0853402,"outcome",TRUE,"reported","9qLaTA","textfile"
"rs1882903",3,60164638,"C","G",0.797027,0.241703,0.0238345,0.0926703,"outcome",TRUE,"reported","9qLaTA","textfile"
"rs2061282",5,59237893,"A","G",0.795147,0.0687409,-0.0403825,0.155537,"outcome",TRUE,"reported","9qLaTA","textfile"
"rs2163788",5,172425378,"C","A",0.985244,0.279065,-0.00162873,0.0880642,"outcome",TRUE,"reported","9qLaTA","textfile"
"rs2174753",13,68789247,"A","T",0.730735,0.451273,0.0274302,0.0797045,"outcome",TRUE,"reported","9qLaTA","textfile"
"rs2460405",2,7009378,"G","A",0.254402,0.638733,0.0937518,0.0822586,"outcome",TRUE,"reported","9qLaTA","textfile"
"rs268290",10,44102837,"A","C",0.100751,0.00797051,0.729139,0.444266,"outcome",TRUE,"reported","9qLaTA","textfile"
"rs4480029",7,152576386,"C","A",0.859791,0.395148,-0.0142965,0.080936,"outcome",TRUE,"reported","9qLaTA","textfile"
"rs4693661",4,83936803,"A","G",0.307205,0.123098,0.122238,0.119711,"outcome",TRUE,"reported","9qLaTA","textfile"
"rs4765845",12,1820792,"A","G",0.758962,0.569697,0.0245852,0.0801229,"outcome",TRUE,"reported","9qLaTA","textfile"
"rs4803892",19,46043765,"C","T",0.517082,0.227241,0.061225,0.0945049,"outcome",TRUE,"reported","9qLaTA","textfile"
"rs4878377",9,28972318,"A","T",0.305222,0.942,0.173589,0.169306,"outcome",TRUE,"reported","9qLaTA","textfile"
"rs565666",5,39936603,"T","C",0.537784,0.278818,0.0541064,0.0878111,"outcome",TRUE,"reported","9qLaTA","textfile"
"rs6054468",20,6693926,"T","G",0.310219,0.104559,0.130588,0.128688,"outcome",TRUE,"reported","9qLaTA","textfile"
"rs622034",10,11143786,"T","C",0.12097,0.180902,-0.159368,0.102771,"outcome",TRUE,"reported","9qLaTA","textfile"
"rs6682959",1,199608829,"A","T",0.371482,0.696549,-0.0769076,0.0860552,"outcome",TRUE,"reported","9qLaTA","textfile"
"rs6712429",2,141317588,"C","T",0.798153,0.708636,-0.022293,0.087171,"outcome",TRUE,"reported","9qLaTA","textfile"
"rs6912426",6,25409557,"A","G",0.728216,0.3353,0.0292854,0.0842742,"outcome",TRUE,"reported","9qLaTA","textfile"
"rs7117598",11,23494138,"T","C",0.499009,0.557947,-0.0539795,0.0798454,"outcome",TRUE,"reported","9qLaTA","textfile"
"rs7327332",13,42898535,"G","T",0.270433,0.322868,0.0926602,0.0840787,"outcome",TRUE,"reported","9qLaTA","textfile"
"rs762941",22,49236283,"G","A",0.706044,0.877784,0.0456997,0.121163,"outcome",TRUE,"reported","9qLaTA","textfile"
"rs7706802",5,18373499,"A","G",0.66336,0.537899,0.034548,0.0793696,"outcome",TRUE,"reported","9qLaTA","textfile"
"rs7897584",10,113220646,"C","A",0.360607,0.233172,-0.0857161,0.0937598,"outcome",TRUE,"reported","9qLaTA","textfile"
"rs924321",3,192957967,"T","C",0.437091,0.321054,-0.0656279,0.0844507,"outcome",TRUE,"reported","9qLaTA","textfile"
"rs9290704",3,102441661,"G","T",0.397509,0.326998,-0.0711239,0.0840631,"outcome",TRUE,"reported","9qLaTA","textfile"
"rs952108",19,51008674,"A","G",0.428913,0.36975,-0.0650141,0.0821867,"outcome",TRUE,"reported","9qLaTA","textfile"
"rs9951062",18,40006712,"G","A",0.494322,0.272622,-0.0608141,0.088981,"outcome",TRUE,"reported","9qLaTA","textfile"
