"SNP","chr.outcome","pos.outcome","effect_allele.outcome","other_allele.outcome","pval.outcome","eaf.outcome","beta.outcome","se.outcome","outcome","mr_keep.outcome","pval_origin.outcome","id.outcome","data_source.outcome"
"rs11180280",12,74914213,"G","A",0.443031,0.020478,-0.209224,0.272752,"outcome",TRUE,"reported","Lq9OeC","textfile"
"rs11945259",4,64646248,"T","C",0.0873937,0.026885,-0.417179,0.244063,"outcome",TRUE,"reported","Lq9OeC","textfile"
"rs12896375",14,29766263,"A","T",0.382167,0.204043,0.0853837,0.0977029,"outcome",TRUE,"reported","Lq9OeC","textfile"
"rs1499667",1,55612140,"A","G",0.920661,0.170865,-0.0104421,0.10484,"outcome",TRUE,"reported","Lq9OeC","textfile"
"rs2270968",3,183037421,"G","T",0.915793,0.740559,0.00953539,0.0901828,"outcome",TRUE,"reported","Lq9OeC","textfile"
"rs274570",5,132377534,"T","C",0.732676,0.414822,-0.0273509,0.0800744,"outcome",TRUE,"reported","Lq9OeC","textfile"
"rs6025080",20,56695969,"C","T",0.148487,0.0163796,0.43945,0.30414,"outcome",TRUE,"reported","Lq9OeC","textfile"
"rs6084",15,58545839,"G","C",0.982215,0.433868,0.0017876,0.0801906,"outcome",TRUE,"reported","Lq9OeC","textfile"
"rs9405175",6,2584685,"A","G",0.289927,0.190063,-0.106579,0.100709,"outcome",TRUE,"reported","Lq9OeC","textfile"
