"SNP","chr.outcome","pos.outcome","effect_allele.outcome","other_allele.outcome","pval.outcome","eaf.outcome","beta.outcome","se.outcome","outcome","mr_keep.outcome","pval_origin.outcome","id.outcome","data_source.outcome"
"rs10115026",9,126583345,"G","A",0.810039,0.410236,0.0192812,0.0802126,"outcome",TRUE,"reported","ZhscD5","textfile"
"rs12127701",1,109295642,"G","A",0.0449283,0.0418719,0.399019,0.198979,"outcome",TRUE,"reported","ZhscD5","textfile"
"rs1479402",3,61987447,"T","C",0.488111,0.00531271,0.365012,0.526472,"outcome",TRUE,"reported","ZhscD5","textfile"
"rs2041073",14,73505831,"C","T",0.351431,0.58115,-0.0750577,0.0805498,"outcome",TRUE,"reported","ZhscD5","textfile"
"rs2067776",8,55294733,"C","T",0.541519,0.484278,0.0483116,0.0791323,"outcome",TRUE,"reported","ZhscD5","textfile"
"rs2088148",5,97311253,"T","G",0.801354,0.441553,-0.0201408,0.0800525,"outcome",TRUE,"reported","ZhscD5","textfile"
"rs2332601",17,56287325,"C","T",0.310154,0.00688259,0.466338,0.459492,"outcome",TRUE,"reported","ZhscD5","textfile"
"rs2592126",2,232886667,"G","A",0.794842,0.706138,0.0225968,0.086901,"outcome",TRUE,"reported","ZhscD5","textfile"
"rs2633279",11,60570195,"A","G",0.988094,0.652301,0.0012399,0.0830876,"outcome",TRUE,"reported","ZhscD5","textfile"
"rs2973167",5,120987886,"C","A",0.108938,0.267765,0.143303,0.0893977,"outcome",TRUE,"reported","ZhscD5","textfile"
"rs398172",5,129853620,"A","G",0.587057,0.412703,-0.0436341,0.0803416,"outcome",TRUE,"reported","ZhscD5","textfile"
"rs4475212",4,116622714,"T","C",0.150699,0.484617,-0.113798,0.0791876,"outcome",TRUE,"reported","ZhscD5","textfile"
"rs4789522",17,77963743,"C","A",0.361627,0.349549,0.0756873,0.0829661,"outcome",TRUE,"reported","ZhscD5","textfile"
"rs806044",9,4091648,"T","G",0.323435,0.636641,0.0810246,0.0820565,"outcome",TRUE,"reported","ZhscD5","textfile"
"rs887733",4,10181484,"C","T",0.756331,0.420484,-0.0249191,0.0803057,"outcome",TRUE,"reported","ZhscD5","textfile"
