"SNP","chr.outcome","pos.outcome","effect_allele.outcome","other_allele.outcome","pval.outcome","eaf.outcome","beta.outcome","se.outcome","outcome","mr_keep.outcome","pval_origin.outcome","id.outcome","data_source.outcome"
"rs10982735",9,115420879,"G","A",0.0438894,0.278705,0.177189,0.0879288,"outcome",TRUE,"reported","yWLuqd","textfile"
"rs11259235",10,14625317,"G","A",0.886893,0.0916986,0.0195147,0.137199,"outcome",TRUE,"reported","yWLuqd","textfile"
"rs11709408",3,22064643,"G","A",0.890249,0.669102,-0.0115971,0.0840436,"outcome",TRUE,"reported","yWLuqd","textfile"
"rs12482287",21,23089676,"G","T",0.902165,0.0528025,-0.0219283,0.178384,"outcome",TRUE,"reported","yWLuqd","textfile"
"rs13084271",3,105826150,"A","G",0.955759,0.419272,-0.00445564,0.0803168,"outcome",TRUE,"reported","yWLuqd","textfile"
"rs1411737",13,106735162,"T","C",0.0199297,0.837176,0.250525,0.107629,"outcome",TRUE,"reported","yWLuqd","textfile"
"rs17047839",3,68560705,"G","T",0.938371,0.0841817,-0.0109467,0.141581,"outcome",TRUE,"reported","yWLuqd","textfile"
"rs17280469",7,17060244,"T","C",0.692285,0.145956,-0.044941,0.113558,"outcome",TRUE,"reported","yWLuqd","textfile"
"rs17339031",4,161457489,"C","T",0.578151,0.0865677,0.0783003,0.140806,"outcome",TRUE,"reported","yWLuqd","textfile"
"rs17639286",19,36029863,"T","C",0.188818,0.317527,0.11232,0.0854738,"outcome",TRUE,"reported","yWLuqd","textfile"
"rs1853936",6,76018329,"T","C",0.428331,0.177975,0.0812293,0.102556,"outcome",TRUE,"reported","yWLuqd","textfile"
"rs274567",5,132378717,"T","C",0.757059,0.491873,0.0244634,0.0790814,"outcome",TRUE,"reported","yWLuqd","textfile"
"rs354788",13,57553749,"A","T",0.0509132,0.0390833,0.401561,0.205696,"outcome",TRUE,"reported","yWLuqd","textfile"
"rs397175",18,5159005,"A","G",0.235573,0.120454,0.144811,0.122088,"outcome",TRUE,"reported","yWLuqd","textfile"
"rs4573205",7,124224131,"T","G",0.781129,0.883305,-0.0340424,0.122522,"outcome",TRUE,"reported","yWLuqd","textfile"
"rs6899136",5,169888162,"A","G",0.615609,0.0834489,-0.0719801,0.143363,"outcome",TRUE,"reported","yWLuqd","textfile"
"rs7164415",15,59814411,"G","C",0.32896,0.0309504,0.223505,0.228951,"outcome",TRUE,"reported","yWLuqd","textfile"
"rs8031307",15,96039297,"G","A",0.760631,0.230246,-0.0287921,0.0945081,"outcome",TRUE,"reported","yWLuqd","textfile"
"rs9293241",5,26570312,"A","G",0.743966,0.451327,0.0260257,0.0796852,"outcome",TRUE,"reported","yWLuqd","textfile"
