"SNP","chr.outcome","pos.outcome","effect_allele.outcome","other_allele.outcome","pval.outcome","eaf.outcome","beta.outcome","se.outcome","outcome","mr_keep.outcome","pval_origin.outcome","id.outcome","data_source.outcome"
"rs1028074",8,137480809,"C","T",0.233935,0.16727,0.126085,0.105929,"outcome",TRUE,"reported","aDRZ47","textfile"
"rs10504124",8,51615712,"G","A",0.930357,0.273104,0.00785789,0.0899118,"outcome",TRUE,"reported","aDRZ47","textfile"
"rs10766596",11,19813443,"G","A",0.431694,0.593075,0.0634701,0.0807203,"outcome",TRUE,"reported","aDRZ47","textfile"
"rs11155259",6,95853617,"A","G",0.883005,0.0927121,0.0200712,0.13639,"outcome",TRUE,"reported","aDRZ47","textfile"
"rs11814841",10,54846311,"C","T",0.479635,0.052582,-0.126024,0.17828,"outcome",TRUE,"reported","aDRZ47","textfile"
"rs12107009",3,119184253,"T","C",0.299366,0.151842,-0.115892,0.111671,"outcome",TRUE,"reported","aDRZ47","textfile"
"rs12522706",5,11567075,"A","G",0.599207,0.0208884,-0.146325,0.278428,"outcome",TRUE,"reported","aDRZ47","textfile"
"rs12795805",11,113946958,"C","T",0.289996,0.182272,-0.108524,0.102562,"outcome",TRUE,"reported","aDRZ47","textfile"
"rs12935880",17,79321682,"A","G",0.592947,0.0376298,-0.110552,0.206805,"outcome",TRUE,"reported","aDRZ47","textfile"
"rs1495673",10,28915998,"A","C",0.284515,0.371617,-0.0879565,0.0821846,"outcome",TRUE,"reported","aDRZ47","textfile"
"rs17142700",7,20305027,"C","T",0.247367,0.187313,-0.117527,0.1016,"outcome",TRUE,"reported","aDRZ47","textfile"
"rs2209436",9,17704141,"T","C",0.188067,0.0212887,-0.357014,0.271221,"outcome",TRUE,"reported","aDRZ47","textfile"
"rs2663644",2,209619721,"A","G",0.709116,0.00523441,0.201303,0.539621,"outcome",TRUE,"reported","aDRZ47","textfile"
"rs2728817",12,22303413,"A","T",0.832448,0.0807492,0.0305472,0.144388,"outcome",TRUE,"reported","aDRZ47","textfile"
"rs2850065",21,35965582,"C","T",0.662868,0.53683,0.0345033,0.0791439,"outcome",TRUE,"reported","aDRZ47","textfile"
"rs6542859",2,99052372,"C","T",0.943937,0.911783,0.00989538,0.140715,"outcome",TRUE,"reported","aDRZ47","textfile"
"rs6698967",1,109789106,"G","A",0.106664,0.0621753,0.26753,0.16582,"outcome",TRUE,"reported","aDRZ47","textfile"
"rs7025875",9,135179154,"T","A",0.441854,0.0421215,0.151253,0.196671,"outcome",TRUE,"reported","aDRZ47","textfile"
