"SNP","chr.outcome","pos.outcome","effect_allele.outcome","other_allele.outcome","pval.outcome","eaf.outcome","beta.outcome","se.outcome","outcome","mr_keep.outcome","pval_origin.outcome","id.outcome","data_source.outcome"
"rs10139470",14,91683745,"T","G",0.00713625,0.294133,-0.235306,0.0874608,"outcome",TRUE,"reported","RAfuxD","textfile"
"rs10484836",6,4553457,"T","C",0.232381,0.0428631,-0.235096,0.196856,"outcome",TRUE,"reported","RAfuxD","textfile"
"rs10866705",5,177374130,"A","C",0.0161402,0.659769,0.199706,0.0830127,"outcome",TRUE,"reported","RAfuxD","textfile"
"rs10896604",11,57317739,"A","G",0.596458,0.0864731,0.0748051,0.141275,"outcome",TRUE,"reported","RAfuxD","textfile"
"rs11006251",10,58754589,"C","T",0.582311,0.836269,-0.058811,0.106927,"outcome",TRUE,"reported","RAfuxD","textfile"
"rs11057695",12,124598790,"T","C",0.442291,0.100962,0.101572,0.132198,"outcome",TRUE,"reported","RAfuxD","textfile"
"rs11639506",16,80410771,"G","A",0.207247,0.0289704,0.296326,0.234961,"outcome",TRUE,"reported","RAfuxD","textfile"
"rs12477840",2,143881852,"T","C",0.0499494,0.221815,-0.187774,0.0957837,"outcome",TRUE,"reported","RAfuxD","textfile"
"rs12929328",16,85149833,"G","C",0.177202,0.192508,0.1358,0.100636,"outcome",TRUE,"reported","RAfuxD","textfile"
"rs17098575",12,62920724,"C","A",0.425059,0.0960346,0.107138,0.134313,"outcome",TRUE,"reported","RAfuxD","textfile"
"rs17145256",10,9109266,"A","G",0.245655,0.0296781,0.271224,0.233619,"outcome",TRUE,"reported","RAfuxD","textfile"
"rs1838932",7,130783431,"C","T",0.395046,0.400537,-0.0691429,0.0812965,"outcome",TRUE,"reported","RAfuxD","textfile"
"rs2410833",3,151864407,"C","T",0.639361,0.0644202,0.0751925,0.160464,"outcome",TRUE,"reported","RAfuxD","textfile"
"rs2552122",8,4070999,"A","C",0.243708,0.763198,-0.108826,0.0933512,"outcome",TRUE,"reported","RAfuxD","textfile"
"rs273914",5,132324738,"T","A",0.459274,0.499802,-0.0584643,0.0790013,"outcome",TRUE,"reported","RAfuxD","textfile"
"rs4626843",1,34578268,"A","G",0.759577,0.0453553,-0.057819,0.188928,"outcome",TRUE,"reported","RAfuxD","textfile"
"rs4648860",1,24351782,"T","C",0.665682,0.171082,-0.045268,0.104767,"outcome",TRUE,"reported","RAfuxD","textfile"
"rs4719207",7,72085094,"T","C",0.552668,0.247002,-0.0545024,0.0917907,"outcome",TRUE,"reported","RAfuxD","textfile"
"rs4730501",7,111792884,"A","G",0.801076,0.25822,-0.0228238,0.090587,"outcome",TRUE,"reported","RAfuxD","textfile"
"rs662138",6,160143444,"G","C",0.466913,0.147225,0.0811056,0.111484,"outcome",TRUE,"reported","RAfuxD","textfile"
"rs6764615",3,175325050,"G","C",0.622651,0.122582,-0.0596707,0.121258,"outcome",TRUE,"reported","RAfuxD","textfile"
"rs715",2,210678331,"C","T",0.413028,0.313956,0.0703543,0.0859472,"outcome",TRUE,"reported","RAfuxD","textfile"
"rs7946997",11,11048296,"T","C",0.627203,0.201533,0.0480343,0.0989034,"outcome",TRUE,"reported","RAfuxD","textfile"
"rs9492253",6,129163405,"G","A",0.845963,0.205413,0.0190789,0.0982071,"outcome",TRUE,"reported","RAfuxD","textfile"
"rs9642829",8,114842166,"G","A",0.341557,0.00364617,0.618902,0.650727,"outcome",TRUE,"reported","RAfuxD","textfile"
