"SNP","chr.outcome","pos.outcome","effect_allele.outcome","other_allele.outcome","pval.outcome","eaf.outcome","beta.outcome","se.outcome","outcome","mr_keep.outcome","pval_origin.outcome","id.outcome","data_source.outcome"
"rs10003471",4,91279715,"T","C",0.470075,0.0983338,0.0962592,0.133257,"outcome",TRUE,"reported","lCy3a0","textfile"
"rs10241456",7,130072684,"G","A",0.138524,0.379678,0.121429,0.0819741,"outcome",TRUE,"reported","lCy3a0","textfile"
"rs1059264",14,100302826,"T","C",0.586472,0.34372,-0.0452385,0.0831657,"outcome",TRUE,"reported","lCy3a0","textfile"
"rs10895511",11,103681460,"C","T",0.95734,0.0118334,0.0193556,0.36184,"outcome",TRUE,"reported","lCy3a0","textfile"
"rs10918734",1,167656258,"T","A",0.464312,0.043077,-0.143483,0.196078,"outcome",TRUE,"reported","lCy3a0","textfile"
"rs11780215",8,117045299,"G","A",0.389144,0.162941,-0.0917079,0.106492,"outcome",TRUE,"reported","lCy3a0","textfile"
"rs12192135",6,81291844,"A","G",0.524141,0.31344,0.0543004,0.0852472,"outcome",TRUE,"reported","lCy3a0","textfile"
"rs12202023",6,19351333,"C","T",0.309421,0.233804,0.0951424,0.0936037,"outcome",TRUE,"reported","lCy3a0","textfile"
"rs12521174",5,156714594,"G","A",0.674047,0.0854892,-0.0597719,0.142111,"outcome",TRUE,"reported","lCy3a0","textfile"
"rs12621141",2,99310649,"A","G",0.0676114,0.347279,0.151861,0.0830937,"outcome",TRUE,"reported","lCy3a0","textfile"
"rs12625248",20,56818427,"G","T",0.709476,0.17856,-0.0387289,0.103953,"outcome",TRUE,"reported","lCy3a0","textfile"
"rs12745456",1,75642370,"C","T",0.389502,0.228394,-0.0812315,0.094398,"outcome",TRUE,"reported","lCy3a0","textfile"
"rs13375749",1,53230210,"C","T",0.125173,0.138418,0.174635,0.113886,"outcome",TRUE,"reported","lCy3a0","textfile"
"rs1486945",5,1943770,"T","G",0.514013,0.736791,0.05859,0.089779,"outcome",TRUE,"reported","lCy3a0","textfile"
"rs1524307",3,22632109,"T","C",0.0396178,0.376879,-0.168182,0.0817321,"outcome",TRUE,"reported","lCy3a0","textfile"
"rs16837061",4,5381400,"G","A",0.322321,0.21064,-0.0963283,0.0973307,"outcome",TRUE,"reported","lCy3a0","textfile"
"rs17608635",4,45077659,"A","G",0.555115,0.216081,-0.0565439,0.0958189,"outcome",TRUE,"reported","lCy3a0","textfile"
"rs17641971",8,48972258,"C","T",0.87578,0.292094,-0.0136345,0.0872212,"outcome",TRUE,"reported","lCy3a0","textfile"
"rs1981524",5,132420814,"T","C",0.233919,0.216717,-0.113951,0.0957308,"outcome",TRUE,"reported","lCy3a0","textfile"
"rs2070630",4,158723342,"C","G",0.345998,0.259963,-0.0850737,0.0902755,"outcome",TRUE,"reported","lCy3a0","textfile"
"rs2291449",15,76286893,"G","A",0.255876,0.123431,0.137734,0.121225,"outcome",TRUE,"reported","lCy3a0","textfile"
"rs246234",16,16034885,"G","C",0.287025,0.708354,-0.0922671,0.0866626,"outcome",TRUE,"reported","lCy3a0","textfile"
"rs3809197",12,96489640,"T","C",0.329368,0.00942929,-0.387454,0.397232,"outcome",TRUE,"reported","lCy3a0","textfile"
"rs573812",10,25342720,"T","C",0.0721506,0.741412,-0.162722,0.0904932,"outcome",TRUE,"reported","lCy3a0","textfile"
"rs683369",6,160130172,"C","G",0.337572,0.831329,0.101364,0.105701,"outcome",TRUE,"reported","lCy3a0","textfile"
"rs715",2,210678331,"C","T",0.413028,0.313956,0.0703543,0.0859472,"outcome",TRUE,"reported","lCy3a0","textfile"
"rs7531982",1,154623646,"T","A",0.239768,0.460944,-0.0931466,0.0792354,"outcome",TRUE,"reported","lCy3a0","textfile"
"rs7633111",3,30799316,"T","C",0.904684,0.474552,0.00955036,0.0797547,"outcome",TRUE,"reported","lCy3a0","textfile"
"rs7923727",10,11123652,"A","T",0.248891,0.478417,-0.0918739,0.0796792,"outcome",TRUE,"reported","lCy3a0","textfile"
"rs8012",19,12899706,"G","A",0.875077,0.472307,-0.0123909,0.0788162,"outcome",TRUE,"reported","lCy3a0","textfile"
"rs8056893",16,68270489,"A","C",0.708665,0.741644,-0.033715,0.0902319,"outcome",TRUE,"reported","lCy3a0","textfile"
"rs807532",6,24549440,"C","T",0.910521,0.915049,-0.0160435,0.142759,"outcome",TRUE,"reported","lCy3a0","textfile"
"rs9573172",13,73379361,"G","A",0.524025,0.0675752,-0.0996684,0.156428,"outcome",TRUE,"reported","lCy3a0","textfile"
