"SNP","chr.outcome","pos.outcome","effect_allele.outcome","other_allele.outcome","pval.outcome","eaf.outcome","beta.outcome","se.outcome","outcome","mr_keep.outcome","pval_origin.outcome","id.outcome","data_source.outcome"
"rs11932470",4,76547043,"A","G",0.257557,0.416678,0.0910718,0.080439,"outcome",TRUE,"reported","VmISq9","textfile"
"rs12422389",12,127250862,"C","T",0.131067,0.0456825,0.288938,0.191361,"outcome",TRUE,"reported","VmISq9","textfile"
"rs1439737",2,209086327,"T","C",0.99324,0.59706,0.000682945,0.0806119,"outcome",TRUE,"reported","VmISq9","textfile"
"rs1551864",15,27600129,"T","C",0.364516,0.382421,0.0736481,0.0812182,"outcome",TRUE,"reported","VmISq9","textfile"
"rs1948766",5,24061305,"G","T",0.881653,0.67341,0.012566,0.084407,"outcome",TRUE,"reported","VmISq9","textfile"
"rs6550458",3,37146827,"A","T",0.363588,0.406718,-0.0733684,0.0807533,"outcome",TRUE,"reported","VmISq9","textfile"
"rs8054116",16,74846702,"A","C",0.24732,0.382037,0.0941577,0.0813892,"outcome",TRUE,"reported","VmISq9","textfile"
"rs9417900",10,19155253,"T","C",0.724146,0.252278,0.0323509,0.0916653,"outcome",TRUE,"reported","VmISq9","textfile"
"rs9580319",13,22188895,"C","T",0.284459,0.0732024,-0.161781,0.151147,"outcome",TRUE,"reported","VmISq9","textfile"
