"SNP","chr.outcome","pos.outcome","effect_allele.outcome","other_allele.outcome","pval.outcome","eaf.outcome","beta.outcome","se.outcome","outcome","mr_keep.outcome","pval_origin.outcome","id.outcome","data_source.outcome"
"rs10082970",12,131593637,"C","T",0.732538,0.673362,0.0289197,0.0846217,"outcome",TRUE,"reported","iGxgBd","textfile"
"rs10818386",9,119801851,"T","C",0.132643,0.21624,-0.144417,0.096037,"outcome",TRUE,"reported","iGxgBd","textfile"
"rs1159296",18,10864555,"C","T",0.933852,0.278206,-0.00730685,0.0880349,"outcome",TRUE,"reported","iGxgBd","textfile"
"rs12189736",6,71584021,"C","T",0.795143,0.112742,0.0326046,0.125577,"outcome",TRUE,"reported","iGxgBd","textfile"
"rs13213319",6,70371673,"G","T",0.314507,0.643778,-0.0833029,0.0828218,"outcome",TRUE,"reported","iGxgBd","textfile"
"rs17167889",7,96887001,"C","T",0.642868,0.0271904,0.111093,0.239583,"outcome",TRUE,"reported","iGxgBd","textfile"
"rs215934",6,84777528,"T","C",0.0245533,0.147962,-0.252699,0.112393,"outcome",TRUE,"reported","iGxgBd","textfile"
"rs4841110",8,9228513,"G","A",0.207834,0.325348,0.106693,0.0847079,"outcome",TRUE,"reported","iGxgBd","textfile"
"rs7171302",15,61475506,"C","G",0.808021,0.256553,-0.022116,0.0910199,"outcome",TRUE,"reported","iGxgBd","textfile"
"rs7326215",13,59391147,"C","T",0.855071,0.110975,-0.0231696,0.126851,"outcome",TRUE,"reported","iGxgBd","textfile"
"rs9784679",5,107884579,"T","C",0.518903,0.353543,0.0538387,0.0834659,"outcome",TRUE,"reported","iGxgBd","textfile"
"rs9849918",3,187300275,"C","A",0.878747,0.423807,0.0122934,0.080582,"outcome",TRUE,"reported","iGxgBd","textfile"
