"SNP","chr.outcome","pos.outcome","effect_allele.outcome","other_allele.outcome","pval.outcome","eaf.outcome","beta.outcome","se.outcome","outcome","mr_keep.outcome","pval_origin.outcome","id.outcome","data_source.outcome"
"rs12461874",19,17069548,"A","C",0.587954,0.217462,0.0517205,0.0954597,"outcome",TRUE,"reported","Ehi4nz","textfile"
"rs12480837",20,31920528,"A","G",0.195573,0.0789833,-0.189861,0.146693,"outcome",TRUE,"reported","Ehi4nz","textfile"
"rs12537257",7,2628411,"A","G",0.612453,0.167955,-0.0535619,0.105734,"outcome",TRUE,"reported","Ehi4nz","textfile"
"rs17059417",18,76465263,"A","G",0.519012,0.363241,-0.0530882,0.082324,"outcome",TRUE,"reported","Ehi4nz","textfile"
"rs17384314",2,201666413,"C","G",0.429934,0.459063,0.062692,0.0794269,"outcome",TRUE,"reported","Ehi4nz","textfile"
"rs2459791",5,17434140,"C","T",0.439691,0.626588,0.0639956,0.0828191,"outcome",TRUE,"reported","Ehi4nz","textfile"
"rs3846659",5,71718346,"C","G",0.0585221,0.0968277,0.252364,0.133401,"outcome",TRUE,"reported","Ehi4nz","textfile"
"rs4796899",18,1086188,"T","G",0.624354,0.0861966,-0.0688413,0.140582,"outcome",TRUE,"reported","Ehi4nz","textfile"
"rs6500859",16,6864357,"A","T",0.522002,0.628598,-0.05229,0.0816696,"outcome",TRUE,"reported","Ehi4nz","textfile"
"rs7110135",11,99863204,"G","C",0.197083,0.402985,-0.103832,0.0804955,"outcome",TRUE,"reported","Ehi4nz","textfile"
"rs883595",1,76919084,"G","A",0.617297,0.110886,0.0633515,0.126783,"outcome",TRUE,"reported","Ehi4nz","textfile"
