"SNP","chr.outcome","pos.outcome","effect_allele.outcome","other_allele.outcome","pval.outcome","eaf.outcome","beta.outcome","se.outcome","outcome","mr_keep.outcome","pval_origin.outcome","id.outcome","data_source.outcome"
"rs10180218",2,181755822,"A","T",0.718768,0.333785,0.0302855,0.0841017,"outcome",TRUE,"reported","IyPnWD","textfile"
"rs10841406",12,19920160,"A","G",0.808724,0.288135,-0.021128,0.0872794,"outcome",TRUE,"reported","IyPnWD","textfile"
"rs11731427",4,170069860,"G","C",0.561207,0.0527139,-0.102575,0.176534,"outcome",TRUE,"reported","IyPnWD","textfile"
"rs11988968",8,30321363,"C","T",0.0941109,0.291398,-0.145645,0.0869989,"outcome",TRUE,"reported","IyPnWD","textfile"
"rs12151923",20,57469781,"C","T",0.177743,0.233463,-0.125559,0.0931629,"outcome",TRUE,"reported","IyPnWD","textfile"
"rs1235145",20,8345042,"T","C",0.0370792,0.508107,-0.165217,0.0792448,"outcome",TRUE,"reported","IyPnWD","textfile"
"rs12476705",2,118293273,"G","C",0.404196,0.749247,0.076281,0.0914475,"outcome",TRUE,"reported","IyPnWD","textfile"
"rs12698117",7,157978221,"G","A",0.644592,0.700973,0.0405023,0.0878024,"outcome",TRUE,"reported","IyPnWD","textfile"
"rs13059174",3,26924957,"C","T",0.291213,0.775531,0.0998184,0.0945731,"outcome",TRUE,"reported","IyPnWD","textfile"
"rs13073301",3,8342726,"G","A",0.855481,0.386476,-0.0148119,0.0813263,"outcome",TRUE,"reported","IyPnWD","textfile"
"rs1470254",11,20099688,"G","A",0.72147,0.659117,-0.0298637,0.08377,"outcome",TRUE,"reported","IyPnWD","textfile"
"rs1547984",19,13503151,"T","G",0.333674,0.703851,0.0839556,0.0868441,"outcome",TRUE,"reported","IyPnWD","textfile"
"rs158896",5,168556342,"C","T",0.374987,0.780999,-0.084917,0.0957166,"outcome",TRUE,"reported","IyPnWD","textfile"
"rs1608132",2,19438124,"T","C",0.468674,0.240938,-0.0670206,0.0924883,"outcome",TRUE,"reported","IyPnWD","textfile"
"rs16999682",22,48670096,"G","C",0.965165,0.0403773,0.00885411,0.202735,"outcome",TRUE,"reported","IyPnWD","textfile"
"rs17391668",13,108775761,"A","G",0.758307,0.11455,-0.0383421,0.124607,"outcome",TRUE,"reported","IyPnWD","textfile"
"rs1864480",2,3594371,"C","T",0.680649,0.230816,-0.0385808,0.0937386,"outcome",TRUE,"reported","IyPnWD","textfile"
"rs1880030",12,122046634,"A","G",0.835527,0.391076,0.0169026,0.0814123,"outcome",TRUE,"reported","IyPnWD","textfile"
"rs2167730",8,77191181,"T","C",0.131381,0.639238,-0.124898,0.0827864,"outcome",TRUE,"reported","IyPnWD","textfile"
"rs2177207",11,81059972,"T","C",0.689625,0.9913,-0.164658,0.412299,"outcome",TRUE,"reported","IyPnWD","textfile"
"rs2285688",7,24834840,"G","A",0.373001,0.231104,0.0837995,0.0940652,"outcome",TRUE,"reported","IyPnWD","textfile"
"rs2344567",2,232684102,"G","T",0.373556,0.839416,-0.0965502,0.108504,"outcome",TRUE,"reported","IyPnWD","textfile"
"rs2543541",17,7731541,"A","T",0.151719,0.529287,0.114508,0.0798809,"outcome",TRUE,"reported","IyPnWD","textfile"
"rs25846",5,149851167,"C","T",0.588522,0.729022,0.0484714,0.0895997,"outcome",TRUE,"reported","IyPnWD","textfile"
"rs2811692",6,134148033,"T","C",0.163275,0.33342,-0.117063,0.0839679,"outcome",TRUE,"reported","IyPnWD","textfile"
"rs2901027",10,90470666,"A","T",0.996347,0.34589,0.000381247,0.0832604,"outcome",TRUE,"reported","IyPnWD","textfile"
"rs4132537",3,100501463,"G","A",0.825065,0.464609,-0.0174885,0.0791205,"outcome",TRUE,"reported","IyPnWD","textfile"
"rs4482740",4,154525153,"A","G",0.183796,0.36274,0.109615,0.0824692,"outcome",TRUE,"reported","IyPnWD","textfile"
"rs4643071",11,7641501,"T","C",0.255691,0.680501,0.0967741,0.0851408,"outcome",TRUE,"reported","IyPnWD","textfile"
"rs4670599",2,36736812,"G","A",0.173666,0.460441,0.107931,0.0793309,"outcome",TRUE,"reported","IyPnWD","textfile"
"rs4935623",10,50338619,"G","A",0.222924,0.455985,-0.0973646,0.0798862,"outcome",TRUE,"reported","IyPnWD","textfile"
"rs4984992",16,8574026,"C","G",0.299697,0.611106,0.084161,0.0811517,"outcome",TRUE,"reported","IyPnWD","textfile"
"rs6075489",20,19228326,"G","A",0.626589,0.252927,0.0444152,0.0912891,"outcome",TRUE,"reported","IyPnWD","textfile"
"rs6133587",20,921417,"G","T",0.614884,0.245435,0.0468736,0.0931668,"outcome",TRUE,"reported","IyPnWD","textfile"
"rs6564157",16,74676356,"C","T",0.205771,0.515154,-0.100268,0.0792456,"outcome",TRUE,"reported","IyPnWD","textfile"
"rs679959",4,137002623,"A","G",0.161156,0.323301,0.118116,0.0842971,"outcome",TRUE,"reported","IyPnWD","textfile"
"rs6851835",4,34965958,"G","A",0.364879,0.455555,0.0720581,0.0795249,"outcome",TRUE,"reported","IyPnWD","textfile"
"rs7152842",14,71383023,"G","A",0.433872,0.196106,0.0780191,0.0996945,"outcome",TRUE,"reported","IyPnWD","textfile"
"rs7223436",17,27218295,"A","G",0.0534183,0.195308,0.192108,0.0994592,"outcome",TRUE,"reported","IyPnWD","textfile"
"rs7253352",19,19142388,"G","A",0.00450547,0.550862,-0.218634,0.0769726,"outcome",TRUE,"reported","IyPnWD","textfile"
"rs742914",20,40803609,"C","A",0.53856,0.256162,0.0559764,0.0910197,"outcome",TRUE,"reported","IyPnWD","textfile"
"rs7930371",11,103752327,"C","T",0.979676,0.76239,0.00236569,0.0928618,"outcome",TRUE,"reported","IyPnWD","textfile"
"rs9404466",6,103755610,"T","C",0.29296,0.274609,0.0927109,0.0881574,"outcome",TRUE,"reported","IyPnWD","textfile"
"rs9410293",9,89016981,"A","T",0.512689,0.652509,-0.0544017,0.0830997,"outcome",TRUE,"reported","IyPnWD","textfile"
"rs9543004",13,72562240,"C","T",0.87868,0.394676,-0.0123468,0.0808869,"outcome",TRUE,"reported","IyPnWD","textfile"
"rs9602121",13,83184689,"C","T",0.579665,0.396231,-0.0447086,0.0807197,"outcome",TRUE,"reported","IyPnWD","textfile"
