"SNP","chr.outcome","pos.outcome","effect_allele.outcome","other_allele.outcome","pval.outcome","eaf.outcome","beta.outcome","se.outcome","outcome","mr_keep.outcome","pval_origin.outcome","id.outcome","data_source.outcome"
"rs1493534",11,129395416,"A","C",0.272454,0.886348,0.137009,0.124845,"outcome",TRUE,"reported","4dC6rJ","textfile"
"rs2490288",10,99453496,"C","T",0.202119,0.750324,-0.117472,0.0920961,"outcome",TRUE,"reported","4dC6rJ","textfile"
"rs249619",12,97776895,"T","C",0.0567231,0.573217,0.15199,0.0797664,"outcome",TRUE,"reported","4dC6rJ","textfile"
"rs3813782",19,8089466,"A","G",0.0314015,0.176456,0.224549,0.104347,"outcome",TRUE,"reported","4dC6rJ","textfile"
"rs7710231",5,117146494,"C","T",0.512962,0.329539,-0.0551974,0.0843696,"outcome",TRUE,"reported","4dC6rJ","textfile"
"rs780093",2,27519736,"C","T",0.0361385,0.647361,0.173592,0.0828454,"outcome",TRUE,"reported","4dC6rJ","textfile"
