"SNP","chr.outcome","pos.outcome","effect_allele.outcome","other_allele.outcome","pval.outcome","eaf.outcome","beta.outcome","se.outcome","outcome","mr_keep.outcome","pval_origin.outcome","id.outcome","data_source.outcome"
"rs10759726",9,114638913,"A","G",0.962746,0.408906,0.00376967,0.0807073,"outcome",TRUE,"reported","1PtTv5","textfile"
"rs1260326",2,27508073,"C","T",0.0385381,0.649919,0.171942,0.0831002,"outcome",TRUE,"reported","1PtTv5","textfile"
"rs12918754",16,84933483,"G","A",0.481938,0.405799,0.0565517,0.0804218,"outcome",TRUE,"reported","1PtTv5","textfile"
"rs1470121",3,142906936,"A","G",0.132936,0.385247,-0.122326,0.0814083,"outcome",TRUE,"reported","1PtTv5","textfile"
"rs2070895",15,58431740,"A","G",0.199456,0.258507,-0.116253,0.0906035,"outcome",TRUE,"reported","1PtTv5","textfile"
"rs2179170",6,134821080,"T","C",0.37772,0.327181,0.0746031,0.0845739,"outcome",TRUE,"reported","1PtTv5","textfile"
"rs2199680",12,21262562,"T","A",0.162276,0.298666,0.121243,0.0867598,"outcome",TRUE,"reported","1PtTv5","textfile"
"rs7583683",2,102497304,"G","A",0.177846,0.0999758,-0.179037,0.132874,"outcome",TRUE,"reported","1PtTv5","textfile"
"rs9657544",8,11087106,"G","C",0.416861,0.25758,0.0734528,0.0904725,"outcome",TRUE,"reported","1PtTv5","textfile"
