"SNP","chr.outcome","pos.outcome","effect_allele.outcome","other_allele.outcome","pval.outcome","eaf.outcome","beta.outcome","se.outcome","outcome","mr_keep.outcome","pval_origin.outcome","id.outcome","data_source.outcome"
"rs10770126",11,10594662,"A","G",0.413377,0.602819,-0.0661081,0.0808201,"outcome",TRUE,"reported","uyGd7O","textfile"
"rs10869648",9,75811219,"G","A",0.41413,0.623439,0.0667281,0.0817099,"outcome",TRUE,"reported","uyGd7O","textfile"
"rs11720619",3,126425774,"T","C",0.583977,0.283042,-0.0481466,0.0879254,"outcome",TRUE,"reported","uyGd7O","textfile"
"rs12070845",1,108719228,"A","G",0.507618,0.0660085,-0.106235,0.160342,"outcome",TRUE,"reported","uyGd7O","textfile"
"rs12464103",2,4927190,"A","G",0.066953,0.166556,0.196189,0.10709,"outcome",TRUE,"reported","uyGd7O","textfile"
"rs12714232",2,28374438,"C","T",0.671237,0.457357,0.0337179,0.079439,"outcome",TRUE,"reported","uyGd7O","textfile"
"rs13297223",9,18585447,"G","C",0.644306,0.0685754,-0.0722731,0.156541,"outcome",TRUE,"reported","uyGd7O","textfile"
"rs1578700",15,93816241,"T","C",0.106185,0.0972003,-0.215708,0.133517,"outcome",TRUE,"reported","uyGd7O","textfile"
"rs17644535",16,79022548,"G","C",0.281867,0.0385675,0.217428,0.202045,"outcome",TRUE,"reported","uyGd7O","textfile"
"rs1871395",12,21199381,"G","A",0.264493,0.279887,0.0984873,0.0882633,"outcome",TRUE,"reported","uyGd7O","textfile"
"rs2286411",14,74506239,"A","G",0.101385,0.151139,-0.181807,0.110981,"outcome",TRUE,"reported","uyGd7O","textfile"
"rs3805895",6,80277274,"C","A",0.191233,0.0446932,0.248435,0.190089,"outcome",TRUE,"reported","uyGd7O","textfile"
"rs4149002",12,21291949,"A","G",0.405459,0.185839,0.0841469,0.101149,"outcome",TRUE,"reported","uyGd7O","textfile"
"rs4972811",2,172362643,"T","C",0.190345,0.430222,0.104747,0.0799863,"outcome",TRUE,"reported","uyGd7O","textfile"
"rs6663731",1,46881755,"T","A",0.971388,0.11045,0.00459382,0.128079,"outcome",TRUE,"reported","uyGd7O","textfile"
"rs6870033",5,82329829,"T","A",0.279774,0.259906,-0.0973846,0.090102,"outcome",TRUE,"reported","uyGd7O","textfile"
"rs7023732",9,16217308,"A","G",0.349172,0.0865384,-0.132443,0.14147,"outcome",TRUE,"reported","uyGd7O","textfile"
"rs7265772",20,19245440,"A","G",0.114609,0.180217,-0.16272,0.10313,"outcome",TRUE,"reported","uyGd7O","textfile"
"rs749008",2,127101865,"G","A",0.121105,0.332901,0.130049,0.083894,"outcome",TRUE,"reported","uyGd7O","textfile"
"rs7523522",1,88636295,"C","T",0.767878,0.296575,-0.025555,0.0865823,"outcome",TRUE,"reported","uyGd7O","textfile"
"rs7926241",11,24335600,"A","G",0.20855,0.00238733,-1.00895,0.802306,"outcome",TRUE,"reported","uyGd7O","textfile"
"rs9304337",18,46913131,"A","G",0.23729,0.547209,-0.0937281,0.0793104,"outcome",TRUE,"reported","uyGd7O","textfile"
"rs9487538",6,110836390,"A","G",0.0451409,0.0156306,-0.629938,0.314445,"outcome",TRUE,"reported","uyGd7O","textfile"
"rs9587762",13,109038840,"T","C",0.958579,0.218176,-0.0049628,0.0955535,"outcome",TRUE,"reported","uyGd7O","textfile"
