"SNP","chr.outcome","pos.outcome","effect_allele.outcome","other_allele.outcome","pval.outcome","eaf.outcome","beta.outcome","se.outcome","outcome","mr_keep.outcome","pval_origin.outcome","id.outcome","data_source.outcome"
"rs10089452",8,92543246,"A","C",0.872696,0.525504,-0.0127668,0.0796753,"outcome",TRUE,"reported","8fegTb","textfile"
"rs1260326",2,27508073,"C","T",0.0385381,0.649919,0.171942,0.0831002,"outcome",TRUE,"reported","8fegTb","textfile"
"rs12805521",11,38683829,"C","T",0.819244,0.0340108,-0.0497626,0.217763,"outcome",TRUE,"reported","8fegTb","textfile"
"rs1532085",15,58391167,"G","A",0.962548,0.577485,-0.00375523,0.0799737,"outcome",TRUE,"reported","8fegTb","textfile"
"rs1533302",2,176761590,"G","A",0.066077,0.518864,0.146133,0.0795107,"outcome",TRUE,"reported","8fegTb","textfile"
"rs17109340",14,39510749,"G","A",0.984335,0.0203814,-0.00551285,0.280775,"outcome",TRUE,"reported","8fegTb","textfile"
"rs179070",14,30307594,"A","G",0.867029,0.430458,-0.0133928,0.0799886,"outcome",TRUE,"reported","8fegTb","textfile"
"rs184943",5,51617613,"T","A",0.305837,0.315234,-0.0869944,0.0849557,"outcome",TRUE,"reported","8fegTb","textfile"
"rs2070895",15,58431740,"A","G",0.199456,0.258507,-0.116253,0.0906035,"outcome",TRUE,"reported","8fegTb","textfile"
"rs2161134",5,172919585,"G","A",0.192124,0.344931,0.108408,0.0831143,"outcome",TRUE,"reported","8fegTb","textfile"
"rs2179170",6,134821080,"T","C",0.37772,0.327181,0.0746031,0.0845739,"outcome",TRUE,"reported","8fegTb","textfile"
"rs2305779",19,13934220,"A","G",0.633889,0.147381,-0.0532571,0.111823,"outcome",TRUE,"reported","8fegTb","textfile"
"rs2477833",6,41478283,"C","T",0.0713132,0.867516,0.208759,0.115754,"outcome",TRUE,"reported","8fegTb","textfile"
"rs2606621",6,122170914,"A","G",0.687331,0.375646,-0.0328904,0.0817194,"outcome",TRUE,"reported","8fegTb","textfile"
"rs2762662",10,10127867,"A","G",0.731328,0.083075,0.0497089,0.144772,"outcome",TRUE,"reported","8fegTb","textfile"
"rs4315100",11,81219626,"C","T",0.876198,0.248974,0.0142631,0.091553,"outcome",TRUE,"reported","8fegTb","textfile"
"rs4459648",18,68015783,"T","A",0.727115,0.310977,0.0298741,0.0856076,"outcome",TRUE,"reported","8fegTb","textfile"
"rs4687841",3,119234722,"A","G",0.7886,0.72211,0.0237382,0.0885333,"outcome",TRUE,"reported","8fegTb","textfile"
"rs4812575",20,42066357,"G","A",0.315561,0.763313,0.0933859,0.0930489,"outcome",TRUE,"reported","8fegTb","textfile"
"rs6799366",3,3629199,"T","C",0.135555,0.271424,-0.132804,0.0889781,"outcome",TRUE,"reported","8fegTb","textfile"
"rs6897246",5,69054090,"A","G",0.647488,0.300996,0.0394644,0.0863073,"outcome",TRUE,"reported","8fegTb","textfile"
"rs7290374",22,47171101,"A","G",0.161194,0.40516,0.113615,0.0810915,"outcome",TRUE,"reported","8fegTb","textfile"
"rs7403602",15,30004805,"C","T",0.852455,0.439276,0.0148942,0.0800817,"outcome",TRUE,"reported","8fegTb","textfile"
"rs7706198",5,112658528,"A","G",0.472674,0.23122,-0.0674454,0.0939174,"outcome",TRUE,"reported","8fegTb","textfile"
"rs7966920",12,98197416,"C","T",0.102485,0.105125,0.210073,0.128649,"outcome",TRUE,"reported","8fegTb","textfile"
"rs937725",2,98377951,"C","T",0.14803,0.704195,0.12627,0.0872921,"outcome",TRUE,"reported","8fegTb","textfile"
"rs9854668",3,153618733,"C","A",0.422727,0.400899,0.0650431,0.0811314,"outcome",TRUE,"reported","8fegTb","textfile"
