"SNP","chr.outcome","pos.outcome","effect_allele.outcome","other_allele.outcome","pval.outcome","eaf.outcome","beta.outcome","se.outcome","outcome","mr_keep.outcome","pval_origin.outcome","id.outcome","data_source.outcome"
"rs11045975",12,21325856,"A","G",0.088044,0.332141,0.142722,0.0836681,"outcome",TRUE,"reported","edU47H","textfile"
"rs12317268",12,21199607,"G","A",0.265713,0.280142,0.0982437,0.0882702,"outcome",TRUE,"reported","edU47H","textfile"
"rs12485842",3,16191733,"T","C",0.443188,0.0655691,0.122395,0.159613,"outcome",TRUE,"reported","edU47H","textfile"
"rs13221063",7,105706145,"G","A",0.490747,0.177507,0.0712847,0.103443,"outcome",TRUE,"reported","edU47H","textfile"
"rs16967085",17,41531380,"G","C",0.0224022,0.644897,0.188243,0.0824372,"outcome",TRUE,"reported","edU47H","textfile"
"rs17244095",9,19941357,"A","C",0.272238,0.117158,-0.135619,0.123524,"outcome",TRUE,"reported","edU47H","textfile"
"rs17564907",5,26971909,"G","A",0.567647,0.111419,0.0717098,0.125472,"outcome",TRUE,"reported","edU47H","textfile"
"rs17661642",4,4899944,"G","C",0.728997,0.050002,-0.0625355,0.180499,"outcome",TRUE,"reported","edU47H","textfile"
"rs1988344",18,53296368,"C","T",0.320403,0.054264,0.172851,0.173959,"outcome",TRUE,"reported","edU47H","textfile"
"rs2127434",17,73741253,"G","A",0.941108,0.192292,-0.0074397,0.100703,"outcome",TRUE,"reported","edU47H","textfile"
"rs2554887",15,50196662,"A","T",0.429661,0.739003,-0.0713875,0.09039,"outcome",TRUE,"reported","edU47H","textfile"
"rs2566347",3,158773588,"A","C",0.527543,0.202736,-0.0618524,0.0979049,"outcome",TRUE,"reported","edU47H","textfile"
"rs4551320",8,97874257,"T","G",0.726233,0.0962804,0.0469344,0.134044,"outcome",TRUE,"reported","edU47H","textfile"
"rs4799429",18,36722313,"T","C",0.335149,0.440486,0.0764357,0.079307,"outcome",TRUE,"reported","edU47H","textfile"
"rs6663731",1,46881755,"T","A",0.971388,0.11045,0.00459382,0.128079,"outcome",TRUE,"reported","edU47H","textfile"
"rs7023732",9,16217308,"A","G",0.349172,0.0865384,-0.132443,0.14147,"outcome",TRUE,"reported","edU47H","textfile"
"rs704622",11,29611870,"T","C",0.920488,0.993706,-0.0515719,0.516656,"outcome",TRUE,"reported","edU47H","textfile"
"rs7233515",18,47059584,"A","G",0.323591,0.365988,0.0809883,0.0820464,"outcome",TRUE,"reported","edU47H","textfile"
"rs8192287",4,24794946,"T","G",0.448212,0.0302203,-0.177107,0.233528,"outcome",TRUE,"reported","edU47H","textfile"
"rs9262",12,88046899,"C","G",0.617015,0.595537,0.0403947,0.0807757,"outcome",TRUE,"reported","edU47H","textfile"
