"SNP","chr.outcome","pos.outcome","effect_allele.outcome","other_allele.outcome","pval.outcome","eaf.outcome","beta.outcome","se.outcome","outcome","mr_keep.outcome","pval_origin.outcome","id.outcome","data_source.outcome"
"rs10410499",19,29336519,"T","G",0.206853,0.439738,-0.100297,0.0794576,"outcome",TRUE,"reported","s23kTO","textfile"
"rs10763882",10,19188731,"T","A",0.778384,0.508724,-0.0223511,0.0794213,"outcome",TRUE,"reported","s23kTO","textfile"
"rs12022877",1,162886962,"G","A",0.7127,0.16018,-0.0395103,0.107297,"outcome",TRUE,"reported","s23kTO","textfile"
"rs12098046",1,184351071,"G","C",0.252409,0.495424,-0.0903672,0.0789566,"outcome",TRUE,"reported","s23kTO","textfile"
"rs12145429",1,73303596,"A","G",0.611174,0.35946,0.0418985,0.0824127,"outcome",TRUE,"reported","s23kTO","textfile"
"rs12259030",10,62652858,"A","G",0.103653,0.185914,0.165573,0.101741,"outcome",TRUE,"reported","s23kTO","textfile"
"rs1256061",14,64236875,"T","G",0.0115622,0.513813,0.199648,0.0790611,"outcome",TRUE,"reported","s23kTO","textfile"
"rs12570090",10,9668712,"C","T",0.214861,0.409418,0.0998917,0.0805377,"outcome",TRUE,"reported","s23kTO","textfile"
"rs12969887",18,6402672,"C","A",0.758158,0.454026,0.0244834,0.0795173,"outcome",TRUE,"reported","s23kTO","textfile"
"rs13228785",7,110403624,"A","C",0.372534,0.369522,0.0731317,0.0820104,"outcome",TRUE,"reported","s23kTO","textfile"
"rs165558",20,12919248,"C","T",0.227225,0.373473,-0.0987264,0.0817583,"outcome",TRUE,"reported","s23kTO","textfile"
"rs16962157",16,13498202,"C","T",0.419715,0.0525034,0.143648,0.178021,"outcome",TRUE,"reported","s23kTO","textfile"
"rs1722784",1,150989393,"G","A",0.802388,0.544209,0.0199114,0.0795633,"outcome",TRUE,"reported","s23kTO","textfile"
"rs1869578",8,15052400,"A","G",0.53482,0.560698,-0.0495546,0.0798412,"outcome",TRUE,"reported","s23kTO","textfile"
"rs2041264",17,70660795,"C","T",0.315301,0.0964213,0.136461,0.135896,"outcome",TRUE,"reported","s23kTO","textfile"
"rs2216327",2,56183531,"G","C",0.858604,0.0764914,-0.0266899,0.149816,"outcome",TRUE,"reported","s23kTO","textfile"
"rs2273068",6,41690828,"T","C",0.0459071,0.198249,0.198551,0.0994622,"outcome",TRUE,"reported","s23kTO","textfile"
"rs2683822",2,141349262,"T","C",0.526964,0.596486,-0.0508841,0.0804305,"outcome",TRUE,"reported","s23kTO","textfile"
"rs2708257",7,147895357,"A","C",0.394164,0.551949,0.0679394,0.0797327,"outcome",TRUE,"reported","s23kTO","textfile"
"rs3110907",10,58874611,"G","C",0.502262,0.0992802,0.0889756,0.132614,"outcome",TRUE,"reported","s23kTO","textfile"
"rs4641528",12,71993562,"T","C",0.0580591,0.577286,0.151409,0.0798884,"outcome",TRUE,"reported","s23kTO","textfile"
"rs4792953",17,42721285,"C","T",0.0578655,0.607258,-0.153735,0.0810535,"outcome",TRUE,"reported","s23kTO","textfile"
"rs4852787",2,71479567,"A","C",0.0425863,0.475591,-0.162696,0.0802349,"outcome",TRUE,"reported","s23kTO","textfile"
"rs6475283",9,18962488,"C","T",0.527722,0.678806,-0.0537008,0.0850386,"outcome",TRUE,"reported","s23kTO","textfile"
"rs6486785",12,121939081,"A","G",0.881786,0.0090984,-0.0650209,0.437247,"outcome",TRUE,"reported","s23kTO","textfile"
"rs6827956",4,11908842,"A","G",0.823186,0.40847,0.0179795,0.0804639,"outcome",TRUE,"reported","s23kTO","textfile"
"rs6828013",4,107214524,"T","C",0.247214,0.152303,0.126765,0.10955,"outcome",TRUE,"reported","s23kTO","textfile"
"rs6832838",4,184193949,"T","C",0.464485,0.480843,-0.0580268,0.0793279,"outcome",TRUE,"reported","s23kTO","textfile"
"rs6895134",5,101629223,"C","G",0.730088,0.0469844,-0.0653595,0.189442,"outcome",TRUE,"reported","s23kTO","textfile"
"rs7036147",9,119826886,"T","C",0.782492,0.39117,0.0223155,0.0808319,"outcome",TRUE,"reported","s23kTO","textfile"
"rs7039918",9,929611,"T","C",0.60103,0.722131,-0.0465817,0.0890799,"outcome",TRUE,"reported","s23kTO","textfile"
"rs7147975",14,22022482,"G","A",0.613847,0.55932,-0.0401944,0.0796574,"outcome",TRUE,"reported","s23kTO","textfile"
"rs7253788",19,30259123,"C","G",0.272219,0.383924,-0.08915,0.0811954,"outcome",TRUE,"reported","s23kTO","textfile"
"rs7520333",1,40624578,"G","A",0.484575,0.485665,-0.0550921,0.0788197,"outcome",TRUE,"reported","s23kTO","textfile"
"rs7814471",8,57787959,"G","A",0.795969,0.490397,-0.0206028,0.0796807,"outcome",TRUE,"reported","s23kTO","textfile"
"rs7862610",9,8160552,"C","A",0.73796,0.470591,0.0265388,0.0793255,"outcome",TRUE,"reported","s23kTO","textfile"
"rs791320",9,86336923,"T","C",0.423469,0.639441,-0.0660536,0.0825241,"outcome",TRUE,"reported","s23kTO","textfile"
"rs819909",1,99297229,"A","G",0.0227269,0.564087,-0.181567,0.0797047,"outcome",TRUE,"reported","s23kTO","textfile"
"rs884957",6,73157327,"A","G",0.248915,0.564338,-0.0919879,0.0797821,"outcome",TRUE,"reported","s23kTO","textfile"
"rs9563725",13,59436754,"C","T",0.38612,0.644669,-0.0715916,0.0826047,"outcome",TRUE,"reported","s23kTO","textfile"
"rs9605002",22,19677610,"A","G",0.726976,0.103579,-0.0455611,0.130491,"outcome",TRUE,"reported","s23kTO","textfile"
"rs970719",11,29232943,"T","C",0.283414,0.423247,-0.0857919,0.079979,"outcome",TRUE,"reported","s23kTO","textfile"
