"SNP","chr.outcome","pos.outcome","effect_allele.outcome","other_allele.outcome","pval.outcome","eaf.outcome","beta.outcome","se.outcome","outcome","mr_keep.outcome","pval_origin.outcome","id.outcome","data_source.outcome"
"rs10418189",19,48233771,"T","C",0.262288,0.347958,0.0938015,0.0836766,"outcome",TRUE,"reported","8zG1rR","textfile"
"rs10842318",12,24290336,"T","G",0.587039,0.0715604,0.0833018,0.153373,"outcome",TRUE,"reported","8zG1rR","textfile"
"rs11636541",15,36797068,"T","G",0.225428,0.148653,0.136478,0.112585,"outcome",TRUE,"reported","8zG1rR","textfile"
"rs12573896",11,49258929,"G","A",0.444276,0.0756806,-0.113933,0.148933,"outcome",TRUE,"reported","8zG1rR","textfile"
"rs13247156",7,72232900,"C","T",0.859491,0.16632,-0.0188125,0.106272,"outcome",TRUE,"reported","8zG1rR","textfile"
"rs1326611",6,51724291,"T","A",0.864615,0.400676,0.0138029,0.080954,"outcome",TRUE,"reported","8zG1rR","textfile"
"rs1477025",16,49777522,"C","T",0.361973,0.39261,0.0736578,0.0807995,"outcome",TRUE,"reported","8zG1rR","textfile"
"rs1491024",13,90063344,"G","A",0.0373499,0.22288,0.199108,0.095637,"outcome",TRUE,"reported","8zG1rR","textfile"
"rs1752812",13,62294586,"A","G",0.847316,0.633812,-0.0159148,0.0826554,"outcome",TRUE,"reported","8zG1rR","textfile"
"rs1816995",3,29965736,"G","A",0.378715,0.244275,0.08112,0.092154,"outcome",TRUE,"reported","8zG1rR","textfile"
"rs1899398",3,3728985,"C","T",0.385318,0.186805,0.0884222,0.101853,"outcome",TRUE,"reported","8zG1rR","textfile"
"rs4978408",9,109900354,"A","G",0.603231,0.0745255,0.0774495,0.14901,"outcome",TRUE,"reported","8zG1rR","textfile"
"rs6498540",16,15036737,"G","A",0.682342,0.334187,-0.0342901,0.0837837,"outcome",TRUE,"reported","8zG1rR","textfile"
"rs6957801",7,111646786,"A","G",0.215557,0.0224883,-0.328936,0.265608,"outcome",TRUE,"reported","8zG1rR","textfile"
"rs709127",3,192920778,"T","A",0.666619,0.481762,-0.0341336,0.0792343,"outcome",TRUE,"reported","8zG1rR","textfile"
"rs7142493",14,61808636,"C","T",0.987019,0.307129,-0.00139218,0.0855672,"outcome",TRUE,"reported","8zG1rR","textfile"
"rs732647",6,53257255,"A","G",0.838892,0.0250202,-0.0514983,0.253298,"outcome",TRUE,"reported","8zG1rR","textfile"
"rs7615671",3,111293847,"G","T",0.484616,0.274813,0.0619824,0.088686,"outcome",TRUE,"reported","8zG1rR","textfile"
"rs7748665",6,162312711,"G","A",0.299557,0.102484,-0.135864,0.130968,"outcome",TRUE,"reported","8zG1rR","textfile"
"rs7784712",7,19020267,"T","C",0.717565,0.0938556,-0.0492055,0.136034,"outcome",TRUE,"reported","8zG1rR","textfile"
"rs908259",2,239386106,"G","A",0.361438,0.780844,-0.0870316,0.0953637,"outcome",TRUE,"reported","8zG1rR","textfile"
"rs9373682",6,103139928,"T","C",0.455546,0.291765,-0.0654367,0.0876931,"outcome",TRUE,"reported","8zG1rR","textfile"
"rs968567",11,61828092,"T","C",0.359923,0.10701,0.116858,0.127642,"outcome",TRUE,"reported","8zG1rR","textfile"
