"SNP","chr.outcome","pos.outcome","effect_allele.outcome","other_allele.outcome","pval.outcome","eaf.outcome","beta.outcome","se.outcome","outcome","mr_keep.outcome","pval_origin.outcome","id.outcome","data_source.outcome"
"rs10108610",8,107344868,"A","G",0.15834,0.121341,-0.171073,0.12127,"outcome",TRUE,"reported","WA1Fzw","textfile"
"rs12147158",14,30810057,"C","T",0.451645,0.0875405,-0.107205,0.142432,"outcome",TRUE,"reported","WA1Fzw","textfile"
"rs12451101",17,283988,"T","C",0.225344,0.070858,0.184522,0.152191,"outcome",TRUE,"reported","WA1Fzw","textfile"
"rs1961334",10,45116626,"G","A",0.467029,0.536698,-0.0577017,0.0793345,"outcome",TRUE,"reported","WA1Fzw","textfile"
"rs3785236",16,7617197,"C","A",0.291649,0.770854,-0.0992429,0.0941128,"outcome",TRUE,"reported","WA1Fzw","textfile"
"rs422249",11,61872016,"C","T",0.808556,0.659661,0.0202916,0.0837496,"outcome",TRUE,"reported","WA1Fzw","textfile"
"rs4669658",2,10973405,"T","C",0.770898,0.474135,0.0231061,0.0793476,"outcome",TRUE,"reported","WA1Fzw","textfile"
"rs4880258",10,132480136,"A","G",0.366007,0.519543,-0.0715392,0.0791382,"outcome",TRUE,"reported","WA1Fzw","textfile"
"rs6730977",2,50954693,"A","G",0.343209,0.684392,-0.0809087,0.0853609,"outcome",TRUE,"reported","WA1Fzw","textfile"
"rs7586148",2,31119220,"T","C",0.667447,0.503451,-0.034031,0.0792058,"outcome",TRUE,"reported","WA1Fzw","textfile"
"rs7863959",9,10928755,"T","C",0.484467,0.460797,0.0555169,0.0794078,"outcome",TRUE,"reported","WA1Fzw","textfile"
"rs917046",7,96999595,"T","G",0.776342,0.930757,0.0443971,0.156279,"outcome",TRUE,"reported","WA1Fzw","textfile"
"rs9960323",18,76640771,"T","C",0.565878,0.222257,0.0544743,0.0948812,"outcome",TRUE,"reported","WA1Fzw","textfile"
