"SNP","chr.outcome","pos.outcome","effect_allele.outcome","other_allele.outcome","pval.outcome","eaf.outcome","beta.outcome","se.outcome","outcome","mr_keep.outcome","pval_origin.outcome","id.outcome","data_source.outcome"
"rs1022302",2,16187834,"T","C",0.783064,0.270138,-0.0245501,0.0891667,"outcome",TRUE,"reported","ngjdYV","textfile"
"rs11184443",1,105123474,"C","T",0.853762,0.731113,-0.0164565,0.0892824,"outcome",TRUE,"reported","ngjdYV","textfile"
"rs12681727",8,145008961,"A","G",0.372356,0.132274,0.108227,0.121322,"outcome",TRUE,"reported","ngjdYV","textfile"
"rs12778305",10,8378055,"T","G",0.948279,0.468125,-0.00517295,0.0797461,"outcome",TRUE,"reported","ngjdYV","textfile"
"rs1418811",1,190095035,"G","T",0.0551887,0.167446,0.20226,0.105487,"outcome",TRUE,"reported","ngjdYV","textfile"
"rs1556831",20,4291852,"G","T",0.824247,0.216944,-0.0214044,0.0963787,"outcome",TRUE,"reported","ngjdYV","textfile"
"rs16928398",12,1381663,"C","T",0.719542,0.0250505,0.0919473,0.256069,"outcome",TRUE,"reported","ngjdYV","textfile"
"rs16936190",9,1979400,"C","G",0.0297475,0.0384379,-0.44868,0.206438,"outcome",TRUE,"reported","ngjdYV","textfile"
"rs2921448",10,72730265,"G","A",0.26891,0.561445,0.0889522,0.0804577,"outcome",TRUE,"reported","ngjdYV","textfile"
"rs3789107",2,110962675,"C","A",0.618478,0.0734115,0.0768082,0.15423,"outcome",TRUE,"reported","ngjdYV","textfile"
"rs4854073",2,239934885,"T","C",0.166929,0.429278,-0.110631,0.0800433,"outcome",TRUE,"reported","ngjdYV","textfile"
"rs6751559",2,28144894,"G","T",0.0663254,0.103149,-0.239112,0.13022,"outcome",TRUE,"reported","ngjdYV","textfile"
"rs6899809",6,8875584,"T","C",0.300955,0.0288517,-0.248113,0.239865,"outcome",TRUE,"reported","ngjdYV","textfile"
"rs7619989",3,187013961,"C","G",0.0305211,0.664093,-0.18116,0.0837439,"outcome",TRUE,"reported","ngjdYV","textfile"
"rs9877943",3,37873431,"A","G",0.289265,0.130258,-0.125163,0.118107,"outcome",TRUE,"reported","ngjdYV","textfile"
