"SNP","chr.outcome","pos.outcome","effect_allele.outcome","other_allele.outcome","pval.outcome","eaf.outcome","beta.outcome","se.outcome","outcome","mr_keep.outcome","pval_origin.outcome","id.outcome","data_source.outcome"
"rs11053152",12,34189417,"T","C",0.059197,0.0330986,-0.415331,0.220133,"outcome",TRUE,"reported","Bqv3Lc","textfile"
"rs12449543",17,44788091,"T","C",0.668783,0.531763,0.0339222,0.079291,"outcome",TRUE,"reported","Bqv3Lc","textfile"
"rs12547884",8,10138005,"G","A",0.049447,0.334811,-0.165825,0.0844011,"outcome",TRUE,"reported","Bqv3Lc","textfile"
"rs12623684",2,28159421,"A","G",0.0691003,0.0980079,-0.242627,0.133476,"outcome",TRUE,"reported","Bqv3Lc","textfile"
"rs161194",7,9829042,"C","G",0.478207,0.608266,0.0573452,0.0808602,"outcome",TRUE,"reported","Bqv3Lc","textfile"
"rs1728918",2,27412596,"G","A",0.103793,0.762149,0.151197,0.0929448,"outcome",TRUE,"reported","Bqv3Lc","textfile"
"rs4567273",1,159334014,"C","A",0.267187,0.73039,-0.0991277,0.0893394,"outcome",TRUE,"reported","Bqv3Lc","textfile"
"rs4719788",7,24985638,"T","C",0.270986,0.0263313,-0.27614,0.250855,"outcome",TRUE,"reported","Bqv3Lc","textfile"
"rs6582090",12,72500138,"G","T",0.803608,0.256033,0.0225527,0.0906895,"outcome",TRUE,"reported","Bqv3Lc","textfile"
"rs9831949",3,143567385,"T","G",0.895331,0.0112764,-0.04923,0.374197,"outcome",TRUE,"reported","Bqv3Lc","textfile"
