"SNP","chr.outcome","pos.outcome","effect_allele.outcome","other_allele.outcome","pval.outcome","eaf.outcome","beta.outcome","se.outcome","outcome","mr_keep.outcome","pval_origin.outcome","id.outcome","data_source.outcome"
"rs11931868",4,189165474,"T","A",0.926453,0.155896,-0.0100214,0.108565,"outcome",TRUE,"reported","Minrj6","textfile"
"rs12412942",10,2315508,"A","G",0.0460596,0.653796,0.1662,0.0833145,"outcome",TRUE,"reported","Minrj6","textfile"
"rs1248821",3,84881596,"C","T",0.360535,0.749015,0.0831804,0.0909725,"outcome",TRUE,"reported","Minrj6","textfile"
"rs16864115",3,189227533,"T","C",0.0825011,0.0412801,-0.345672,0.199079,"outcome",TRUE,"reported","Minrj6","textfile"
"rs17294478",4,183806265,"T","C",0.88266,0.184703,0.0150439,0.101925,"outcome",TRUE,"reported","Minrj6","textfile"
"rs3935503",18,30004572,"T","G",0.98512,0.795572,0.00182246,0.0977188,"outcome",TRUE,"reported","Minrj6","textfile"
"rs951918",5,123906442,"A","G",0.649056,0.827014,0.047434,0.104233,"outcome",TRUE,"reported","Minrj6","textfile"
