"SNP","chr.outcome","pos.outcome","effect_allele.outcome","other_allele.outcome","pval.outcome","eaf.outcome","beta.outcome","se.outcome","outcome","mr_keep.outcome","pval_origin.outcome","id.outcome","data_source.outcome"
"rs1165165",6,25862238,"T","C",0.194485,0.218458,0.123533,0.0952145,"outcome",TRUE,"reported","EHUSBd","textfile"
"rs12189736",6,71584021,"C","T",0.795143,0.112742,0.0326046,0.125577,"outcome",TRUE,"reported","EHUSBd","textfile"
"rs2399250",3,108900819,"G","A",0.839791,0.120371,0.0245456,0.121416,"outcome",TRUE,"reported","EHUSBd","textfile"
"rs2581383",15,99925689,"G","C",0.42557,0.327544,0.0671196,0.0842369,"outcome",TRUE,"reported","EHUSBd","textfile"
"rs2674357",6,92760167,"C","G",0.0151551,0.772212,-0.228363,0.0940286,"outcome",TRUE,"reported","EHUSBd","textfile"
"rs4141381",16,13834122,"G","T",0.201011,0.0449459,-0.245225,0.19178,"outcome",TRUE,"reported","EHUSBd","textfile"
"rs4322806",2,183987069,"G","C",0.341853,0.938742,-0.156983,0.165156,"outcome",TRUE,"reported","EHUSBd","textfile"
"rs6552978",4,168639514,"G","A",0.822906,0.191982,0.0223424,0.099828,"outcome",TRUE,"reported","EHUSBd","textfile"
"rs791232",12,92395153,"T","C",0.702825,0.530204,0.0303024,0.0794275,"outcome",TRUE,"reported","EHUSBd","textfile"
"rs9616173",22,46949591,"T","C",0.277375,0.0533463,-0.188703,0.173722,"outcome",TRUE,"reported","EHUSBd","textfile"
