"SNP","chr.outcome","pos.outcome","effect_allele.outcome","other_allele.outcome","pval.outcome","eaf.outcome","beta.outcome","se.outcome","outcome","mr_keep.outcome","pval_origin.outcome","id.outcome","data_source.outcome"
"rs11670792",19,35304513,"C","T",0.696373,0.10691,-0.0502951,0.128888,"outcome",TRUE,"reported","CKsRkd","textfile"
"rs11697457",20,5347431,"G","A",0.874151,0.0206773,0.0437097,0.275966,"outcome",TRUE,"reported","CKsRkd","textfile"
"rs11792920",9,134219660,"A","G",0.807052,0.12674,0.0290109,0.118785,"outcome",TRUE,"reported","CKsRkd","textfile"
"rs12005871",9,109316084,"T","A",0.548401,0.0618905,0.0995967,0.165951,"outcome",TRUE,"reported","CKsRkd","textfile"
"rs12650232",4,87995349,"G","T",0.98829,0.143797,-0.00167899,0.114396,"outcome",TRUE,"reported","CKsRkd","textfile"
"rs12822507",12,12620587,"G","A",0.303778,0.195646,0.10283,0.0999936,"outcome",TRUE,"reported","CKsRkd","textfile"
"rs13235582",7,101553748,"T","C",0.987509,0.216132,0.0015252,0.0974225,"outcome",TRUE,"reported","CKsRkd","textfile"
"rs1479400",3,61948792,"C","T",0.748406,0.149104,0.0356309,0.111089,"outcome",TRUE,"reported","CKsRkd","textfile"
"rs162882",5,132272598,"G","C",0.0495405,0.104823,0.253006,0.128827,"outcome",TRUE,"reported","CKsRkd","textfile"
"rs16870710",6,93097160,"A","C",0.0995543,0.0831578,-0.235414,0.142933,"outcome",TRUE,"reported","CKsRkd","textfile"
"rs16878933",5,1498225,"A","T",0.293914,0.0433568,-0.204748,0.195077,"outcome",TRUE,"reported","CKsRkd","textfile"
"rs16897568",6,165229942,"C","T",0.835987,0.155915,0.0226743,0.109522,"outcome",TRUE,"reported","CKsRkd","textfile"
"rs17126976",14,90719523,"G","A",0.944555,0.155738,-0.00755522,0.108636,"outcome",TRUE,"reported","CKsRkd","textfile"
"rs1865661",2,51847913,"T","A",0.478819,0.0305026,0.16526,0.233351,"outcome",TRUE,"reported","CKsRkd","textfile"
"rs2956731",8,38333251,"G","T",0.370079,0.0872227,0.125583,0.140109,"outcome",TRUE,"reported","CKsRkd","textfile"
"rs4374185",16,7198313,"T","C",0.527396,0.577492,-0.0505894,0.0800483,"outcome",TRUE,"reported","CKsRkd","textfile"
"rs4387456",13,18713639,"G","A",0.075043,0.0232657,0.465914,0.26172,"outcome",TRUE,"reported","CKsRkd","textfile"
"rs6080482",20,16907074,"A","G",0.973056,0.135389,-0.00387233,0.11465,"outcome",TRUE,"reported","CKsRkd","textfile"
"rs6829571",4,140573773,"G","A",0.64963,0.221422,-0.0430599,0.0947878,"outcome",TRUE,"reported","CKsRkd","textfile"
"rs6956438",7,7817038,"A","G",0.134627,0.92493,0.226603,0.151462,"outcome",TRUE,"reported","CKsRkd","textfile"
"rs7950414",11,12900843,"A","G",0.0588559,0.0345058,-0.416107,0.220247,"outcome",TRUE,"reported","CKsRkd","textfile"
"rs8101059",19,56934366,"A","G",0.330293,0.475147,0.0777975,0.0799133,"outcome",TRUE,"reported","CKsRkd","textfile"
"rs882014",13,76822072,"A","G",0.652152,0.018317,-0.135786,0.301228,"outcome",TRUE,"reported","CKsRkd","textfile"
"rs9586074",13,103213610,"C","A",0.65186,0.00944481,-0.184041,0.40791,"outcome",TRUE,"reported","CKsRkd","textfile"
"rs9787093",1,34652324,"A","G",0.180943,0.00546774,-0.733155,0.548007,"outcome",TRUE,"reported","CKsRkd","textfile"
"rs9961807",18,56152673,"T","C",0.999008,0.210724,-0.000120456,0.0968413,"outcome",TRUE,"reported","CKsRkd","textfile"
