"SNP","chr.outcome","pos.outcome","effect_allele.outcome","other_allele.outcome","pval.outcome","eaf.outcome","beta.outcome","se.outcome","outcome","mr_keep.outcome","pval_origin.outcome","id.outcome","data_source.outcome"
"rs10765034",10,131072152,"T","C",0.896554,0.257426,-0.0118845,0.0914086,"outcome",TRUE,"reported","GwLLAf","textfile"
"rs2163880",12,72673760,"G","A",0.318906,0.0766036,0.148553,0.149044,"outcome",TRUE,"reported","GwLLAf","textfile"
"rs5765217",22,45199840,"G","A",0.150005,0.722783,-0.127229,0.0883833,"outcome",TRUE,"reported","GwLLAf","textfile"
"rs7092545",10,21336246,"A","C",0.0645164,0.141922,0.209797,0.11349,"outcome",TRUE,"reported","GwLLAf","textfile"
"rs8021829",14,101220901,"G","C",0.0520823,0.037252,0.410602,0.211384,"outcome",TRUE,"reported","GwLLAf","textfile"
