"SNP","chr.outcome","pos.outcome","effect_allele.outcome","other_allele.outcome","pval.outcome","eaf.outcome","beta.outcome","se.outcome","outcome","mr_keep.outcome","pval_origin.outcome","id.outcome","data_source.outcome"
"rs11603772",11,36869443,"A","G",0.60831,0.295342,-0.0441435,0.0861357,"outcome",TRUE,"reported","DutHl0","textfile"
"rs11760565",7,96114955,"T","C",0.577325,0.179772,0.0576887,0.103515,"outcome",TRUE,"reported","DutHl0","textfile"
"rs1185800",13,39405508,"T","C",0.650154,0.890834,-0.0574767,0.126727,"outcome",TRUE,"reported","DutHl0","textfile"
"rs12622653",2,98929892,"G","A",0.214597,0.216212,-0.119936,0.0966429,"outcome",TRUE,"reported","DutHl0","textfile"
"rs16951745",18,7442606,"A","G",0.995344,0.138586,0.000665046,0.113959,"outcome",TRUE,"reported","DutHl0","textfile"
"rs1836049",8,16682730,"G","T",0.601185,0.00262603,-0.404649,0.774156,"outcome",TRUE,"reported","DutHl0","textfile"
"rs2243168",1,206836043,"A","T",0.446867,0.898311,-0.0988044,0.129895,"outcome",TRUE,"reported","DutHl0","textfile"
"rs2467285",11,45754974,"C","T",0.486861,0.458451,-0.0554622,0.0797661,"outcome",TRUE,"reported","DutHl0","textfile"
"rs4351",17,63492371,"A","G",0.67975,0.43927,0.032929,0.079769,"outcome",TRUE,"reported","DutHl0","textfile"
"rs6060489",20,31650102,"A","C",0.224452,0.071001,-0.187233,0.15413,"outcome",TRUE,"reported","DutHl0","textfile"
"rs6124466",20,42493466,"C","T",0.303367,0.172357,-0.108594,0.105509,"outcome",TRUE,"reported","DutHl0","textfile"
"rs743745",22,32720793,"T","G",0.621417,0.163285,0.0526968,0.106708,"outcome",TRUE,"reported","DutHl0","textfile"
"rs7697282",4,110230132,"C","T",0.0143278,0.0218826,0.645303,0.263504,"outcome",TRUE,"reported","DutHl0","textfile"
"rs819952",6,40187532,"G","C",0.631667,0.400944,0.0386281,0.0805788,"outcome",TRUE,"reported","DutHl0","textfile"
