"SNP","chr.outcome","pos.outcome","effect_allele.outcome","other_allele.outcome","pval.outcome","eaf.outcome","beta.outcome","se.outcome","outcome","mr_keep.outcome","pval_origin.outcome","id.outcome","data_source.outcome"
"rs1051684",17,63929137,"G","A",0.0267055,0.592173,0.178209,0.0804265,"outcome",TRUE,"reported","OnfVXm","textfile"
"rs10738470",9,16938691,"C","T",0.207346,0.887709,-0.158171,0.125444,"outcome",TRUE,"reported","OnfVXm","textfile"
"rs10764178",10,19930339,"A","T",0.827012,0.967557,-0.048366,0.221318,"outcome",TRUE,"reported","OnfVXm","textfile"
"rs11773897",7,156038495,"G","T",0.948181,0.460988,-0.00517135,0.0795694,"outcome",TRUE,"reported","OnfVXm","textfile"
"rs12599099",16,25842284,"T","C",0.24569,0.0870212,-0.166067,0.143052,"outcome",TRUE,"reported","OnfVXm","textfile"
"rs13105073",4,110267569,"T","A",0.0287085,0.0218816,0.577008,0.263779,"outcome",TRUE,"reported","OnfVXm","textfile"
"rs1411176",8,131117447,"C","T",0.741017,0.636656,0.0272043,0.0823109,"outcome",TRUE,"reported","OnfVXm","textfile"
"rs1498100",5,19854511,"A","T",0.241374,0.437958,-0.0933394,0.0796712,"outcome",TRUE,"reported","OnfVXm","textfile"
"rs16959731",15,47599035,"T","C",0.131455,0.115229,-0.186123,0.123392,"outcome",TRUE,"reported","OnfVXm","textfile"
"rs2068007",12,71195836,"C","T",0.92466,0.0699139,-0.0146322,0.15473,"outcome",TRUE,"reported","OnfVXm","textfile"
"rs2254145",16,85787980,"G","A",0.469777,0.815041,-0.0736524,0.101893,"outcome",TRUE,"reported","OnfVXm","textfile"
"rs4351",17,63492371,"A","G",0.67975,0.43927,0.032929,0.079769,"outcome",TRUE,"reported","OnfVXm","textfile"
"rs4403944",13,62050138,"T","G",0.419077,0.095405,0.107842,0.133464,"outcome",TRUE,"reported","OnfVXm","textfile"
"rs4486099",7,5333739,"C","A",0.902162,0.86126,0.0140427,0.114232,"outcome",TRUE,"reported","OnfVXm","textfile"
"rs890554",8,81321675,"C","G",0.585549,0.77503,-0.0518,0.0949938,"outcome",TRUE,"reported","OnfVXm","textfile"
