"SNP","chr.outcome","pos.outcome","effect_allele.outcome","other_allele.outcome","pval.outcome","eaf.outcome","beta.outcome","se.outcome","outcome","mr_keep.outcome","pval_origin.outcome","id.outcome","data_source.outcome"
"rs11079672",17,66929858,"C","T",0.358514,0.0132267,-0.315873,0.344013,"outcome",TRUE,"reported","GS3KsK","textfile"
"rs12494751",3,23728406,"A","C",0.648091,0.144744,-0.0516054,0.113067,"outcome",TRUE,"reported","GS3KsK","textfile"
"rs12617093",2,64473337,"T","C",0.990086,0.477079,0.00100776,0.0811036,"outcome",TRUE,"reported","GS3KsK","textfile"
"rs13105073",4,110267569,"T","A",0.0287085,0.0218816,0.577008,0.263779,"outcome",TRUE,"reported","GS3KsK","textfile"
"rs16992910",22,33731518,"A","G",0.15137,0.0404088,0.285555,0.199034,"outcome",TRUE,"reported","GS3KsK","textfile"
"rs2357258",2,9666398,"A","C",0.433631,0.666885,-0.0657835,0.0840153,"outcome",TRUE,"reported","GS3KsK","textfile"
"rs4351",17,63492371,"A","G",0.67975,0.43927,0.032929,0.079769,"outcome",TRUE,"reported","GS3KsK","textfile"
"rs463106",5,123166873,"C","T",0.0706887,0.467525,0.143599,0.0794473,"outcome",TRUE,"reported","GS3KsK","textfile"
"rs651007",9,133278431,"C","T",0.297392,0.777012,0.0986748,0.0946938,"outcome",TRUE,"reported","GS3KsK","textfile"
"rs7229244",18,55171756,"C","A",0.544984,0.299362,0.0524915,0.0867209,"outcome",TRUE,"reported","GS3KsK","textfile"
"rs7992673",13,41202226,"C","T",0.693,0.214606,-0.0380278,0.0963244,"outcome",TRUE,"reported","GS3KsK","textfile"
"rs9479657",6,153607261,"T","C",0.682431,0.072513,-0.0626022,0.153007,"outcome",TRUE,"reported","GS3KsK","textfile"
