"SNP","chr.outcome","pos.outcome","effect_allele.outcome","other_allele.outcome","pval.outcome","eaf.outcome","beta.outcome","se.outcome","outcome","mr_keep.outcome","pval_origin.outcome","id.outcome","data_source.outcome"
"rs10511749",9,24219686,"T","A",0.635946,0.0531141,0.0832512,0.175867,"outcome",TRUE,"reported","6Wa8dF","textfile"
"rs12579447",12,27664828,"A","T",0.216633,0.0509735,0.221705,0.179441,"outcome",TRUE,"reported","6Wa8dF","textfile"
"rs13098279",3,37190967,"A","G",0.397604,0.213989,-0.0814243,0.0962566,"outcome",TRUE,"reported","6Wa8dF","textfile"
"rs1358498",7,121545882,"T","C",0.827651,0.655776,-0.0181316,0.0832815,"outcome",TRUE,"reported","6Wa8dF","textfile"
"rs16984516",2,18239606,"G","A",0.407142,0.0111067,-0.312007,0.376396,"outcome",TRUE,"reported","6Wa8dF","textfile"
"rs17125342",11,121437599,"T","C",0.266448,0.0265382,-0.274566,0.247072,"outcome",TRUE,"reported","6Wa8dF","textfile"
"rs2072901",1,4769775,"G","A",0.929146,0.17291,-0.00932883,0.104913,"outcome",TRUE,"reported","6Wa8dF","textfile"
"rs2280042",2,216477634,"A","G",0.919599,0.011078,-0.0378067,0.374552,"outcome",TRUE,"reported","6Wa8dF","textfile"
"rs2488856",14,43062199,"A","C",0.362924,0.865115,0.105588,0.116056,"outcome",TRUE,"reported","6Wa8dF","textfile"
"rs2819047",10,10172703,"G","A",0.642235,0.737641,-0.0417573,0.0898825,"outcome",TRUE,"reported","6Wa8dF","textfile"
"rs478259",3,105564180,"G","A",0.0163177,0.0926222,-0.32784,0.136502,"outcome",TRUE,"reported","6Wa8dF","textfile"
"rs727145",1,40806861,"T","C",0.469454,0.354303,-0.0595763,0.0823597,"outcome",TRUE,"reported","6Wa8dF","textfile"
"rs727276",1,80477790,"C","T",0.0489272,0.0665326,-0.310451,0.157651,"outcome",TRUE,"reported","6Wa8dF","textfile"
"rs7332616",13,21103192,"C","T",0.482384,0.172057,0.0741999,0.105627,"outcome",TRUE,"reported","6Wa8dF","textfile"
"rs9348951",6,11692186,"A","C",0.687987,0.362806,-0.0329747,0.0821104,"outcome",TRUE,"reported","6Wa8dF","textfile"
