"SNP","chr.outcome","pos.outcome","effect_allele.outcome","other_allele.outcome","pval.outcome","eaf.outcome","beta.outcome","se.outcome","outcome","mr_keep.outcome","pval_origin.outcome","id.outcome","data_source.outcome"
"rs10973519",9,3784103,"T","C",0.95939,0.364182,-0.00420182,0.0825195,"outcome",TRUE,"reported","aJgmuq","textfile"
"rs12266302",10,99996696,"C","A",0.408651,0.037413,-0.172191,0.208396,"outcome",TRUE,"reported","aJgmuq","textfile"
"rs12404009",1,237765552,"G","A",0.844519,0.0851581,0.027666,0.141069,"outcome",TRUE,"reported","aJgmuq","textfile"
"rs1889157",9,134239765,"A","G",0.686836,0.481557,0.0322696,0.0800432,"outcome",TRUE,"reported","aJgmuq","textfile"
"rs4362",17,63496400,"C","T",0.513271,0.452188,0.051929,0.0794322,"outcome",TRUE,"reported","aJgmuq","textfile"
"rs4897622",6,132922394,"A","G",0.506718,0.120202,0.081209,0.12231,"outcome",TRUE,"reported","aJgmuq","textfile"
"rs4954715",2,138552198,"A","G",0.930822,0.0583709,-0.0146799,0.169102,"outcome",TRUE,"reported","aJgmuq","textfile"
"rs6089829",20,63037684,"G","A",0.591292,0.60651,-0.0437911,0.0815532,"outcome",TRUE,"reported","aJgmuq","textfile"
"rs651007",9,133278431,"C","T",0.297392,0.777012,0.0986748,0.0946938,"outcome",TRUE,"reported","aJgmuq","textfile"
"rs7099968",10,130644629,"T","C",0.425833,0.0239248,-0.208773,0.262165,"outcome",TRUE,"reported","aJgmuq","textfile"
"rs7187550",16,54639283,"T","C",0.116708,0.111535,-0.200316,0.127692,"outcome",TRUE,"reported","aJgmuq","textfile"
"rs7474722",10,57733467,"T","C",0.0343423,0.885067,-0.264316,0.124911,"outcome",TRUE,"reported","aJgmuq","textfile"
"rs7812350",8,15815025,"C","T",0.453851,0.166997,0.0792517,0.105808,"outcome",TRUE,"reported","aJgmuq","textfile"
"rs7980973",12,31939183,"G","T",0.376812,0.188076,-0.0893456,0.101094,"outcome",TRUE,"reported","aJgmuq","textfile"
