"SNP","chr.outcome","pos.outcome","effect_allele.outcome","other_allele.outcome","pval.outcome","eaf.outcome","beta.outcome","se.outcome","outcome","mr_keep.outcome","pval_origin.outcome","id.outcome","data_source.outcome"
"rs11066661",12,113640250,"A","C",0.0195173,0.473882,-0.184913,0.0791748,"outcome",TRUE,"reported","nknTkJ","textfile"
"rs1106806",13,109544429,"A","C",0.169607,0.411397,-0.110137,0.0801887,"outcome",TRUE,"reported","nknTkJ","textfile"
"rs11079672",17,66929858,"C","T",0.358514,0.0132267,-0.315873,0.344013,"outcome",TRUE,"reported","nknTkJ","textfile"
"rs13025191",2,46155878,"C","G",0.849766,0.810133,-0.0191821,0.101269,"outcome",TRUE,"reported","nknTkJ","textfile"
"rs17121435",8,15416809,"G","A",0.607209,0.00685271,0.250071,0.486461,"outcome",TRUE,"reported","nknTkJ","textfile"
"rs1909355",12,24135219,"C","T",0.632373,0.91598,-0.0685861,0.143369,"outcome",TRUE,"reported","nknTkJ","textfile"
"rs205208",6,89016691,"C","T",0.74823,0.938586,0.0536135,0.167034,"outcome",TRUE,"reported","nknTkJ","textfile"
"rs2278161",18,74508848,"C","T",0.173065,0.147618,0.151078,0.110889,"outcome",TRUE,"reported","nknTkJ","textfile"
"rs297192",5,17192924,"G","T",0.469014,0.675716,0.0613303,0.0847005,"outcome",TRUE,"reported","nknTkJ","textfile"
"rs35060330",5,151458524,"T","C",0.257033,0.281743,0.0992769,0.0875897,"outcome",TRUE,"reported","nknTkJ","textfile"
"rs4351",17,63492371,"A","G",0.67975,0.43927,0.032929,0.079769,"outcome",TRUE,"reported","nknTkJ","textfile"
"rs4949966",1,95503479,"C","T",0.284193,0.161123,0.116177,0.10848,"outcome",TRUE,"reported","nknTkJ","textfile"
"rs6070840",20,59541975,"A","C",0.292973,0.156055,-0.115191,0.109536,"outcome",TRUE,"reported","nknTkJ","textfile"
"rs6124466",20,42493466,"C","T",0.303367,0.172357,-0.108594,0.105509,"outcome",TRUE,"reported","nknTkJ","textfile"
"rs6533515",4,110416708,"G","A",0.256213,0.785086,0.109556,0.0964925,"outcome",TRUE,"reported","nknTkJ","textfile"
"rs779741",3,7541915,"A","C",0.349297,0.624802,-0.0762693,0.0814882,"outcome",TRUE,"reported","nknTkJ","textfile"
"rs7840544",8,50745182,"G","A",0.533936,0.0231242,0.164344,0.264214,"outcome",TRUE,"reported","nknTkJ","textfile"
"rs9574536",13,80010956,"C","T",0.711767,0.479337,0.0298295,0.0807332,"outcome",TRUE,"reported","nknTkJ","textfile"
