"SNP","chr.outcome","pos.outcome","effect_allele.outcome","other_allele.outcome","pval.outcome","eaf.outcome","beta.outcome","se.outcome","outcome","mr_keep.outcome","pval_origin.outcome","id.outcome","data_source.outcome"
"rs10894263",11,130829215,"A","C",0.919797,0.598949,0.00819965,0.0814353,"outcome",TRUE,"reported","iMW3QO","textfile"
"rs10899916",10,43803872,"T","C",0.320479,0.358974,0.0820708,0.08261,"outcome",TRUE,"reported","iMW3QO","textfile"
"rs11585904",1,222070183,"C","G",0.340185,0.149796,-0.106131,0.111272,"outcome",TRUE,"reported","iMW3QO","textfile"
"rs11670375",19,45644979,"G","A",0.248289,0.170223,0.121572,0.105301,"outcome",TRUE,"reported","iMW3QO","textfile"
"rs1374273",2,46824412,"A","G",0.468425,0.602169,-0.0586009,0.080824,"outcome",TRUE,"reported","iMW3QO","textfile"
"rs1449969",2,23148969,"G","A",0.652361,0.28166,0.0395217,0.0877315,"outcome",TRUE,"reported","iMW3QO","textfile"
"rs1557339",18,37549113,"A","C",0.357329,0.778292,0.0875103,0.0950717,"outcome",TRUE,"reported","iMW3QO","textfile"
"rs4654649",1,228759958,"T","C",0.0360562,0.629747,-0.171556,0.0818377,"outcome",TRUE,"reported","iMW3QO","textfile"
"rs6913176",6,24957283,"C","T",0.807564,0.00187772,-0.219376,0.90067,"outcome",TRUE,"reported","iMW3QO","textfile"
