"SNP","chr.outcome","pos.outcome","effect_allele.outcome","other_allele.outcome","pval.outcome","eaf.outcome","beta.outcome","se.outcome","outcome","mr_keep.outcome","pval_origin.outcome","id.outcome","data_source.outcome"
"rs1075106",8,53683998,"A","C",0.0439815,0.707849,0.174974,0.0868674,"outcome",TRUE,"reported","dCUgVa","textfile"
"rs10889714",1,40905966,"T","C",0.0319831,0.308284,0.183124,0.0853875,"outcome",TRUE,"reported","dCUgVa","textfile"
"rs11613221",12,94138756,"G","C",0.841695,0.0953163,-0.0268363,0.134366,"outcome",TRUE,"reported","dCUgVa","textfile"
"rs13100602",3,137382124,"T","G",0.748247,0.381652,-0.0260443,0.0811468,"outcome",TRUE,"reported","dCUgVa","textfile"
"rs13125176",4,48239443,"C","G",0.0219644,0.198974,0.226171,0.0987223,"outcome",TRUE,"reported","dCUgVa","textfile"
"rs1469456",5,103918141,"C","T",0.384253,0.27655,-0.0774816,0.0890504,"outcome",TRUE,"reported","dCUgVa","textfile"
"rs1893625",18,71967315,"A","T",0.19724,0.190131,-0.130574,0.101263,"outcome",TRUE,"reported","dCUgVa","textfile"
"rs2311717",18,28296923,"A","T",0.216443,0.634556,-0.101591,0.0821907,"outcome",TRUE,"reported","dCUgVa","textfile"
"rs2842707",1,207124139,"C","G",0.844227,0.372237,-0.016402,0.0834751,"outcome",TRUE,"reported","dCUgVa","textfile"
"rs4542627",15,77778401,"T","A",0.629979,0.576561,0.0386315,0.080189,"outcome",TRUE,"reported","dCUgVa","textfile"
"rs4986894",10,94762608,"C","T",0.282812,0.170094,-0.113664,0.10583,"outcome",TRUE,"reported","dCUgVa","textfile"
"rs967942",4,20662243,"C","T",0.858558,0.680009,0.0151247,0.0848703,"outcome",TRUE,"reported","dCUgVa","textfile"
