"SNP","chr.outcome","pos.outcome","effect_allele.outcome","other_allele.outcome","pval.outcome","eaf.outcome","beta.outcome","se.outcome","outcome","mr_keep.outcome","pval_origin.outcome","id.outcome","data_source.outcome"
"rs1192458",6,61962296,"A","G",0.49671,0.660769,-0.057021,0.0838944,"outcome",TRUE,"reported","l8BjEj","textfile"
"rs1893285",18,6668782,"A","G",0.173137,0.583156,-0.109434,0.0803364,"outcome",TRUE,"reported","l8BjEj","textfile"
"rs2174099",8,996165,"C","G",0.869112,0.147921,-0.0184553,0.111995,"outcome",TRUE,"reported","l8BjEj","textfile"
"rs2874702",4,165530736,"T","C",0.814962,0.376934,-0.0190826,0.0815393,"outcome",TRUE,"reported","l8BjEj","textfile"
"rs7021014",9,79902508,"G","T",0.955596,0.199609,0.00553258,0.0993624,"outcome",TRUE,"reported","l8BjEj","textfile"
