"SNP","chr.outcome","pos.outcome","effect_allele.outcome","other_allele.outcome","pval.outcome","eaf.outcome","beta.outcome","se.outcome","outcome","mr_keep.outcome","pval_origin.outcome","id.outcome","data_source.outcome"
"rs10753990",1,191650420,"A","C",0.816259,0.341793,-0.0194254,0.083601,"outcome",TRUE,"reported","iqipZy","textfile"
"rs11786174",8,28181272,"A","C",0.636866,0.11912,0.0578594,0.122561,"outcome",TRUE,"reported","iqipZy","textfile"
"rs11927423",3,1743570,"G","A",0.423221,0.018525,-0.233173,0.291158,"outcome",TRUE,"reported","iqipZy","textfile"
"rs12962966",18,4077811,"T","C",0.0347392,0.112185,-0.266327,0.126138,"outcome",TRUE,"reported","iqipZy","textfile"
"rs12966200",18,41821055,"T","A",0.214012,0.151147,-0.137536,0.110683,"outcome",TRUE,"reported","iqipZy","textfile"
"rs12974040",19,17950830,"T","C",0.462028,0.266197,-0.0657363,0.0893748,"outcome",TRUE,"reported","iqipZy","textfile"
"rs1479073",5,101770294,"T","C",0.508197,0.712061,0.0578871,0.0874892,"outcome",TRUE,"reported","iqipZy","textfile"
"rs151316",11,2798390,"C","T",0.277918,0.795911,-0.109666,0.101074,"outcome",TRUE,"reported","iqipZy","textfile"
"rs1783235",11,116179554,"A","G",0.428976,0.757781,-0.0732349,0.0925917,"outcome",TRUE,"reported","iqipZy","textfile"
"rs2074881",19,1970022,"T","C",0.262686,0.130137,-0.132467,0.118267,"outcome",TRUE,"reported","iqipZy","textfile"
"rs2166711",8,3396020,"C","G",0.947986,0.542842,-0.005172,0.0792811,"outcome",TRUE,"reported","iqipZy","textfile"
"rs2404867",4,135598736,"C","A",0.974069,0.291196,-0.00282363,0.0868677,"outcome",TRUE,"reported","iqipZy","textfile"
"rs327759",9,7805650,"T","C",0.327862,0.181794,-0.101657,0.103898,"outcome",TRUE,"reported","iqipZy","textfile"
"rs3846241",4,160367889,"G","A",0.303751,0.529578,0.0817558,0.0794963,"outcome",TRUE,"reported","iqipZy","textfile"
"rs6999153",8,9335991,"A","G",0.250003,0.479117,0.0915911,0.0796208,"outcome",TRUE,"reported","iqipZy","textfile"
"rs7211140",17,74177771,"G","A",0.501143,0.497508,0.0533056,0.0792422,"outcome",TRUE,"reported","iqipZy","textfile"
"rs802524",7,146254550,"C","T",0.329473,0.0207912,-0.272118,0.279045,"outcome",TRUE,"reported","iqipZy","textfile"
