"SNP","chr.outcome","pos.outcome","effect_allele.outcome","other_allele.outcome","pval.outcome","eaf.outcome","beta.outcome","se.outcome","outcome","mr_keep.outcome","pval_origin.outcome","id.outcome","data_source.outcome"
"rs10916130",1,227370441,"C","T",0.331866,0.211148,0.0943106,0.0971912,"outcome",TRUE,"reported","X6D7lR","textfile"
"rs13142346",4,120142202,"T","G",0.488814,0.280685,0.060855,0.0879159,"outcome",TRUE,"reported","X6D7lR","textfile"
"rs1681886",8,106679652,"G","A",0.432284,0.383639,0.0638795,0.0813453,"outcome",TRUE,"reported","X6D7lR","textfile"
"rs17366517",2,11180542,"G","A",0.139494,0.0895894,0.205362,0.138976,"outcome",TRUE,"reported","X6D7lR","textfile"
"rs2130048",11,104321577,"T","G",0.147992,0.88725,-0.180196,0.12456,"outcome",TRUE,"reported","X6D7lR","textfile"
"rs2499690",6,34073641,"G","A",0.14366,0.0170128,0.442532,0.302628,"outcome",TRUE,"reported","X6D7lR","textfile"
"rs4074801",2,218071118,"C","T",0.0227206,0.503123,-0.181067,0.0794814,"outcome",TRUE,"reported","X6D7lR","textfile"
"rs4559573",10,64732659,"C","G",0.405187,0.425625,0.0663886,0.0797565,"outcome",TRUE,"reported","X6D7lR","textfile"
"rs6138327",20,24569001,"G","C",0.908139,0.0313951,0.0260631,0.225877,"outcome",TRUE,"reported","X6D7lR","textfile"
"rs6761802",2,31000648,"A","G",0.0901301,0.452027,-0.134862,0.0795781,"outcome",TRUE,"reported","X6D7lR","textfile"
"rs7220100",17,6445503,"G","A",0.752662,0.177204,0.0328026,0.104092,"outcome",TRUE,"reported","X6D7lR","textfile"
"rs9399651",6,148463504,"G","C",0.573814,0.21188,-0.0545528,0.0969925,"outcome",TRUE,"reported","X6D7lR","textfile"
