"SNP","chr.outcome","pos.outcome","effect_allele.outcome","other_allele.outcome","pval.outcome","eaf.outcome","beta.outcome","se.outcome","outcome","mr_keep.outcome","pval_origin.outcome","id.outcome","data_source.outcome"
"rs11581618",1,178603585,"A","G",0.683027,0.392696,0.0331033,0.0810689,"outcome",TRUE,"reported","Yt2Ieh","textfile"
"rs12317268",12,21199607,"G","A",0.265713,0.280142,0.0982437,0.0882702,"outcome",TRUE,"reported","Yt2Ieh","textfile"
"rs1434665",5,137158150,"T","A",0.879433,0.326536,0.0128173,0.0844973,"outcome",TRUE,"reported","Yt2Ieh","textfile"
"rs1452868",10,129155917,"G","C",0.210297,0.575147,-0.0999693,0.0798,"outcome",TRUE,"reported","Yt2Ieh","textfile"
"rs17145556",11,57201086,"C","T",0.970032,0.0703811,0.00583429,0.155297,"outcome",TRUE,"reported","Yt2Ieh","textfile"
"rs17651844",15,52590675,"A","G",0.93508,0.0382475,0.0165751,0.203489,"outcome",TRUE,"reported","Yt2Ieh","textfile"
"rs17832807",14,57352248,"C","G",0.36325,0.146267,-0.102598,0.112846,"outcome",TRUE,"reported","Yt2Ieh","textfile"
"rs2581320",16,86270777,"T","G",0.732604,0.922484,-0.0507578,0.148561,"outcome",TRUE,"reported","Yt2Ieh","textfile"
"rs2699340",13,103128796,"G","C",0.897919,0.476228,-0.0101955,0.0794718,"outcome",TRUE,"reported","Yt2Ieh","textfile"
"rs3763941",11,68008892,"T","C",0.562025,0.101776,0.0762894,0.131571,"outcome",TRUE,"reported","Yt2Ieh","textfile"
"rs3790310",20,17652178,"T","A",0.886444,0.152543,0.0156978,0.109924,"outcome",TRUE,"reported","Yt2Ieh","textfile"
"rs4149002",12,21291949,"A","G",0.405459,0.185839,0.0841469,0.101149,"outcome",TRUE,"reported","Yt2Ieh","textfile"
"rs4610008",2,108275489,"C","T",0.483585,0.474122,-0.0554047,0.0790876,"outcome",TRUE,"reported","Yt2Ieh","textfile"
"rs4657463",1,165688358,"G","C",0.319544,0.282228,-0.0873605,0.0877645,"outcome",TRUE,"reported","Yt2Ieh","textfile"
"rs594084",9,3925954,"T","C",0.654633,0.638315,0.0369494,0.0825987,"outcome",TRUE,"reported","Yt2Ieh","textfile"
"rs6563831",13,40401800,"T","C",0.137546,0.606895,0.120502,0.0811468,"outcome",TRUE,"reported","Yt2Ieh","textfile"
"rs6771638",3,119805319,"T","G",0.456845,0.242081,-0.0688499,0.0925337,"outcome",TRUE,"reported","Yt2Ieh","textfile"
"rs6859143",5,104054963,"G","A",0.437212,0.230288,-0.0726239,0.0934778,"outcome",TRUE,"reported","Yt2Ieh","textfile"
"rs7499206",16,53012222,"C","T",0.53549,0.761231,0.0571795,0.0922774,"outcome",TRUE,"reported","Yt2Ieh","textfile"
