"SNP","chr.outcome","pos.outcome","effect_allele.outcome","other_allele.outcome","pval.outcome","eaf.outcome","beta.outcome","se.outcome","outcome","mr_keep.outcome","pval_origin.outcome","id.outcome","data_source.outcome"
"rs11045510",12,20803334,"T","C",0.269196,0.112385,-0.137768,0.124686,"outcome",TRUE,"reported","Gu8QL5","textfile"
"rs11099476",4,81564902,"A","T",0.61043,0.460237,-0.0405855,0.0796639,"outcome",TRUE,"reported","Gu8QL5","textfile"
"rs11722928",4,81162291,"C","T",0.217024,0.1112,-0.156012,0.126378,"outcome",TRUE,"reported","Gu8QL5","textfile"
"rs11921520",3,14526564,"A","G",0.486549,0.194044,0.0699992,0.100601,"outcome",TRUE,"reported","Gu8QL5","textfile"
"rs12281635",11,120625335,"G","A",0.649922,0.372414,0.0371706,0.0818968,"outcome",TRUE,"reported","Gu8QL5","textfile"
"rs12726438",1,214484221,"T","C",0.812822,0.106739,0.0301623,0.127381,"outcome",TRUE,"reported","Gu8QL5","textfile"
"rs13159652",5,86835180,"T","C",0.900625,0.166264,0.013338,0.106813,"outcome",TRUE,"reported","Gu8QL5","textfile"
"rs13255137",8,62496729,"T","C",0.913697,0.145745,-0.0123147,0.113629,"outcome",TRUE,"reported","Gu8QL5","textfile"
"rs13408475",2,211514513,"A","G",0.217181,0.138849,0.147974,0.119908,"outcome",TRUE,"reported","Gu8QL5","textfile"
"rs1439977",2,173215005,"C","T",0.298919,0.724933,-0.0914094,0.087999,"outcome",TRUE,"reported","Gu8QL5","textfile"
"rs17112260",1,55514932,"C","T",0.942899,0.0178517,0.0211954,0.295913,"outcome",TRUE,"reported","Gu8QL5","textfile"
"rs17152472",10,12918211,"T","C",0.357075,0.0464924,-0.173184,0.188049,"outcome",TRUE,"reported","Gu8QL5","textfile"
"rs17163287",7,7096446,"A","C",0.000495667,0.683338,-0.276393,0.0793529,"outcome",TRUE,"reported","Gu8QL5","textfile"
"rs2954636",8,3883374,"T","C",0.35956,0.0898678,0.125572,0.137057,"outcome",TRUE,"reported","Gu8QL5","textfile"
"rs4795411",17,39987129,"A","G",0.766203,0.877083,-0.0360738,0.12132,"outcome",TRUE,"reported","Gu8QL5","textfile"
"rs6938391",6,144690715,"A","G",0.642987,0.0254937,0.117207,0.252858,"outcome",TRUE,"reported","Gu8QL5","textfile"
"rs7574665",2,103761839,"G","A",0.292726,0.00163584,-1.0549,1.0026,"outcome",TRUE,"reported","Gu8QL5","textfile"
"rs9922902",16,88154001,"G","C",0.269996,0.745935,-0.100397,0.0910161,"outcome",TRUE,"reported","Gu8QL5","textfile"
"rs9931063",16,81004278,"G","A",0.315372,0.198931,0.0995539,0.0991559,"outcome",TRUE,"reported","Gu8QL5","textfile"
