"SNP","chr.outcome","pos.outcome","effect_allele.outcome","other_allele.outcome","pval.outcome","eaf.outcome","beta.outcome","se.outcome","outcome","mr_keep.outcome","pval_origin.outcome","id.outcome","data_source.outcome"
"rs11711582",3,111733196,"A","G",0.964916,0.506033,0.0034832,0.0791902,"outcome",TRUE,"reported","8cJpfE","textfile"
"rs11730219",4,108546770,"C","T",0.201051,0.482535,-0.101548,0.079424,"outcome",TRUE,"reported","8cJpfE","textfile"
"rs1279831",3,136214422,"G","A",0.979331,0.54453,0.00206091,0.079549,"outcome",TRUE,"reported","8cJpfE","textfile"
"rs12823314",12,94614228,"T","C",0.629706,0.0427409,-0.0943,0.195586,"outcome",TRUE,"reported","8cJpfE","textfile"
"rs1537987",9,126479833,"C","T",0.411795,0.439002,0.065358,0.0796331,"outcome",TRUE,"reported","8cJpfE","textfile"
"rs16985567",20,61775309,"T","C",0.198324,0.573982,-0.103113,0.0801595,"outcome",TRUE,"reported","8cJpfE","textfile"
"rs17516635",9,37938556,"A","G",0.830859,0.0145127,0.0695201,0.325469,"outcome",TRUE,"reported","8cJpfE","textfile"
"rs2028012",7,18780859,"C","T",0.915931,0.786131,0.0101848,0.0964835,"outcome",TRUE,"reported","8cJpfE","textfile"
"rs2383896",8,73372583,"G","A",0.519827,0.467745,0.0512162,0.0795762,"outcome",TRUE,"reported","8cJpfE","textfile"
"rs2997247",10,120753902,"C","T",0.596126,0.210015,0.0513676,0.0969237,"outcome",TRUE,"reported","8cJpfE","textfile"
"rs329033",18,9584173,"C","A",0.10458,0.106326,-0.206819,0.127427,"outcome",TRUE,"reported","8cJpfE","textfile"
"rs4621813",8,24478032,"T","C",0.195413,0.21265,-0.124838,0.0964202,"outcome",TRUE,"reported","8cJpfE","textfile"
"rs4684437",3,4681100,"T","C",0.808526,0.199652,0.023933,0.0987625,"outcome",TRUE,"reported","8cJpfE","textfile"
"rs4782451",16,88567570,"C","A",0.0304586,0.447817,-0.172026,0.0794919,"outcome",TRUE,"reported","8cJpfE","textfile"
"rs6535384",4,82718340,"G","A",0.191647,0.498981,0.103042,0.0789156,"outcome",TRUE,"reported","8cJpfE","textfile"
"rs7037029",9,129538301,"G","A",0.279359,0.309017,-0.0924556,0.0854676,"outcome",TRUE,"reported","8cJpfE","textfile"
"rs7251886",19,41684843,"C","T",0.453352,0.517916,0.0592874,0.0790669,"outcome",TRUE,"reported","8cJpfE","textfile"
"rs7822232",8,144090784,"C","A",0.624455,0.0734441,-0.0741169,0.151399,"outcome",TRUE,"reported","8cJpfE","textfile"
"rs7910605",10,92480036,"G","A",0.938082,0.144463,0.00875618,0.112719,"outcome",TRUE,"reported","8cJpfE","textfile"
