"SNP","chr.outcome","pos.outcome","effect_allele.outcome","other_allele.outcome","pval.outcome","eaf.outcome","beta.outcome","se.outcome","outcome","mr_keep.outcome","pval_origin.outcome","id.outcome","data_source.outcome"
"rs12626113",20,55743869,"T","C",0.236373,0.21645,-0.11449,0.0966891,"outcome",TRUE,"reported","hXPP2f","textfile"
"rs12630256",3,3467484,"T","C",0.0264399,0.0346014,-0.481297,0.216831,"outcome",TRUE,"reported","hXPP2f","textfile"
"rs169291",6,140139871,"C","G",0.72635,0.730589,-0.0312192,0.0892015,"outcome",TRUE,"reported","hXPP2f","textfile"
"rs17087080",5,96863494,"C","T",0.662839,0.00246073,-0.355605,0.815611,"outcome",TRUE,"reported","hXPP2f","textfile"
"rs1849217",4,76321210,"C","T",0.631604,0.1862,-0.0485111,0.101176,"outcome",TRUE,"reported","hXPP2f","textfile"
"rs2839579",21,42735335,"A","G",0.0999908,0.33971,-0.137882,0.0838241,"outcome",TRUE,"reported","hXPP2f","textfile"
"rs2850161",21,44278679,"G","T",0.318889,0.609385,0.0808718,0.081136,"outcome",TRUE,"reported","hXPP2f","textfile"
"rs6541210",1,218782094,"A","G",0.648812,0.450767,0.0361019,0.0792729,"outcome",TRUE,"reported","hXPP2f","textfile"
"rs6860185",5,83901651,"C","T",0.0871465,0.106532,-0.219279,0.128185,"outcome",TRUE,"reported","hXPP2f","textfile"
