"SNP","chr.outcome","pos.outcome","effect_allele.outcome","other_allele.outcome","pval.outcome","eaf.outcome","beta.outcome","se.outcome","outcome","mr_keep.outcome","pval_origin.outcome","id.outcome","data_source.outcome"
"rs10131962",14,88862085,"G","A",0.278201,0.39265,-0.0878781,0.0810407,"outcome",TRUE,"reported","2YAQ66","textfile"
"rs10459871",16,81059462,"G","C",0.313656,0.120941,0.122306,0.121386,"outcome",TRUE,"reported","2YAQ66","textfile"
"rs10951634",7,40347236,"C","A",0.400158,0.58325,0.0671395,0.0798007,"outcome",TRUE,"reported","2YAQ66","textfile"
"rs11688377",2,220202970,"C","T",0.00737615,0.575286,-0.205399,0.0766597,"outcome",TRUE,"reported","2YAQ66","textfile"
"rs12412323",10,117461210,"C","T",0.693589,0.0685898,-0.0611526,0.155214,"outcome",TRUE,"reported","2YAQ66","textfile"
"rs13261824",8,19456401,"G","C",0.522249,0.517664,0.0508599,0.0794832,"outcome",TRUE,"reported","2YAQ66","textfile"
"rs17102948",14,71773048,"G","A",0.235299,0.0471461,-0.221207,0.186387,"outcome",TRUE,"reported","2YAQ66","textfile"
"rs1965169",10,48586565,"C","T",0.959377,0.869801,-0.00600894,0.11797,"outcome",TRUE,"reported","2YAQ66","textfile"
"rs1990049",7,144041346,"G","A",0.184665,0.0311181,-0.307164,0.231555,"outcome",TRUE,"reported","2YAQ66","textfile"
"rs2251480",15,53875144,"G","T",0.552992,0.263624,-0.0537669,0.0906261,"outcome",TRUE,"reported","2YAQ66","textfile"
"rs2512378",11,87040097,"T","C",0.859797,0.478005,0.0139803,0.0791493,"outcome",TRUE,"reported","2YAQ66","textfile"
"rs2824447",21,17693138,"G","A",0.889881,0.321026,-0.0117449,0.0848285,"outcome",TRUE,"reported","2YAQ66","textfile"
"rs4447447",16,11389136,"G","A",0.0995474,0.920988,0.240492,0.146014,"outcome",TRUE,"reported","2YAQ66","textfile"
"rs4490450",4,84624491,"A","G",0.697182,0.612001,-0.0318699,0.0819008,"outcome",TRUE,"reported","2YAQ66","textfile"
"rs749275",3,70102156,"A","C",0.414416,0.0653471,-0.129336,0.158471,"outcome",TRUE,"reported","2YAQ66","textfile"
"rs7666614",4,114328897,"A","G",0.896725,0.0954022,0.0172624,0.132993,"outcome",TRUE,"reported","2YAQ66","textfile"
"rs7969341",12,21232670,"G","A",0.109153,0.297372,0.138729,0.086597,"outcome",TRUE,"reported","2YAQ66","textfile"
"rs877682",7,78766084,"C","T",0.153697,0.112962,-0.178892,0.125398,"outcome",TRUE,"reported","2YAQ66","textfile"
