"SNP","chr.outcome","pos.outcome","effect_allele.outcome","other_allele.outcome","pval.outcome","eaf.outcome","beta.outcome","se.outcome","outcome","mr_keep.outcome","pval_origin.outcome","id.outcome","data_source.outcome"
"rs10045813",5,165335421,"G","A",0.871104,0.80495,0.0162484,0.100141,"outcome",TRUE,"reported","VzvdCa","textfile"
"rs11588956",1,44631088,"G","C",0.904227,0.492207,0.00955473,0.0794091,"outcome",TRUE,"reported","VzvdCa","textfile"
"rs11698602",20,17370515,"G","A",0.450422,0.140618,-0.0857294,0.113592,"outcome",TRUE,"reported","VzvdCa","textfile"
"rs12680421",8,130499264,"T","C",0.279992,0.323699,0.091353,0.0845598,"outcome",TRUE,"reported","VzvdCa","textfile"
"rs13155413",5,170562875,"A","C",0.123376,0.288795,0.134717,0.0874352,"outcome",TRUE,"reported","VzvdCa","textfile"
"rs1390370",13,43671466,"G","A",0.39673,0.224349,0.0807191,0.0952464,"outcome",TRUE,"reported","VzvdCa","textfile"
"rs1554057",8,65377352,"A","G",0.632865,0.879091,-0.0578361,0.121073,"outcome",TRUE,"reported","VzvdCa","textfile"
"rs17573425",4,134847069,"A","G",0.0579629,0.122307,-0.228067,0.120289,"outcome",TRUE,"reported","VzvdCa","textfile"
"rs1878640",2,131014424,"T","C",0.16616,0.943698,-0.23721,0.171314,"outcome",TRUE,"reported","VzvdCa","textfile"
"rs3935974",6,153603431,"G","A",0.538314,0.130787,-0.0721021,0.11717,"outcome",TRUE,"reported","VzvdCa","textfile"
"rs4749075",10,25812863,"T","A",0.142595,0.333621,0.123077,0.0839432,"outcome",TRUE,"reported","VzvdCa","textfile"
"rs4846407",1,217279971,"T","C",0.261741,0.404458,0.0903024,0.0804628,"outcome",TRUE,"reported","VzvdCa","textfile"
"rs4931556",12,31783617,"G","A",0.363281,0.13928,0.10387,0.114252,"outcome",TRUE,"reported","VzvdCa","textfile"
"rs659974",16,89596664,"A","G",0.963608,0.20628,0.00446613,0.0978843,"outcome",TRUE,"reported","VzvdCa","textfile"
