"SNP","chr.outcome","pos.outcome","effect_allele.outcome","other_allele.outcome","pval.outcome","eaf.outcome","beta.outcome","se.outcome","outcome","mr_keep.outcome","pval_origin.outcome","id.outcome","data_source.outcome"
"rs10425651",19,13478658,"G","A",0.878672,0.0727175,0.0231206,0.151459,"outcome",TRUE,"reported","pVOPgk","textfile"
"rs1054812",13,42963053,"A","G",0.792408,0.582763,0.0211534,0.0803747,"outcome",TRUE,"reported","pVOPgk","textfile"
"rs10794603",10,123230864,"A","G",0.611036,0.462379,0.0404853,0.0796023,"outcome",TRUE,"reported","pVOPgk","textfile"
"rs11674647",2,116937555,"C","G",0.407816,0.10138,-0.108086,0.13058,"outcome",TRUE,"reported","pVOPgk","textfile"
"rs13060187",3,112203316,"C","T",0.732445,0.380259,0.0278692,0.0815187,"outcome",TRUE,"reported","pVOPgk","textfile"
"rs1433673",4,93280244,"G","A",0.830484,0.556699,-0.017099,0.0798716,"outcome",TRUE,"reported","pVOPgk","textfile"
"rs1942651",7,15731004,"C","T",0.624783,0.365904,0.0401214,0.0820339,"outcome",TRUE,"reported","pVOPgk","textfile"
"rs2076562",17,18952298,"C","T",0.594392,0.598721,-0.0438812,0.0824088,"outcome",TRUE,"reported","pVOPgk","textfile"
"rs2081670",9,90124949,"T","C",0.71499,0.154551,-0.0402439,0.110208,"outcome",TRUE,"reported","pVOPgk","textfile"
"rs518385",11,56777269,"G","A",0.718783,0.357069,-0.02982,0.082814,"outcome",TRUE,"reported","pVOPgk","textfile"
"rs7048966",9,78060730,"C","G",0.118688,0.155809,-0.169856,0.108861,"outcome",TRUE,"reported","pVOPgk","textfile"
