"SNP","chr.outcome","pos.outcome","effect_allele.outcome","other_allele.outcome","pval.outcome","eaf.outcome","beta.outcome","se.outcome","outcome","mr_keep.outcome","pval_origin.outcome","id.outcome","data_source.outcome"
"rs10064153",5,17802415,"A","C",0.464668,0.711866,-0.0638057,0.0872638,"outcome",TRUE,"reported","VQpCwQ","textfile"
"rs10501675",11,88673132,"C","A",0.259669,0.939495,-0.186486,0.165446,"outcome",TRUE,"reported","VQpCwQ","textfile"
"rs11593054",10,124479402,"T","G",0.497193,0.25489,0.0618644,0.0911227,"outcome",TRUE,"reported","VQpCwQ","textfile"
"rs11627218",14,58753083,"T","A",0.431722,0.282521,0.0693491,0.0882025,"outcome",TRUE,"reported","VQpCwQ","textfile"
"rs12217848",10,78199037,"A","G",0.658338,0.294747,-0.0393968,0.089091,"outcome",TRUE,"reported","VQpCwQ","textfile"
"rs12509356",4,188976691,"C","G",0.784175,0.246511,-0.0251923,0.0919821,"outcome",TRUE,"reported","VQpCwQ","textfile"
"rs16750",5,159702970,"G","A",0.433858,0.162146,-0.084205,0.107596,"outcome",TRUE,"reported","VQpCwQ","textfile"
"rs2146548",10,110804346,"T","G",0.186704,0.752148,0.122248,0.0925848,"outcome",TRUE,"reported","VQpCwQ","textfile"
"rs2625530",15,71833693,"A","G",0.681255,0.193057,0.0413985,0.100788,"outcome",TRUE,"reported","VQpCwQ","textfile"
"rs6755317",2,98322790,"G","A",0.726834,0.0673684,-0.0555634,0.159052,"outcome",TRUE,"reported","VQpCwQ","textfile"
"rs7225312",17,57785493,"T","A",0.322948,0.110767,0.125771,0.127245,"outcome",TRUE,"reported","VQpCwQ","textfile"
"rs9369302",6,41696383,"T","C",0.508512,0.774732,0.0630967,0.0954339,"outcome",TRUE,"reported","VQpCwQ","textfile"
"rs9830523",3,117505271,"C","T",0.933325,0.0182872,0.0247739,0.296119,"outcome",TRUE,"reported","VQpCwQ","textfile"
"rs9953686",18,45780040,"C","T",0.479528,0.22831,0.0664746,0.0940152,"outcome",TRUE,"reported","VQpCwQ","textfile"
"rs9954696",18,11441124,"T","A",0.937989,0.246219,0.00715403,0.0919571,"outcome",TRUE,"reported","VQpCwQ","textfile"
