"SNP","chr.outcome","pos.outcome","effect_allele.outcome","other_allele.outcome","pval.outcome","eaf.outcome","beta.outcome","se.outcome","outcome","mr_keep.outcome","pval_origin.outcome","id.outcome","data_source.outcome"
"rs11578466",1,220884397,"G","C",0.490053,0.111509,0.0859327,0.124499,"outcome",TRUE,"reported","5zuonF","textfile"
"rs11733714",4,93903622,"T","C",0.217174,0.0381095,-0.25353,0.205441,"outcome",TRUE,"reported","5zuonF","textfile"
"rs11852566",15,47321351,"T","C",0.125541,0.0721106,0.23293,0.152051,"outcome",TRUE,"reported","5zuonF","textfile"
"rs12829704",12,21235687,"A","G",0.987718,0.131242,0.00180225,0.117076,"outcome",TRUE,"reported","5zuonF","textfile"
"rs17618395",7,38799991,"A","G",0.895679,0.583215,0.0105438,0.0804122,"outcome",TRUE,"reported","5zuonF","textfile"
"rs2108622",19,15879621,"T","C",0.112557,0.197086,0.158073,0.0996173,"outcome",TRUE,"reported","5zuonF","textfile"
"rs2161480",16,26566349,"G","C",0.379228,0.0391364,0.181165,0.206029,"outcome",TRUE,"reported","5zuonF","textfile"
"rs359428",5,173830618,"G","A",0.640838,0.939428,-0.0780202,0.167235,"outcome",TRUE,"reported","5zuonF","textfile"
"rs631871",2,164463478,"G","A",0.120185,0.448476,-0.123235,0.0793019,"outcome",TRUE,"reported","5zuonF","textfile"
