"SNP","chr.outcome","pos.outcome","effect_allele.outcome","other_allele.outcome","pval.outcome","eaf.outcome","beta.outcome","se.outcome","outcome","mr_keep.outcome","pval_origin.outcome","id.outcome","data_source.outcome"
"rs10145517",14,39339107,"A","G",0.132579,0.716428,0.132512,0.0881059,"outcome",TRUE,"reported","FvGny0","textfile"
"rs11044362",12,18933212,"G","C",0.14249,0.0857457,-0.209516,0.14286,"outcome",TRUE,"reported","FvGny0","textfile"
"rs12098538",10,76662399,"T","C",0.299465,0.0450129,0.198711,0.191514,"outcome",TRUE,"reported","FvGny0","textfile"
"rs12143405",1,68812591,"T","G",0.387477,0.304974,0.0745309,0.0862424,"outcome",TRUE,"reported","FvGny0","textfile"
"rs1491633",15,68664803,"G","A",0.271772,0.962809,-0.228831,0.208219,"outcome",TRUE,"reported","FvGny0","textfile"
"rs17249529",8,34939885,"T","G",0.277064,0.350683,-0.0904482,0.0832137,"outcome",TRUE,"reported","FvGny0","textfile"
"rs1889603",1,70689091,"G","A",0.935223,0.182671,-0.00828661,0.101957,"outcome",TRUE,"reported","FvGny0","textfile"
"rs1959363",14,44565813,"T","C",0.301373,0.163689,0.11032,0.106745,"outcome",TRUE,"reported","FvGny0","textfile"
"rs4930211",11,67656421,"T","G",0.0361943,0.955471,0.401014,0.191439,"outcome",TRUE,"reported","FvGny0","textfile"
"rs690111",9,90615008,"G","T",0.020786,0.756641,0.212703,0.0920056,"outcome",TRUE,"reported","FvGny0","textfile"
