"SNP","chr.outcome","pos.outcome","effect_allele.outcome","other_allele.outcome","pval.outcome","eaf.outcome","beta.outcome","se.outcome","outcome","mr_keep.outcome","pval_origin.outcome","id.outcome","data_source.outcome"
"rs10870198",9,137147868,"A","G",0.910353,0.592435,0.00909507,0.0807784,"outcome",TRUE,"reported","3CFmm3","textfile"
"rs11253967",10,16389726,"C","T",0.891,0.16864,0.0145092,0.105876,"outcome",TRUE,"reported","3CFmm3","textfile"
"rs17286243",12,95694770,"G","A",0.397159,0.214105,0.082068,0.0969262,"outcome",TRUE,"reported","3CFmm3","textfile"
"rs17631300",2,8875638,"C","G",0.97047,0.0313888,-0.00839106,0.226668,"outcome",TRUE,"reported","3CFmm3","textfile"
"rs190756",6,118312970,"G","A",0.36814,0.671819,0.0759887,0.0844354,"outcome",TRUE,"reported","3CFmm3","textfile"
"rs327837",5,125829498,"A","G",0.157297,0.314563,0.120528,0.085226,"outcome",TRUE,"reported","3CFmm3","textfile"
"rs4729705",7,101408221,"T","C",0.467915,0.516263,0.0577949,0.0796211,"outcome",TRUE,"reported","3CFmm3","textfile"
"rs4976017",5,67637367,"T","C",0.168778,0.0488456,-0.253222,0.184008,"outcome",TRUE,"reported","3CFmm3","textfile"
"rs7035656",9,27723802,"C","G",0.733125,0.173469,-0.0360816,0.10582,"outcome",TRUE,"reported","3CFmm3","textfile"
"rs8031716",15,52706086,"C","T",0.948807,0.454302,0.00509145,0.0793005,"outcome",TRUE,"reported","3CFmm3","textfile"
