"SNP","chr.outcome","pos.outcome","effect_allele.outcome","other_allele.outcome","pval.outcome","eaf.outcome","beta.outcome","se.outcome","outcome","mr_keep.outcome","pval_origin.outcome","id.outcome","data_source.outcome"
"rs1231385",9,25765895,"C","T",0.414207,0.392142,-0.0661598,0.0810272,"outcome",TRUE,"reported","uIO6vg","textfile"
"rs12365253",11,1122126,"C","T",0.0159404,0.757264,0.223702,0.0928117,"outcome",TRUE,"reported","uIO6vg","textfile"
"rs12611993",2,235869928,"C","T",0.977896,0.75567,-0.00254136,0.0917235,"outcome",TRUE,"reported","uIO6vg","textfile"
"rs16888843",8,40122476,"T","C",0.73546,0.00666051,0.16332,0.483378,"outcome",TRUE,"reported","uIO6vg","textfile"
"rs2053585",17,68808032,"A","G",0.923197,0.708971,0.00843671,0.0875108,"outcome",TRUE,"reported","uIO6vg","textfile"
"rs2609982",8,56583918,"C","T",0.056939,0.714625,-0.167357,0.087908,"outcome",TRUE,"reported","uIO6vg","textfile"
"rs4149056",12,21178615,"C","T",0.328039,0.201348,0.0965769,0.0987423,"outcome",TRUE,"reported","uIO6vg","textfile"
"rs4579381",6,58031416,"C","T",0.48008,0.405038,-0.0569008,0.0805763,"outcome",TRUE,"reported","uIO6vg","textfile"
"rs7500975",16,7591719,"G","A",0.673648,0.878283,-0.0512322,0.12165,"outcome",TRUE,"reported","uIO6vg","textfile"
"rs9904760",17,48497669,"G","A",0.36337,0.784032,0.0870829,0.0958046,"outcome",TRUE,"reported","uIO6vg","textfile"
