"SNP","chr.outcome","pos.outcome","effect_allele.outcome","other_allele.outcome","pval.outcome","eaf.outcome","beta.outcome","se.outcome","outcome","mr_keep.outcome","pval_origin.outcome","id.outcome","data_source.outcome"
"rs10494658",1,191720245,"G","T",0.0839982,0.133687,0.200879,0.116253,"outcome",TRUE,"reported","OFS7rI","textfile"
"rs10791748",11,105217563,"C","A",0.920787,0.952339,0.018397,0.185002,"outcome",TRUE,"reported","OFS7rI","textfile"
"rs11199575",10,120805969,"A","G",0.872597,0.137224,0.0183661,0.11453,"outcome",TRUE,"reported","OFS7rI","textfile"
"rs11232962",11,82006347,"T","G",0.285564,0.268366,-0.0949853,0.0889456,"outcome",TRUE,"reported","OFS7rI","textfile"
"rs11638718",15,57787264,"G","A",0.180483,0.200038,0.13193,0.0985092,"outcome",TRUE,"reported","OFS7rI","textfile"
"rs11679051",2,211164931,"C","T",0.0611942,0.17744,0.194994,0.104159,"outcome",TRUE,"reported","OFS7rI","textfile"
"rs11745804",5,154543008,"T","G",0.93224,0.263289,0.00764283,0.0898871,"outcome",TRUE,"reported","OFS7rI","textfile"
"rs12563233",1,63001637,"T","G",0.848589,0.311829,0.0163674,0.085729,"outcome",TRUE,"reported","OFS7rI","textfile"
"rs13022471",2,123990669,"G","A",0.598974,0.162181,0.0564655,0.107374,"outcome",TRUE,"reported","OFS7rI","textfile"
"rs13099034",3,21729733,"A","C",0.315585,0.193345,0.101383,0.101022,"outcome",TRUE,"reported","OFS7rI","textfile"
"rs1756740",10,29915143,"G","A",0.405827,0.745559,-0.0756923,0.0910574,"outcome",TRUE,"reported","OFS7rI","textfile"
"rs1850396",15,56521535,"T","A",0.26994,0.775618,-0.104538,0.0947588,"outcome",TRUE,"reported","OFS7rI","textfile"
"rs2062632",3,186743392,"C","T",0.537467,0.240926,-0.0572117,0.0927788,"outcome",TRUE,"reported","OFS7rI","textfile"
"rs2305929",2,27891044,"G","A",0.0567793,0.169682,-0.200747,0.105379,"outcome",TRUE,"reported","OFS7rI","textfile"
"rs248928",5,14121257,"C","G",0.481567,0.57005,0.0563706,0.0800964,"outcome",TRUE,"reported","OFS7rI","textfile"
"rs27852",5,96710335,"C","A",0.348456,0.673835,-0.0793586,0.0846413,"outcome",TRUE,"reported","OFS7rI","textfile"
"rs300585",20,4415131,"A","G",0.43052,0.323104,0.0669513,0.084931,"outcome",TRUE,"reported","OFS7rI","textfile"
"rs3014614",1,204357469,"G","T",0.907672,0.124516,-0.0139445,0.120237,"outcome",TRUE,"reported","OFS7rI","textfile"
"rs37379",5,35045721,"G","A",0.892775,0.896667,0.0175943,0.130527,"outcome",TRUE,"reported","OFS7rI","textfile"
"rs3797510",5,107389630,"G","C",0.447679,0.265147,0.068312,0.0899684,"outcome",TRUE,"reported","OFS7rI","textfile"
"rs4518383",5,113840708,"G","A",0.158443,0.169677,0.148704,0.105439,"outcome",TRUE,"reported","OFS7rI","textfile"
"rs4654403",1,4057083,"C","T",0.285937,0.936446,-0.17207,0.161253,"outcome",TRUE,"reported","OFS7rI","textfile"
"rs510573",18,4330954,"G","T",0.221487,0.309254,-0.104078,0.0851297,"outcome",TRUE,"reported","OFS7rI","textfile"
"rs6107895",20,6942029,"G","A",0.899136,0.892593,0.0162325,0.128064,"outcome",TRUE,"reported","OFS7rI","textfile"
"rs6538186",12,77454935,"C","T",0.676848,0.712165,-0.0362994,0.0870972,"outcome",TRUE,"reported","OFS7rI","textfile"
"rs6688105",1,165556892,"T","C",0.438085,0.734783,-0.0693139,0.0893876,"outcome",TRUE,"reported","OFS7rI","textfile"
"rs6774259",3,193209739,"A","G",0.68108,0.809721,0.0412823,0.100446,"outcome",TRUE,"reported","OFS7rI","textfile"
"rs6886404",5,52859161,"C","A",0.965598,0.216675,0.0041373,0.0959259,"outcome",TRUE,"reported","OFS7rI","textfile"
"rs7129047",11,10122395,"A","C",0.5327,0.258726,0.0565297,0.0906086,"outcome",TRUE,"reported","OFS7rI","textfile"
"rs7519669",1,106268295,"A","G",0.263735,0.163211,-0.119738,0.107138,"outcome",TRUE,"reported","OFS7rI","textfile"
"rs7580094",2,171513976,"A","G",0.206691,0.716266,0.111263,0.0881138,"outcome",TRUE,"reported","OFS7rI","textfile"
"rs8107012",19,33995128,"G","T",0.294038,0.214007,0.100679,0.0959484,"outcome",TRUE,"reported","OFS7rI","textfile"
