"SNP","chr.outcome","pos.outcome","effect_allele.outcome","other_allele.outcome","pval.outcome","eaf.outcome","beta.outcome","se.outcome","outcome","mr_keep.outcome","pval_origin.outcome","id.outcome","data_source.outcome"
"rs1016145",12,20373247,"C","T",0.165407,0.466587,-0.11221,0.0808945,"outcome",TRUE,"reported","CUXSvz","textfile"
"rs1026192",7,132226980,"A","C",0.596524,0.1049,0.0677665,0.128005,"outcome",TRUE,"reported","CUXSvz","textfile"
"rs1076230",19,1244901,"G","A",0.714631,0.490573,0.0289542,0.0791872,"outcome",TRUE,"reported","CUXSvz","textfile"
"rs10798610",1,178513849,"G","T",0.293766,0.507471,0.083071,0.079123,"outcome",TRUE,"reported","CUXSvz","textfile"
"rs10809039",9,10230321,"A","C",0.639565,0.594865,0.0376826,0.0804656,"outcome",TRUE,"reported","CUXSvz","textfile"
"rs10835105",11,27045772,"T","G",0.813122,0.35562,0.0195133,0.0825434,"outcome",TRUE,"reported","CUXSvz","textfile"
"rs10848775",12,3058335,"T","C",0.331543,0.369163,0.0812059,0.0836302,"outcome",TRUE,"reported","CUXSvz","textfile"
"rs10988217",9,129125837,"G","A",0.854698,0.603011,0.0147923,0.0807759,"outcome",TRUE,"reported","CUXSvz","textfile"
"rs1164883",9,136127599,"G","A",0.103409,0.577474,-0.130324,0.0800248,"outcome",TRUE,"reported","CUXSvz","textfile"
"rs1168556",14,38404390,"A","G",0.515562,0.657565,0.0541407,0.0832675,"outcome",TRUE,"reported","CUXSvz","textfile"
"rs11713787",3,74383326,"G","A",0.851671,0.454244,0.014881,0.0795837,"outcome",TRUE,"reported","CUXSvz","textfile"
"rs12114477",8,65471331,"G","A",0.431107,0.488783,-0.0621681,0.0789638,"outcome",TRUE,"reported","CUXSvz","textfile"
"rs12282416",11,13420370,"C","T",0.692751,0.56765,-0.0315536,0.0798574,"outcome",TRUE,"reported","CUXSvz","textfile"
"rs12513213",4,30584918,"A","G",0.634597,0.221009,0.0452279,0.0951633,"outcome",TRUE,"reported","CUXSvz","textfile"
"rs12548026",8,25773031,"C","G",0.367261,0.437587,0.0717311,0.0795584,"outcome",TRUE,"reported","CUXSvz","textfile"
"rs13397032",2,186529002,"T","C",0.289958,0.386299,-0.0860007,0.0812697,"outcome",TRUE,"reported","CUXSvz","textfile"
"rs1472631",15,63131540,"G","A",0.342885,0.48291,0.0752037,0.0792885,"outcome",TRUE,"reported","CUXSvz","textfile"
"rs1727198",2,19279239,"T","C",0.969174,0.549499,-0.00306866,0.0794069,"outcome",TRUE,"reported","CUXSvz","textfile"
"rs1764966",13,85684087,"G","A",0.956584,0.481249,-0.00430697,0.0791135,"outcome",TRUE,"reported","CUXSvz","textfile"
"rs17806888",3,67365898,"C","T",0.353822,0.0605373,-0.153913,0.165997,"outcome",TRUE,"reported","CUXSvz","textfile"
"rs17813064",6,155258614,"A","G",0.0151607,0.0749375,-0.365946,0.150687,"outcome",TRUE,"reported","CUXSvz","textfile"
"rs195717",1,24499614,"A","G",0.657198,0.459855,0.0351506,0.0792063,"outcome",TRUE,"reported","CUXSvz","textfile"
"rs2206426",20,42657403,"G","A",0.823849,0.55577,0.0177175,0.0795943,"outcome",TRUE,"reported","CUXSvz","textfile"
"rs2374752",3,79938598,"A","C",0.3537,0.635617,-0.0761761,0.0821362,"outcome",TRUE,"reported","CUXSvz","textfile"
"rs242725",3,10244184,"G","A",0.88033,0.623005,0.0122732,0.081522,"outcome",TRUE,"reported","CUXSvz","textfile"
"rs267939",5,10752203,"T","C",0.485121,0.695342,0.060122,0.0861235,"outcome",TRUE,"reported","CUXSvz","textfile"
"rs2686513",7,22411734,"C","T",0.678239,0.428313,-0.0330941,0.0797705,"outcome",TRUE,"reported","CUXSvz","textfile"
"rs2705088",8,17456407,"T","G",0.0988485,0.797892,-0.162449,0.0984266,"outcome",TRUE,"reported","CUXSvz","textfile"
"rs300177",2,17773154,"G","C",0.521864,0.579846,-0.0512019,0.0799436,"outcome",TRUE,"reported","CUXSvz","textfile"
"rs327737",7,81228918,"C","T",0.562361,0.503266,0.0457189,0.0789157,"outcome",TRUE,"reported","CUXSvz","textfile"
"rs367213",6,160320862,"A","G",0.388881,0.535165,0.0681918,0.0791411,"outcome",TRUE,"reported","CUXSvz","textfile"
"rs4548847",16,60372032,"A","G",0.533571,0.43426,-0.0500803,0.0804419,"outcome",TRUE,"reported","CUXSvz","textfile"
"rs4837828",9,121279915,"A","G",0.572005,0.757878,0.0523887,0.0927068,"outcome",TRUE,"reported","CUXSvz","textfile"
"rs6470127",8,122969859,"A","G",0.617733,0.649426,-0.0412699,0.0826942,"outcome",TRUE,"reported","CUXSvz","textfile"
"rs6703518",1,186147665,"T","G",0.697582,0.498124,-0.0308147,0.0792994,"outcome",TRUE,"reported","CUXSvz","textfile"
"rs6774623",3,175350748,"G","A",0.304489,0.668146,0.0864834,0.0842216,"outcome",TRUE,"reported","CUXSvz","textfile"
"rs6958124",7,138937503,"A","T",0.891552,0.363786,-0.0112511,0.0825222,"outcome",TRUE,"reported","CUXSvz","textfile"
"rs7177",11,69651347,"A","C",0.738465,0.572936,-0.0266893,0.0799353,"outcome",TRUE,"reported","CUXSvz","textfile"
"rs7999481",13,53031025,"G","A",0.323553,0.53734,-0.0787839,0.0798069,"outcome",TRUE,"reported","CUXSvz","textfile"
"rs8060756",16,63168481,"A","G",0.745794,0.409015,-0.0260962,0.0804966,"outcome",TRUE,"reported","CUXSvz","textfile"
"rs924135",16,16029602,"T","A",0.66245,0.545899,-0.0345162,0.0790686,"outcome",TRUE,"reported","CUXSvz","textfile"
