"SNP","chr.outcome","pos.outcome","effect_allele.outcome","other_allele.outcome","pval.outcome","eaf.outcome","beta.outcome","se.outcome","outcome","mr_keep.outcome","pval_origin.outcome","id.outcome","data_source.outcome"
"rs10045874",5,27307620,"T","G",0.672438,0.0311137,-0.0964206,0.228049,"outcome",TRUE,"reported","GmrcEb","textfile"
"rs10095556",8,32709795,"G","A",0.789754,0.15951,-0.0287652,0.107885,"outcome",TRUE,"reported","GmrcEb","textfile"
"rs10748128",12,69433878,"T","G",0.574669,0.36275,-0.0464634,0.0827945,"outcome",TRUE,"reported","GmrcEb","textfile"
"rs17085679",9,82665443,"A","T",0.0309885,0.102868,-0.281873,0.130665,"outcome",TRUE,"reported","GmrcEb","textfile"
"rs17103130",14,75307643,"A","G",0.253453,0.0368678,-0.243064,0.21284,"outcome",TRUE,"reported","GmrcEb","textfile"
"rs17583672",1,192659156,"C","T",0.1179,0.00863784,-0.659797,0.42196,"outcome",TRUE,"reported","GmrcEb","textfile"
"rs195113",4,5411798,"T","C",0.101224,0.651116,0.136248,0.0831312,"outcome",TRUE,"reported","GmrcEb","textfile"
"rs9561537",13,94323613,"G","A",0.730752,0.556115,0.0274667,0.079816,"outcome",TRUE,"reported","GmrcEb","textfile"
"rs982583",13,63587229,"G","T",0.050919,0.924744,0.297909,0.152605,"outcome",TRUE,"reported","GmrcEb","textfile"
