"SNP","chr.outcome","pos.outcome","effect_allele.outcome","other_allele.outcome","pval.outcome","eaf.outcome","beta.outcome","se.outcome","outcome","mr_keep.outcome","pval_origin.outcome","id.outcome","data_source.outcome"
"rs12320124",12,24598331,"A","C",0.54783,0.00178763,0.563003,0.936755,"outcome",TRUE,"reported","XmB0XL","textfile"
"rs2212465",11,87362642,"A","T",0.622879,0.0394167,0.0994949,0.202319,"outcome",TRUE,"reported","XmB0XL","textfile"
"rs2255908",15,92603379,"G","A",0.830564,0.312655,-0.0181955,0.0850346,"outcome",TRUE,"reported","XmB0XL","textfile"
"rs2405522",5,132406004,"G","A",0.0365292,0.863958,-0.242252,0.115855,"outcome",TRUE,"reported","XmB0XL","textfile"
"rs3821142",2,37348144,"T","C",0.82432,0.614881,0.0179951,0.0810621,"outcome",TRUE,"reported","XmB0XL","textfile"
"rs4792110",17,11245123,"T","G",0.658267,0.8992,-0.0580826,0.131318,"outcome",TRUE,"reported","XmB0XL","textfile"
"rs4898658",14,50472490,"C","A",0.99624,0.941633,-0.000791937,0.168041,"outcome",TRUE,"reported","XmB0XL","textfile"
"rs719672",6,51300836,"C","A",0.379579,0.238493,-0.0814044,0.0926448,"outcome",TRUE,"reported","XmB0XL","textfile"
"rs7582926",2,217585451,"C","T",0.979168,0.247236,-0.0023888,0.0914818,"outcome",TRUE,"reported","XmB0XL","textfile"
"rs9651696",11,120692221,"C","T",0.714343,0.49136,-0.0289004,0.0789566,"outcome",TRUE,"reported","XmB0XL","textfile"
