"SNP","chr.outcome","pos.outcome","effect_allele.outcome","other_allele.outcome","pval.outcome","eaf.outcome","beta.outcome","se.outcome","outcome","mr_keep.outcome","pval_origin.outcome","id.outcome","data_source.outcome"
"rs12587408",14,67741172,"A","C",0.137914,0.158843,-0.160112,0.107921,"outcome",TRUE,"reported","mWFZIA","textfile"
"rs1294383",1,115217695,"A","G",0.684397,0.125784,0.048422,0.119128,"outcome",TRUE,"reported","mWFZIA","textfile"
"rs1560661",5,150413894,"T","C",0.462792,0.496084,0.0588727,0.08018,"outcome",TRUE,"reported","mWFZIA","textfile"
"rs1582016",9,18628472,"T","C",0.607648,0.244919,-0.0472338,0.0919961,"outcome",TRUE,"reported","mWFZIA","textfile"
"rs17180851",12,5445382,"T","A",0.572878,0.161648,-0.0603987,0.107124,"outcome",TRUE,"reported","mWFZIA","textfile"
"rs2707795",2,143854349,"G","T",0.36931,0.0300086,0.208787,0.232563,"outcome",TRUE,"reported","mWFZIA","textfile"
"rs328637",2,9103401,"G","A",0.751839,0.843385,0.0343028,0.108479,"outcome",TRUE,"reported","mWFZIA","textfile"
"rs3908007",4,160738233,"A","G",0.155945,0.324576,0.120601,0.0849996,"outcome",TRUE,"reported","mWFZIA","textfile"
"rs4331456",2,237617300,"T","C",0.29878,0.205366,-0.101991,0.0981577,"outcome",TRUE,"reported","mWFZIA","textfile"
"rs4453613",18,67254426,"T","C",0.362781,0.285517,0.0796746,0.0875468,"outcome",TRUE,"reported","mWFZIA","textfile"
"rs4761693",12,94865048,"C","T",0.286779,0.40036,-0.0859949,0.0807301,"outcome",TRUE,"reported","mWFZIA","textfile"
"rs6050798",20,2641352,"C","T",0.64337,0.548813,0.0368737,0.079642,"outcome",TRUE,"reported","mWFZIA","textfile"
"rs7797103",7,155392988,"C","T",0.728299,0.239629,0.0321837,0.0926448,"outcome",TRUE,"reported","mWFZIA","textfile"
