"SNP","chr.outcome","pos.outcome","effect_allele.outcome","other_allele.outcome","pval.outcome","eaf.outcome","beta.outcome","se.outcome","outcome","mr_keep.outcome","pval_origin.outcome","id.outcome","data_source.outcome"
"rs10278040",7,99543750,"A","G",0.887918,0.130358,0.0164653,0.116826,"outcome",TRUE,"reported","rnZt2B","textfile"
"rs10836291",11,34753472,"C","T",0.718307,0.173411,0.0377748,0.10472,"outcome",TRUE,"reported","rnZt2B","textfile"
"rs11180748",12,75909979,"A","G",0.0258393,0.158322,0.244979,0.109924,"outcome",TRUE,"reported","rnZt2B","textfile"
"rs12879878",14,94640071,"C","T",0.422647,0.495261,0.0637844,0.0795477,"outcome",TRUE,"reported","rnZt2B","textfile"
"rs16850831",3,162587728,"A","G",0.746707,0.133615,-0.0376849,0.116677,"outcome",TRUE,"reported","rnZt2B","textfile"
"rs2525554",7,99968784,"A","G",0.891599,0.558725,-0.0108441,0.0795721,"outcome",TRUE,"reported","rnZt2B","textfile"
"rs2547231",19,47881800,"A","C",0.587378,0.819797,-0.0565768,0.104262,"outcome",TRUE,"reported","rnZt2B","textfile"
"rs3214031",11,95232553,"C","A",0.974144,0.317442,-0.00275074,0.0848702,"outcome",TRUE,"reported","rnZt2B","textfile"
"rs4149056",12,21178615,"C","T",0.328039,0.201348,0.0965769,0.0987423,"outcome",TRUE,"reported","rnZt2B","textfile"
"rs4372938",2,716503,"C","T",0.494222,0.455732,-0.0542896,0.0794162,"outcome",TRUE,"reported","rnZt2B","textfile"
"rs650849",6,92391921,"T","G",0.780732,0.687274,0.023767,0.0853807,"outcome",TRUE,"reported","rnZt2B","textfile"
"rs6584331",10,99909229,"C","T",0.316545,0.432173,0.0800421,0.0799155,"outcome",TRUE,"reported","rnZt2B","textfile"
"rs666518",6,5075630,"C","T",0.961972,0.88668,-0.0059146,0.124051,"outcome",TRUE,"reported","rnZt2B","textfile"
"rs7078211",10,5211675,"G","A",0.475852,0.141285,-0.0808332,0.113372,"outcome",TRUE,"reported","rnZt2B","textfile"
"rs7831994",8,8279823,"T","C",0.362335,0.0236104,0.235646,0.258688,"outcome",TRUE,"reported","rnZt2B","textfile"
"rs9602130",13,83219572,"A","C",0.536882,0.394298,-0.0498793,0.0807716,"outcome",TRUE,"reported","rnZt2B","textfile"
