"SNP","chr.outcome","pos.outcome","effect_allele.outcome","other_allele.outcome","pval.outcome","eaf.outcome","beta.outcome","se.outcome","outcome","mr_keep.outcome","pval_origin.outcome","id.outcome","data_source.outcome"
"rs10463762",5,123623436,"T","C",0.290388,0.16586,-0.11211,0.106037,"outcome",TRUE,"reported","pTw86H","textfile"
"rs10813501",9,31183275,"T","C",0.617217,0.472206,-0.0396851,0.0794023,"outcome",TRUE,"reported","pTw86H","textfile"
"rs1246726",1,191380484,"T","C",0.997817,0.460262,-0.00021735,0.0794568,"outcome",TRUE,"reported","pTw86H","textfile"
"rs13178969",5,64968140,"C","T",0.208821,0.12131,0.152029,0.120964,"outcome",TRUE,"reported","pTw86H","textfile"
"rs1322179",10,94815485,"T","C",0.298296,0.168698,-0.11022,0.105971,"outcome",TRUE,"reported","pTw86H","textfile"
"rs17345545",1,4905092,"C","A",0.589218,0.187094,-0.0547091,0.101319,"outcome",TRUE,"reported","pTw86H","textfile"
"rs17483594",2,61405783,"C","T",0.617583,0.0177698,0.150835,0.302106,"outcome",TRUE,"reported","pTw86H","textfile"
"rs2582379",8,56482684,"G","A",0.809169,0.798762,0.0239216,0.0990552,"outcome",TRUE,"reported","pTw86H","textfile"
"rs4923384",11,26735009,"C","T",0.761746,0.20153,-0.0299966,0.0989368,"outcome",TRUE,"reported","pTw86H","textfile"
"rs626747",11,121651135,"T","C",0.253642,0.441734,0.0912875,0.0799683,"outcome",TRUE,"reported","pTw86H","textfile"
"rs631791",11,57907938,"G","A",0.472366,0.634163,0.0589567,0.0820398,"outcome",TRUE,"reported","pTw86H","textfile"
"rs7754899",6,7840022,"A","G",0.378321,0.0452673,-0.168082,0.190787,"outcome",TRUE,"reported","pTw86H","textfile"
"rs7829309",8,26271779,"A","G",0.163,0.516686,0.111097,0.0796361,"outcome",TRUE,"reported","pTw86H","textfile"
"rs8180176",4,54941870,"T","C",0.601724,0.462786,0.0413443,0.0792154,"outcome",TRUE,"reported","pTw86H","textfile"
"rs9833886",3,65372829,"C","G",0.734203,0.0268794,-0.0829562,0.244319,"outcome",TRUE,"reported","pTw86H","textfile"
