"SNP","chr.outcome","pos.outcome","effect_allele.outcome","other_allele.outcome","pval.outcome","eaf.outcome","beta.outcome","se.outcome","outcome","mr_keep.outcome","pval_origin.outcome","id.outcome","data_source.outcome"
"rs10021313",4,76036090,"C","T",0.104597,0.011213,0.602604,0.371298,"outcome",TRUE,"reported","bPcd5K","textfile"
"rs1046371",16,74713126,"C","G",0.913808,0.324149,-0.0091597,0.084627,"outcome",TRUE,"reported","bPcd5K","textfile"
"rs10847490",12,127964188,"A","G",0.413983,0.754868,0.0751217,0.091959,"outcome",TRUE,"reported","bPcd5K","textfile"
"rs10852236",16,9710972,"T","A",0.186583,0.34799,0.110046,0.0833202,"outcome",TRUE,"reported","bPcd5K","textfile"
"rs11761528",7,99521178,"T","C",0.971683,0.144851,-0.00395788,0.111496,"outcome",TRUE,"reported","bPcd5K","textfile"
"rs13325508",3,181495318,"C","T",0.830155,0.0164145,0.0673543,0.314002,"outcome",TRUE,"reported","bPcd5K","textfile"
"rs17243501",5,81959409,"T","C",0.995905,0.255269,-0.000470584,0.0917006,"outcome",TRUE,"reported","bPcd5K","textfile"
"rs1825496",6,90977981,"A","G",0.889236,0.506952,0.0110302,0.0792,"outcome",TRUE,"reported","bPcd5K","textfile"
"rs2130589",6,123880005,"A","G",0.602143,0.386444,0.042396,0.0813241,"outcome",TRUE,"reported","bPcd5K","textfile"
"rs2762353",6,25794203,"G","A",0.236779,0.627747,0.0968534,0.0818658,"outcome",TRUE,"reported","bPcd5K","textfile"
"rs2847326",18,676228,"A","T",0.911792,0.264277,-0.00997958,0.0900859,"outcome",TRUE,"reported","bPcd5K","textfile"
"rs296396",19,47862266,"C","T",0.127371,0.849674,-0.170294,0.111701,"outcome",TRUE,"reported","bPcd5K","textfile"
"rs4149056",12,21178615,"C","T",0.328039,0.201348,0.0965769,0.0987423,"outcome",TRUE,"reported","bPcd5K","textfile"
"rs4334280",15,98369976,"G","A",0.901131,0.580053,-0.00998028,0.0803354,"outcome",TRUE,"reported","bPcd5K","textfile"
"rs4398451",3,19969394,"C","T",0.742751,0.421084,0.0262025,0.0798335,"outcome",TRUE,"reported","bPcd5K","textfile"
"rs6588480",1,53512446,"G","A",0.509103,0.82209,-0.0682862,0.103427,"outcome",TRUE,"reported","bPcd5K","textfile"
"rs7172197",15,68471542,"G","A",0.417424,0.541722,-0.0642496,0.0792326,"outcome",TRUE,"reported","bPcd5K","textfile"
"rs7968170",12,15996401,"C","T",0.170518,0.599519,0.110314,0.0804893,"outcome",TRUE,"reported","bPcd5K","textfile"
"rs933775",5,52452837,"A","G",0.674205,0.751151,0.038401,0.0913472,"outcome",TRUE,"reported","bPcd5K","textfile"
"rs9410301",9,89034076,"C","T",0.738414,0.40676,-0.0268674,0.0804527,"outcome",TRUE,"reported","bPcd5K","textfile"
"rs9983470",21,38210941,"T","C",0.886436,0.0159675,-0.0446613,0.312722,"outcome",TRUE,"reported","bPcd5K","textfile"
