"SNP","chr.outcome","pos.outcome","effect_allele.outcome","other_allele.outcome","pval.outcome","eaf.outcome","beta.outcome","se.outcome","outcome","mr_keep.outcome","pval_origin.outcome","id.outcome","data_source.outcome"
"rs10082235",1,153684174,"T","C",0.947339,0.0580611,-0.0111825,0.169306,"outcome",TRUE,"reported","wizR5P","textfile"
"rs12508354",4,133967912,"T","G",0.701688,0.345424,-0.0317429,0.0828701,"outcome",TRUE,"reported","wizR5P","textfile"
"rs12521994",5,3833126,"G","A",0.0645729,0.0106914,0.700196,0.378853,"outcome",TRUE,"reported","wizR5P","textfile"
"rs12525109",6,140898385,"G","A",0.907798,0.271629,-0.0103023,0.088954,"outcome",TRUE,"reported","wizR5P","textfile"
"rs1337985",13,72560774,"C","T",0.921536,0.393709,-0.00797027,0.0809173,"outcome",TRUE,"reported","wizR5P","textfile"
"rs13419511",2,105040260,"G","A",0.365172,0.463246,-0.0717662,0.0792512,"outcome",TRUE,"reported","wizR5P","textfile"
"rs1476117",16,12348429,"A","G",0.899134,0.420922,-0.0101702,0.0802344,"outcome",TRUE,"reported","wizR5P","textfile"
"rs2295709",6,118910803,"C","T",0.878939,0.158478,-0.0165578,0.108707,"outcome",TRUE,"reported","wizR5P","textfile"
"rs2762353",6,25794203,"G","A",0.236779,0.627747,0.0968534,0.0818658,"outcome",TRUE,"reported","wizR5P","textfile"
"rs296396",19,47862266,"C","T",0.127371,0.849674,-0.170294,0.111701,"outcome",TRUE,"reported","wizR5P","textfile"
"rs3733475",4,184473956,"T","G",0.431895,0.415824,-0.0632913,0.0805281,"outcome",TRUE,"reported","wizR5P","textfile"
"rs4149056",12,21178615,"C","T",0.328039,0.201348,0.0965769,0.0987423,"outcome",TRUE,"reported","wizR5P","textfile"
"rs6584331",10,99909229,"C","T",0.316545,0.432173,0.0800421,0.0799155,"outcome",TRUE,"reported","wizR5P","textfile"
"rs6755484",2,111191519,"C","T",0.633474,0.466748,-0.0379957,0.0796819,"outcome",TRUE,"reported","wizR5P","textfile"
"rs7183977",15,40084891,"C","T",0.267372,0.365218,0.0915146,0.08251,"outcome",TRUE,"reported","wizR5P","textfile"
"rs9445285",6,94478555,"T","C",0.629144,0.169671,0.0509784,0.10556,"outcome",TRUE,"reported","wizR5P","textfile"
"rs966968",13,40673900,"C","T",0.64579,0.323456,0.0388732,0.084577,"outcome",TRUE,"reported","wizR5P","textfile"
"rs9938618",16,56592857,"G","A",0.363359,0.0300756,0.212337,0.233598,"outcome",TRUE,"reported","wizR5P","textfile"
