"SNP","chr.outcome","pos.outcome","effect_allele.outcome","other_allele.outcome","pval.outcome","eaf.outcome","beta.outcome","se.outcome","outcome","mr_keep.outcome","pval_origin.outcome","id.outcome","data_source.outcome"
"rs10196007",2,144571466,"C","T",0.0121038,0.188301,-0.253481,0.101024,"outcome",TRUE,"reported","Opu7ko","textfile"
"rs10966201",9,24079190,"C","T",0.823729,0.408322,0.0178999,0.0803582,"outcome",TRUE,"reported","Opu7ko","textfile"
"rs11793331",9,130422812,"T","C",0.135329,0.0526453,0.271655,0.181902,"outcome",TRUE,"reported","Opu7ko","textfile"
"rs1568101",3,148872303,"T","C",0.0144132,0.915364,0.346696,0.141694,"outcome",TRUE,"reported","Opu7ko","textfile"
"rs16977497",17,73025506,"A","G",0.303683,0.0400026,0.206225,0.200497,"outcome",TRUE,"reported","Opu7ko","textfile"
"rs6064820",20,59630949,"T","C",0.204138,0.738923,0.114723,0.0903441,"outcome",TRUE,"reported","Opu7ko","textfile"
"rs6484669",11,11098740,"C","T",0.346399,0.269299,0.0840016,0.089212,"outcome",TRUE,"reported","Opu7ko","textfile"
"rs7702827",5,159452861,"G","C",0.852913,0.685244,-0.0157662,0.0850378,"outcome",TRUE,"reported","Opu7ko","textfile"
"rs7725624",5,63714898,"A","C",0.0699987,0.0766302,-0.27005,0.149041,"outcome",TRUE,"reported","Opu7ko","textfile"
"rs8176023",7,142945509,"G","A",0.36255,0.119635,0.111422,0.122372,"outcome",TRUE,"reported","Opu7ko","textfile"
"rs890519",8,19047539,"A","C",0.533535,0.379951,0.0507919,0.0815779,"outcome",TRUE,"reported","Opu7ko","textfile"
"rs933341",7,84114303,"G","A",0.741513,0.759639,0.0302926,0.0918377,"outcome",TRUE,"reported","Opu7ko","textfile"
"rs9544785",13,78396935,"A","C",0.81691,0.406193,-0.0187392,0.0809398,"outcome",TRUE,"reported","Opu7ko","textfile"
