"SNP","chr.outcome","pos.outcome","effect_allele.outcome","other_allele.outcome","pval.outcome","eaf.outcome","beta.outcome","se.outcome","outcome","mr_keep.outcome","pval_origin.outcome","id.outcome","data_source.outcome"
"rs10180510",2,126618752,"C","T",0.901951,0.495627,0.00976932,0.0792983,"outcome",TRUE,"reported","TZdGmb","textfile"
"rs11222450",11,131067852,"C","T",0.637981,0.489317,0.0372153,0.0790934,"outcome",TRUE,"reported","TZdGmb","textfile"
"rs11627310",14,62545600,"A","G",0.12426,0.311509,-0.131226,0.0853707,"outcome",TRUE,"reported","TZdGmb","textfile"
"rs11682640",2,16585838,"G","A",0.559214,0.361766,0.0483515,0.0827925,"outcome",TRUE,"reported","TZdGmb","textfile"
"rs11692794",2,179594702,"T","C",0.492054,0.450618,0.0546211,0.0795013,"outcome",TRUE,"reported","TZdGmb","textfile"
"rs11782386",8,9344277,"T","C",0.0822565,0.159549,-0.187106,0.107672,"outcome",TRUE,"reported","TZdGmb","textfile"
"rs11938858",4,63805522,"T","C",0.440285,0.333906,-0.0649263,0.0841328,"outcome",TRUE,"reported","TZdGmb","textfile"
"rs12478048",2,230043138,"A","G",0.889109,0.231642,-0.0130968,0.0939296,"outcome",TRUE,"reported","TZdGmb","textfile"
"rs12713852",2,75723831,"G","A",0.0462701,0.30186,-0.172763,0.0866882,"outcome",TRUE,"reported","TZdGmb","textfile"
"rs13078757",3,108731507,"G","T",0.291512,0.300977,0.0913951,0.086646,"outcome",TRUE,"reported","TZdGmb","textfile"
"rs13236645",7,22767099,"G","A",0.701914,0.235916,-0.0356846,0.0932349,"outcome",TRUE,"reported","TZdGmb","textfile"
"rs1432288",2,133537916,"T","G",0.56882,0.16235,-0.061376,0.107717,"outcome",TRUE,"reported","TZdGmb","textfile"
"rs1445447",16,59780067,"A","G",0.746674,0.842302,-0.0349462,0.108183,"outcome",TRUE,"reported","TZdGmb","textfile"
"rs17310169",14,96705537,"T","C",0.749209,0.264404,0.0289545,0.0905731,"outcome",TRUE,"reported","TZdGmb","textfile"
"rs174541",11,61798436,"C","T",0.176881,0.445112,-0.107181,0.0793688,"outcome",TRUE,"reported","TZdGmb","textfile"
"rs17539845",18,54126358,"A","G",0.309369,0.111078,-0.128746,0.12665,"outcome",TRUE,"reported","TZdGmb","textfile"
"rs17734019",2,24467156,"C","A",0.47498,0.0517606,0.128739,0.180206,"outcome",TRUE,"reported","TZdGmb","textfile"
"rs1789679",11,75224001,"A","G",0.950342,0.726619,0.0055767,0.0895468,"outcome",TRUE,"reported","TZdGmb","textfile"
"rs2269282",5,84038822,"C","T",0.872729,0.214123,0.015411,0.0962028,"outcome",TRUE,"reported","TZdGmb","textfile"
"rs2979471",8,30432151,"A","T",0.536502,0.2697,-0.0551933,0.0892933,"outcome",TRUE,"reported","TZdGmb","textfile"
"rs3733593",4,15853102,"A","G",0.534849,0.460884,-0.0492501,0.0793561,"outcome",TRUE,"reported","TZdGmb","textfile"
"rs39578",19,21203324,"A","G",0.453312,0.683349,-0.0638546,0.0851502,"outcome",TRUE,"reported","TZdGmb","textfile"
"rs420422",5,1436293,"C","T",0.145084,0.542271,-0.116289,0.0798075,"outcome",TRUE,"reported","TZdGmb","textfile"
"rs445925",19,44912383,"A","G",0.0513961,0.0733256,0.293576,0.150694,"outcome",TRUE,"reported","TZdGmb","textfile"
"rs4749219",10,27054303,"G","A",0.92413,0.786301,0.00917048,0.0962954,"outcome",TRUE,"reported","TZdGmb","textfile"
"rs484061",3,127716718,"A","G",0.182879,0.475238,-0.105653,0.0793225,"outcome",TRUE,"reported","TZdGmb","textfile"
"rs559346",1,28067303,"C","T",0.306213,0.619667,0.083406,0.0815147,"outcome",TRUE,"reported","TZdGmb","textfile"
"rs5750130",22,35609961,"C","G",0.114981,0.489042,0.124523,0.0790024,"outcome",TRUE,"reported","TZdGmb","textfile"
"rs6043498",20,15735872,"G","T",0.618808,0.925111,-0.0748452,0.15043,"outcome",TRUE,"reported","TZdGmb","textfile"
"rs633695",15,58433640,"G","A",0.501486,0.305383,-0.0575687,0.0856483,"outcome",TRUE,"reported","TZdGmb","textfile"
"rs6511720",19,11091630,"T","G",0.914082,0.101663,-0.0142136,0.131741,"outcome",TRUE,"reported","TZdGmb","textfile"
"rs6589371",11,113322075,"T","C",0.545121,0.0946246,0.0812427,0.134266,"outcome",TRUE,"reported","TZdGmb","textfile"
"rs6708367",2,139097613,"G","A",0.252574,0.3646,-0.0936059,0.0818148,"outcome",TRUE,"reported","TZdGmb","textfile"
"rs6745464",2,109412842,"T","C",0.959959,0.490546,-0.00397889,0.0792528,"outcome",TRUE,"reported","TZdGmb","textfile"
"rs6911080",6,58011161,"T","C",0.809226,0.688327,-0.0205544,0.0851382,"outcome",TRUE,"reported","TZdGmb","textfile"
"rs7185774",16,81216322,"T","C",0.46251,0.295435,0.0635059,0.0864355,"outcome",TRUE,"reported","TZdGmb","textfile"
"rs7213136",17,36753669,"A","G",0.129803,0.551069,-0.121096,0.0799378,"outcome",TRUE,"reported","TZdGmb","textfile"
"rs7632727",3,98509163,"C","T",0.789996,0.0927077,-0.0361195,0.135626,"outcome",TRUE,"reported","TZdGmb","textfile"
"rs7930347",11,79425975,"C","T",0.390282,0.606689,-0.0695458,0.0809514,"outcome",TRUE,"reported","TZdGmb","textfile"
"rs8044652",16,67472344,"C","T",0.461585,0.967037,0.162412,0.220596,"outcome",TRUE,"reported","TZdGmb","textfile"
"rs8059670",16,61590797,"T","C",0.44601,0.457973,0.0606833,0.0796282,"outcome",TRUE,"reported","TZdGmb","textfile"
"rs9266813",6,31413544,"G","C",0.198758,0.342269,-0.107437,0.0836017,"outcome",TRUE,"reported","TZdGmb","textfile"
"rs9572325",13,69979003,"T","G",0.181524,0.413364,-0.108115,0.0809195,"outcome",TRUE,"reported","TZdGmb","textfile"
"rs9853219",3,494528,"A","C",0.182577,0.713227,-0.116341,0.0872869,"outcome",TRUE,"reported","TZdGmb","textfile"
"rs997244",5,129364060,"C","G",0.736813,0.527624,-0.0266824,0.0793938,"outcome",TRUE,"reported","TZdGmb","textfile"
