"SNP","chr.outcome","pos.outcome","effect_allele.outcome","other_allele.outcome","pval.outcome","eaf.outcome","beta.outcome","se.outcome","outcome","mr_keep.outcome","pval_origin.outcome","id.outcome","data_source.outcome"
"rs2672893",17,80854063,"G","A",0.554989,0.869789,0.0692741,0.117354,"outcome",TRUE,"reported","QUHRHY","textfile"
"rs4656083",1,89037982,"A","G",0.808338,0.509463,0.0192317,0.0792828,"outcome",TRUE,"reported","QUHRHY","textfile"
"rs6089828",20,63037646,"T","C",0.58828,0.60659,-0.0441492,0.0815567,"outcome",TRUE,"reported","QUHRHY","textfile"
"rs749902",1,117118132,"T","C",0.363624,0.313314,-0.0773038,0.0850912,"outcome",TRUE,"reported","QUHRHY","textfile"
