"SNP","chr.outcome","pos.outcome","effect_allele.outcome","other_allele.outcome","pval.outcome","eaf.outcome","beta.outcome","se.outcome","outcome","mr_keep.outcome","pval_origin.outcome","id.outcome","data_source.outcome"
"rs10910157",1,233404535,"C","T",0.187659,0.673199,-0.111337,0.0845037,"outcome",TRUE,"reported","asbza9","textfile"
"rs11161521",1,75750645,"C","T",0.893025,0.255695,-0.0122001,0.0907223,"outcome",TRUE,"reported","asbza9","textfile"
"rs11749983",5,66698192,"C","T",0.278506,0.687275,-0.0924612,0.0853214,"outcome",TRUE,"reported","asbza9","textfile"
"rs13390807",2,124631825,"A","G",0.912459,0.0328108,0.024227,0.220372,"outcome",TRUE,"reported","asbza9","textfile"
"rs17638535",6,52069294,"A","G",0.892829,0.0109058,0.0504986,0.374825,"outcome",TRUE,"reported","asbza9","textfile"
"rs6779957",3,65447759,"G","A",0.396059,0.356074,0.0706486,0.0832452,"outcome",TRUE,"reported","asbza9","textfile"
"rs6971411",7,154852206,"A","G",0.0295658,0.170179,-0.228662,0.10509,"outcome",TRUE,"reported","asbza9","textfile"
"rs8396",4,158709665,"C","T",0.393175,0.259966,-0.0770394,0.0902235,"outcome",TRUE,"reported","asbza9","textfile"
