"SNP","chr.outcome","pos.outcome","effect_allele.outcome","other_allele.outcome","pval.outcome","eaf.outcome","beta.outcome","se.outcome","outcome","mr_keep.outcome","pval_origin.outcome","id.outcome","data_source.outcome"
"rs10753083",1,173554441,"T","G",0.725052,0.365837,-0.0289323,0.0822603,"outcome",TRUE,"reported","okNled","textfile"
"rs11118895",1,221919664,"T","C",0.0700551,0.325117,0.152791,0.0843426,"outcome",TRUE,"reported","okNled","textfile"
"rs1190713",14,101539186,"T","G",0.259093,0.961071,0.233317,0.206743,"outcome",TRUE,"reported","okNled","textfile"
"rs12429177",13,92418764,"T","C",0.912954,0.0165534,-0.0335402,0.306826,"outcome",TRUE,"reported","okNled","textfile"
"rs12967799",18,72449754,"A","C",0.484804,0.0533952,-0.12278,0.175753,"outcome",TRUE,"reported","okNled","textfile"
"rs17155949",5,103907376,"C","T",0.653398,0.0346709,-0.0977322,0.217644,"outcome",TRUE,"reported","okNled","textfile"
"rs1995777",5,32987850,"C","T",0.860771,0.41735,0.0141743,0.0808148,"outcome",TRUE,"reported","okNled","textfile"
"rs3751196",12,103763724,"A","G",0.0489948,0.180427,-0.2017,0.102457,"outcome",TRUE,"reported","okNled","textfile"
"rs3851552",10,48591408,"C","T",0.759799,0.427961,0.0244843,0.0800812,"outcome",TRUE,"reported","okNled","textfile"
"rs4765789",12,4840882,"C","T",0.340913,0.496981,0.0754619,0.0792364,"outcome",TRUE,"reported","okNled","textfile"
"rs6544157",2,38319776,"A","G",0.842112,0.929796,-0.0306105,0.153673,"outcome",TRUE,"reported","okNled","textfile"
"rs7187181",16,82240660,"T","C",0.116262,0.0838838,-0.222429,0.141615,"outcome",TRUE,"reported","okNled","textfile"
"rs7681360",4,57106999,"A","G",0.186346,0.49897,-0.10488,0.0793663,"outcome",TRUE,"reported","okNled","textfile"
"rs9809122",3,70035102,"G","A",0.611671,0.365139,-0.0417224,0.0821809,"outcome",TRUE,"reported","okNled","textfile"
